u are choosing to use rmappo, we set use_recurrent_policy to be True
choose to use gpu...
obs_space:  [Box([-inf -inf -inf -inf -inf -inf -inf -inf -inf -inf -inf -inf -inf -inf
 -inf -inf -inf -inf], [inf inf inf inf inf inf inf inf inf inf inf inf inf inf inf inf inf inf], (18,), float32), Box([-inf -inf -inf -inf -inf -inf -inf -inf -inf -inf -inf -inf -inf -inf
 -inf -inf -inf -inf], [inf inf inf inf inf inf inf inf inf inf inf inf inf inf inf inf inf inf], (18,), float32), Box([-inf -inf -inf -inf -inf -inf -inf -inf -inf -inf -inf -inf -inf -inf
 -inf -inf -inf -inf], [inf inf inf inf inf inf inf inf inf inf inf inf inf inf inf inf inf inf], (18,), float32)]
share_obs_space:  [Box([-inf -inf -inf -inf -inf -inf -inf -inf -inf -inf -inf -inf -inf -inf
 -inf -inf -inf -inf -inf -inf -inf -inf -inf -inf -inf -inf -inf -inf
 -inf -inf -inf -inf -inf -inf -inf -inf -inf -inf -inf -inf -inf -inf
 -inf -inf -inf -inf -inf -inf -inf -inf -inf -inf -inf -inf], [inf inf inf inf inf inf inf inf inf inf inf inf inf inf inf inf inf inf
 inf inf inf inf inf inf inf inf inf inf inf inf inf inf inf inf inf inf
 inf inf inf inf inf inf inf inf inf inf inf inf inf inf inf inf inf inf], (54,), float32), Box([-inf -inf -inf -inf -inf -inf -inf -inf -inf -inf -inf -inf -inf -inf
 -inf -inf -inf -inf -inf -inf -inf -inf -inf -inf -inf -inf -inf -inf
 -inf -inf -inf -inf -inf -inf -inf -inf -inf -inf -inf -inf -inf -inf
 -inf -inf -inf -inf -inf -inf -inf -inf -inf -inf -inf -inf], [inf inf inf inf inf inf inf inf inf inf inf inf inf inf inf inf inf inf
 inf inf inf inf inf inf inf inf inf inf inf inf inf inf inf inf inf inf
 inf inf inf inf inf inf inf inf inf inf inf inf inf inf inf inf inf inf], (54,), float32), Box([-inf -inf -inf -inf -inf -inf -inf -inf -inf -inf -inf -inf -inf -inf
 -inf -inf -inf -inf -inf -inf -inf -inf -inf -inf -inf -inf -inf -inf
 -inf -inf -inf -inf -inf -inf -inf -inf -inf -inf -inf -inf -inf -inf
 -inf -inf -inf -inf -inf -inf -inf -inf -inf -inf -inf -inf], [inf inf inf inf inf inf inf inf inf inf inf inf inf inf inf inf inf inf
 inf inf inf inf inf inf inf inf inf inf inf inf inf inf inf inf inf inf
 inf inf inf inf inf inf inf inf inf inf inf inf inf inf inf inf inf inf], (54,), float32)]
act_space:  [Discrete(5), Discrete(5), Discrete(5)]

 Scenario simple_spread Algo rmappo Exp reference_20260925T185133Z_2dfd2f_mappo_w128_seed3 updates 0/6250 episodes, total num timesteps 3200/20000000, FPS 5827.

average episode rewards is -217.92860412597656
eval average episode rewards of agent: -196.87745854964305
eval success rate: 0.0

 Scenario simple_spread Algo rmappo Exp reference_20260925T185133Z_2dfd2f_mappo_w128_seed3 updates 5/6250 episodes, total num timesteps 19200/20000000, FPS 8148.

average episode rewards is -190.8395233154297

 Scenario simple_spread Algo rmappo Exp reference_20260925T185133Z_2dfd2f_mappo_w128_seed3 updates 10/6250 episodes, total num timesteps 35200/20000000, FPS 8921.

average episode rewards is -186.927978515625

 Scenario simple_spread Algo rmappo Exp reference_20260925T185133Z_2dfd2f_mappo_w128_seed3 updates 15/6250 episodes, total num timesteps 51200/20000000, FPS 9106.

average episode rewards is -179.42453002929688

 Scenario simple_spread Algo rmappo Exp reference_20260925T185133Z_2dfd2f_mappo_w128_seed3 updates 20/6250 episodes, total num timesteps 67200/20000000, FPS 9216.

average episode rewards is -179.41177368164062

 Scenario simple_spread Algo rmappo Exp reference_20260925T185133Z_2dfd2f_mappo_w128_seed3 updates 25/6250 episodes, total num timesteps 83200/20000000, FPS 9308.

average episode rewards is -178.9441375732422
eval average episode rewards of agent: -176.13784225666075
eval success rate: 0.0

 Scenario simple_spread Algo rmappo Exp reference_20260925T185133Z_2dfd2f_mappo_w128_seed3 updates 30/6250 episodes, total num timesteps 99200/20000000, FPS 9284.

average episode rewards is -171.94717407226562

 Scenario simple_spread Algo rmappo Exp reference_20260925T185133Z_2dfd2f_mappo_w128_seed3 updates 35/6250 episodes, total num timesteps 115200/20000000, FPS 9286.

average episode rewards is -169.63819885253906

 Scenario simple_spread Algo rmappo Exp reference_20260925T185133Z_2dfd2f_mappo_w128_seed3 updates 40/6250 episodes, total num timesteps 131200/20000000, FPS 9312.

average episode rewards is -170.7927703857422

 Scenario simple_spread Algo rmappo Exp reference_20260925T185133Z_2dfd2f_mappo_w128_seed3 updates 45/6250 episodes, total num timesteps 147200/20000000, FPS 9322.

average episode rewards is -170.144775390625

 Scenario simple_spread Algo rmappo Exp reference_20260925T185133Z_2dfd2f_mappo_w128_seed3 updates 50/6250 episodes, total num timesteps 163200/20000000, FPS 9336.

average episode rewards is -169.36158752441406
eval average episode rewards of agent: -175.79979698433274
eval success rate: 0.05

 Scenario simple_spread Algo rmappo Exp reference_20260925T185133Z_2dfd2f_mappo_w128_seed3 updates 55/6250 episodes, total num timesteps 179200/20000000, FPS 9325.

average episode rewards is -164.40896606445312

 Scenario simple_spread Algo rmappo Exp reference_20260925T185133Z_2dfd2f_mappo_w128_seed3 updates 60/6250 episodes, total num timesteps 195200/20000000, FPS 9345.

average episode rewards is -163.1075439453125

 Scenario simple_spread Algo rmappo Exp reference_20260925T185133Z_2dfd2f_mappo_w128_seed3 updates 65/6250 episodes, total num timesteps 211200/20000000, FPS 9317.

average episode rewards is -163.51406860351562

 Scenario simple_spread Algo rmappo Exp reference_20260925T185133Z_2dfd2f_mappo_w128_seed3 updates 70/6250 episodes, total num timesteps 227200/20000000, FPS 9322.

average episode rewards is -164.57614135742188

 Scenario simple_spread Algo rmappo Exp reference_20260925T185133Z_2dfd2f_mappo_w128_seed3 updates 75/6250 episodes, total num timesteps 243200/20000000, FPS 9328.

average episode rewards is -161.73902893066406
eval average episode rewards of agent: -159.21271706407427
eval success rate: 0.0

 Scenario simple_spread Algo rmappo Exp reference_20260925T185133Z_2dfd2f_mappo_w128_seed3 updates 80/6250 episodes, total num timesteps 259200/20000000, FPS 9315.

average episode rewards is -157.07521057128906

 Scenario simple_spread Algo rmappo Exp reference_20260925T185133Z_2dfd2f_mappo_w128_seed3 updates 85/6250 episodes, total num timesteps 275200/20000000, FPS 9307.

average episode rewards is -158.73263549804688

 Scenario simple_spread Algo rmappo Exp reference_20260925T185133Z_2dfd2f_mappo_w128_seed3 updates 90/6250 episodes, total num timesteps 291200/20000000, FPS 9315.

average episode rewards is -154.7893524169922

 Scenario simple_spread Algo rmappo Exp reference_20260925T185133Z_2dfd2f_mappo_w128_seed3 updates 95/6250 episodes, total num timesteps 307200/20000000, FPS 9319.

average episode rewards is -154.17727661132812

 Scenario simple_spread Algo rmappo Exp reference_20260925T185133Z_2dfd2f_mappo_w128_seed3 updates 100/6250 episodes, total num timesteps 323200/20000000, FPS 9325.

average episode rewards is -156.86538696289062
eval average episode rewards of agent: -152.55414614113903
eval success rate: 0.05

 Scenario simple_spread Algo rmappo Exp reference_20260925T185133Z_2dfd2f_mappo_w128_seed3 updates 105/6250 episodes, total num timesteps 339200/20000000, FPS 9318.

average episode rewards is -157.92843627929688

 Scenario simple_spread Algo rmappo Exp reference_20260925T185133Z_2dfd2f_mappo_w128_seed3 updates 110/6250 episodes, total num timesteps 355200/20000000, FPS 9320.

average episode rewards is -153.79681396484375

 Scenario simple_spread Algo rmappo Exp reference_20260925T185133Z_2dfd2f_mappo_w128_seed3 updates 115/6250 episodes, total num timesteps 371200/20000000, FPS 9331.

average episode rewards is -154.0546875

 Scenario simple_spread Algo rmappo Exp reference_20260925T185133Z_2dfd2f_mappo_w128_seed3 updates 120/6250 episodes, total num timesteps 387200/20000000, FPS 9336.

average episode rewards is -152.128662109375

 Scenario simple_spread Algo rmappo Exp reference_20260925T185133Z_2dfd2f_mappo_w128_seed3 updates 125/6250 episodes, total num timesteps 403200/20000000, FPS 9313.

average episode rewards is -155.80337524414062
eval average episode rewards of agent: -151.00667022700583
eval success rate: 0.1

 Scenario simple_spread Algo rmappo Exp reference_20260925T185133Z_2dfd2f_mappo_w128_seed3 updates 130/6250 episodes, total num timesteps 419200/20000000, FPS 9304.

average episode rewards is -153.14930725097656

 Scenario simple_spread Algo rmappo Exp reference_20260925T185133Z_2dfd2f_mappo_w128_seed3 updates 135/6250 episodes, total num timesteps 435200/20000000, FPS 9309.

average episode rewards is -153.00128173828125

 Scenario simple_spread Algo rmappo Exp reference_20260925T185133Z_2dfd2f_mappo_w128_seed3 updates 140/6250 episodes, total num timesteps 451200/20000000, FPS 9311.

average episode rewards is -150.7495880126953

 Scenario simple_spread Algo rmappo Exp reference_20260925T185133Z_2dfd2f_mappo_w128_seed3 updates 145/6250 episodes, total num timesteps 467200/20000000, FPS 9317.

average episode rewards is -150.6429443359375

 Scenario simple_spread Algo rmappo Exp reference_20260925T185133Z_2dfd2f_mappo_w128_seed3 updates 150/6250 episodes, total num timesteps 483200/20000000, FPS 9326.

average episode rewards is -151.23391723632812
eval average episode rewards of agent: -155.79574933205396
eval success rate: 0.0

 Scenario simple_spread Algo rmappo Exp reference_20260925T185133Z_2dfd2f_mappo_w128_seed3 updates 155/6250 episodes, total num timesteps 499200/20000000, FPS 9319.

average episode rewards is -151.9340362548828

 Scenario simple_spread Algo rmappo Exp reference_20260925T185133Z_2dfd2f_mappo_w128_seed3 updates 160/6250 episodes, total num timesteps 515200/20000000, FPS 9323.

average episode rewards is -150.17831420898438

 Scenario simple_spread Algo rmappo Exp reference_20260925T185133Z_2dfd2f_mappo_w128_seed3 updates 165/6250 episodes, total num timesteps 531200/20000000, FPS 9326.

average episode rewards is -152.99488830566406

 Scenario simple_spread Algo rmappo Exp reference_20260925T185133Z_2dfd2f_mappo_w128_seed3 updates 170/6250 episodes, total num timesteps 547200/20000000, FPS 9332.

average episode rewards is -149.17010498046875

 Scenario simple_spread Algo rmappo Exp reference_20260925T185133Z_2dfd2f_mappo_w128_seed3 updates 175/6250 episodes, total num timesteps 563200/20000000, FPS 9333.

average episode rewards is -150.34088134765625
eval average episode rewards of agent: -153.58243353716117
eval success rate: 0.0

 Scenario simple_spread Algo rmappo Exp reference_20260925T185133Z_2dfd2f_mappo_w128_seed3 updates 180/6250 episodes, total num timesteps 579200/20000000, FPS 9306.

average episode rewards is -152.59405517578125

 Scenario simple_spread Algo rmappo Exp reference_20260925T185133Z_2dfd2f_mappo_w128_seed3 updates 185/6250 episodes, total num timesteps 595200/20000000, FPS 9308.

average episode rewards is -150.61309814453125

 Scenario simple_spread Algo rmappo Exp reference_20260925T185133Z_2dfd2f_mappo_w128_seed3 updates 190/6250 episodes, total num timesteps 611200/20000000, FPS 9314.

average episode rewards is -149.21823120117188

 Scenario simple_spread Algo rmappo Exp reference_20260925T185133Z_2dfd2f_mappo_w128_seed3 updates 195/6250 episodes, total num timesteps 627200/20000000, FPS 9320.

average episode rewards is -151.13958740234375

 Scenario simple_spread Algo rmappo Exp reference_20260925T185133Z_2dfd2f_mappo_w128_seed3 updates 200/6250 episodes, total num timesteps 643200/20000000, FPS 9320.

average episode rewards is -150.6351776123047
eval average episode rewards of agent: -152.6010655237378
eval success rate: 0.05

 Scenario simple_spread Algo rmappo Exp reference_20260925T185133Z_2dfd2f_mappo_w128_seed3 updates 205/6250 episodes, total num timesteps 659200/20000000, FPS 9313.

average episode rewards is -147.9956512451172

 Scenario simple_spread Algo rmappo Exp reference_20260925T185133Z_2dfd2f_mappo_w128_seed3 updates 210/6250 episodes, total num timesteps 675200/20000000, FPS 9316.

average episode rewards is -149.1775665283203

 Scenario simple_spread Algo rmappo Exp reference_20260925T185133Z_2dfd2f_mappo_w128_seed3 updates 215/6250 episodes, total num timesteps 691200/20000000, FPS 9316.

average episode rewards is -147.9534912109375

 Scenario simple_spread Algo rmappo Exp reference_20260925T185133Z_2dfd2f_mappo_w128_seed3 updates 220/6250 episodes, total num timesteps 707200/20000000, FPS 9317.

average episode rewards is -148.0564422607422

 Scenario simple_spread Algo rmappo Exp reference_20260925T185133Z_2dfd2f_mappo_w128_seed3 updates 225/6250 episodes, total num timesteps 723200/20000000, FPS 9329.

average episode rewards is -147.43748474121094
eval average episode rewards of agent: -147.48888298818784
eval success rate: 0.0

 Scenario simple_spread Algo rmappo Exp reference_20260925T185133Z_2dfd2f_mappo_w128_seed3 updates 230/6250 episodes, total num timesteps 739200/20000000, FPS 9326.

average episode rewards is -146.37918090820312

 Scenario simple_spread Algo rmappo Exp reference_20260925T185133Z_2dfd2f_mappo_w128_seed3 updates 235/6250 episodes, total num timesteps 755200/20000000, FPS 9331.

average episode rewards is -149.3865966796875

 Scenario simple_spread Algo rmappo Exp reference_20260925T185133Z_2dfd2f_mappo_w128_seed3 updates 240/6250 episodes, total num timesteps 771200/20000000, FPS 9317.

average episode rewards is -145.5159912109375

 Scenario simple_spread Algo rmappo Exp reference_20260925T185133Z_2dfd2f_mappo_w128_seed3 updates 245/6250 episodes, total num timesteps 787200/20000000, FPS 9321.

average episode rewards is -144.48655700683594

 Scenario simple_spread Algo rmappo Exp reference_20260925T185133Z_2dfd2f_mappo_w128_seed3 updates 250/6250 episodes, total num timesteps 803200/20000000, FPS 9321.

average episode rewards is -147.5092315673828
eval average episode rewards of agent: -147.80741270092602
eval success rate: 0.05

 Scenario simple_spread Algo rmappo Exp reference_20260925T185133Z_2dfd2f_mappo_w128_seed3 updates 255/6250 episodes, total num timesteps 819200/20000000, FPS 9318.

average episode rewards is -146.63575744628906

 Scenario simple_spread Algo rmappo Exp reference_20260925T185133Z_2dfd2f_mappo_w128_seed3 updates 260/6250 episodes, total num timesteps 835200/20000000, FPS 9319.

average episode rewards is -144.79029846191406

 Scenario simple_spread Algo rmappo Exp reference_20260925T185133Z_2dfd2f_mappo_w128_seed3 updates 265/6250 episodes, total num timesteps 851200/20000000, FPS 9319.

average episode rewards is -142.9521484375

 Scenario simple_spread Algo rmappo Exp reference_20260925T185133Z_2dfd2f_mappo_w128_seed3 updates 270/6250 episodes, total num timesteps 867200/20000000, FPS 9323.

average episode rewards is -144.6775665283203

 Scenario simple_spread Algo rmappo Exp reference_20260925T185133Z_2dfd2f_mappo_w128_seed3 updates 275/6250 episodes, total num timesteps 883200/20000000, FPS 9327.

average episode rewards is -143.5206298828125
eval average episode rewards of agent: -147.61666461339868
eval success rate: 0.1

 Scenario simple_spread Algo rmappo Exp reference_20260925T185133Z_2dfd2f_mappo_w128_seed3 updates 280/6250 episodes, total num timesteps 899200/20000000, FPS 9324.

average episode rewards is -141.03416442871094

 Scenario simple_spread Algo rmappo Exp reference_20260925T185133Z_2dfd2f_mappo_w128_seed3 updates 285/6250 episodes, total num timesteps 915200/20000000, FPS 9328.

average episode rewards is -144.8385009765625

 Scenario simple_spread Algo rmappo Exp reference_20260925T185133Z_2dfd2f_mappo_w128_seed3 updates 290/6250 episodes, total num timesteps 931200/20000000, FPS 9326.

average episode rewards is -143.94500732421875

 Scenario simple_spread Algo rmappo Exp reference_20260925T185133Z_2dfd2f_mappo_w128_seed3 updates 295/6250 episodes, total num timesteps 947200/20000000, FPS 9327.

average episode rewards is -141.84359741210938

 Scenario simple_spread Algo rmappo Exp reference_20260925T185133Z_2dfd2f_mappo_w128_seed3 updates 300/6250 episodes, total num timesteps 963200/20000000, FPS 9320.

average episode rewards is -142.30523681640625
eval average episode rewards of agent: -135.6407905506881
eval success rate: 0.15

 Scenario simple_spread Algo rmappo Exp reference_20260925T185133Z_2dfd2f_mappo_w128_seed3 updates 305/6250 episodes, total num timesteps 979200/20000000, FPS 9317.

average episode rewards is -140.98480224609375

 Scenario simple_spread Algo rmappo Exp reference_20260925T185133Z_2dfd2f_mappo_w128_seed3 updates 310/6250 episodes, total num timesteps 995200/20000000, FPS 9323.

average episode rewards is -140.8249969482422

 Scenario simple_spread Algo rmappo Exp reference_20260925T185133Z_2dfd2f_mappo_w128_seed3 updates 315/6250 episodes, total num timesteps 1011200/20000000, FPS 9323.

average episode rewards is -141.7703094482422

 Scenario simple_spread Algo rmappo Exp reference_20260925T185133Z_2dfd2f_mappo_w128_seed3 updates 320/6250 episodes, total num timesteps 1027200/20000000, FPS 9323.

average episode rewards is -140.03099060058594

 Scenario simple_spread Algo rmappo Exp reference_20260925T185133Z_2dfd2f_mappo_w128_seed3 updates 325/6250 episodes, total num timesteps 1043200/20000000, FPS 9325.

average episode rewards is -139.03915405273438
eval average episode rewards of agent: -141.53855587554577
eval success rate: 0.1

 Scenario simple_spread Algo rmappo Exp reference_20260925T185133Z_2dfd2f_mappo_w128_seed3 updates 330/6250 episodes, total num timesteps 1059200/20000000, FPS 9322.

average episode rewards is -142.0523223876953

 Scenario simple_spread Algo rmappo Exp reference_20260925T185133Z_2dfd2f_mappo_w128_seed3 updates 335/6250 episodes, total num timesteps 1075200/20000000, FPS 9325.

average episode rewards is -139.72390747070312

 Scenario simple_spread Algo rmappo Exp reference_20260925T185133Z_2dfd2f_mappo_w128_seed3 updates 340/6250 episodes, total num timesteps 1091200/20000000, FPS 9327.

average episode rewards is -140.679443359375

 Scenario simple_spread Algo rmappo Exp reference_20260925T185133Z_2dfd2f_mappo_w128_seed3 updates 345/6250 episodes, total num timesteps 1107200/20000000, FPS 9326.

average episode rewards is -142.04910278320312

 Scenario simple_spread Algo rmappo Exp reference_20260925T185133Z_2dfd2f_mappo_w128_seed3 updates 350/6250 episodes, total num timesteps 1123200/20000000, FPS 9328.

average episode rewards is -140.701904296875
eval average episode rewards of agent: -138.64266927826114
eval success rate: 0.2

 Scenario simple_spread Algo rmappo Exp reference_20260925T185133Z_2dfd2f_mappo_w128_seed3 updates 355/6250 episodes, total num timesteps 1139200/20000000, FPS 9324.

average episode rewards is -140.85157775878906

 Scenario simple_spread Algo rmappo Exp reference_20260925T185133Z_2dfd2f_mappo_w128_seed3 updates 360/6250 episodes, total num timesteps 1155200/20000000, FPS 9318.

average episode rewards is -138.8524932861328

 Scenario simple_spread Algo rmappo Exp reference_20260925T185133Z_2dfd2f_mappo_w128_seed3 updates 365/6250 episodes, total num timesteps 1171200/20000000, FPS 9322.

average episode rewards is -139.72689819335938

 Scenario simple_spread Algo rmappo Exp reference_20260925T185133Z_2dfd2f_mappo_w128_seed3 updates 370/6250 episodes, total num timesteps 1187200/20000000, FPS 9323.

average episode rewards is -140.5450897216797

 Scenario simple_spread Algo rmappo Exp reference_20260925T185133Z_2dfd2f_mappo_w128_seed3 updates 375/6250 episodes, total num timesteps 1203200/20000000, FPS 9323.

average episode rewards is -138.09690856933594
eval average episode rewards of agent: -138.7260214856543
eval success rate: 0.05

 Scenario simple_spread Algo rmappo Exp reference_20260925T185133Z_2dfd2f_mappo_w128_seed3 updates 380/6250 episodes, total num timesteps 1219200/20000000, FPS 9322.

average episode rewards is -138.40390014648438

 Scenario simple_spread Algo rmappo Exp reference_20260925T185133Z_2dfd2f_mappo_w128_seed3 updates 385/6250 episodes, total num timesteps 1235200/20000000, FPS 9322.

average episode rewards is -138.60205078125

 Scenario simple_spread Algo rmappo Exp reference_20260925T185133Z_2dfd2f_mappo_w128_seed3 updates 390/6250 episodes, total num timesteps 1251200/20000000, FPS 9322.

average episode rewards is -136.3330078125

 Scenario simple_spread Algo rmappo Exp reference_20260925T185133Z_2dfd2f_mappo_w128_seed3 updates 395/6250 episodes, total num timesteps 1267200/20000000, FPS 9325.

average episode rewards is -137.13389587402344

 Scenario simple_spread Algo rmappo Exp reference_20260925T185133Z_2dfd2f_mappo_w128_seed3 updates 400/6250 episodes, total num timesteps 1283200/20000000, FPS 9325.

average episode rewards is -133.57077026367188
eval average episode rewards of agent: -141.26233731328236
eval success rate: 0.1

 Scenario simple_spread Algo rmappo Exp reference_20260925T185133Z_2dfd2f_mappo_w128_seed3 updates 405/6250 episodes, total num timesteps 1299200/20000000, FPS 9321.

average episode rewards is -136.05593872070312

 Scenario simple_spread Algo rmappo Exp reference_20260925T185133Z_2dfd2f_mappo_w128_seed3 updates 410/6250 episodes, total num timesteps 1315200/20000000, FPS 9323.

average episode rewards is -136.2403564453125

 Scenario simple_spread Algo rmappo Exp reference_20260925T185133Z_2dfd2f_mappo_w128_seed3 updates 415/6250 episodes, total num timesteps 1331200/20000000, FPS 9324.

average episode rewards is -137.04261779785156

 Scenario simple_spread Algo rmappo Exp reference_20260925T185133Z_2dfd2f_mappo_w128_seed3 updates 420/6250 episodes, total num timesteps 1347200/20000000, FPS 9318.

average episode rewards is -135.48934936523438

 Scenario simple_spread Algo rmappo Exp reference_20260925T185133Z_2dfd2f_mappo_w128_seed3 updates 425/6250 episodes, total num timesteps 1363200/20000000, FPS 9319.

average episode rewards is -135.4622039794922
eval average episode rewards of agent: -136.6729932782252
eval success rate: 0.45

 Scenario simple_spread Algo rmappo Exp reference_20260925T185133Z_2dfd2f_mappo_w128_seed3 updates 430/6250 episodes, total num timesteps 1379200/20000000, FPS 9317.

average episode rewards is -135.78738403320312

 Scenario simple_spread Algo rmappo Exp reference_20260925T185133Z_2dfd2f_mappo_w128_seed3 updates 435/6250 episodes, total num timesteps 1395200/20000000, FPS 9317.

average episode rewards is -132.76513671875

 Scenario simple_spread Algo rmappo Exp reference_20260925T185133Z_2dfd2f_mappo_w128_seed3 updates 440/6250 episodes, total num timesteps 1411200/20000000, FPS 9318.

average episode rewards is -136.1366729736328

 Scenario simple_spread Algo rmappo Exp reference_20260925T185133Z_2dfd2f_mappo_w128_seed3 updates 445/6250 episodes, total num timesteps 1427200/20000000, FPS 9321.

average episode rewards is -132.26376342773438

 Scenario simple_spread Algo rmappo Exp reference_20260925T185133Z_2dfd2f_mappo_w128_seed3 updates 450/6250 episodes, total num timesteps 1443200/20000000, FPS 9323.

average episode rewards is -132.86865234375
eval average episode rewards of agent: -137.0083233629365
eval success rate: 0.2

 Scenario simple_spread Algo rmappo Exp reference_20260925T185133Z_2dfd2f_mappo_w128_seed3 updates 455/6250 episodes, total num timesteps 1459200/20000000, FPS 9322.

average episode rewards is -133.33987426757812

 Scenario simple_spread Algo rmappo Exp reference_20260925T185133Z_2dfd2f_mappo_w128_seed3 updates 460/6250 episodes, total num timesteps 1475200/20000000, FPS 9322.

average episode rewards is -132.54119873046875

 Scenario simple_spread Algo rmappo Exp reference_20260925T185133Z_2dfd2f_mappo_w128_seed3 updates 465/6250 episodes, total num timesteps 1491200/20000000, FPS 9322.

average episode rewards is -132.2425537109375

 Scenario simple_spread Algo rmappo Exp reference_20260925T185133Z_2dfd2f_mappo_w128_seed3 updates 470/6250 episodes, total num timesteps 1507200/20000000, FPS 9325.

average episode rewards is -134.49191284179688

 Scenario simple_spread Algo rmappo Exp reference_20260925T185133Z_2dfd2f_mappo_w128_seed3 updates 475/6250 episodes, total num timesteps 1523200/20000000, FPS 9320.

average episode rewards is -132.41172790527344
eval average episode rewards of agent: -136.87172961844624
eval success rate: 0.2

 Scenario simple_spread Algo rmappo Exp reference_20260925T185133Z_2dfd2f_mappo_w128_seed3 updates 480/6250 episodes, total num timesteps 1539200/20000000, FPS 9319.

average episode rewards is -133.02713012695312

 Scenario simple_spread Algo rmappo Exp reference_20260925T185133Z_2dfd2f_mappo_w128_seed3 updates 485/6250 episodes, total num timesteps 1555200/20000000, FPS 9320.

average episode rewards is -136.60919189453125

 Scenario simple_spread Algo rmappo Exp reference_20260925T185133Z_2dfd2f_mappo_w128_seed3 updates 490/6250 episodes, total num timesteps 1571200/20000000, FPS 9319.

average episode rewards is -134.99392700195312

 Scenario simple_spread Algo rmappo Exp reference_20260925T185133Z_2dfd2f_mappo_w128_seed3 updates 495/6250 episodes, total num timesteps 1587200/20000000, FPS 9321.

average episode rewards is -130.3757781982422

 Scenario simple_spread Algo rmappo Exp reference_20260925T185133Z_2dfd2f_mappo_w128_seed3 updates 500/6250 episodes, total num timesteps 1603200/20000000, FPS 9323.

average episode rewards is -132.40762329101562
eval average episode rewards of agent: -130.7421893050033
eval success rate: 0.35

 Scenario simple_spread Algo rmappo Exp reference_20260925T185133Z_2dfd2f_mappo_w128_seed3 updates 505/6250 episodes, total num timesteps 1619200/20000000, FPS 9321.

average episode rewards is -133.19744873046875

 Scenario simple_spread Algo rmappo Exp reference_20260925T185133Z_2dfd2f_mappo_w128_seed3 updates 510/6250 episodes, total num timesteps 1635200/20000000, FPS 9323.

average episode rewards is -130.41439819335938

 Scenario simple_spread Algo rmappo Exp reference_20260925T185133Z_2dfd2f_mappo_w128_seed3 updates 515/6250 episodes, total num timesteps 1651200/20000000, FPS 9323.

average episode rewards is -135.3986053466797

 Scenario simple_spread Algo rmappo Exp reference_20260925T185133Z_2dfd2f_mappo_w128_seed3 updates 520/6250 episodes, total num timesteps 1667200/20000000, FPS 9323.

average episode rewards is -129.55352783203125

 Scenario simple_spread Algo rmappo Exp reference_20260925T185133Z_2dfd2f_mappo_w128_seed3 updates 525/6250 episodes, total num timesteps 1683200/20000000, FPS 9324.

average episode rewards is -133.29286193847656
eval average episode rewards of agent: -131.42752895443033
eval success rate: 0.3

 Scenario simple_spread Algo rmappo Exp reference_20260925T185133Z_2dfd2f_mappo_w128_seed3 updates 530/6250 episodes, total num timesteps 1699200/20000000, FPS 9322.

average episode rewards is -133.77757263183594

 Scenario simple_spread Algo rmappo Exp reference_20260925T185133Z_2dfd2f_mappo_w128_seed3 updates 535/6250 episodes, total num timesteps 1715200/20000000, FPS 9318.

average episode rewards is -130.35365295410156

 Scenario simple_spread Algo rmappo Exp reference_20260925T185133Z_2dfd2f_mappo_w128_seed3 updates 540/6250 episodes, total num timesteps 1731200/20000000, FPS 9316.

average episode rewards is -132.30245971679688

 Scenario simple_spread Algo rmappo Exp reference_20260925T185133Z_2dfd2f_mappo_w128_seed3 updates 545/6250 episodes, total num timesteps 1747200/20000000, FPS 9317.

average episode rewards is -130.84420776367188

 Scenario simple_spread Algo rmappo Exp reference_20260925T185133Z_2dfd2f_mappo_w128_seed3 updates 550/6250 episodes, total num timesteps 1763200/20000000, FPS 9319.

average episode rewards is -132.730712890625
eval average episode rewards of agent: -128.70551497523226
eval success rate: 0.15

 Scenario simple_spread Algo rmappo Exp reference_20260925T185133Z_2dfd2f_mappo_w128_seed3 updates 555/6250 episodes, total num timesteps 1779200/20000000, FPS 9318.

average episode rewards is -131.24725341796875

 Scenario simple_spread Algo rmappo Exp reference_20260925T185133Z_2dfd2f_mappo_w128_seed3 updates 560/6250 episodes, total num timesteps 1795200/20000000, FPS 9320.

average episode rewards is -128.14691162109375

 Scenario simple_spread Algo rmappo Exp reference_20260925T185133Z_2dfd2f_mappo_w128_seed3 updates 565/6250 episodes, total num timesteps 1811200/20000000, FPS 9319.

average episode rewards is -131.20590209960938

 Scenario simple_spread Algo rmappo Exp reference_20260925T185133Z_2dfd2f_mappo_w128_seed3 updates 570/6250 episodes, total num timesteps 1827200/20000000, FPS 9321.

average episode rewards is -132.9302978515625

 Scenario simple_spread Algo rmappo Exp reference_20260925T185133Z_2dfd2f_mappo_w128_seed3 updates 575/6250 episodes, total num timesteps 1843200/20000000, FPS 9322.

average episode rewards is -127.86843872070312
eval average episode rewards of agent: -131.79321804581068
eval success rate: 0.1

 Scenario simple_spread Algo rmappo Exp reference_20260925T185133Z_2dfd2f_mappo_w128_seed3 updates 580/6250 episodes, total num timesteps 1859200/20000000, FPS 9321.

average episode rewards is -128.65513610839844

 Scenario simple_spread Algo rmappo Exp reference_20260925T185133Z_2dfd2f_mappo_w128_seed3 updates 585/6250 episodes, total num timesteps 1875200/20000000, FPS 9321.

average episode rewards is -130.0037841796875

 Scenario simple_spread Algo rmappo Exp reference_20260925T185133Z_2dfd2f_mappo_w128_seed3 updates 590/6250 episodes, total num timesteps 1891200/20000000, FPS 9322.

average episode rewards is -126.69190216064453

 Scenario simple_spread Algo rmappo Exp reference_20260925T185133Z_2dfd2f_mappo_w128_seed3 updates 595/6250 episodes, total num timesteps 1907200/20000000, FPS 9318.

average episode rewards is -128.80795288085938

 Scenario simple_spread Algo rmappo Exp reference_20260925T185133Z_2dfd2f_mappo_w128_seed3 updates 600/6250 episodes, total num timesteps 1923200/20000000, FPS 9320.

average episode rewards is -129.53329467773438
eval average episode rewards of agent: -126.91968170401827
eval success rate: 0.3

 Scenario simple_spread Algo rmappo Exp reference_20260925T185133Z_2dfd2f_mappo_w128_seed3 updates 605/6250 episodes, total num timesteps 1939200/20000000, FPS 9318.

average episode rewards is -127.85550689697266

 Scenario simple_spread Algo rmappo Exp reference_20260925T185133Z_2dfd2f_mappo_w128_seed3 updates 610/6250 episodes, total num timesteps 1955200/20000000, FPS 9318.

average episode rewards is -126.67439270019531

 Scenario simple_spread Algo rmappo Exp reference_20260925T185133Z_2dfd2f_mappo_w128_seed3 updates 615/6250 episodes, total num timesteps 1971200/20000000, FPS 9320.

average episode rewards is -129.8488006591797

 Scenario simple_spread Algo rmappo Exp reference_20260925T185133Z_2dfd2f_mappo_w128_seed3 updates 620/6250 episodes, total num timesteps 1987200/20000000, FPS 9321.

average episode rewards is -127.38236236572266

 Scenario simple_spread Algo rmappo Exp reference_20260925T185133Z_2dfd2f_mappo_w128_seed3 updates 625/6250 episodes, total num timesteps 2003200/20000000, FPS 9321.

average episode rewards is -128.489990234375
eval average episode rewards of agent: -123.673056319365
eval success rate: 0.4

 Scenario simple_spread Algo rmappo Exp reference_20260925T185133Z_2dfd2f_mappo_w128_seed3 updates 630/6250 episodes, total num timesteps 2019200/20000000, FPS 9319.

average episode rewards is -129.2877197265625

 Scenario simple_spread Algo rmappo Exp reference_20260925T185133Z_2dfd2f_mappo_w128_seed3 updates 635/6250 episodes, total num timesteps 2035200/20000000, FPS 9320.

average episode rewards is -126.36070251464844

 Scenario simple_spread Algo rmappo Exp reference_20260925T185133Z_2dfd2f_mappo_w128_seed3 updates 640/6250 episodes, total num timesteps 2051200/20000000, FPS 9322.

average episode rewards is -126.30560302734375

 Scenario simple_spread Algo rmappo Exp reference_20260925T185133Z_2dfd2f_mappo_w128_seed3 updates 645/6250 episodes, total num timesteps 2067200/20000000, FPS 9322.

average episode rewards is -127.31300354003906

 Scenario simple_spread Algo rmappo Exp reference_20260925T185133Z_2dfd2f_mappo_w128_seed3 updates 650/6250 episodes, total num timesteps 2083200/20000000, FPS 9323.

average episode rewards is -128.87591552734375
eval average episode rewards of agent: -124.19488863837795
eval success rate: 0.5

 Scenario simple_spread Algo rmappo Exp reference_20260925T185133Z_2dfd2f_mappo_w128_seed3 updates 655/6250 episodes, total num timesteps 2099200/20000000, FPS 9317.

average episode rewards is -126.5827407836914

 Scenario simple_spread Algo rmappo Exp reference_20260925T185133Z_2dfd2f_mappo_w128_seed3 updates 660/6250 episodes, total num timesteps 2115200/20000000, FPS 9317.

average episode rewards is -130.70516967773438

 Scenario simple_spread Algo rmappo Exp reference_20260925T185133Z_2dfd2f_mappo_w128_seed3 updates 665/6250 episodes, total num timesteps 2131200/20000000, FPS 9317.

average episode rewards is -127.0777359008789

 Scenario simple_spread Algo rmappo Exp reference_20260925T185133Z_2dfd2f_mappo_w128_seed3 updates 670/6250 episodes, total num timesteps 2147200/20000000, FPS 9318.

average episode rewards is -128.7194061279297

 Scenario simple_spread Algo rmappo Exp reference_20260925T185133Z_2dfd2f_mappo_w128_seed3 updates 675/6250 episodes, total num timesteps 2163200/20000000, FPS 9319.

average episode rewards is -122.26200103759766
eval average episode rewards of agent: -123.52977782326913
eval success rate: 0.4

 Scenario simple_spread Algo rmappo Exp reference_20260925T185133Z_2dfd2f_mappo_w128_seed3 updates 680/6250 episodes, total num timesteps 2179200/20000000, FPS 9318.

average episode rewards is -126.14922332763672

 Scenario simple_spread Algo rmappo Exp reference_20260925T185133Z_2dfd2f_mappo_w128_seed3 updates 685/6250 episodes, total num timesteps 2195200/20000000, FPS 9319.

average episode rewards is -128.63156127929688

 Scenario simple_spread Algo rmappo Exp reference_20260925T185133Z_2dfd2f_mappo_w128_seed3 updates 690/6250 episodes, total num timesteps 2211200/20000000, FPS 9320.

average episode rewards is -124.88316345214844

 Scenario simple_spread Algo rmappo Exp reference_20260925T185133Z_2dfd2f_mappo_w128_seed3 updates 695/6250 episodes, total num timesteps 2227200/20000000, FPS 9322.

average episode rewards is -127.31217956542969

 Scenario simple_spread Algo rmappo Exp reference_20260925T185133Z_2dfd2f_mappo_w128_seed3 updates 700/6250 episodes, total num timesteps 2243200/20000000, FPS 9322.

average episode rewards is -126.15498352050781
eval average episode rewards of agent: -121.2972059179891
eval success rate: 0.6

 Scenario simple_spread Algo rmappo Exp reference_20260925T185133Z_2dfd2f_mappo_w128_seed3 updates 705/6250 episodes, total num timesteps 2259200/20000000, FPS 9321.

average episode rewards is -126.44611358642578

 Scenario simple_spread Algo rmappo Exp reference_20260925T185133Z_2dfd2f_mappo_w128_seed3 updates 710/6250 episodes, total num timesteps 2275200/20000000, FPS 9321.

average episode rewards is -128.6887664794922

 Scenario simple_spread Algo rmappo Exp reference_20260925T185133Z_2dfd2f_mappo_w128_seed3 updates 715/6250 episodes, total num timesteps 2291200/20000000, FPS 9317.

average episode rewards is -124.56755828857422

 Scenario simple_spread Algo rmappo Exp reference_20260925T185133Z_2dfd2f_mappo_w128_seed3 updates 720/6250 episodes, total num timesteps 2307200/20000000, FPS 9317.

average episode rewards is -123.33200073242188

 Scenario simple_spread Algo rmappo Exp reference_20260925T185133Z_2dfd2f_mappo_w128_seed3 updates 725/6250 episodes, total num timesteps 2323200/20000000, FPS 9317.

average episode rewards is -124.36209106445312
eval average episode rewards of agent: -125.2617854284881
eval success rate: 0.5

 Scenario simple_spread Algo rmappo Exp reference_20260925T185133Z_2dfd2f_mappo_w128_seed3 updates 730/6250 episodes, total num timesteps 2339200/20000000, FPS 9316.

average episode rewards is -126.3528823852539

 Scenario simple_spread Algo rmappo Exp reference_20260925T185133Z_2dfd2f_mappo_w128_seed3 updates 735/6250 episodes, total num timesteps 2355200/20000000, FPS 9317.

average episode rewards is -126.33330535888672

 Scenario simple_spread Algo rmappo Exp reference_20260925T185133Z_2dfd2f_mappo_w128_seed3 updates 740/6250 episodes, total num timesteps 2371200/20000000, FPS 9317.

average episode rewards is -123.39824676513672

 Scenario simple_spread Algo rmappo Exp reference_20260925T185133Z_2dfd2f_mappo_w128_seed3 updates 745/6250 episodes, total num timesteps 2387200/20000000, FPS 9317.

average episode rewards is -125.73612976074219

 Scenario simple_spread Algo rmappo Exp reference_20260925T185133Z_2dfd2f_mappo_w128_seed3 updates 750/6250 episodes, total num timesteps 2403200/20000000, FPS 9318.

average episode rewards is -123.49868774414062
eval average episode rewards of agent: -126.77129427517862
eval success rate: 0.45

 Scenario simple_spread Algo rmappo Exp reference_20260925T185133Z_2dfd2f_mappo_w128_seed3 updates 755/6250 episodes, total num timesteps 2419200/20000000, FPS 9316.

average episode rewards is -124.49980926513672

 Scenario simple_spread Algo rmappo Exp reference_20260925T185133Z_2dfd2f_mappo_w128_seed3 updates 760/6250 episodes, total num timesteps 2435200/20000000, FPS 9316.

average episode rewards is -124.81768035888672

 Scenario simple_spread Algo rmappo Exp reference_20260925T185133Z_2dfd2f_mappo_w128_seed3 updates 765/6250 episodes, total num timesteps 2451200/20000000, FPS 9316.

average episode rewards is -124.64405059814453

 Scenario simple_spread Algo rmappo Exp reference_20260925T185133Z_2dfd2f_mappo_w128_seed3 updates 770/6250 episodes, total num timesteps 2467200/20000000, FPS 9312.

average episode rewards is -120.72349548339844

 Scenario simple_spread Algo rmappo Exp reference_20260925T185133Z_2dfd2f_mappo_w128_seed3 updates 775/6250 episodes, total num timesteps 2483200/20000000, FPS 9313.

average episode rewards is -123.35408782958984
eval average episode rewards of agent: -117.1734839115742
eval success rate: 0.6

 Scenario simple_spread Algo rmappo Exp reference_20260925T185133Z_2dfd2f_mappo_w128_seed3 updates 780/6250 episodes, total num timesteps 2499200/20000000, FPS 9311.

average episode rewards is -124.01102447509766

 Scenario simple_spread Algo rmappo Exp reference_20260925T185133Z_2dfd2f_mappo_w128_seed3 updates 785/6250 episodes, total num timesteps 2515200/20000000, FPS 9312.

average episode rewards is -122.69535064697266

 Scenario simple_spread Algo rmappo Exp reference_20260925T185133Z_2dfd2f_mappo_w128_seed3 updates 790/6250 episodes, total num timesteps 2531200/20000000, FPS 9312.

average episode rewards is -124.25261688232422

 Scenario simple_spread Algo rmappo Exp reference_20260925T185133Z_2dfd2f_mappo_w128_seed3 updates 795/6250 episodes, total num timesteps 2547200/20000000, FPS 9313.

average episode rewards is -122.82683563232422

 Scenario simple_spread Algo rmappo Exp reference_20260925T185133Z_2dfd2f_mappo_w128_seed3 updates 800/6250 episodes, total num timesteps 2563200/20000000, FPS 9314.

average episode rewards is -123.4580078125
eval average episode rewards of agent: -125.93067239890094
eval success rate: 0.5

 Scenario simple_spread Algo rmappo Exp reference_20260925T185133Z_2dfd2f_mappo_w128_seed3 updates 805/6250 episodes, total num timesteps 2579200/20000000, FPS 9312.

average episode rewards is -123.28105926513672

 Scenario simple_spread Algo rmappo Exp reference_20260925T185133Z_2dfd2f_mappo_w128_seed3 updates 810/6250 episodes, total num timesteps 2595200/20000000, FPS 9313.

average episode rewards is -124.9002914428711

 Scenario simple_spread Algo rmappo Exp reference_20260925T185133Z_2dfd2f_mappo_w128_seed3 updates 815/6250 episodes, total num timesteps 2611200/20000000, FPS 9313.

average episode rewards is -121.16432189941406

 Scenario simple_spread Algo rmappo Exp reference_20260925T185133Z_2dfd2f_mappo_w128_seed3 updates 820/6250 episodes, total num timesteps 2627200/20000000, FPS 9313.

average episode rewards is -124.73619079589844

 Scenario simple_spread Algo rmappo Exp reference_20260925T185133Z_2dfd2f_mappo_w128_seed3 updates 825/6250 episodes, total num timesteps 2643200/20000000, FPS 9315.

average episode rewards is -121.73983764648438
eval average episode rewards of agent: -121.8726178821578
eval success rate: 0.7

 Scenario simple_spread Algo rmappo Exp reference_20260925T185133Z_2dfd2f_mappo_w128_seed3 updates 830/6250 episodes, total num timesteps 2659200/20000000, FPS 9309.

average episode rewards is -120.0846939086914

 Scenario simple_spread Algo rmappo Exp reference_20260925T185133Z_2dfd2f_mappo_w128_seed3 updates 835/6250 episodes, total num timesteps 2675200/20000000, FPS 9310.

average episode rewards is -121.88204193115234

 Scenario simple_spread Algo rmappo Exp reference_20260925T185133Z_2dfd2f_mappo_w128_seed3 updates 840/6250 episodes, total num timesteps 2691200/20000000, FPS 9311.

average episode rewards is -118.43846130371094

 Scenario simple_spread Algo rmappo Exp reference_20260925T185133Z_2dfd2f_mappo_w128_seed3 updates 845/6250 episodes, total num timesteps 2707200/20000000, FPS 9311.

average episode rewards is -121.89508819580078

 Scenario simple_spread Algo rmappo Exp reference_20260925T185133Z_2dfd2f_mappo_w128_seed3 updates 850/6250 episodes, total num timesteps 2723200/20000000, FPS 9311.

average episode rewards is -122.19361877441406
eval average episode rewards of agent: -122.43418158945921
eval success rate: 0.75

 Scenario simple_spread Algo rmappo Exp reference_20260925T185133Z_2dfd2f_mappo_w128_seed3 updates 855/6250 episodes, total num timesteps 2739200/20000000, FPS 9310.

average episode rewards is -121.67743682861328

 Scenario simple_spread Algo rmappo Exp reference_20260925T185133Z_2dfd2f_mappo_w128_seed3 updates 860/6250 episodes, total num timesteps 2755200/20000000, FPS 9311.

average episode rewards is -120.3759536743164

 Scenario simple_spread Algo rmappo Exp reference_20260925T185133Z_2dfd2f_mappo_w128_seed3 updates 865/6250 episodes, total num timesteps 2771200/20000000, FPS 9312.

average episode rewards is -119.8410415649414

 Scenario simple_spread Algo rmappo Exp reference_20260925T185133Z_2dfd2f_mappo_w128_seed3 updates 870/6250 episodes, total num timesteps 2787200/20000000, FPS 9312.

average episode rewards is -122.32451629638672

 Scenario simple_spread Algo rmappo Exp reference_20260925T185133Z_2dfd2f_mappo_w128_seed3 updates 875/6250 episodes, total num timesteps 2803200/20000000, FPS 9312.

average episode rewards is -122.43928527832031
eval average episode rewards of agent: -117.21866253942117
eval success rate: 0.6

 Scenario simple_spread Algo rmappo Exp reference_20260925T185133Z_2dfd2f_mappo_w128_seed3 updates 880/6250 episodes, total num timesteps 2819200/20000000, FPS 9312.

average episode rewards is -121.29571533203125

 Scenario simple_spread Algo rmappo Exp reference_20260925T185133Z_2dfd2f_mappo_w128_seed3 updates 885/6250 episodes, total num timesteps 2835200/20000000, FPS 9312.

average episode rewards is -121.1714859008789

 Scenario simple_spread Algo rmappo Exp reference_20260925T185133Z_2dfd2f_mappo_w128_seed3 updates 890/6250 episodes, total num timesteps 2851200/20000000, FPS 9309.

average episode rewards is -118.82862091064453

 Scenario simple_spread Algo rmappo Exp reference_20260925T185133Z_2dfd2f_mappo_w128_seed3 updates 895/6250 episodes, total num timesteps 2867200/20000000, FPS 9310.

average episode rewards is -117.85554504394531

 Scenario simple_spread Algo rmappo Exp reference_20260925T185133Z_2dfd2f_mappo_w128_seed3 updates 900/6250 episodes, total num timesteps 2883200/20000000, FPS 9311.

average episode rewards is -124.31468963623047
eval average episode rewards of agent: -119.82917248502584
eval success rate: 0.85

 Scenario simple_spread Algo rmappo Exp reference_20260925T185133Z_2dfd2f_mappo_w128_seed3 updates 905/6250 episodes, total num timesteps 2899200/20000000, FPS 9310.

average episode rewards is -120.21113586425781

 Scenario simple_spread Algo rmappo Exp reference_20260925T185133Z_2dfd2f_mappo_w128_seed3 updates 910/6250 episodes, total num timesteps 2915200/20000000, FPS 9310.

average episode rewards is -121.89767456054688

 Scenario simple_spread Algo rmappo Exp reference_20260925T185133Z_2dfd2f_mappo_w128_seed3 updates 915/6250 episodes, total num timesteps 2931200/20000000, FPS 9311.

average episode rewards is -119.58287811279297

 Scenario simple_spread Algo rmappo Exp reference_20260925T185133Z_2dfd2f_mappo_w128_seed3 updates 920/6250 episodes, total num timesteps 2947200/20000000, FPS 9311.

average episode rewards is -120.28191375732422

 Scenario simple_spread Algo rmappo Exp reference_20260925T185133Z_2dfd2f_mappo_w128_seed3 updates 925/6250 episodes, total num timesteps 2963200/20000000, FPS 9311.

average episode rewards is -118.64443969726562
eval average episode rewards of agent: -125.41356302567192
eval success rate: 0.85

 Scenario simple_spread Algo rmappo Exp reference_20260925T185133Z_2dfd2f_mappo_w128_seed3 updates 930/6250 episodes, total num timesteps 2979200/20000000, FPS 9310.

average episode rewards is -124.41368103027344

 Scenario simple_spread Algo rmappo Exp reference_20260925T185133Z_2dfd2f_mappo_w128_seed3 updates 935/6250 episodes, total num timesteps 2995200/20000000, FPS 9310.

average episode rewards is -121.10687255859375

 Scenario simple_spread Algo rmappo Exp reference_20260925T185133Z_2dfd2f_mappo_w128_seed3 updates 940/6250 episodes, total num timesteps 3011200/20000000, FPS 9310.

average episode rewards is -120.11820220947266

 Scenario simple_spread Algo rmappo Exp reference_20260925T185133Z_2dfd2f_mappo_w128_seed3 updates 945/6250 episodes, total num timesteps 3027200/20000000, FPS 9311.

average episode rewards is -122.69351196289062

 Scenario simple_spread Algo rmappo Exp reference_20260925T185133Z_2dfd2f_mappo_w128_seed3 updates 950/6250 episodes, total num timesteps 3043200/20000000, FPS 9308.

average episode rewards is -121.2447738647461
eval average episode rewards of agent: -125.69146929810564
eval success rate: 0.5

 Scenario simple_spread Algo rmappo Exp reference_20260925T185133Z_2dfd2f_mappo_w128_seed3 updates 955/6250 episodes, total num timesteps 3059200/20000000, FPS 9307.

average episode rewards is -122.21803283691406

 Scenario simple_spread Algo rmappo Exp reference_20260925T185133Z_2dfd2f_mappo_w128_seed3 updates 960/6250 episodes, total num timesteps 3075200/20000000, FPS 9308.

average episode rewards is -121.42724609375

 Scenario simple_spread Algo rmappo Exp reference_20260925T185133Z_2dfd2f_mappo_w128_seed3 updates 965/6250 episodes, total num timesteps 3091200/20000000, FPS 9308.

average episode rewards is -122.62495422363281

 Scenario simple_spread Algo rmappo Exp reference_20260925T185133Z_2dfd2f_mappo_w128_seed3 updates 970/6250 episodes, total num timesteps 3107200/20000000, FPS 9307.

average episode rewards is -121.65292358398438

 Scenario simple_spread Algo rmappo Exp reference_20260925T185133Z_2dfd2f_mappo_w128_seed3 updates 975/6250 episodes, total num timesteps 3123200/20000000, FPS 9308.

average episode rewards is -122.03462982177734
eval average episode rewards of agent: -123.49510933883825
eval success rate: 0.8

 Scenario simple_spread Algo rmappo Exp reference_20260925T185133Z_2dfd2f_mappo_w128_seed3 updates 980/6250 episodes, total num timesteps 3139200/20000000, FPS 9307.

average episode rewards is -121.28951263427734

 Scenario simple_spread Algo rmappo Exp reference_20260925T185133Z_2dfd2f_mappo_w128_seed3 updates 985/6250 episodes, total num timesteps 3155200/20000000, FPS 9307.

average episode rewards is -123.67227172851562

 Scenario simple_spread Algo rmappo Exp reference_20260925T185133Z_2dfd2f_mappo_w128_seed3 updates 990/6250 episodes, total num timesteps 3171200/20000000, FPS 9307.

average episode rewards is -118.23844909667969

 Scenario simple_spread Algo rmappo Exp reference_20260925T185133Z_2dfd2f_mappo_w128_seed3 updates 995/6250 episodes, total num timesteps 3187200/20000000, FPS 9307.

average episode rewards is -120.54513549804688

 Scenario simple_spread Algo rmappo Exp reference_20260925T185133Z_2dfd2f_mappo_w128_seed3 updates 1000/6250 episodes, total num timesteps 3203200/20000000, FPS 9307.

average episode rewards is -118.18145751953125
eval average episode rewards of agent: -120.6387435754643
eval success rate: 0.8

 Scenario simple_spread Algo rmappo Exp reference_20260925T185133Z_2dfd2f_mappo_w128_seed3 updates 1005/6250 episodes, total num timesteps 3219200/20000000, FPS 9307.

average episode rewards is -119.26342010498047

 Scenario simple_spread Algo rmappo Exp reference_20260925T185133Z_2dfd2f_mappo_w128_seed3 updates 1010/6250 episodes, total num timesteps 3235200/20000000, FPS 9304.

average episode rewards is -118.11930084228516

 Scenario simple_spread Algo rmappo Exp reference_20260925T185133Z_2dfd2f_mappo_w128_seed3 updates 1015/6250 episodes, total num timesteps 3251200/20000000, FPS 9305.

average episode rewards is -118.21066284179688

 Scenario simple_spread Algo rmappo Exp reference_20260925T185133Z_2dfd2f_mappo_w128_seed3 updates 1020/6250 episodes, total num timesteps 3267200/20000000, FPS 9305.

average episode rewards is -116.78794860839844

 Scenario simple_spread Algo rmappo Exp reference_20260925T185133Z_2dfd2f_mappo_w128_seed3 updates 1025/6250 episodes, total num timesteps 3283200/20000000, FPS 9306.

average episode rewards is -118.795654296875
eval average episode rewards of agent: -117.06437183367626
eval success rate: 0.7

 Scenario simple_spread Algo rmappo Exp reference_20260925T185133Z_2dfd2f_mappo_w128_seed3 updates 1030/6250 episodes, total num timesteps 3299200/20000000, FPS 9305.

average episode rewards is -118.92552185058594

 Scenario simple_spread Algo rmappo Exp reference_20260925T185133Z_2dfd2f_mappo_w128_seed3 updates 1035/6250 episodes, total num timesteps 3315200/20000000, FPS 9305.

average episode rewards is -119.4940414428711

 Scenario simple_spread Algo rmappo Exp reference_20260925T185133Z_2dfd2f_mappo_w128_seed3 updates 1040/6250 episodes, total num timesteps 3331200/20000000, FPS 9305.

average episode rewards is -117.95623016357422

 Scenario simple_spread Algo rmappo Exp reference_20260925T185133Z_2dfd2f_mappo_w128_seed3 updates 1045/6250 episodes, total num timesteps 3347200/20000000, FPS 9305.

average episode rewards is -118.93284606933594

 Scenario simple_spread Algo rmappo Exp reference_20260925T185133Z_2dfd2f_mappo_w128_seed3 updates 1050/6250 episodes, total num timesteps 3363200/20000000, FPS 9306.

average episode rewards is -120.66561126708984
eval average episode rewards of agent: -112.92343406560192
eval success rate: 1.0

 Scenario simple_spread Algo rmappo Exp reference_20260925T185133Z_2dfd2f_mappo_w128_seed3 updates 1055/6250 episodes, total num timesteps 3379200/20000000, FPS 9304.

average episode rewards is -118.72957611083984

 Scenario simple_spread Algo rmappo Exp reference_20260925T185133Z_2dfd2f_mappo_w128_seed3 updates 1060/6250 episodes, total num timesteps 3395200/20000000, FPS 9304.

average episode rewards is -120.11163330078125

 Scenario simple_spread Algo rmappo Exp reference_20260925T185133Z_2dfd2f_mappo_w128_seed3 updates 1065/6250 episodes, total num timesteps 3411200/20000000, FPS 9305.

average episode rewards is -118.46625518798828

 Scenario simple_spread Algo rmappo Exp reference_20260925T185133Z_2dfd2f_mappo_w128_seed3 updates 1070/6250 episodes, total num timesteps 3427200/20000000, FPS 9302.

average episode rewards is -117.77525329589844

 Scenario simple_spread Algo rmappo Exp reference_20260925T185133Z_2dfd2f_mappo_w128_seed3 updates 1075/6250 episodes, total num timesteps 3443200/20000000, FPS 9302.

average episode rewards is -120.64874267578125
eval average episode rewards of agent: -107.12503135684936
eval success rate: 0.8

 Scenario simple_spread Algo rmappo Exp reference_20260925T185133Z_2dfd2f_mappo_w128_seed3 updates 1080/6250 episodes, total num timesteps 3459200/20000000, FPS 9301.

average episode rewards is -121.10104370117188

 Scenario simple_spread Algo rmappo Exp reference_20260925T185133Z_2dfd2f_mappo_w128_seed3 updates 1085/6250 episodes, total num timesteps 3475200/20000000, FPS 9301.

average episode rewards is -117.10775756835938

 Scenario simple_spread Algo rmappo Exp reference_20260925T185133Z_2dfd2f_mappo_w128_seed3 updates 1090/6250 episodes, total num timesteps 3491200/20000000, FPS 9301.

average episode rewards is -117.98983764648438

 Scenario simple_spread Algo rmappo Exp reference_20260925T185133Z_2dfd2f_mappo_w128_seed3 updates 1095/6250 episodes, total num timesteps 3507200/20000000, FPS 9302.

average episode rewards is -118.30611419677734

 Scenario simple_spread Algo rmappo Exp reference_20260925T185133Z_2dfd2f_mappo_w128_seed3 updates 1100/6250 episodes, total num timesteps 3523200/20000000, FPS 9303.

average episode rewards is -118.48441314697266
eval average episode rewards of agent: -114.08825532602738
eval success rate: 0.9

 Scenario simple_spread Algo rmappo Exp reference_20260925T185133Z_2dfd2f_mappo_w128_seed3 updates 1105/6250 episodes, total num timesteps 3539200/20000000, FPS 9302.

average episode rewards is -117.78214263916016

 Scenario simple_spread Algo rmappo Exp reference_20260925T185133Z_2dfd2f_mappo_w128_seed3 updates 1110/6250 episodes, total num timesteps 3555200/20000000, FPS 9302.

average episode rewards is -120.05691528320312

 Scenario simple_spread Algo rmappo Exp reference_20260925T185133Z_2dfd2f_mappo_w128_seed3 updates 1115/6250 episodes, total num timesteps 3571200/20000000, FPS 9303.

average episode rewards is -118.20989990234375

 Scenario simple_spread Algo rmappo Exp reference_20260925T185133Z_2dfd2f_mappo_w128_seed3 updates 1120/6250 episodes, total num timesteps 3587200/20000000, FPS 9304.

average episode rewards is -116.97257995605469

 Scenario simple_spread Algo rmappo Exp reference_20260925T185133Z_2dfd2f_mappo_w128_seed3 updates 1125/6250 episodes, total num timesteps 3603200/20000000, FPS 9301.

average episode rewards is -121.73908996582031
eval average episode rewards of agent: -116.78682424113964
eval success rate: 0.85

 Scenario simple_spread Algo rmappo Exp reference_20260925T185133Z_2dfd2f_mappo_w128_seed3 updates 1130/6250 episodes, total num timesteps 3619200/20000000, FPS 9301.

average episode rewards is -118.32221984863281

 Scenario simple_spread Algo rmappo Exp reference_20260925T185133Z_2dfd2f_mappo_w128_seed3 updates 1135/6250 episodes, total num timesteps 3635200/20000000, FPS 9300.

average episode rewards is -118.58121490478516

 Scenario simple_spread Algo rmappo Exp reference_20260925T185133Z_2dfd2f_mappo_w128_seed3 updates 1140/6250 episodes, total num timesteps 3651200/20000000, FPS 9301.

average episode rewards is -119.3830337524414

 Scenario simple_spread Algo rmappo Exp reference_20260925T185133Z_2dfd2f_mappo_w128_seed3 updates 1145/6250 episodes, total num timesteps 3667200/20000000, FPS 9301.

average episode rewards is -120.14082336425781

 Scenario simple_spread Algo rmappo Exp reference_20260925T185133Z_2dfd2f_mappo_w128_seed3 updates 1150/6250 episodes, total num timesteps 3683200/20000000, FPS 9302.

average episode rewards is -115.6479263305664
eval average episode rewards of agent: -112.3208379494342
eval success rate: 0.75

 Scenario simple_spread Algo rmappo Exp reference_20260925T185133Z_2dfd2f_mappo_w128_seed3 updates 1155/6250 episodes, total num timesteps 3699200/20000000, FPS 9301.

average episode rewards is -117.99156951904297

 Scenario simple_spread Algo rmappo Exp reference_20260925T185133Z_2dfd2f_mappo_w128_seed3 updates 1160/6250 episodes, total num timesteps 3715200/20000000, FPS 9301.

average episode rewards is -119.17518615722656

 Scenario simple_spread Algo rmappo Exp reference_20260925T185133Z_2dfd2f_mappo_w128_seed3 updates 1165/6250 episodes, total num timesteps 3731200/20000000, FPS 9302.

average episode rewards is -120.6115493774414

 Scenario simple_spread Algo rmappo Exp reference_20260925T185133Z_2dfd2f_mappo_w128_seed3 updates 1170/6250 episodes, total num timesteps 3747200/20000000, FPS 9301.

average episode rewards is -118.57393646240234

 Scenario simple_spread Algo rmappo Exp reference_20260925T185133Z_2dfd2f_mappo_w128_seed3 updates 1175/6250 episodes, total num timesteps 3763200/20000000, FPS 9302.

average episode rewards is -118.62976837158203
eval average episode rewards of agent: -114.62759637791099
eval success rate: 0.9

 Scenario simple_spread Algo rmappo Exp reference_20260925T185133Z_2dfd2f_mappo_w128_seed3 updates 1180/6250 episodes, total num timesteps 3779200/20000000, FPS 9301.

average episode rewards is -119.80673217773438

 Scenario simple_spread Algo rmappo Exp reference_20260925T185133Z_2dfd2f_mappo_w128_seed3 updates 1185/6250 episodes, total num timesteps 3795200/20000000, FPS 9299.

average episode rewards is -119.20050048828125

 Scenario simple_spread Algo rmappo Exp reference_20260925T185133Z_2dfd2f_mappo_w128_seed3 updates 1190/6250 episodes, total num timesteps 3811200/20000000, FPS 9299.

average episode rewards is -118.2966079711914

 Scenario simple_spread Algo rmappo Exp reference_20260925T185133Z_2dfd2f_mappo_w128_seed3 updates 1195/6250 episodes, total num timesteps 3827200/20000000, FPS 9299.

average episode rewards is -118.53897857666016

 Scenario simple_spread Algo rmappo Exp reference_20260925T185133Z_2dfd2f_mappo_w128_seed3 updates 1200/6250 episodes, total num timesteps 3843200/20000000, FPS 9299.

average episode rewards is -119.80913543701172
eval average episode rewards of agent: -117.45734174024307
eval success rate: 0.9

 Scenario simple_spread Algo rmappo Exp reference_20260925T185133Z_2dfd2f_mappo_w128_seed3 updates 1205/6250 episodes, total num timesteps 3859200/20000000, FPS 9298.

average episode rewards is -117.26695251464844

 Scenario simple_spread Algo rmappo Exp reference_20260925T185133Z_2dfd2f_mappo_w128_seed3 updates 1210/6250 episodes, total num timesteps 3875200/20000000, FPS 9299.

average episode rewards is -119.37181854248047

 Scenario simple_spread Algo rmappo Exp reference_20260925T185133Z_2dfd2f_mappo_w128_seed3 updates 1215/6250 episodes, total num timesteps 3891200/20000000, FPS 9299.

average episode rewards is -117.66512298583984

 Scenario simple_spread Algo rmappo Exp reference_20260925T185133Z_2dfd2f_mappo_w128_seed3 updates 1220/6250 episodes, total num timesteps 3907200/20000000, FPS 9299.

average episode rewards is -117.45476531982422

 Scenario simple_spread Algo rmappo Exp reference_20260925T185133Z_2dfd2f_mappo_w128_seed3 updates 1225/6250 episodes, total num timesteps 3923200/20000000, FPS 9299.

average episode rewards is -117.87857055664062
eval average episode rewards of agent: -116.15219386857079
eval success rate: 0.9

 Scenario simple_spread Algo rmappo Exp reference_20260925T185133Z_2dfd2f_mappo_w128_seed3 updates 1230/6250 episodes, total num timesteps 3939200/20000000, FPS 9299.

average episode rewards is -118.13856506347656

 Scenario simple_spread Algo rmappo Exp reference_20260925T185133Z_2dfd2f_mappo_w128_seed3 updates 1235/6250 episodes, total num timesteps 3955200/20000000, FPS 9299.

average episode rewards is -118.78069305419922

 Scenario simple_spread Algo rmappo Exp reference_20260925T185133Z_2dfd2f_mappo_w128_seed3 updates 1240/6250 episodes, total num timesteps 3971200/20000000, FPS 9299.

average episode rewards is -115.31522369384766

 Scenario simple_spread Algo rmappo Exp reference_20260925T185133Z_2dfd2f_mappo_w128_seed3 updates 1245/6250 episodes, total num timesteps 3987200/20000000, FPS 9296.

average episode rewards is -119.6224365234375

 Scenario simple_spread Algo rmappo Exp reference_20260925T185133Z_2dfd2f_mappo_w128_seed3 updates 1250/6250 episodes, total num timesteps 4003200/20000000, FPS 9297.

average episode rewards is -120.49454498291016
eval average episode rewards of agent: -115.1456464031193
eval success rate: 0.85

 Scenario simple_spread Algo rmappo Exp reference_20260925T185133Z_2dfd2f_mappo_w128_seed3 updates 1255/6250 episodes, total num timesteps 4019200/20000000, FPS 9296.

average episode rewards is -116.45033264160156

 Scenario simple_spread Algo rmappo Exp reference_20260925T185133Z_2dfd2f_mappo_w128_seed3 updates 1260/6250 episodes, total num timesteps 4035200/20000000, FPS 9296.

average episode rewards is -115.76449584960938

 Scenario simple_spread Algo rmappo Exp reference_20260925T185133Z_2dfd2f_mappo_w128_seed3 updates 1265/6250 episodes, total num timesteps 4051200/20000000, FPS 9296.

average episode rewards is -117.32527923583984

 Scenario simple_spread Algo rmappo Exp reference_20260925T185133Z_2dfd2f_mappo_w128_seed3 updates 1270/6250 episodes, total num timesteps 4067200/20000000, FPS 9296.

average episode rewards is -117.94551849365234

 Scenario simple_spread Algo rmappo Exp reference_20260925T185133Z_2dfd2f_mappo_w128_seed3 updates 1275/6250 episodes, total num timesteps 4083200/20000000, FPS 9297.

average episode rewards is -113.88863372802734
eval average episode rewards of agent: -114.643830375808
eval success rate: 0.9

 Scenario simple_spread Algo rmappo Exp reference_20260925T185133Z_2dfd2f_mappo_w128_seed3 updates 1280/6250 episodes, total num timesteps 4099200/20000000, FPS 9297.

average episode rewards is -117.99918365478516

 Scenario simple_spread Algo rmappo Exp reference_20260925T185133Z_2dfd2f_mappo_w128_seed3 updates 1285/6250 episodes, total num timesteps 4115200/20000000, FPS 9298.

average episode rewards is -116.94293975830078

 Scenario simple_spread Algo rmappo Exp reference_20260925T185133Z_2dfd2f_mappo_w128_seed3 updates 1290/6250 episodes, total num timesteps 4131200/20000000, FPS 9297.

average episode rewards is -118.52867889404297

 Scenario simple_spread Algo rmappo Exp reference_20260925T185133Z_2dfd2f_mappo_w128_seed3 updates 1295/6250 episodes, total num timesteps 4147200/20000000, FPS 9298.

average episode rewards is -116.81190490722656

 Scenario simple_spread Algo rmappo Exp reference_20260925T185133Z_2dfd2f_mappo_w128_seed3 updates 1300/6250 episodes, total num timesteps 4163200/20000000, FPS 9298.

average episode rewards is -118.23692321777344
eval average episode rewards of agent: -116.14293456516015
eval success rate: 0.9

 Scenario simple_spread Algo rmappo Exp reference_20260925T185133Z_2dfd2f_mappo_w128_seed3 updates 1305/6250 episodes, total num timesteps 4179200/20000000, FPS 9295.

average episode rewards is -117.05046081542969

 Scenario simple_spread Algo rmappo Exp reference_20260925T185133Z_2dfd2f_mappo_w128_seed3 updates 1310/6250 episodes, total num timesteps 4195200/20000000, FPS 9295.

average episode rewards is -118.4637222290039

 Scenario simple_spread Algo rmappo Exp reference_20260925T185133Z_2dfd2f_mappo_w128_seed3 updates 1315/6250 episodes, total num timesteps 4211200/20000000, FPS 9296.

average episode rewards is -116.31753540039062

 Scenario simple_spread Algo rmappo Exp reference_20260925T185133Z_2dfd2f_mappo_w128_seed3 updates 1320/6250 episodes, total num timesteps 4227200/20000000, FPS 9296.

average episode rewards is -117.44882202148438

 Scenario simple_spread Algo rmappo Exp reference_20260925T185133Z_2dfd2f_mappo_w128_seed3 updates 1325/6250 episodes, total num timesteps 4243200/20000000, FPS 9296.

average episode rewards is -115.7271957397461
eval average episode rewards of agent: -112.59432965518414
eval success rate: 1.0

 Scenario simple_spread Algo rmappo Exp reference_20260925T185133Z_2dfd2f_mappo_w128_seed3 updates 1330/6250 episodes, total num timesteps 4259200/20000000, FPS 9295.

average episode rewards is -118.46148681640625

 Scenario simple_spread Algo rmappo Exp reference_20260925T185133Z_2dfd2f_mappo_w128_seed3 updates 1335/6250 episodes, total num timesteps 4275200/20000000, FPS 9295.

average episode rewards is -114.67221069335938

 Scenario simple_spread Algo rmappo Exp reference_20260925T185133Z_2dfd2f_mappo_w128_seed3 updates 1340/6250 episodes, total num timesteps 4291200/20000000, FPS 9296.

average episode rewards is -118.3358154296875

 Scenario simple_spread Algo rmappo Exp reference_20260925T185133Z_2dfd2f_mappo_w128_seed3 updates 1345/6250 episodes, total num timesteps 4307200/20000000, FPS 9296.

average episode rewards is -117.91793060302734

 Scenario simple_spread Algo rmappo Exp reference_20260925T185133Z_2dfd2f_mappo_w128_seed3 updates 1350/6250 episodes, total num timesteps 4323200/20000000, FPS 9296.

average episode rewards is -116.60601806640625
eval average episode rewards of agent: -115.55220530908642
eval success rate: 0.95

 Scenario simple_spread Algo rmappo Exp reference_20260925T185133Z_2dfd2f_mappo_w128_seed3 updates 1355/6250 episodes, total num timesteps 4339200/20000000, FPS 9295.

average episode rewards is -115.88694763183594

 Scenario simple_spread Algo rmappo Exp reference_20260925T185133Z_2dfd2f_mappo_w128_seed3 updates 1360/6250 episodes, total num timesteps 4355200/20000000, FPS 9295.

average episode rewards is -116.2347412109375

 Scenario simple_spread Algo rmappo Exp reference_20260925T185133Z_2dfd2f_mappo_w128_seed3 updates 1365/6250 episodes, total num timesteps 4371200/20000000, FPS 9293.

average episode rewards is -118.71488189697266

 Scenario simple_spread Algo rmappo Exp reference_20260925T185133Z_2dfd2f_mappo_w128_seed3 updates 1370/6250 episodes, total num timesteps 4387200/20000000, FPS 9294.

average episode rewards is -118.06928253173828

 Scenario simple_spread Algo rmappo Exp reference_20260925T185133Z_2dfd2f_mappo_w128_seed3 updates 1375/6250 episodes, total num timesteps 4403200/20000000, FPS 9294.

average episode rewards is -117.97364807128906
eval average episode rewards of agent: -114.53852383904433
eval success rate: 0.85

 Scenario simple_spread Algo rmappo Exp reference_20260925T185133Z_2dfd2f_mappo_w128_seed3 updates 1380/6250 episodes, total num timesteps 4419200/20000000, FPS 9293.

average episode rewards is -117.6808090209961

 Scenario simple_spread Algo rmappo Exp reference_20260925T185133Z_2dfd2f_mappo_w128_seed3 updates 1385/6250 episodes, total num timesteps 4435200/20000000, FPS 9293.

average episode rewards is -116.65247344970703

 Scenario simple_spread Algo rmappo Exp reference_20260925T185133Z_2dfd2f_mappo_w128_seed3 updates 1390/6250 episodes, total num timesteps 4451200/20000000, FPS 9293.

average episode rewards is -116.31280517578125

 Scenario simple_spread Algo rmappo Exp reference_20260925T185133Z_2dfd2f_mappo_w128_seed3 updates 1395/6250 episodes, total num timesteps 4467200/20000000, FPS 9294.

average episode rewards is -118.18115997314453

 Scenario simple_spread Algo rmappo Exp reference_20260925T185133Z_2dfd2f_mappo_w128_seed3 updates 1400/6250 episodes, total num timesteps 4483200/20000000, FPS 9294.

average episode rewards is -118.0911636352539
eval average episode rewards of agent: -116.76327016331535
eval success rate: 0.75

 Scenario simple_spread Algo rmappo Exp reference_20260925T185133Z_2dfd2f_mappo_w128_seed3 updates 1405/6250 episodes, total num timesteps 4499200/20000000, FPS 9293.

average episode rewards is -118.7743911743164

 Scenario simple_spread Algo rmappo Exp reference_20260925T185133Z_2dfd2f_mappo_w128_seed3 updates 1410/6250 episodes, total num timesteps 4515200/20000000, FPS 9294.

average episode rewards is -116.9364013671875

 Scenario simple_spread Algo rmappo Exp reference_20260925T185133Z_2dfd2f_mappo_w128_seed3 updates 1415/6250 episodes, total num timesteps 4531200/20000000, FPS 9294.

average episode rewards is -117.6949462890625

 Scenario simple_spread Algo rmappo Exp reference_20260925T185133Z_2dfd2f_mappo_w128_seed3 updates 1420/6250 episodes, total num timesteps 4547200/20000000, FPS 9295.

average episode rewards is -118.15049743652344

 Scenario simple_spread Algo rmappo Exp reference_20260925T185133Z_2dfd2f_mappo_w128_seed3 updates 1425/6250 episodes, total num timesteps 4563200/20000000, FPS 9293.

average episode rewards is -116.2978744506836
eval average episode rewards of agent: -115.97985092543645
eval success rate: 0.95

 Scenario simple_spread Algo rmappo Exp reference_20260925T185133Z_2dfd2f_mappo_w128_seed3 updates 1430/6250 episodes, total num timesteps 4579200/20000000, FPS 9292.

average episode rewards is -118.84971618652344

 Scenario simple_spread Algo rmappo Exp reference_20260925T185133Z_2dfd2f_mappo_w128_seed3 updates 1435/6250 episodes, total num timesteps 4595200/20000000, FPS 9292.

average episode rewards is -116.3799057006836

 Scenario simple_spread Algo rmappo Exp reference_20260925T185133Z_2dfd2f_mappo_w128_seed3 updates 1440/6250 episodes, total num timesteps 4611200/20000000, FPS 9293.

average episode rewards is -116.35265350341797

 Scenario simple_spread Algo rmappo Exp reference_20260925T185133Z_2dfd2f_mappo_w128_seed3 updates 1445/6250 episodes, total num timesteps 4627200/20000000, FPS 9293.

average episode rewards is -116.15228271484375

 Scenario simple_spread Algo rmappo Exp reference_20260925T185133Z_2dfd2f_mappo_w128_seed3 updates 1450/6250 episodes, total num timesteps 4643200/20000000, FPS 9294.

average episode rewards is -117.76676177978516
eval average episode rewards of agent: -117.72154972269502
eval success rate: 0.9

 Scenario simple_spread Algo rmappo Exp reference_20260925T185133Z_2dfd2f_mappo_w128_seed3 updates 1455/6250 episodes, total num timesteps 4659200/20000000, FPS 9293.

average episode rewards is -117.23779296875

 Scenario simple_spread Algo rmappo Exp reference_20260925T185133Z_2dfd2f_mappo_w128_seed3 updates 1460/6250 episodes, total num timesteps 4675200/20000000, FPS 9294.

average episode rewards is -117.52711486816406

 Scenario simple_spread Algo rmappo Exp reference_20260925T185133Z_2dfd2f_mappo_w128_seed3 updates 1465/6250 episodes, total num timesteps 4691200/20000000, FPS 9294.

average episode rewards is -119.06378173828125

 Scenario simple_spread Algo rmappo Exp reference_20260925T185133Z_2dfd2f_mappo_w128_seed3 updates 1470/6250 episodes, total num timesteps 4707200/20000000, FPS 9294.

average episode rewards is -117.04417419433594

 Scenario simple_spread Algo rmappo Exp reference_20260925T185133Z_2dfd2f_mappo_w128_seed3 updates 1475/6250 episodes, total num timesteps 4723200/20000000, FPS 9295.

average episode rewards is -114.97601318359375
eval average episode rewards of agent: -113.3816247606791
eval success rate: 0.95

 Scenario simple_spread Algo rmappo Exp reference_20260925T185133Z_2dfd2f_mappo_w128_seed3 updates 1480/6250 episodes, total num timesteps 4739200/20000000, FPS 9292.

average episode rewards is -114.08245849609375

 Scenario simple_spread Algo rmappo Exp reference_20260925T185133Z_2dfd2f_mappo_w128_seed3 updates 1485/6250 episodes, total num timesteps 4755200/20000000, FPS 9292.

average episode rewards is -117.45976257324219

 Scenario simple_spread Algo rmappo Exp reference_20260925T185133Z_2dfd2f_mappo_w128_seed3 updates 1490/6250 episodes, total num timesteps 4771200/20000000, FPS 9292.

average episode rewards is -119.44476318359375

 Scenario simple_spread Algo rmappo Exp reference_20260925T185133Z_2dfd2f_mappo_w128_seed3 updates 1495/6250 episodes, total num timesteps 4787200/20000000, FPS 9293.

average episode rewards is -119.05323028564453

 Scenario simple_spread Algo rmappo Exp reference_20260925T185133Z_2dfd2f_mappo_w128_seed3 updates 1500/6250 episodes, total num timesteps 4803200/20000000, FPS 9293.

average episode rewards is -116.73798370361328
eval average episode rewards of agent: -116.99704395528966
eval success rate: 0.9

 Scenario simple_spread Algo rmappo Exp reference_20260925T185133Z_2dfd2f_mappo_w128_seed3 updates 1505/6250 episodes, total num timesteps 4819200/20000000, FPS 9292.

average episode rewards is -120.03736877441406

 Scenario simple_spread Algo rmappo Exp reference_20260925T185133Z_2dfd2f_mappo_w128_seed3 updates 1510/6250 episodes, total num timesteps 4835200/20000000, FPS 9293.

average episode rewards is -116.22428894042969

 Scenario simple_spread Algo rmappo Exp reference_20260925T185133Z_2dfd2f_mappo_w128_seed3 updates 1515/6250 episodes, total num timesteps 4851200/20000000, FPS 9293.

average episode rewards is -115.66499328613281

 Scenario simple_spread Algo rmappo Exp reference_20260925T185133Z_2dfd2f_mappo_w128_seed3 updates 1520/6250 episodes, total num timesteps 4867200/20000000, FPS 9294.

average episode rewards is -117.93190002441406

 Scenario simple_spread Algo rmappo Exp reference_20260925T185133Z_2dfd2f_mappo_w128_seed3 updates 1525/6250 episodes, total num timesteps 4883200/20000000, FPS 9294.

average episode rewards is -116.64551544189453
eval average episode rewards of agent: -108.50551769250552
eval success rate: 0.9

 Scenario simple_spread Algo rmappo Exp reference_20260925T185133Z_2dfd2f_mappo_w128_seed3 updates 1530/6250 episodes, total num timesteps 4899200/20000000, FPS 9294.

average episode rewards is -114.5517807006836

 Scenario simple_spread Algo rmappo Exp reference_20260925T185133Z_2dfd2f_mappo_w128_seed3 updates 1535/6250 episodes, total num timesteps 4915200/20000000, FPS 9295.

average episode rewards is -119.03307342529297

 Scenario simple_spread Algo rmappo Exp reference_20260925T185133Z_2dfd2f_mappo_w128_seed3 updates 1540/6250 episodes, total num timesteps 4931200/20000000, FPS 9293.

average episode rewards is -116.9403305053711

 Scenario simple_spread Algo rmappo Exp reference_20260925T185133Z_2dfd2f_mappo_w128_seed3 updates 1545/6250 episodes, total num timesteps 4947200/20000000, FPS 9293.

average episode rewards is -116.85619354248047

 Scenario simple_spread Algo rmappo Exp reference_20260925T185133Z_2dfd2f_mappo_w128_seed3 updates 1550/6250 episodes, total num timesteps 4963200/20000000, FPS 9294.

average episode rewards is -117.36820983886719
eval average episode rewards of agent: -116.87918343793902
eval success rate: 0.95

 Scenario simple_spread Algo rmappo Exp reference_20260925T185133Z_2dfd2f_mappo_w128_seed3 updates 1555/6250 episodes, total num timesteps 4979200/20000000, FPS 9293.

average episode rewards is -120.06399536132812

 Scenario simple_spread Algo rmappo Exp reference_20260925T185133Z_2dfd2f_mappo_w128_seed3 updates 1560/6250 episodes, total num timesteps 4995200/20000000, FPS 9293.

average episode rewards is -118.6324234008789

 Scenario simple_spread Algo rmappo Exp reference_20260925T185133Z_2dfd2f_mappo_w128_seed3 updates 1565/6250 episodes, total num timesteps 5011200/20000000, FPS 9294.

average episode rewards is -118.33131408691406

 Scenario simple_spread Algo rmappo Exp reference_20260925T185133Z_2dfd2f_mappo_w128_seed3 updates 1570/6250 episodes, total num timesteps 5027200/20000000, FPS 9294.

average episode rewards is -117.24591064453125

 Scenario simple_spread Algo rmappo Exp reference_20260925T185133Z_2dfd2f_mappo_w128_seed3 updates 1575/6250 episodes, total num timesteps 5043200/20000000, FPS 9295.

average episode rewards is -115.79121398925781
eval average episode rewards of agent: -109.79510312040279
eval success rate: 1.0

 Scenario simple_spread Algo rmappo Exp reference_20260925T185133Z_2dfd2f_mappo_w128_seed3 updates 1580/6250 episodes, total num timesteps 5059200/20000000, FPS 9294.

average episode rewards is -117.30245208740234

 Scenario simple_spread Algo rmappo Exp reference_20260925T185133Z_2dfd2f_mappo_w128_seed3 updates 1585/6250 episodes, total num timesteps 5075200/20000000, FPS 9294.

average episode rewards is -116.437744140625

 Scenario simple_spread Algo rmappo Exp reference_20260925T185133Z_2dfd2f_mappo_w128_seed3 updates 1590/6250 episodes, total num timesteps 5091200/20000000, FPS 9294.

average episode rewards is -113.90052032470703

 Scenario simple_spread Algo rmappo Exp reference_20260925T185133Z_2dfd2f_mappo_w128_seed3 updates 1595/6250 episodes, total num timesteps 5107200/20000000, FPS 9294.

average episode rewards is -116.96786499023438

 Scenario simple_spread Algo rmappo Exp reference_20260925T185133Z_2dfd2f_mappo_w128_seed3 updates 1600/6250 episodes, total num timesteps 5123200/20000000, FPS 9293.

average episode rewards is -118.94331359863281
eval average episode rewards of agent: -113.64323972910032
eval success rate: 1.0

 Scenario simple_spread Algo rmappo Exp reference_20260925T185133Z_2dfd2f_mappo_w128_seed3 updates 1605/6250 episodes, total num timesteps 5139200/20000000, FPS 9292.

average episode rewards is -117.43587493896484

 Scenario simple_spread Algo rmappo Exp reference_20260925T185133Z_2dfd2f_mappo_w128_seed3 updates 1610/6250 episodes, total num timesteps 5155200/20000000, FPS 9292.

average episode rewards is -119.88965606689453

 Scenario simple_spread Algo rmappo Exp reference_20260925T185133Z_2dfd2f_mappo_w128_seed3 updates 1615/6250 episodes, total num timesteps 5171200/20000000, FPS 9293.

average episode rewards is -117.7646255493164

 Scenario simple_spread Algo rmappo Exp reference_20260925T185133Z_2dfd2f_mappo_w128_seed3 updates 1620/6250 episodes, total num timesteps 5187200/20000000, FPS 9294.

average episode rewards is -118.83964538574219

 Scenario simple_spread Algo rmappo Exp reference_20260925T185133Z_2dfd2f_mappo_w128_seed3 updates 1625/6250 episodes, total num timesteps 5203200/20000000, FPS 9294.

average episode rewards is -115.7918930053711
eval average episode rewards of agent: -115.8019038582893
eval success rate: 0.9

 Scenario simple_spread Algo rmappo Exp reference_20260925T185133Z_2dfd2f_mappo_w128_seed3 updates 1630/6250 episodes, total num timesteps 5219200/20000000, FPS 9294.

average episode rewards is -115.66636657714844

 Scenario simple_spread Algo rmappo Exp reference_20260925T185133Z_2dfd2f_mappo_w128_seed3 updates 1635/6250 episodes, total num timesteps 5235200/20000000, FPS 9294.

average episode rewards is -113.8097915649414

 Scenario simple_spread Algo rmappo Exp reference_20260925T185133Z_2dfd2f_mappo_w128_seed3 updates 1640/6250 episodes, total num timesteps 5251200/20000000, FPS 9295.

average episode rewards is -118.02889251708984

 Scenario simple_spread Algo rmappo Exp reference_20260925T185133Z_2dfd2f_mappo_w128_seed3 updates 1645/6250 episodes, total num timesteps 5267200/20000000, FPS 9295.

average episode rewards is -116.99195098876953

 Scenario simple_spread Algo rmappo Exp reference_20260925T185133Z_2dfd2f_mappo_w128_seed3 updates 1650/6250 episodes, total num timesteps 5283200/20000000, FPS 9295.

average episode rewards is -115.9393539428711
eval average episode rewards of agent: -109.97628859138003
eval success rate: 0.95

 Scenario simple_spread Algo rmappo Exp reference_20260925T185133Z_2dfd2f_mappo_w128_seed3 updates 1655/6250 episodes, total num timesteps 5299200/20000000, FPS 9294.

average episode rewards is -117.0160903930664

 Scenario simple_spread Algo rmappo Exp reference_20260925T185133Z_2dfd2f_mappo_w128_seed3 updates 1660/6250 episodes, total num timesteps 5315200/20000000, FPS 9292.

average episode rewards is -117.13912200927734

 Scenario simple_spread Algo rmappo Exp reference_20260925T185133Z_2dfd2f_mappo_w128_seed3 updates 1665/6250 episodes, total num timesteps 5331200/20000000, FPS 9292.

average episode rewards is -116.29773712158203

 Scenario simple_spread Algo rmappo Exp reference_20260925T185133Z_2dfd2f_mappo_w128_seed3 updates 1670/6250 episodes, total num timesteps 5347200/20000000, FPS 9293.

average episode rewards is -117.14048767089844

 Scenario simple_spread Algo rmappo Exp reference_20260925T185133Z_2dfd2f_mappo_w128_seed3 updates 1675/6250 episodes, total num timesteps 5363200/20000000, FPS 9293.

average episode rewards is -117.86878967285156
eval average episode rewards of agent: -124.10625365918096
eval success rate: 0.85

 Scenario simple_spread Algo rmappo Exp reference_20260925T185133Z_2dfd2f_mappo_w128_seed3 updates 1680/6250 episodes, total num timesteps 5379200/20000000, FPS 9293.

average episode rewards is -116.17168426513672

 Scenario simple_spread Algo rmappo Exp reference_20260925T185133Z_2dfd2f_mappo_w128_seed3 updates 1685/6250 episodes, total num timesteps 5395200/20000000, FPS 9293.

average episode rewards is -115.29602813720703

 Scenario simple_spread Algo rmappo Exp reference_20260925T185133Z_2dfd2f_mappo_w128_seed3 updates 1690/6250 episodes, total num timesteps 5411200/20000000, FPS 9293.

average episode rewards is -117.63333129882812

 Scenario simple_spread Algo rmappo Exp reference_20260925T185133Z_2dfd2f_mappo_w128_seed3 updates 1695/6250 episodes, total num timesteps 5427200/20000000, FPS 9294.

average episode rewards is -117.6376724243164

 Scenario simple_spread Algo rmappo Exp reference_20260925T185133Z_2dfd2f_mappo_w128_seed3 updates 1700/6250 episodes, total num timesteps 5443200/20000000, FPS 9294.

average episode rewards is -117.34771728515625
eval average episode rewards of agent: -119.54673470419931
eval success rate: 0.7

 Scenario simple_spread Algo rmappo Exp reference_20260925T185133Z_2dfd2f_mappo_w128_seed3 updates 1705/6250 episodes, total num timesteps 5459200/20000000, FPS 9293.

average episode rewards is -115.65624237060547

 Scenario simple_spread Algo rmappo Exp reference_20260925T185133Z_2dfd2f_mappo_w128_seed3 updates 1710/6250 episodes, total num timesteps 5475200/20000000, FPS 9293.

average episode rewards is -116.23838806152344

 Scenario simple_spread Algo rmappo Exp reference_20260925T185133Z_2dfd2f_mappo_w128_seed3 updates 1715/6250 episodes, total num timesteps 5491200/20000000, FPS 9294.

average episode rewards is -117.42081451416016

 Scenario simple_spread Algo rmappo Exp reference_20260925T185133Z_2dfd2f_mappo_w128_seed3 updates 1720/6250 episodes, total num timesteps 5507200/20000000, FPS 9292.

average episode rewards is -118.12102508544922

 Scenario simple_spread Algo rmappo Exp reference_20260925T185133Z_2dfd2f_mappo_w128_seed3 updates 1725/6250 episodes, total num timesteps 5523200/20000000, FPS 9292.

average episode rewards is -115.44700622558594
eval average episode rewards of agent: -120.49542341564785
eval success rate: 0.95

 Scenario simple_spread Algo rmappo Exp reference_20260925T185133Z_2dfd2f_mappo_w128_seed3 updates 1730/6250 episodes, total num timesteps 5539200/20000000, FPS 9292.

average episode rewards is -117.05369567871094

 Scenario simple_spread Algo rmappo Exp reference_20260925T185133Z_2dfd2f_mappo_w128_seed3 updates 1735/6250 episodes, total num timesteps 5555200/20000000, FPS 9292.

average episode rewards is -115.62155151367188

 Scenario simple_spread Algo rmappo Exp reference_20260925T185133Z_2dfd2f_mappo_w128_seed3 updates 1740/6250 episodes, total num timesteps 5571200/20000000, FPS 9293.

average episode rewards is -117.0887680053711

 Scenario simple_spread Algo rmappo Exp reference_20260925T185133Z_2dfd2f_mappo_w128_seed3 updates 1745/6250 episodes, total num timesteps 5587200/20000000, FPS 9293.

average episode rewards is -115.0248794555664

 Scenario simple_spread Algo rmappo Exp reference_20260925T185133Z_2dfd2f_mappo_w128_seed3 updates 1750/6250 episodes, total num timesteps 5603200/20000000, FPS 9293.

average episode rewards is -118.62176513671875
eval average episode rewards of agent: -116.47015441804551
eval success rate: 0.85

 Scenario simple_spread Algo rmappo Exp reference_20260925T185133Z_2dfd2f_mappo_w128_seed3 updates 1755/6250 episodes, total num timesteps 5619200/20000000, FPS 9292.

average episode rewards is -117.763671875

 Scenario simple_spread Algo rmappo Exp reference_20260925T185133Z_2dfd2f_mappo_w128_seed3 updates 1760/6250 episodes, total num timesteps 5635200/20000000, FPS 9293.

average episode rewards is -118.31444549560547

 Scenario simple_spread Algo rmappo Exp reference_20260925T185133Z_2dfd2f_mappo_w128_seed3 updates 1765/6250 episodes, total num timesteps 5651200/20000000, FPS 9293.

average episode rewards is -119.33293151855469

 Scenario simple_spread Algo rmappo Exp reference_20260925T185133Z_2dfd2f_mappo_w128_seed3 updates 1770/6250 episodes, total num timesteps 5667200/20000000, FPS 9293.

average episode rewards is -118.00323486328125

 Scenario simple_spread Algo rmappo Exp reference_20260925T185133Z_2dfd2f_mappo_w128_seed3 updates 1775/6250 episodes, total num timesteps 5683200/20000000, FPS 9294.

average episode rewards is -116.74972534179688
eval average episode rewards of agent: -112.92175371480097
eval success rate: 0.8

 Scenario simple_spread Algo rmappo Exp reference_20260925T185133Z_2dfd2f_mappo_w128_seed3 updates 1780/6250 episodes, total num timesteps 5699200/20000000, FPS 9291.

average episode rewards is -116.71127319335938

 Scenario simple_spread Algo rmappo Exp reference_20260925T185133Z_2dfd2f_mappo_w128_seed3 updates 1785/6250 episodes, total num timesteps 5715200/20000000, FPS 9292.

average episode rewards is -117.93327331542969

 Scenario simple_spread Algo rmappo Exp reference_20260925T185133Z_2dfd2f_mappo_w128_seed3 updates 1790/6250 episodes, total num timesteps 5731200/20000000, FPS 9292.

average episode rewards is -118.7372817993164

 Scenario simple_spread Algo rmappo Exp reference_20260925T185133Z_2dfd2f_mappo_w128_seed3 updates 1795/6250 episodes, total num timesteps 5747200/20000000, FPS 9292.

average episode rewards is -117.90635681152344

 Scenario simple_spread Algo rmappo Exp reference_20260925T185133Z_2dfd2f_mappo_w128_seed3 updates 1800/6250 episodes, total num timesteps 5763200/20000000, FPS 9292.

average episode rewards is -116.62635803222656
eval average episode rewards of agent: -113.24021862025668
eval success rate: 0.85

 Scenario simple_spread Algo rmappo Exp reference_20260925T185133Z_2dfd2f_mappo_w128_seed3 updates 1805/6250 episodes, total num timesteps 5779200/20000000, FPS 9292.

average episode rewards is -116.74552917480469

 Scenario simple_spread Algo rmappo Exp reference_20260925T185133Z_2dfd2f_mappo_w128_seed3 updates 1810/6250 episodes, total num timesteps 5795200/20000000, FPS 9292.

average episode rewards is -117.83797454833984

 Scenario simple_spread Algo rmappo Exp reference_20260925T185133Z_2dfd2f_mappo_w128_seed3 updates 1815/6250 episodes, total num timesteps 5811200/20000000, FPS 9292.

average episode rewards is -115.10588073730469

 Scenario simple_spread Algo rmappo Exp reference_20260925T185133Z_2dfd2f_mappo_w128_seed3 updates 1820/6250 episodes, total num timesteps 5827200/20000000, FPS 9293.

average episode rewards is -115.23487854003906

 Scenario simple_spread Algo rmappo Exp reference_20260925T185133Z_2dfd2f_mappo_w128_seed3 updates 1825/6250 episodes, total num timesteps 5843200/20000000, FPS 9293.

average episode rewards is -117.07492065429688
eval average episode rewards of agent: -114.49071848646575
eval success rate: 0.95

 Scenario simple_spread Algo rmappo Exp reference_20260925T185133Z_2dfd2f_mappo_w128_seed3 updates 1830/6250 episodes, total num timesteps 5859200/20000000, FPS 9292.

average episode rewards is -116.89862060546875

 Scenario simple_spread Algo rmappo Exp reference_20260925T185133Z_2dfd2f_mappo_w128_seed3 updates 1835/6250 episodes, total num timesteps 5875200/20000000, FPS 9292.

average episode rewards is -118.3195571899414

 Scenario simple_spread Algo rmappo Exp reference_20260925T185133Z_2dfd2f_mappo_w128_seed3 updates 1840/6250 episodes, total num timesteps 5891200/20000000, FPS 9291.

average episode rewards is -115.64888763427734

 Scenario simple_spread Algo rmappo Exp reference_20260925T185133Z_2dfd2f_mappo_w128_seed3 updates 1845/6250 episodes, total num timesteps 5907200/20000000, FPS 9292.

average episode rewards is -117.65399169921875

 Scenario simple_spread Algo rmappo Exp reference_20260925T185133Z_2dfd2f_mappo_w128_seed3 updates 1850/6250 episodes, total num timesteps 5923200/20000000, FPS 9292.

average episode rewards is -116.75389862060547
eval average episode rewards of agent: -110.89428500352997
eval success rate: 0.95

 Scenario simple_spread Algo rmappo Exp reference_20260925T185133Z_2dfd2f_mappo_w128_seed3 updates 1855/6250 episodes, total num timesteps 5939200/20000000, FPS 9291.

average episode rewards is -116.76201629638672

 Scenario simple_spread Algo rmappo Exp reference_20260925T185133Z_2dfd2f_mappo_w128_seed3 updates 1860/6250 episodes, total num timesteps 5955200/20000000, FPS 9292.

average episode rewards is -117.84290313720703

 Scenario simple_spread Algo rmappo Exp reference_20260925T185133Z_2dfd2f_mappo_w128_seed3 updates 1865/6250 episodes, total num timesteps 5971200/20000000, FPS 9292.

average episode rewards is -116.44441223144531

 Scenario simple_spread Algo rmappo Exp reference_20260925T185133Z_2dfd2f_mappo_w128_seed3 updates 1870/6250 episodes, total num timesteps 5987200/20000000, FPS 9292.

average episode rewards is -113.6801986694336

 Scenario simple_spread Algo rmappo Exp reference_20260925T185133Z_2dfd2f_mappo_w128_seed3 updates 1875/6250 episodes, total num timesteps 6003200/20000000, FPS 9292.

average episode rewards is -117.98820495605469
eval average episode rewards of agent: -112.81775781604061
eval success rate: 1.0

 Scenario simple_spread Algo rmappo Exp reference_20260925T185133Z_2dfd2f_mappo_w128_seed3 updates 1880/6250 episodes, total num timesteps 6019200/20000000, FPS 9292.

average episode rewards is -116.40106201171875

 Scenario simple_spread Algo rmappo Exp reference_20260925T185133Z_2dfd2f_mappo_w128_seed3 updates 1885/6250 episodes, total num timesteps 6035200/20000000, FPS 9292.

average episode rewards is -117.34580993652344

 Scenario simple_spread Algo rmappo Exp reference_20260925T185133Z_2dfd2f_mappo_w128_seed3 updates 1890/6250 episodes, total num timesteps 6051200/20000000, FPS 9292.

average episode rewards is -118.30859375

 Scenario simple_spread Algo rmappo Exp reference_20260925T185133Z_2dfd2f_mappo_w128_seed3 updates 1895/6250 episodes, total num timesteps 6067200/20000000, FPS 9291.

average episode rewards is -116.33171844482422

 Scenario simple_spread Algo rmappo Exp reference_20260925T185133Z_2dfd2f_mappo_w128_seed3 updates 1900/6250 episodes, total num timesteps 6083200/20000000, FPS 9291.

average episode rewards is -115.97673797607422
eval average episode rewards of agent: -112.25028646577988
eval success rate: 0.9

 Scenario simple_spread Algo rmappo Exp reference_20260925T185133Z_2dfd2f_mappo_w128_seed3 updates 1905/6250 episodes, total num timesteps 6099200/20000000, FPS 9291.

average episode rewards is -116.8410873413086

 Scenario simple_spread Algo rmappo Exp reference_20260925T185133Z_2dfd2f_mappo_w128_seed3 updates 1910/6250 episodes, total num timesteps 6115200/20000000, FPS 9291.

average episode rewards is -116.86481475830078

 Scenario simple_spread Algo rmappo Exp reference_20260925T185133Z_2dfd2f_mappo_w128_seed3 updates 1915/6250 episodes, total num timesteps 6131200/20000000, FPS 9292.

average episode rewards is -113.99347686767578

 Scenario simple_spread Algo rmappo Exp reference_20260925T185133Z_2dfd2f_mappo_w128_seed3 updates 1920/6250 episodes, total num timesteps 6147200/20000000, FPS 9293.

average episode rewards is -115.80384063720703

 Scenario simple_spread Algo rmappo Exp reference_20260925T185133Z_2dfd2f_mappo_w128_seed3 updates 1925/6250 episodes, total num timesteps 6163200/20000000, FPS 9293.

average episode rewards is -116.64795684814453
eval average episode rewards of agent: -113.22974058339649
eval success rate: 0.95

 Scenario simple_spread Algo rmappo Exp reference_20260925T185133Z_2dfd2f_mappo_w128_seed3 updates 1930/6250 episodes, total num timesteps 6179200/20000000, FPS 9293.

average episode rewards is -113.40022277832031

 Scenario simple_spread Algo rmappo Exp reference_20260925T185133Z_2dfd2f_mappo_w128_seed3 updates 1935/6250 episodes, total num timesteps 6195200/20000000, FPS 9294.

average episode rewards is -116.15418243408203

 Scenario simple_spread Algo rmappo Exp reference_20260925T185133Z_2dfd2f_mappo_w128_seed3 updates 1940/6250 episodes, total num timesteps 6211200/20000000, FPS 9294.

average episode rewards is -116.16989135742188

 Scenario simple_spread Algo rmappo Exp reference_20260925T185133Z_2dfd2f_mappo_w128_seed3 updates 1945/6250 episodes, total num timesteps 6227200/20000000, FPS 9294.

average episode rewards is -113.21129608154297

 Scenario simple_spread Algo rmappo Exp reference_20260925T185133Z_2dfd2f_mappo_w128_seed3 updates 1950/6250 episodes, total num timesteps 6243200/20000000, FPS 9295.

average episode rewards is -115.62267303466797
eval average episode rewards of agent: -110.92832910077333
eval success rate: 1.0

 Scenario simple_spread Algo rmappo Exp reference_20260925T185133Z_2dfd2f_mappo_w128_seed3 updates 1955/6250 episodes, total num timesteps 6259200/20000000, FPS 9292.

average episode rewards is -118.0871810913086

 Scenario simple_spread Algo rmappo Exp reference_20260925T185133Z_2dfd2f_mappo_w128_seed3 updates 1960/6250 episodes, total num timesteps 6275200/20000000, FPS 9293.

average episode rewards is -114.86260986328125

 Scenario simple_spread Algo rmappo Exp reference_20260925T185133Z_2dfd2f_mappo_w128_seed3 updates 1965/6250 episodes, total num timesteps 6291200/20000000, FPS 9293.

average episode rewards is -114.4184341430664

 Scenario simple_spread Algo rmappo Exp reference_20260925T185133Z_2dfd2f_mappo_w128_seed3 updates 1970/6250 episodes, total num timesteps 6307200/20000000, FPS 9294.

average episode rewards is -115.86721801757812

 Scenario simple_spread Algo rmappo Exp reference_20260925T185133Z_2dfd2f_mappo_w128_seed3 updates 1975/6250 episodes, total num timesteps 6323200/20000000, FPS 9294.

average episode rewards is -117.7228775024414
eval average episode rewards of agent: -112.77225884465052
eval success rate: 0.95

 Scenario simple_spread Algo rmappo Exp reference_20260925T185133Z_2dfd2f_mappo_w128_seed3 updates 1980/6250 episodes, total num timesteps 6339200/20000000, FPS 9294.

average episode rewards is -114.87664031982422

 Scenario simple_spread Algo rmappo Exp reference_20260925T185133Z_2dfd2f_mappo_w128_seed3 updates 1985/6250 episodes, total num timesteps 6355200/20000000, FPS 9294.

average episode rewards is -113.39461517333984

 Scenario simple_spread Algo rmappo Exp reference_20260925T185133Z_2dfd2f_mappo_w128_seed3 updates 1990/6250 episodes, total num timesteps 6371200/20000000, FPS 9295.

average episode rewards is -115.4208755493164

 Scenario simple_spread Algo rmappo Exp reference_20260925T185133Z_2dfd2f_mappo_w128_seed3 updates 1995/6250 episodes, total num timesteps 6387200/20000000, FPS 9295.

average episode rewards is -115.61798095703125

 Scenario simple_spread Algo rmappo Exp reference_20260925T185133Z_2dfd2f_mappo_w128_seed3 updates 2000/6250 episodes, total num timesteps 6403200/20000000, FPS 9295.

average episode rewards is -115.53923034667969
eval average episode rewards of agent: -113.96855996461052
eval success rate: 0.95

 Scenario simple_spread Algo rmappo Exp reference_20260925T185133Z_2dfd2f_mappo_w128_seed3 updates 2005/6250 episodes, total num timesteps 6419200/20000000, FPS 9295.

average episode rewards is -113.22962951660156

 Scenario simple_spread Algo rmappo Exp reference_20260925T185133Z_2dfd2f_mappo_w128_seed3 updates 2010/6250 episodes, total num timesteps 6435200/20000000, FPS 9296.

average episode rewards is -114.99921417236328

 Scenario simple_spread Algo rmappo Exp reference_20260925T185133Z_2dfd2f_mappo_w128_seed3 updates 2015/6250 episodes, total num timesteps 6451200/20000000, FPS 9295.

average episode rewards is -114.70608520507812

 Scenario simple_spread Algo rmappo Exp reference_20260925T185133Z_2dfd2f_mappo_w128_seed3 updates 2020/6250 episodes, total num timesteps 6467200/20000000, FPS 9295.

average episode rewards is -117.88285827636719

 Scenario simple_spread Algo rmappo Exp reference_20260925T185133Z_2dfd2f_mappo_w128_seed3 updates 2025/6250 episodes, total num timesteps 6483200/20000000, FPS 9295.

average episode rewards is -115.27533721923828
eval average episode rewards of agent: -110.66621175408311
eval success rate: 0.95

 Scenario simple_spread Algo rmappo Exp reference_20260925T185133Z_2dfd2f_mappo_w128_seed3 updates 2030/6250 episodes, total num timesteps 6499200/20000000, FPS 9295.

average episode rewards is -114.59922790527344

 Scenario simple_spread Algo rmappo Exp reference_20260925T185133Z_2dfd2f_mappo_w128_seed3 updates 2035/6250 episodes, total num timesteps 6515200/20000000, FPS 9295.

average episode rewards is -114.94477844238281

 Scenario simple_spread Algo rmappo Exp reference_20260925T185133Z_2dfd2f_mappo_w128_seed3 updates 2040/6250 episodes, total num timesteps 6531200/20000000, FPS 9296.

average episode rewards is -116.70759582519531

 Scenario simple_spread Algo rmappo Exp reference_20260925T185133Z_2dfd2f_mappo_w128_seed3 updates 2045/6250 episodes, total num timesteps 6547200/20000000, FPS 9296.

average episode rewards is -115.95516204833984

 Scenario simple_spread Algo rmappo Exp reference_20260925T185133Z_2dfd2f_mappo_w128_seed3 updates 2050/6250 episodes, total num timesteps 6563200/20000000, FPS 9296.

average episode rewards is -115.1387710571289
eval average episode rewards of agent: -115.13286488745912
eval success rate: 0.95

 Scenario simple_spread Algo rmappo Exp reference_20260925T185133Z_2dfd2f_mappo_w128_seed3 updates 2055/6250 episodes, total num timesteps 6579200/20000000, FPS 9296.

average episode rewards is -113.09172058105469

 Scenario simple_spread Algo rmappo Exp reference_20260925T185133Z_2dfd2f_mappo_w128_seed3 updates 2060/6250 episodes, total num timesteps 6595200/20000000, FPS 9297.

average episode rewards is -114.53175354003906

 Scenario simple_spread Algo rmappo Exp reference_20260925T185133Z_2dfd2f_mappo_w128_seed3 updates 2065/6250 episodes, total num timesteps 6611200/20000000, FPS 9297.

average episode rewards is -116.83018493652344

 Scenario simple_spread Algo rmappo Exp reference_20260925T185133Z_2dfd2f_mappo_w128_seed3 updates 2070/6250 episodes, total num timesteps 6627200/20000000, FPS 9298.

average episode rewards is -116.59465789794922

 Scenario simple_spread Algo rmappo Exp reference_20260925T185133Z_2dfd2f_mappo_w128_seed3 updates 2075/6250 episodes, total num timesteps 6643200/20000000, FPS 9296.

average episode rewards is -113.46208190917969
eval average episode rewards of agent: -116.61810947562597
eval success rate: 0.9

 Scenario simple_spread Algo rmappo Exp reference_20260925T185133Z_2dfd2f_mappo_w128_seed3 updates 2080/6250 episodes, total num timesteps 6659200/20000000, FPS 9296.

average episode rewards is -115.07909393310547

 Scenario simple_spread Algo rmappo Exp reference_20260925T185133Z_2dfd2f_mappo_w128_seed3 updates 2085/6250 episodes, total num timesteps 6675200/20000000, FPS 9296.

average episode rewards is -114.56607818603516

 Scenario simple_spread Algo rmappo Exp reference_20260925T185133Z_2dfd2f_mappo_w128_seed3 updates 2090/6250 episodes, total num timesteps 6691200/20000000, FPS 9296.

average episode rewards is -115.8016586303711

 Scenario simple_spread Algo rmappo Exp reference_20260925T185133Z_2dfd2f_mappo_w128_seed3 updates 2095/6250 episodes, total num timesteps 6707200/20000000, FPS 9296.

average episode rewards is -115.61856079101562

 Scenario simple_spread Algo rmappo Exp reference_20260925T185133Z_2dfd2f_mappo_w128_seed3 updates 2100/6250 episodes, total num timesteps 6723200/20000000, FPS 9296.

average episode rewards is -114.63387298583984
eval average episode rewards of agent: -111.8288394930792
eval success rate: 0.9

 Scenario simple_spread Algo rmappo Exp reference_20260925T185133Z_2dfd2f_mappo_w128_seed3 updates 2105/6250 episodes, total num timesteps 6739200/20000000, FPS 9296.

average episode rewards is -116.22953796386719

 Scenario simple_spread Algo rmappo Exp reference_20260925T185133Z_2dfd2f_mappo_w128_seed3 updates 2110/6250 episodes, total num timesteps 6755200/20000000, FPS 9297.

average episode rewards is -115.79814910888672

 Scenario simple_spread Algo rmappo Exp reference_20260925T185133Z_2dfd2f_mappo_w128_seed3 updates 2115/6250 episodes, total num timesteps 6771200/20000000, FPS 9297.

average episode rewards is -114.06626892089844

 Scenario simple_spread Algo rmappo Exp reference_20260925T185133Z_2dfd2f_mappo_w128_seed3 updates 2120/6250 episodes, total num timesteps 6787200/20000000, FPS 9297.

average episode rewards is -118.8979721069336

 Scenario simple_spread Algo rmappo Exp reference_20260925T185133Z_2dfd2f_mappo_w128_seed3 updates 2125/6250 episodes, total num timesteps 6803200/20000000, FPS 9298.

average episode rewards is -116.67692565917969
eval average episode rewards of agent: -112.83093463237113
eval success rate: 0.95

 Scenario simple_spread Algo rmappo Exp reference_20260925T185133Z_2dfd2f_mappo_w128_seed3 updates 2130/6250 episodes, total num timesteps 6819200/20000000, FPS 9298.

average episode rewards is -114.44176483154297

 Scenario simple_spread Algo rmappo Exp reference_20260925T185133Z_2dfd2f_mappo_w128_seed3 updates 2135/6250 episodes, total num timesteps 6835200/20000000, FPS 9297.

average episode rewards is -116.15853118896484

 Scenario simple_spread Algo rmappo Exp reference_20260925T185133Z_2dfd2f_mappo_w128_seed3 updates 2140/6250 episodes, total num timesteps 6851200/20000000, FPS 9298.

average episode rewards is -117.90220642089844

 Scenario simple_spread Algo rmappo Exp reference_20260925T185133Z_2dfd2f_mappo_w128_seed3 updates 2145/6250 episodes, total num timesteps 6867200/20000000, FPS 9298.

average episode rewards is -117.41354370117188

 Scenario simple_spread Algo rmappo Exp reference_20260925T185133Z_2dfd2f_mappo_w128_seed3 updates 2150/6250 episodes, total num timesteps 6883200/20000000, FPS 9299.

average episode rewards is -115.47561645507812
eval average episode rewards of agent: -111.56982153823418
eval success rate: 0.95

 Scenario simple_spread Algo rmappo Exp reference_20260925T185133Z_2dfd2f_mappo_w128_seed3 updates 2155/6250 episodes, total num timesteps 6899200/20000000, FPS 9299.

average episode rewards is -116.33125305175781

 Scenario simple_spread Algo rmappo Exp reference_20260925T185133Z_2dfd2f_mappo_w128_seed3 updates 2160/6250 episodes, total num timesteps 6915200/20000000, FPS 9299.

average episode rewards is -116.88825225830078

 Scenario simple_spread Algo rmappo Exp reference_20260925T185133Z_2dfd2f_mappo_w128_seed3 updates 2165/6250 episodes, total num timesteps 6931200/20000000, FPS 9300.

average episode rewards is -111.68186950683594

 Scenario simple_spread Algo rmappo Exp reference_20260925T185133Z_2dfd2f_mappo_w128_seed3 updates 2170/6250 episodes, total num timesteps 6947200/20000000, FPS 9300.

average episode rewards is -116.26392364501953

 Scenario simple_spread Algo rmappo Exp reference_20260925T185133Z_2dfd2f_mappo_w128_seed3 updates 2175/6250 episodes, total num timesteps 6963200/20000000, FPS 9300.

average episode rewards is -115.9144515991211
eval average episode rewards of agent: -118.73648778491818
eval success rate: 0.9

 Scenario simple_spread Algo rmappo Exp reference_20260925T185133Z_2dfd2f_mappo_w128_seed3 updates 2180/6250 episodes, total num timesteps 6979200/20000000, FPS 9300.

average episode rewards is -117.71704864501953

 Scenario simple_spread Algo rmappo Exp reference_20260925T185133Z_2dfd2f_mappo_w128_seed3 updates 2185/6250 episodes, total num timesteps 6995200/20000000, FPS 9301.

average episode rewards is -117.64341735839844

 Scenario simple_spread Algo rmappo Exp reference_20260925T185133Z_2dfd2f_mappo_w128_seed3 updates 2190/6250 episodes, total num timesteps 7011200/20000000, FPS 9301.

average episode rewards is -115.35820007324219

 Scenario simple_spread Algo rmappo Exp reference_20260925T185133Z_2dfd2f_mappo_w128_seed3 updates 2195/6250 episodes, total num timesteps 7027200/20000000, FPS 9299.

average episode rewards is -116.32803344726562

 Scenario simple_spread Algo rmappo Exp reference_20260925T185133Z_2dfd2f_mappo_w128_seed3 updates 2200/6250 episodes, total num timesteps 7043200/20000000, FPS 9300.

average episode rewards is -114.04984283447266
eval average episode rewards of agent: -115.95828184010564
eval success rate: 0.95

 Scenario simple_spread Algo rmappo Exp reference_20260925T185133Z_2dfd2f_mappo_w128_seed3 updates 2205/6250 episodes, total num timesteps 7059200/20000000, FPS 9300.

average episode rewards is -116.68025207519531

 Scenario simple_spread Algo rmappo Exp reference_20260925T185133Z_2dfd2f_mappo_w128_seed3 updates 2210/6250 episodes, total num timesteps 7075200/20000000, FPS 9300.

average episode rewards is -114.99034118652344

 Scenario simple_spread Algo rmappo Exp reference_20260925T185133Z_2dfd2f_mappo_w128_seed3 updates 2215/6250 episodes, total num timesteps 7091200/20000000, FPS 9301.

average episode rewards is -115.6255874633789

 Scenario simple_spread Algo rmappo Exp reference_20260925T185133Z_2dfd2f_mappo_w128_seed3 updates 2220/6250 episodes, total num timesteps 7107200/20000000, FPS 9300.

average episode rewards is -113.96166229248047

 Scenario simple_spread Algo rmappo Exp reference_20260925T185133Z_2dfd2f_mappo_w128_seed3 updates 2225/6250 episodes, total num timesteps 7123200/20000000, FPS 9301.

average episode rewards is -113.63104248046875
eval average episode rewards of agent: -110.56382205414727
eval success rate: 0.8

 Scenario simple_spread Algo rmappo Exp reference_20260925T185133Z_2dfd2f_mappo_w128_seed3 updates 2230/6250 episodes, total num timesteps 7139200/20000000, FPS 9301.

average episode rewards is -115.40279388427734

 Scenario simple_spread Algo rmappo Exp reference_20260925T185133Z_2dfd2f_mappo_w128_seed3 updates 2235/6250 episodes, total num timesteps 7155200/20000000, FPS 9301.

average episode rewards is -113.34821319580078

 Scenario simple_spread Algo rmappo Exp reference_20260925T185133Z_2dfd2f_mappo_w128_seed3 updates 2240/6250 episodes, total num timesteps 7171200/20000000, FPS 9301.

average episode rewards is -115.82811737060547

 Scenario simple_spread Algo rmappo Exp reference_20260925T185133Z_2dfd2f_mappo_w128_seed3 updates 2245/6250 episodes, total num timesteps 7187200/20000000, FPS 9301.

average episode rewards is -114.4856185913086

 Scenario simple_spread Algo rmappo Exp reference_20260925T185133Z_2dfd2f_mappo_w128_seed3 updates 2250/6250 episodes, total num timesteps 7203200/20000000, FPS 9301.

average episode rewards is -114.13507080078125
eval average episode rewards of agent: -115.1142419721658
eval success rate: 0.85

 Scenario simple_spread Algo rmappo Exp reference_20260925T185133Z_2dfd2f_mappo_w128_seed3 updates 2255/6250 episodes, total num timesteps 7219200/20000000, FPS 9299.

average episode rewards is -114.80232238769531

 Scenario simple_spread Algo rmappo Exp reference_20260925T185133Z_2dfd2f_mappo_w128_seed3 updates 2260/6250 episodes, total num timesteps 7235200/20000000, FPS 9299.

average episode rewards is -116.45740509033203

 Scenario simple_spread Algo rmappo Exp reference_20260925T185133Z_2dfd2f_mappo_w128_seed3 updates 2265/6250 episodes, total num timesteps 7251200/20000000, FPS 9300.

average episode rewards is -117.45838928222656

 Scenario simple_spread Algo rmappo Exp reference_20260925T185133Z_2dfd2f_mappo_w128_seed3 updates 2270/6250 episodes, total num timesteps 7267200/20000000, FPS 9300.

average episode rewards is -115.97242736816406

 Scenario simple_spread Algo rmappo Exp reference_20260925T185133Z_2dfd2f_mappo_w128_seed3 updates 2275/6250 episodes, total num timesteps 7283200/20000000, FPS 9300.

average episode rewards is -115.71155548095703
eval average episode rewards of agent: -113.82294349008005
eval success rate: 0.95

 Scenario simple_spread Algo rmappo Exp reference_20260925T185133Z_2dfd2f_mappo_w128_seed3 updates 2280/6250 episodes, total num timesteps 7299200/20000000, FPS 9299.

average episode rewards is -117.610107421875

 Scenario simple_spread Algo rmappo Exp reference_20260925T185133Z_2dfd2f_mappo_w128_seed3 updates 2285/6250 episodes, total num timesteps 7315200/20000000, FPS 9299.

average episode rewards is -118.27174377441406

 Scenario simple_spread Algo rmappo Exp reference_20260925T185133Z_2dfd2f_mappo_w128_seed3 updates 2290/6250 episodes, total num timesteps 7331200/20000000, FPS 9300.

average episode rewards is -116.03499603271484

 Scenario simple_spread Algo rmappo Exp reference_20260925T185133Z_2dfd2f_mappo_w128_seed3 updates 2295/6250 episodes, total num timesteps 7347200/20000000, FPS 9300.

average episode rewards is -116.35334777832031

 Scenario simple_spread Algo rmappo Exp reference_20260925T185133Z_2dfd2f_mappo_w128_seed3 updates 2300/6250 episodes, total num timesteps 7363200/20000000, FPS 9300.

average episode rewards is -115.1015853881836
eval average episode rewards of agent: -114.81810470184706
eval success rate: 0.9

 Scenario simple_spread Algo rmappo Exp reference_20260925T185133Z_2dfd2f_mappo_w128_seed3 updates 2305/6250 episodes, total num timesteps 7379200/20000000, FPS 9300.

average episode rewards is -113.09892272949219

 Scenario simple_spread Algo rmappo Exp reference_20260925T185133Z_2dfd2f_mappo_w128_seed3 updates 2310/6250 episodes, total num timesteps 7395200/20000000, FPS 9300.

average episode rewards is -113.63199615478516

 Scenario simple_spread Algo rmappo Exp reference_20260925T185133Z_2dfd2f_mappo_w128_seed3 updates 2315/6250 episodes, total num timesteps 7411200/20000000, FPS 9298.

average episode rewards is -116.59278869628906

 Scenario simple_spread Algo rmappo Exp reference_20260925T185133Z_2dfd2f_mappo_w128_seed3 updates 2320/6250 episodes, total num timesteps 7427200/20000000, FPS 9298.

average episode rewards is -116.17620086669922

 Scenario simple_spread Algo rmappo Exp reference_20260925T185133Z_2dfd2f_mappo_w128_seed3 updates 2325/6250 episodes, total num timesteps 7443200/20000000, FPS 9298.

average episode rewards is -114.45801544189453
eval average episode rewards of agent: -113.24823348782974
eval success rate: 1.0

 Scenario simple_spread Algo rmappo Exp reference_20260925T185133Z_2dfd2f_mappo_w128_seed3 updates 2330/6250 episodes, total num timesteps 7459200/20000000, FPS 9298.

average episode rewards is -116.09196472167969

 Scenario simple_spread Algo rmappo Exp reference_20260925T185133Z_2dfd2f_mappo_w128_seed3 updates 2335/6250 episodes, total num timesteps 7475200/20000000, FPS 9298.

average episode rewards is -119.64592742919922

 Scenario simple_spread Algo rmappo Exp reference_20260925T185133Z_2dfd2f_mappo_w128_seed3 updates 2340/6250 episodes, total num timesteps 7491200/20000000, FPS 9298.

average episode rewards is -114.33919525146484

 Scenario simple_spread Algo rmappo Exp reference_20260925T185133Z_2dfd2f_mappo_w128_seed3 updates 2345/6250 episodes, total num timesteps 7507200/20000000, FPS 9299.

average episode rewards is -116.20294189453125

 Scenario simple_spread Algo rmappo Exp reference_20260925T185133Z_2dfd2f_mappo_w128_seed3 updates 2350/6250 episodes, total num timesteps 7523200/20000000, FPS 9299.

average episode rewards is -115.13538360595703
eval average episode rewards of agent: -106.06277787871441
eval success rate: 1.0

 Scenario simple_spread Algo rmappo Exp reference_20260925T185133Z_2dfd2f_mappo_w128_seed3 updates 2355/6250 episodes, total num timesteps 7539200/20000000, FPS 9299.

average episode rewards is -113.9282455444336

 Scenario simple_spread Algo rmappo Exp reference_20260925T185133Z_2dfd2f_mappo_w128_seed3 updates 2360/6250 episodes, total num timesteps 7555200/20000000, FPS 9298.

average episode rewards is -114.14229583740234

 Scenario simple_spread Algo rmappo Exp reference_20260925T185133Z_2dfd2f_mappo_w128_seed3 updates 2365/6250 episodes, total num timesteps 7571200/20000000, FPS 9299.

average episode rewards is -116.2908706665039

 Scenario simple_spread Algo rmappo Exp reference_20260925T185133Z_2dfd2f_mappo_w128_seed3 updates 2370/6250 episodes, total num timesteps 7587200/20000000, FPS 9299.

average episode rewards is -114.89531707763672

 Scenario simple_spread Algo rmappo Exp reference_20260925T185133Z_2dfd2f_mappo_w128_seed3 updates 2375/6250 episodes, total num timesteps 7603200/20000000, FPS 9298.

average episode rewards is -113.98674011230469
eval average episode rewards of agent: -117.74667205383791
eval success rate: 0.95

 Scenario simple_spread Algo rmappo Exp reference_20260925T185133Z_2dfd2f_mappo_w128_seed3 updates 2380/6250 episodes, total num timesteps 7619200/20000000, FPS 9297.

average episode rewards is -117.35820770263672

 Scenario simple_spread Algo rmappo Exp reference_20260925T185133Z_2dfd2f_mappo_w128_seed3 updates 2385/6250 episodes, total num timesteps 7635200/20000000, FPS 9297.

average episode rewards is -113.02388000488281

 Scenario simple_spread Algo rmappo Exp reference_20260925T185133Z_2dfd2f_mappo_w128_seed3 updates 2390/6250 episodes, total num timesteps 7651200/20000000, FPS 9297.

average episode rewards is -115.76825714111328

 Scenario simple_spread Algo rmappo Exp reference_20260925T185133Z_2dfd2f_mappo_w128_seed3 updates 2395/6250 episodes, total num timesteps 7667200/20000000, FPS 9297.

average episode rewards is -113.8235092163086

 Scenario simple_spread Algo rmappo Exp reference_20260925T185133Z_2dfd2f_mappo_w128_seed3 updates 2400/6250 episodes, total num timesteps 7683200/20000000, FPS 9298.

average episode rewards is -113.9780502319336
eval average episode rewards of agent: -112.68284171386202
eval success rate: 0.9

 Scenario simple_spread Algo rmappo Exp reference_20260925T185133Z_2dfd2f_mappo_w128_seed3 updates 2405/6250 episodes, total num timesteps 7699200/20000000, FPS 9297.

average episode rewards is -115.91947937011719

 Scenario simple_spread Algo rmappo Exp reference_20260925T185133Z_2dfd2f_mappo_w128_seed3 updates 2410/6250 episodes, total num timesteps 7715200/20000000, FPS 9297.

average episode rewards is -115.3448257446289

 Scenario simple_spread Algo rmappo Exp reference_20260925T185133Z_2dfd2f_mappo_w128_seed3 updates 2415/6250 episodes, total num timesteps 7731200/20000000, FPS 9297.

average episode rewards is -115.7728042602539

 Scenario simple_spread Algo rmappo Exp reference_20260925T185133Z_2dfd2f_mappo_w128_seed3 updates 2420/6250 episodes, total num timesteps 7747200/20000000, FPS 9297.

average episode rewards is -115.4891586303711

 Scenario simple_spread Algo rmappo Exp reference_20260925T185133Z_2dfd2f_mappo_w128_seed3 updates 2425/6250 episodes, total num timesteps 7763200/20000000, FPS 9297.

average episode rewards is -113.94512939453125
eval average episode rewards of agent: -111.44291182367944
eval success rate: 0.95

 Scenario simple_spread Algo rmappo Exp reference_20260925T185133Z_2dfd2f_mappo_w128_seed3 updates 2430/6250 episodes, total num timesteps 7779200/20000000, FPS 9297.

average episode rewards is -115.4926986694336

 Scenario simple_spread Algo rmappo Exp reference_20260925T185133Z_2dfd2f_mappo_w128_seed3 updates 2435/6250 episodes, total num timesteps 7795200/20000000, FPS 9296.

average episode rewards is -116.77233123779297

 Scenario simple_spread Algo rmappo Exp reference_20260925T185133Z_2dfd2f_mappo_w128_seed3 updates 2440/6250 episodes, total num timesteps 7811200/20000000, FPS 9296.

average episode rewards is -115.52814483642578

 Scenario simple_spread Algo rmappo Exp reference_20260925T185133Z_2dfd2f_mappo_w128_seed3 updates 2445/6250 episodes, total num timesteps 7827200/20000000, FPS 9296.

average episode rewards is -116.31063079833984

 Scenario simple_spread Algo rmappo Exp reference_20260925T185133Z_2dfd2f_mappo_w128_seed3 updates 2450/6250 episodes, total num timesteps 7843200/20000000, FPS 9297.

average episode rewards is -117.29700469970703
eval average episode rewards of agent: -108.61914424996861
eval success rate: 0.95

 Scenario simple_spread Algo rmappo Exp reference_20260925T185133Z_2dfd2f_mappo_w128_seed3 updates 2455/6250 episodes, total num timesteps 7859200/20000000, FPS 9296.

average episode rewards is -116.35560607910156

 Scenario simple_spread Algo rmappo Exp reference_20260925T185133Z_2dfd2f_mappo_w128_seed3 updates 2460/6250 episodes, total num timesteps 7875200/20000000, FPS 9296.

average episode rewards is -113.84336853027344

 Scenario simple_spread Algo rmappo Exp reference_20260925T185133Z_2dfd2f_mappo_w128_seed3 updates 2465/6250 episodes, total num timesteps 7891200/20000000, FPS 9297.

average episode rewards is -116.44947814941406

 Scenario simple_spread Algo rmappo Exp reference_20260925T185133Z_2dfd2f_mappo_w128_seed3 updates 2470/6250 episodes, total num timesteps 7907200/20000000, FPS 9297.

average episode rewards is -113.71269226074219

 Scenario simple_spread Algo rmappo Exp reference_20260925T185133Z_2dfd2f_mappo_w128_seed3 updates 2475/6250 episodes, total num timesteps 7923200/20000000, FPS 9297.

average episode rewards is -116.05604553222656
eval average episode rewards of agent: -116.6384913621189
eval success rate: 0.9

 Scenario simple_spread Algo rmappo Exp reference_20260925T185133Z_2dfd2f_mappo_w128_seed3 updates 2480/6250 episodes, total num timesteps 7939200/20000000, FPS 9297.

average episode rewards is -114.79723358154297

 Scenario simple_spread Algo rmappo Exp reference_20260925T185133Z_2dfd2f_mappo_w128_seed3 updates 2485/6250 episodes, total num timesteps 7955200/20000000, FPS 9297.

average episode rewards is -115.1189193725586

 Scenario simple_spread Algo rmappo Exp reference_20260925T185133Z_2dfd2f_mappo_w128_seed3 updates 2490/6250 episodes, total num timesteps 7971200/20000000, FPS 9297.

average episode rewards is -115.94287109375

 Scenario simple_spread Algo rmappo Exp reference_20260925T185133Z_2dfd2f_mappo_w128_seed3 updates 2495/6250 episodes, total num timesteps 7987200/20000000, FPS 9295.

average episode rewards is -116.71266174316406

 Scenario simple_spread Algo rmappo Exp reference_20260925T185133Z_2dfd2f_mappo_w128_seed3 updates 2500/6250 episodes, total num timesteps 8003200/20000000, FPS 9296.

average episode rewards is -114.25245666503906
eval average episode rewards of agent: -112.96571569903178
eval success rate: 1.0

 Scenario simple_spread Algo rmappo Exp reference_20260925T185133Z_2dfd2f_mappo_w128_seed3 updates 2505/6250 episodes, total num timesteps 8019200/20000000, FPS 9295.

average episode rewards is -115.8682861328125

 Scenario simple_spread Algo rmappo Exp reference_20260925T185133Z_2dfd2f_mappo_w128_seed3 updates 2510/6250 episodes, total num timesteps 8035200/20000000, FPS 9295.

average episode rewards is -114.1927261352539

 Scenario simple_spread Algo rmappo Exp reference_20260925T185133Z_2dfd2f_mappo_w128_seed3 updates 2515/6250 episodes, total num timesteps 8051200/20000000, FPS 9295.

average episode rewards is -114.4217529296875

 Scenario simple_spread Algo rmappo Exp reference_20260925T185133Z_2dfd2f_mappo_w128_seed3 updates 2520/6250 episodes, total num timesteps 8067200/20000000, FPS 9295.

average episode rewards is -116.7835464477539

 Scenario simple_spread Algo rmappo Exp reference_20260925T185133Z_2dfd2f_mappo_w128_seed3 updates 2525/6250 episodes, total num timesteps 8083200/20000000, FPS 9295.

average episode rewards is -114.86547088623047
eval average episode rewards of agent: -111.38290489665314
eval success rate: 0.9

 Scenario simple_spread Algo rmappo Exp reference_20260925T185133Z_2dfd2f_mappo_w128_seed3 updates 2530/6250 episodes, total num timesteps 8099200/20000000, FPS 9295.

average episode rewards is -113.70135498046875

 Scenario simple_spread Algo rmappo Exp reference_20260925T185133Z_2dfd2f_mappo_w128_seed3 updates 2535/6250 episodes, total num timesteps 8115200/20000000, FPS 9295.

average episode rewards is -112.66204071044922

 Scenario simple_spread Algo rmappo Exp reference_20260925T185133Z_2dfd2f_mappo_w128_seed3 updates 2540/6250 episodes, total num timesteps 8131200/20000000, FPS 9295.

average episode rewards is -117.74140930175781

 Scenario simple_spread Algo rmappo Exp reference_20260925T185133Z_2dfd2f_mappo_w128_seed3 updates 2545/6250 episodes, total num timesteps 8147200/20000000, FPS 9296.

average episode rewards is -114.57807159423828

 Scenario simple_spread Algo rmappo Exp reference_20260925T185133Z_2dfd2f_mappo_w128_seed3 updates 2550/6250 episodes, total num timesteps 8163200/20000000, FPS 9296.

average episode rewards is -116.84400939941406
eval average episode rewards of agent: -114.94382599713285
eval success rate: 0.95

 Scenario simple_spread Algo rmappo Exp reference_20260925T185133Z_2dfd2f_mappo_w128_seed3 updates 2555/6250 episodes, total num timesteps 8179200/20000000, FPS 9294.

average episode rewards is -114.79767608642578

 Scenario simple_spread Algo rmappo Exp reference_20260925T185133Z_2dfd2f_mappo_w128_seed3 updates 2560/6250 episodes, total num timesteps 8195200/20000000, FPS 9294.

average episode rewards is -114.09425354003906

 Scenario simple_spread Algo rmappo Exp reference_20260925T185133Z_2dfd2f_mappo_w128_seed3 updates 2565/6250 episodes, total num timesteps 8211200/20000000, FPS 9294.

average episode rewards is -116.12786865234375

 Scenario simple_spread Algo rmappo Exp reference_20260925T185133Z_2dfd2f_mappo_w128_seed3 updates 2570/6250 episodes, total num timesteps 8227200/20000000, FPS 9294.

average episode rewards is -114.20117950439453

 Scenario simple_spread Algo rmappo Exp reference_20260925T185133Z_2dfd2f_mappo_w128_seed3 updates 2575/6250 episodes, total num timesteps 8243200/20000000, FPS 9294.

average episode rewards is -114.07392883300781
eval average episode rewards of agent: -111.7634773169661
eval success rate: 0.95

 Scenario simple_spread Algo rmappo Exp reference_20260925T185133Z_2dfd2f_mappo_w128_seed3 updates 2580/6250 episodes, total num timesteps 8259200/20000000, FPS 9294.

average episode rewards is -115.26313018798828

 Scenario simple_spread Algo rmappo Exp reference_20260925T185133Z_2dfd2f_mappo_w128_seed3 updates 2585/6250 episodes, total num timesteps 8275200/20000000, FPS 9294.

average episode rewards is -113.02980041503906

 Scenario simple_spread Algo rmappo Exp reference_20260925T185133Z_2dfd2f_mappo_w128_seed3 updates 2590/6250 episodes, total num timesteps 8291200/20000000, FPS 9294.

average episode rewards is -114.6758804321289

 Scenario simple_spread Algo rmappo Exp reference_20260925T185133Z_2dfd2f_mappo_w128_seed3 updates 2595/6250 episodes, total num timesteps 8307200/20000000, FPS 9295.

average episode rewards is -113.7552261352539

 Scenario simple_spread Algo rmappo Exp reference_20260925T185133Z_2dfd2f_mappo_w128_seed3 updates 2600/6250 episodes, total num timesteps 8323200/20000000, FPS 9294.

average episode rewards is -115.62828826904297
eval average episode rewards of agent: -113.71478454190645
eval success rate: 1.0

 Scenario simple_spread Algo rmappo Exp reference_20260925T185133Z_2dfd2f_mappo_w128_seed3 updates 2605/6250 episodes, total num timesteps 8339200/20000000, FPS 9294.

average episode rewards is -113.4039306640625

 Scenario simple_spread Algo rmappo Exp reference_20260925T185133Z_2dfd2f_mappo_w128_seed3 updates 2610/6250 episodes, total num timesteps 8355200/20000000, FPS 9293.

average episode rewards is -113.79371643066406

 Scenario simple_spread Algo rmappo Exp reference_20260925T185133Z_2dfd2f_mappo_w128_seed3 updates 2615/6250 episodes, total num timesteps 8371200/20000000, FPS 9293.

average episode rewards is -115.31075286865234

 Scenario simple_spread Algo rmappo Exp reference_20260925T185133Z_2dfd2f_mappo_w128_seed3 updates 2620/6250 episodes, total num timesteps 8387200/20000000, FPS 9294.

average episode rewards is -112.87532806396484

 Scenario simple_spread Algo rmappo Exp reference_20260925T185133Z_2dfd2f_mappo_w128_seed3 updates 2625/6250 episodes, total num timesteps 8403200/20000000, FPS 9294.

average episode rewards is -115.35210418701172
eval average episode rewards of agent: -115.42988706264265
eval success rate: 0.95

 Scenario simple_spread Algo rmappo Exp reference_20260925T185133Z_2dfd2f_mappo_w128_seed3 updates 2630/6250 episodes, total num timesteps 8419200/20000000, FPS 9294.

average episode rewards is -112.49557495117188

 Scenario simple_spread Algo rmappo Exp reference_20260925T185133Z_2dfd2f_mappo_w128_seed3 updates 2635/6250 episodes, total num timesteps 8435200/20000000, FPS 9294.

average episode rewards is -113.52594757080078

 Scenario simple_spread Algo rmappo Exp reference_20260925T185133Z_2dfd2f_mappo_w128_seed3 updates 2640/6250 episodes, total num timesteps 8451200/20000000, FPS 9294.

average episode rewards is -112.94396209716797

 Scenario simple_spread Algo rmappo Exp reference_20260925T185133Z_2dfd2f_mappo_w128_seed3 updates 2645/6250 episodes, total num timesteps 8467200/20000000, FPS 9294.

average episode rewards is -114.7237548828125

 Scenario simple_spread Algo rmappo Exp reference_20260925T185133Z_2dfd2f_mappo_w128_seed3 updates 2650/6250 episodes, total num timesteps 8483200/20000000, FPS 9294.

average episode rewards is -114.34408569335938
eval average episode rewards of agent: -114.20522479942765
eval success rate: 0.95

 Scenario simple_spread Algo rmappo Exp reference_20260925T185133Z_2dfd2f_mappo_w128_seed3 updates 2655/6250 episodes, total num timesteps 8499200/20000000, FPS 9294.

average episode rewards is -115.34130859375

 Scenario simple_spread Algo rmappo Exp reference_20260925T185133Z_2dfd2f_mappo_w128_seed3 updates 2660/6250 episodes, total num timesteps 8515200/20000000, FPS 9294.

average episode rewards is -113.53992462158203

 Scenario simple_spread Algo rmappo Exp reference_20260925T185133Z_2dfd2f_mappo_w128_seed3 updates 2665/6250 episodes, total num timesteps 8531200/20000000, FPS 9295.

average episode rewards is -111.31964111328125

 Scenario simple_spread Algo rmappo Exp reference_20260925T185133Z_2dfd2f_mappo_w128_seed3 updates 2670/6250 episodes, total num timesteps 8547200/20000000, FPS 9294.

average episode rewards is -113.7823257446289

 Scenario simple_spread Algo rmappo Exp reference_20260925T185133Z_2dfd2f_mappo_w128_seed3 updates 2675/6250 episodes, total num timesteps 8563200/20000000, FPS 9294.

average episode rewards is -116.01628112792969
eval average episode rewards of agent: -111.21577560803766
eval success rate: 0.95

 Scenario simple_spread Algo rmappo Exp reference_20260925T185133Z_2dfd2f_mappo_w128_seed3 updates 2680/6250 episodes, total num timesteps 8579200/20000000, FPS 9293.

average episode rewards is -116.24183654785156

 Scenario simple_spread Algo rmappo Exp reference_20260925T185133Z_2dfd2f_mappo_w128_seed3 updates 2685/6250 episodes, total num timesteps 8595200/20000000, FPS 9293.

average episode rewards is -116.2603530883789

 Scenario simple_spread Algo rmappo Exp reference_20260925T185133Z_2dfd2f_mappo_w128_seed3 updates 2690/6250 episodes, total num timesteps 8611200/20000000, FPS 9294.

average episode rewards is -112.67308044433594

 Scenario simple_spread Algo rmappo Exp reference_20260925T185133Z_2dfd2f_mappo_w128_seed3 updates 2695/6250 episodes, total num timesteps 8627200/20000000, FPS 9294.

average episode rewards is -116.13495635986328

 Scenario simple_spread Algo rmappo Exp reference_20260925T185133Z_2dfd2f_mappo_w128_seed3 updates 2700/6250 episodes, total num timesteps 8643200/20000000, FPS 9294.

average episode rewards is -114.87931060791016
eval average episode rewards of agent: -120.75592922321262
eval success rate: 0.8

 Scenario simple_spread Algo rmappo Exp reference_20260925T185133Z_2dfd2f_mappo_w128_seed3 updates 2705/6250 episodes, total num timesteps 8659200/20000000, FPS 9293.

average episode rewards is -114.2978515625

 Scenario simple_spread Algo rmappo Exp reference_20260925T185133Z_2dfd2f_mappo_w128_seed3 updates 2710/6250 episodes, total num timesteps 8675200/20000000, FPS 9294.

average episode rewards is -117.11478424072266

 Scenario simple_spread Algo rmappo Exp reference_20260925T185133Z_2dfd2f_mappo_w128_seed3 updates 2715/6250 episodes, total num timesteps 8691200/20000000, FPS 9294.

average episode rewards is -114.97029113769531

 Scenario simple_spread Algo rmappo Exp reference_20260925T185133Z_2dfd2f_mappo_w128_seed3 updates 2720/6250 episodes, total num timesteps 8707200/20000000, FPS 9294.

average episode rewards is -113.0530014038086

 Scenario simple_spread Algo rmappo Exp reference_20260925T185133Z_2dfd2f_mappo_w128_seed3 updates 2725/6250 episodes, total num timesteps 8723200/20000000, FPS 9294.

average episode rewards is -113.05025482177734
eval average episode rewards of agent: -116.51808654792175
eval success rate: 0.9

 Scenario simple_spread Algo rmappo Exp reference_20260925T185133Z_2dfd2f_mappo_w128_seed3 updates 2730/6250 episodes, total num timesteps 8739200/20000000, FPS 9293.

average episode rewards is -113.30599975585938

 Scenario simple_spread Algo rmappo Exp reference_20260925T185133Z_2dfd2f_mappo_w128_seed3 updates 2735/6250 episodes, total num timesteps 8755200/20000000, FPS 9293.

average episode rewards is -115.73721313476562

 Scenario simple_spread Algo rmappo Exp reference_20260925T185133Z_2dfd2f_mappo_w128_seed3 updates 2740/6250 episodes, total num timesteps 8771200/20000000, FPS 9293.

average episode rewards is -114.86161804199219

 Scenario simple_spread Algo rmappo Exp reference_20260925T185133Z_2dfd2f_mappo_w128_seed3 updates 2745/6250 episodes, total num timesteps 8787200/20000000, FPS 9294.

average episode rewards is -114.86219024658203

 Scenario simple_spread Algo rmappo Exp reference_20260925T185133Z_2dfd2f_mappo_w128_seed3 updates 2750/6250 episodes, total num timesteps 8803200/20000000, FPS 9294.

average episode rewards is -115.01841735839844
eval average episode rewards of agent: -113.20143298648046
eval success rate: 0.9

 Scenario simple_spread Algo rmappo Exp reference_20260925T185133Z_2dfd2f_mappo_w128_seed3 updates 2755/6250 episodes, total num timesteps 8819200/20000000, FPS 9294.

average episode rewards is -114.97586822509766

 Scenario simple_spread Algo rmappo Exp reference_20260925T185133Z_2dfd2f_mappo_w128_seed3 updates 2760/6250 episodes, total num timesteps 8835200/20000000, FPS 9294.

average episode rewards is -114.77072143554688

 Scenario simple_spread Algo rmappo Exp reference_20260925T185133Z_2dfd2f_mappo_w128_seed3 updates 2765/6250 episodes, total num timesteps 8851200/20000000, FPS 9294.

average episode rewards is -118.3665542602539

 Scenario simple_spread Algo rmappo Exp reference_20260925T185133Z_2dfd2f_mappo_w128_seed3 updates 2770/6250 episodes, total num timesteps 8867200/20000000, FPS 9294.

average episode rewards is -116.79476165771484

 Scenario simple_spread Algo rmappo Exp reference_20260925T185133Z_2dfd2f_mappo_w128_seed3 updates 2775/6250 episodes, total num timesteps 8883200/20000000, FPS 9295.

average episode rewards is -115.05905151367188
eval average episode rewards of agent: -111.16045895205662
eval success rate: 0.95

 Scenario simple_spread Algo rmappo Exp reference_20260925T185133Z_2dfd2f_mappo_w128_seed3 updates 2780/6250 episodes, total num timesteps 8899200/20000000, FPS 9294.

average episode rewards is -114.10723876953125

 Scenario simple_spread Algo rmappo Exp reference_20260925T185133Z_2dfd2f_mappo_w128_seed3 updates 2785/6250 episodes, total num timesteps 8915200/20000000, FPS 9295.

average episode rewards is -112.77957153320312

 Scenario simple_spread Algo rmappo Exp reference_20260925T185133Z_2dfd2f_mappo_w128_seed3 updates 2790/6250 episodes, total num timesteps 8931200/20000000, FPS 9294.

average episode rewards is -113.5539779663086

 Scenario simple_spread Algo rmappo Exp reference_20260925T185133Z_2dfd2f_mappo_w128_seed3 updates 2795/6250 episodes, total num timesteps 8947200/20000000, FPS 9294.

average episode rewards is -115.07148742675781

 Scenario simple_spread Algo rmappo Exp reference_20260925T185133Z_2dfd2f_mappo_w128_seed3 updates 2800/6250 episodes, total num timesteps 8963200/20000000, FPS 9294.

average episode rewards is -118.5322036743164
eval average episode rewards of agent: -109.32379484457175
eval success rate: 0.95

 Scenario simple_spread Algo rmappo Exp reference_20260925T185133Z_2dfd2f_mappo_w128_seed3 updates 2805/6250 episodes, total num timesteps 8979200/20000000, FPS 9294.

average episode rewards is -116.34512329101562

 Scenario simple_spread Algo rmappo Exp reference_20260925T185133Z_2dfd2f_mappo_w128_seed3 updates 2810/6250 episodes, total num timesteps 8995200/20000000, FPS 9294.

average episode rewards is -114.33995056152344

 Scenario simple_spread Algo rmappo Exp reference_20260925T185133Z_2dfd2f_mappo_w128_seed3 updates 2815/6250 episodes, total num timesteps 9011200/20000000, FPS 9295.

average episode rewards is -114.28973388671875

 Scenario simple_spread Algo rmappo Exp reference_20260925T185133Z_2dfd2f_mappo_w128_seed3 updates 2820/6250 episodes, total num timesteps 9027200/20000000, FPS 9295.

average episode rewards is -114.88410186767578

 Scenario simple_spread Algo rmappo Exp reference_20260925T185133Z_2dfd2f_mappo_w128_seed3 updates 2825/6250 episodes, total num timesteps 9043200/20000000, FPS 9295.

average episode rewards is -118.5658187866211
eval average episode rewards of agent: -113.16498545757864
eval success rate: 0.95

 Scenario simple_spread Algo rmappo Exp reference_20260925T185133Z_2dfd2f_mappo_w128_seed3 updates 2830/6250 episodes, total num timesteps 9059200/20000000, FPS 9294.

average episode rewards is -117.93573760986328

 Scenario simple_spread Algo rmappo Exp reference_20260925T185133Z_2dfd2f_mappo_w128_seed3 updates 2835/6250 episodes, total num timesteps 9075200/20000000, FPS 9295.

average episode rewards is -115.9495620727539

 Scenario simple_spread Algo rmappo Exp reference_20260925T185133Z_2dfd2f_mappo_w128_seed3 updates 2840/6250 episodes, total num timesteps 9091200/20000000, FPS 9295.

average episode rewards is -114.5067367553711

 Scenario simple_spread Algo rmappo Exp reference_20260925T185133Z_2dfd2f_mappo_w128_seed3 updates 2845/6250 episodes, total num timesteps 9107200/20000000, FPS 9295.

average episode rewards is -114.66276550292969

 Scenario simple_spread Algo rmappo Exp reference_20260925T185133Z_2dfd2f_mappo_w128_seed3 updates 2850/6250 episodes, total num timesteps 9123200/20000000, FPS 9294.

average episode rewards is -115.23433685302734
eval average episode rewards of agent: -113.99047965740174
eval success rate: 1.0

 Scenario simple_spread Algo rmappo Exp reference_20260925T185133Z_2dfd2f_mappo_w128_seed3 updates 2855/6250 episodes, total num timesteps 9139200/20000000, FPS 9293.

average episode rewards is -111.93804931640625

 Scenario simple_spread Algo rmappo Exp reference_20260925T185133Z_2dfd2f_mappo_w128_seed3 updates 2860/6250 episodes, total num timesteps 9155200/20000000, FPS 9293.

average episode rewards is -115.73948669433594

 Scenario simple_spread Algo rmappo Exp reference_20260925T185133Z_2dfd2f_mappo_w128_seed3 updates 2865/6250 episodes, total num timesteps 9171200/20000000, FPS 9293.

average episode rewards is -115.22697448730469

 Scenario simple_spread Algo rmappo Exp reference_20260925T185133Z_2dfd2f_mappo_w128_seed3 updates 2870/6250 episodes, total num timesteps 9187200/20000000, FPS 9293.

average episode rewards is -112.23380279541016

 Scenario simple_spread Algo rmappo Exp reference_20260925T185133Z_2dfd2f_mappo_w128_seed3 updates 2875/6250 episodes, total num timesteps 9203200/20000000, FPS 9293.

average episode rewards is -116.0013656616211
eval average episode rewards of agent: -111.61318465728435
eval success rate: 1.0

 Scenario simple_spread Algo rmappo Exp reference_20260925T185133Z_2dfd2f_mappo_w128_seed3 updates 2880/6250 episodes, total num timesteps 9219200/20000000, FPS 9293.

average episode rewards is -116.4352798461914

 Scenario simple_spread Algo rmappo Exp reference_20260925T185133Z_2dfd2f_mappo_w128_seed3 updates 2885/6250 episodes, total num timesteps 9235200/20000000, FPS 9293.

average episode rewards is -115.11224365234375

 Scenario simple_spread Algo rmappo Exp reference_20260925T185133Z_2dfd2f_mappo_w128_seed3 updates 2890/6250 episodes, total num timesteps 9251200/20000000, FPS 9293.

average episode rewards is -114.8523941040039

 Scenario simple_spread Algo rmappo Exp reference_20260925T185133Z_2dfd2f_mappo_w128_seed3 updates 2895/6250 episodes, total num timesteps 9267200/20000000, FPS 9294.

average episode rewards is -113.3416976928711

 Scenario simple_spread Algo rmappo Exp reference_20260925T185133Z_2dfd2f_mappo_w128_seed3 updates 2900/6250 episodes, total num timesteps 9283200/20000000, FPS 9294.

average episode rewards is -114.02691650390625
eval average episode rewards of agent: -108.96678818488417
eval success rate: 0.85

 Scenario simple_spread Algo rmappo Exp reference_20260925T185133Z_2dfd2f_mappo_w128_seed3 updates 2905/6250 episodes, total num timesteps 9299200/20000000, FPS 9293.

average episode rewards is -116.40576171875

 Scenario simple_spread Algo rmappo Exp reference_20260925T185133Z_2dfd2f_mappo_w128_seed3 updates 2910/6250 episodes, total num timesteps 9315200/20000000, FPS 9292.

average episode rewards is -114.21989440917969

 Scenario simple_spread Algo rmappo Exp reference_20260925T185133Z_2dfd2f_mappo_w128_seed3 updates 2915/6250 episodes, total num timesteps 9331200/20000000, FPS 9293.

average episode rewards is -112.90365600585938

 Scenario simple_spread Algo rmappo Exp reference_20260925T185133Z_2dfd2f_mappo_w128_seed3 updates 2920/6250 episodes, total num timesteps 9347200/20000000, FPS 9293.

average episode rewards is -112.55230712890625

 Scenario simple_spread Algo rmappo Exp reference_20260925T185133Z_2dfd2f_mappo_w128_seed3 updates 2925/6250 episodes, total num timesteps 9363200/20000000, FPS 9293.

average episode rewards is -114.51123046875
eval average episode rewards of agent: -115.34796625660783
eval success rate: 0.9

 Scenario simple_spread Algo rmappo Exp reference_20260925T185133Z_2dfd2f_mappo_w128_seed3 updates 2930/6250 episodes, total num timesteps 9379200/20000000, FPS 9293.

average episode rewards is -112.61894989013672

 Scenario simple_spread Algo rmappo Exp reference_20260925T185133Z_2dfd2f_mappo_w128_seed3 updates 2935/6250 episodes, total num timesteps 9395200/20000000, FPS 9293.

average episode rewards is -116.11427307128906

 Scenario simple_spread Algo rmappo Exp reference_20260925T185133Z_2dfd2f_mappo_w128_seed3 updates 2940/6250 episodes, total num timesteps 9411200/20000000, FPS 9293.

average episode rewards is -113.76786041259766

 Scenario simple_spread Algo rmappo Exp reference_20260925T185133Z_2dfd2f_mappo_w128_seed3 updates 2945/6250 episodes, total num timesteps 9427200/20000000, FPS 9293.

average episode rewards is -115.81493377685547

 Scenario simple_spread Algo rmappo Exp reference_20260925T185133Z_2dfd2f_mappo_w128_seed3 updates 2950/6250 episodes, total num timesteps 9443200/20000000, FPS 9293.

average episode rewards is -115.45340728759766
eval average episode rewards of agent: -113.59322893933259
eval success rate: 0.85

 Scenario simple_spread Algo rmappo Exp reference_20260925T185133Z_2dfd2f_mappo_w128_seed3 updates 2955/6250 episodes, total num timesteps 9459200/20000000, FPS 9293.

average episode rewards is -116.11064910888672

 Scenario simple_spread Algo rmappo Exp reference_20260925T185133Z_2dfd2f_mappo_w128_seed3 updates 2960/6250 episodes, total num timesteps 9475200/20000000, FPS 9293.

average episode rewards is -114.79676055908203

 Scenario simple_spread Algo rmappo Exp reference_20260925T185133Z_2dfd2f_mappo_w128_seed3 updates 2965/6250 episodes, total num timesteps 9491200/20000000, FPS 9293.

average episode rewards is -112.786865234375

 Scenario simple_spread Algo rmappo Exp reference_20260925T185133Z_2dfd2f_mappo_w128_seed3 updates 2970/6250 episodes, total num timesteps 9507200/20000000, FPS 9292.

average episode rewards is -113.250244140625

 Scenario simple_spread Algo rmappo Exp reference_20260925T185133Z_2dfd2f_mappo_w128_seed3 updates 2975/6250 episodes, total num timesteps 9523200/20000000, FPS 9292.

average episode rewards is -115.22858428955078
eval average episode rewards of agent: -113.17284878142256
eval success rate: 0.9

 Scenario simple_spread Algo rmappo Exp reference_20260925T185133Z_2dfd2f_mappo_w128_seed3 updates 2980/6250 episodes, total num timesteps 9539200/20000000, FPS 9292.

average episode rewards is -113.09369659423828

 Scenario simple_spread Algo rmappo Exp reference_20260925T185133Z_2dfd2f_mappo_w128_seed3 updates 2985/6250 episodes, total num timesteps 9555200/20000000, FPS 9292.

average episode rewards is -116.01673126220703

 Scenario simple_spread Algo rmappo Exp reference_20260925T185133Z_2dfd2f_mappo_w128_seed3 updates 2990/6250 episodes, total num timesteps 9571200/20000000, FPS 9292.

average episode rewards is -115.01941680908203

 Scenario simple_spread Algo rmappo Exp reference_20260925T185133Z_2dfd2f_mappo_w128_seed3 updates 2995/6250 episodes, total num timesteps 9587200/20000000, FPS 9292.

average episode rewards is -113.60310363769531

 Scenario simple_spread Algo rmappo Exp reference_20260925T185133Z_2dfd2f_mappo_w128_seed3 updates 3000/6250 episodes, total num timesteps 9603200/20000000, FPS 9292.

average episode rewards is -112.6789321899414
eval average episode rewards of agent: -112.0791256328791
eval success rate: 0.95

 Scenario simple_spread Algo rmappo Exp reference_20260925T185133Z_2dfd2f_mappo_w128_seed3 updates 3005/6250 episodes, total num timesteps 9619200/20000000, FPS 9292.

average episode rewards is -113.49847412109375

 Scenario simple_spread Algo rmappo Exp reference_20260925T185133Z_2dfd2f_mappo_w128_seed3 updates 3010/6250 episodes, total num timesteps 9635200/20000000, FPS 9292.

average episode rewards is -116.8141098022461

 Scenario simple_spread Algo rmappo Exp reference_20260925T185133Z_2dfd2f_mappo_w128_seed3 updates 3015/6250 episodes, total num timesteps 9651200/20000000, FPS 9292.

average episode rewards is -117.68338775634766

 Scenario simple_spread Algo rmappo Exp reference_20260925T185133Z_2dfd2f_mappo_w128_seed3 updates 3020/6250 episodes, total num timesteps 9667200/20000000, FPS 9292.

average episode rewards is -116.42491912841797

 Scenario simple_spread Algo rmappo Exp reference_20260925T185133Z_2dfd2f_mappo_w128_seed3 updates 3025/6250 episodes, total num timesteps 9683200/20000000, FPS 9292.

average episode rewards is -113.45187377929688
eval average episode rewards of agent: -109.53220125392154
eval success rate: 1.0

 Scenario simple_spread Algo rmappo Exp reference_20260925T185133Z_2dfd2f_mappo_w128_seed3 updates 3030/6250 episodes, total num timesteps 9699200/20000000, FPS 9291.

average episode rewards is -116.41961669921875

 Scenario simple_spread Algo rmappo Exp reference_20260925T185133Z_2dfd2f_mappo_w128_seed3 updates 3035/6250 episodes, total num timesteps 9715200/20000000, FPS 9291.

average episode rewards is -114.79242706298828

 Scenario simple_spread Algo rmappo Exp reference_20260925T185133Z_2dfd2f_mappo_w128_seed3 updates 3040/6250 episodes, total num timesteps 9731200/20000000, FPS 9292.

average episode rewards is -114.75079345703125

 Scenario simple_spread Algo rmappo Exp reference_20260925T185133Z_2dfd2f_mappo_w128_seed3 updates 3045/6250 episodes, total num timesteps 9747200/20000000, FPS 9291.

average episode rewards is -115.09825897216797

 Scenario simple_spread Algo rmappo Exp reference_20260925T185133Z_2dfd2f_mappo_w128_seed3 updates 3050/6250 episodes, total num timesteps 9763200/20000000, FPS 9291.

average episode rewards is -115.19766998291016
eval average episode rewards of agent: -109.60026985151998
eval success rate: 1.0

 Scenario simple_spread Algo rmappo Exp reference_20260925T185133Z_2dfd2f_mappo_w128_seed3 updates 3055/6250 episodes, total num timesteps 9779200/20000000, FPS 9290.

average episode rewards is -115.21924591064453

 Scenario simple_spread Algo rmappo Exp reference_20260925T185133Z_2dfd2f_mappo_w128_seed3 updates 3060/6250 episodes, total num timesteps 9795200/20000000, FPS 9290.

average episode rewards is -114.6437759399414

 Scenario simple_spread Algo rmappo Exp reference_20260925T185133Z_2dfd2f_mappo_w128_seed3 updates 3065/6250 episodes, total num timesteps 9811200/20000000, FPS 9290.

average episode rewards is -115.61927795410156

 Scenario simple_spread Algo rmappo Exp reference_20260925T185133Z_2dfd2f_mappo_w128_seed3 updates 3070/6250 episodes, total num timesteps 9827200/20000000, FPS 9291.

average episode rewards is -115.02051544189453

 Scenario simple_spread Algo rmappo Exp reference_20260925T185133Z_2dfd2f_mappo_w128_seed3 updates 3075/6250 episodes, total num timesteps 9843200/20000000, FPS 9291.

average episode rewards is -111.44339752197266
eval average episode rewards of agent: -111.1751336519223
eval success rate: 0.9

 Scenario simple_spread Algo rmappo Exp reference_20260925T185133Z_2dfd2f_mappo_w128_seed3 updates 3080/6250 episodes, total num timesteps 9859200/20000000, FPS 9290.

average episode rewards is -114.68728637695312

 Scenario simple_spread Algo rmappo Exp reference_20260925T185133Z_2dfd2f_mappo_w128_seed3 updates 3085/6250 episodes, total num timesteps 9875200/20000000, FPS 9290.

average episode rewards is -117.74307250976562

 Scenario simple_spread Algo rmappo Exp reference_20260925T185133Z_2dfd2f_mappo_w128_seed3 updates 3090/6250 episodes, total num timesteps 9891200/20000000, FPS 9289.

average episode rewards is -112.06039428710938

 Scenario simple_spread Algo rmappo Exp reference_20260925T185133Z_2dfd2f_mappo_w128_seed3 updates 3095/6250 episodes, total num timesteps 9907200/20000000, FPS 9289.

average episode rewards is -117.53633880615234

 Scenario simple_spread Algo rmappo Exp reference_20260925T185133Z_2dfd2f_mappo_w128_seed3 updates 3100/6250 episodes, total num timesteps 9923200/20000000, FPS 9289.

average episode rewards is -116.25065612792969
eval average episode rewards of agent: -107.27552922327263
eval success rate: 0.9

 Scenario simple_spread Algo rmappo Exp reference_20260925T185133Z_2dfd2f_mappo_w128_seed3 updates 3105/6250 episodes, total num timesteps 9939200/20000000, FPS 9289.

average episode rewards is -113.54988861083984

 Scenario simple_spread Algo rmappo Exp reference_20260925T185133Z_2dfd2f_mappo_w128_seed3 updates 3110/6250 episodes, total num timesteps 9955200/20000000, FPS 9290.

average episode rewards is -114.51176452636719

 Scenario simple_spread Algo rmappo Exp reference_20260925T185133Z_2dfd2f_mappo_w128_seed3 updates 3115/6250 episodes, total num timesteps 9971200/20000000, FPS 9290.

average episode rewards is -115.8386459350586

 Scenario simple_spread Algo rmappo Exp reference_20260925T185133Z_2dfd2f_mappo_w128_seed3 updates 3120/6250 episodes, total num timesteps 9987200/20000000, FPS 9290.

average episode rewards is -115.48889923095703

 Scenario simple_spread Algo rmappo Exp reference_20260925T185133Z_2dfd2f_mappo_w128_seed3 updates 3125/6250 episodes, total num timesteps 10003200/20000000, FPS 9290.

average episode rewards is -115.59020233154297
eval average episode rewards of agent: -113.0118440370893
eval success rate: 0.95

 Scenario simple_spread Algo rmappo Exp reference_20260925T185133Z_2dfd2f_mappo_w128_seed3 updates 3130/6250 episodes, total num timesteps 10019200/20000000, FPS 9290.

average episode rewards is -114.30326843261719

 Scenario simple_spread Algo rmappo Exp reference_20260925T185133Z_2dfd2f_mappo_w128_seed3 updates 3135/6250 episodes, total num timesteps 10035200/20000000, FPS 9290.

average episode rewards is -116.74774932861328

 Scenario simple_spread Algo rmappo Exp reference_20260925T185133Z_2dfd2f_mappo_w128_seed3 updates 3140/6250 episodes, total num timesteps 10051200/20000000, FPS 9290.

average episode rewards is -114.03340148925781

 Scenario simple_spread Algo rmappo Exp reference_20260925T185133Z_2dfd2f_mappo_w128_seed3 updates 3145/6250 episodes, total num timesteps 10067200/20000000, FPS 9290.

average episode rewards is -113.77690124511719

 Scenario simple_spread Algo rmappo Exp reference_20260925T185133Z_2dfd2f_mappo_w128_seed3 updates 3150/6250 episodes, total num timesteps 10083200/20000000, FPS 9290.

average episode rewards is -114.43799591064453
eval average episode rewards of agent: -112.19377691626
eval success rate: 1.0

 Scenario simple_spread Algo rmappo Exp reference_20260925T185133Z_2dfd2f_mappo_w128_seed3 updates 3155/6250 episodes, total num timesteps 10099200/20000000, FPS 9289.

average episode rewards is -114.20633697509766

 Scenario simple_spread Algo rmappo Exp reference_20260925T185133Z_2dfd2f_mappo_w128_seed3 updates 3160/6250 episodes, total num timesteps 10115200/20000000, FPS 9289.

average episode rewards is -114.1595687866211

 Scenario simple_spread Algo rmappo Exp reference_20260925T185133Z_2dfd2f_mappo_w128_seed3 updates 3165/6250 episodes, total num timesteps 10131200/20000000, FPS 9289.

average episode rewards is -115.99790954589844

 Scenario simple_spread Algo rmappo Exp reference_20260925T185133Z_2dfd2f_mappo_w128_seed3 updates 3170/6250 episodes, total num timesteps 10147200/20000000, FPS 9289.

average episode rewards is -116.5837173461914

 Scenario simple_spread Algo rmappo Exp reference_20260925T185133Z_2dfd2f_mappo_w128_seed3 updates 3175/6250 episodes, total num timesteps 10163200/20000000, FPS 9289.

average episode rewards is -114.6025161743164
eval average episode rewards of agent: -110.75635766430851
eval success rate: 0.95

 Scenario simple_spread Algo rmappo Exp reference_20260925T185133Z_2dfd2f_mappo_w128_seed3 updates 3180/6250 episodes, total num timesteps 10179200/20000000, FPS 9289.

average episode rewards is -113.4937744140625

 Scenario simple_spread Algo rmappo Exp reference_20260925T185133Z_2dfd2f_mappo_w128_seed3 updates 3185/6250 episodes, total num timesteps 10195200/20000000, FPS 9289.

average episode rewards is -115.5451431274414

 Scenario simple_spread Algo rmappo Exp reference_20260925T185133Z_2dfd2f_mappo_w128_seed3 updates 3190/6250 episodes, total num timesteps 10211200/20000000, FPS 9290.

average episode rewards is -114.31109619140625

 Scenario simple_spread Algo rmappo Exp reference_20260925T185133Z_2dfd2f_mappo_w128_seed3 updates 3195/6250 episodes, total num timesteps 10227200/20000000, FPS 9290.

average episode rewards is -115.71115112304688

 Scenario simple_spread Algo rmappo Exp reference_20260925T185133Z_2dfd2f_mappo_w128_seed3 updates 3200/6250 episodes, total num timesteps 10243200/20000000, FPS 9290.

average episode rewards is -115.01039123535156
eval average episode rewards of agent: -110.18814821450557
eval success rate: 0.95

 Scenario simple_spread Algo rmappo Exp reference_20260925T185133Z_2dfd2f_mappo_w128_seed3 updates 3205/6250 episodes, total num timesteps 10259200/20000000, FPS 9290.

average episode rewards is -115.52053833007812

 Scenario simple_spread Algo rmappo Exp reference_20260925T185133Z_2dfd2f_mappo_w128_seed3 updates 3210/6250 episodes, total num timesteps 10275200/20000000, FPS 9289.

average episode rewards is -117.12117004394531

 Scenario simple_spread Algo rmappo Exp reference_20260925T185133Z_2dfd2f_mappo_w128_seed3 updates 3215/6250 episodes, total num timesteps 10291200/20000000, FPS 9289.

average episode rewards is -119.31141662597656

 Scenario simple_spread Algo rmappo Exp reference_20260925T185133Z_2dfd2f_mappo_w128_seed3 updates 3220/6250 episodes, total num timesteps 10307200/20000000, FPS 9289.

average episode rewards is -114.67145538330078

 Scenario simple_spread Algo rmappo Exp reference_20260925T185133Z_2dfd2f_mappo_w128_seed3 updates 3225/6250 episodes, total num timesteps 10323200/20000000, FPS 9289.

average episode rewards is -116.64070892333984
eval average episode rewards of agent: -113.10562380716414
eval success rate: 0.95

 Scenario simple_spread Algo rmappo Exp reference_20260925T185133Z_2dfd2f_mappo_w128_seed3 updates 3230/6250 episodes, total num timesteps 10339200/20000000, FPS 9289.

average episode rewards is -116.79342651367188

 Scenario simple_spread Algo rmappo Exp reference_20260925T185133Z_2dfd2f_mappo_w128_seed3 updates 3235/6250 episodes, total num timesteps 10355200/20000000, FPS 9289.

average episode rewards is -113.5793685913086

 Scenario simple_spread Algo rmappo Exp reference_20260925T185133Z_2dfd2f_mappo_w128_seed3 updates 3240/6250 episodes, total num timesteps 10371200/20000000, FPS 9289.

average episode rewards is -115.15526580810547

 Scenario simple_spread Algo rmappo Exp reference_20260925T185133Z_2dfd2f_mappo_w128_seed3 updates 3245/6250 episodes, total num timesteps 10387200/20000000, FPS 9289.

average episode rewards is -113.78226470947266

 Scenario simple_spread Algo rmappo Exp reference_20260925T185133Z_2dfd2f_mappo_w128_seed3 updates 3250/6250 episodes, total num timesteps 10403200/20000000, FPS 9289.

average episode rewards is -114.35608673095703
eval average episode rewards of agent: -112.4492914481419
eval success rate: 0.95

 Scenario simple_spread Algo rmappo Exp reference_20260925T185133Z_2dfd2f_mappo_w128_seed3 updates 3255/6250 episodes, total num timesteps 10419200/20000000, FPS 9289.

average episode rewards is -115.4565658569336

 Scenario simple_spread Algo rmappo Exp reference_20260925T185133Z_2dfd2f_mappo_w128_seed3 updates 3260/6250 episodes, total num timesteps 10435200/20000000, FPS 9289.

average episode rewards is -113.49199676513672

 Scenario simple_spread Algo rmappo Exp reference_20260925T185133Z_2dfd2f_mappo_w128_seed3 updates 3265/6250 episodes, total num timesteps 10451200/20000000, FPS 9289.

average episode rewards is -113.34345245361328

 Scenario simple_spread Algo rmappo Exp reference_20260925T185133Z_2dfd2f_mappo_w128_seed3 updates 3270/6250 episodes, total num timesteps 10467200/20000000, FPS 9288.

average episode rewards is -115.90512084960938

 Scenario simple_spread Algo rmappo Exp reference_20260925T185133Z_2dfd2f_mappo_w128_seed3 updates 3275/6250 episodes, total num timesteps 10483200/20000000, FPS 9288.

average episode rewards is -113.51502227783203
eval average episode rewards of agent: -110.30289310176933
eval success rate: 0.9

 Scenario simple_spread Algo rmappo Exp reference_20260925T185133Z_2dfd2f_mappo_w128_seed3 updates 3280/6250 episodes, total num timesteps 10499200/20000000, FPS 9288.

average episode rewards is -117.73109436035156

 Scenario simple_spread Algo rmappo Exp reference_20260925T185133Z_2dfd2f_mappo_w128_seed3 updates 3285/6250 episodes, total num timesteps 10515200/20000000, FPS 9288.

average episode rewards is -116.80367279052734

 Scenario simple_spread Algo rmappo Exp reference_20260925T185133Z_2dfd2f_mappo_w128_seed3 updates 3290/6250 episodes, total num timesteps 10531200/20000000, FPS 9288.

average episode rewards is -117.1915512084961

 Scenario simple_spread Algo rmappo Exp reference_20260925T185133Z_2dfd2f_mappo_w128_seed3 updates 3295/6250 episodes, total num timesteps 10547200/20000000, FPS 9288.

average episode rewards is -114.85365295410156

 Scenario simple_spread Algo rmappo Exp reference_20260925T185133Z_2dfd2f_mappo_w128_seed3 updates 3300/6250 episodes, total num timesteps 10563200/20000000, FPS 9288.

average episode rewards is -114.7044677734375
eval average episode rewards of agent: -118.66797942887578
eval success rate: 0.9

 Scenario simple_spread Algo rmappo Exp reference_20260925T185133Z_2dfd2f_mappo_w128_seed3 updates 3305/6250 episodes, total num timesteps 10579200/20000000, FPS 9288.

average episode rewards is -112.86760711669922

 Scenario simple_spread Algo rmappo Exp reference_20260925T185133Z_2dfd2f_mappo_w128_seed3 updates 3310/6250 episodes, total num timesteps 10595200/20000000, FPS 9288.

average episode rewards is -113.80976104736328

 Scenario simple_spread Algo rmappo Exp reference_20260925T185133Z_2dfd2f_mappo_w128_seed3 updates 3315/6250 episodes, total num timesteps 10611200/20000000, FPS 9288.

average episode rewards is -114.0254135131836

 Scenario simple_spread Algo rmappo Exp reference_20260925T185133Z_2dfd2f_mappo_w128_seed3 updates 3320/6250 episodes, total num timesteps 10627200/20000000, FPS 9288.

average episode rewards is -113.67286682128906

 Scenario simple_spread Algo rmappo Exp reference_20260925T185133Z_2dfd2f_mappo_w128_seed3 updates 3325/6250 episodes, total num timesteps 10643200/20000000, FPS 9288.

average episode rewards is -115.85994720458984
eval average episode rewards of agent: -108.81749506652301
eval success rate: 1.0

 Scenario simple_spread Algo rmappo Exp reference_20260925T185133Z_2dfd2f_mappo_w128_seed3 updates 3330/6250 episodes, total num timesteps 10659200/20000000, FPS 9287.

average episode rewards is -112.93624877929688

 Scenario simple_spread Algo rmappo Exp reference_20260925T185133Z_2dfd2f_mappo_w128_seed3 updates 3335/6250 episodes, total num timesteps 10675200/20000000, FPS 9287.

average episode rewards is -115.76313781738281

 Scenario simple_spread Algo rmappo Exp reference_20260925T185133Z_2dfd2f_mappo_w128_seed3 updates 3340/6250 episodes, total num timesteps 10691200/20000000, FPS 9287.

average episode rewards is -118.16011810302734

 Scenario simple_spread Algo rmappo Exp reference_20260925T185133Z_2dfd2f_mappo_w128_seed3 updates 3345/6250 episodes, total num timesteps 10707200/20000000, FPS 9287.

average episode rewards is -115.42841339111328

 Scenario simple_spread Algo rmappo Exp reference_20260925T185133Z_2dfd2f_mappo_w128_seed3 updates 3350/6250 episodes, total num timesteps 10723200/20000000, FPS 9287.

average episode rewards is -112.85283660888672
eval average episode rewards of agent: -106.4813950514516
eval success rate: 0.95

 Scenario simple_spread Algo rmappo Exp reference_20260925T185133Z_2dfd2f_mappo_w128_seed3 updates 3355/6250 episodes, total num timesteps 10739200/20000000, FPS 9287.

average episode rewards is -114.01911926269531

 Scenario simple_spread Algo rmappo Exp reference_20260925T185133Z_2dfd2f_mappo_w128_seed3 updates 3360/6250 episodes, total num timesteps 10755200/20000000, FPS 9287.

average episode rewards is -113.12521362304688

 Scenario simple_spread Algo rmappo Exp reference_20260925T185133Z_2dfd2f_mappo_w128_seed3 updates 3365/6250 episodes, total num timesteps 10771200/20000000, FPS 9287.

average episode rewards is -114.25727844238281

 Scenario simple_spread Algo rmappo Exp reference_20260925T185133Z_2dfd2f_mappo_w128_seed3 updates 3370/6250 episodes, total num timesteps 10787200/20000000, FPS 9287.

average episode rewards is -114.25838470458984

 Scenario simple_spread Algo rmappo Exp reference_20260925T185133Z_2dfd2f_mappo_w128_seed3 updates 3375/6250 episodes, total num timesteps 10803200/20000000, FPS 9287.

average episode rewards is -114.83880615234375
eval average episode rewards of agent: -120.05743696997521
eval success rate: 1.0

 Scenario simple_spread Algo rmappo Exp reference_20260925T185133Z_2dfd2f_mappo_w128_seed3 updates 3380/6250 episodes, total num timesteps 10819200/20000000, FPS 9286.

average episode rewards is -114.2176742553711

 Scenario simple_spread Algo rmappo Exp reference_20260925T185133Z_2dfd2f_mappo_w128_seed3 updates 3385/6250 episodes, total num timesteps 10835200/20000000, FPS 9287.

average episode rewards is -114.05445098876953

 Scenario simple_spread Algo rmappo Exp reference_20260925T185133Z_2dfd2f_mappo_w128_seed3 updates 3390/6250 episodes, total num timesteps 10851200/20000000, FPS 9286.

average episode rewards is -113.57499694824219

 Scenario simple_spread Algo rmappo Exp reference_20260925T185133Z_2dfd2f_mappo_w128_seed3 updates 3395/6250 episodes, total num timesteps 10867200/20000000, FPS 9286.

average episode rewards is -114.479736328125

 Scenario simple_spread Algo rmappo Exp reference_20260925T185133Z_2dfd2f_mappo_w128_seed3 updates 3400/6250 episodes, total num timesteps 10883200/20000000, FPS 9286.

average episode rewards is -113.18489074707031
eval average episode rewards of agent: -113.78227905174835
eval success rate: 0.8

 Scenario simple_spread Algo rmappo Exp reference_20260925T185133Z_2dfd2f_mappo_w128_seed3 updates 3405/6250 episodes, total num timesteps 10899200/20000000, FPS 9286.

average episode rewards is -112.52608489990234

 Scenario simple_spread Algo rmappo Exp reference_20260925T185133Z_2dfd2f_mappo_w128_seed3 updates 3410/6250 episodes, total num timesteps 10915200/20000000, FPS 9286.

average episode rewards is -114.53071594238281

 Scenario simple_spread Algo rmappo Exp reference_20260925T185133Z_2dfd2f_mappo_w128_seed3 updates 3415/6250 episodes, total num timesteps 10931200/20000000, FPS 9286.

average episode rewards is -115.10041046142578

 Scenario simple_spread Algo rmappo Exp reference_20260925T185133Z_2dfd2f_mappo_w128_seed3 updates 3420/6250 episodes, total num timesteps 10947200/20000000, FPS 9286.

average episode rewards is -114.1773681640625

 Scenario simple_spread Algo rmappo Exp reference_20260925T185133Z_2dfd2f_mappo_w128_seed3 updates 3425/6250 episodes, total num timesteps 10963200/20000000, FPS 9286.

average episode rewards is -114.66441345214844
eval average episode rewards of agent: -113.70358942944127
eval success rate: 1.0

 Scenario simple_spread Algo rmappo Exp reference_20260925T185133Z_2dfd2f_mappo_w128_seed3 updates 3430/6250 episodes, total num timesteps 10979200/20000000, FPS 9286.

average episode rewards is -113.21082305908203

 Scenario simple_spread Algo rmappo Exp reference_20260925T185133Z_2dfd2f_mappo_w128_seed3 updates 3435/6250 episodes, total num timesteps 10995200/20000000, FPS 9286.

average episode rewards is -114.3508071899414

 Scenario simple_spread Algo rmappo Exp reference_20260925T185133Z_2dfd2f_mappo_w128_seed3 updates 3440/6250 episodes, total num timesteps 11011200/20000000, FPS 9286.

average episode rewards is -115.29855346679688

 Scenario simple_spread Algo rmappo Exp reference_20260925T185133Z_2dfd2f_mappo_w128_seed3 updates 3445/6250 episodes, total num timesteps 11027200/20000000, FPS 9286.

average episode rewards is -111.12296295166016

 Scenario simple_spread Algo rmappo Exp reference_20260925T185133Z_2dfd2f_mappo_w128_seed3 updates 3450/6250 episodes, total num timesteps 11043200/20000000, FPS 9285.

average episode rewards is -114.8762435913086
eval average episode rewards of agent: -111.49559572159248
eval success rate: 0.95

 Scenario simple_spread Algo rmappo Exp reference_20260925T185133Z_2dfd2f_mappo_w128_seed3 updates 3455/6250 episodes, total num timesteps 11059200/20000000, FPS 9285.

average episode rewards is -115.69688415527344

 Scenario simple_spread Algo rmappo Exp reference_20260925T185133Z_2dfd2f_mappo_w128_seed3 updates 3460/6250 episodes, total num timesteps 11075200/20000000, FPS 9285.

average episode rewards is -116.15144348144531

 Scenario simple_spread Algo rmappo Exp reference_20260925T185133Z_2dfd2f_mappo_w128_seed3 updates 3465/6250 episodes, total num timesteps 11091200/20000000, FPS 9285.

average episode rewards is -114.74382019042969

 Scenario simple_spread Algo rmappo Exp reference_20260925T185133Z_2dfd2f_mappo_w128_seed3 updates 3470/6250 episodes, total num timesteps 11107200/20000000, FPS 9285.

average episode rewards is -116.06004333496094

 Scenario simple_spread Algo rmappo Exp reference_20260925T185133Z_2dfd2f_mappo_w128_seed3 updates 3475/6250 episodes, total num timesteps 11123200/20000000, FPS 9285.

average episode rewards is -114.87100982666016
eval average episode rewards of agent: -111.70961283183492
eval success rate: 0.95

 Scenario simple_spread Algo rmappo Exp reference_20260925T185133Z_2dfd2f_mappo_w128_seed3 updates 3480/6250 episodes, total num timesteps 11139200/20000000, FPS 9285.

average episode rewards is -114.51638793945312

 Scenario simple_spread Algo rmappo Exp reference_20260925T185133Z_2dfd2f_mappo_w128_seed3 updates 3485/6250 episodes, total num timesteps 11155200/20000000, FPS 9285.

average episode rewards is -112.60289001464844

 Scenario simple_spread Algo rmappo Exp reference_20260925T185133Z_2dfd2f_mappo_w128_seed3 updates 3490/6250 episodes, total num timesteps 11171200/20000000, FPS 9285.

average episode rewards is -113.73358154296875

 Scenario simple_spread Algo rmappo Exp reference_20260925T185133Z_2dfd2f_mappo_w128_seed3 updates 3495/6250 episodes, total num timesteps 11187200/20000000, FPS 9285.

average episode rewards is -113.45134735107422

 Scenario simple_spread Algo rmappo Exp reference_20260925T185133Z_2dfd2f_mappo_w128_seed3 updates 3500/6250 episodes, total num timesteps 11203200/20000000, FPS 9285.

average episode rewards is -113.45305633544922
eval average episode rewards of agent: -112.15860157653678
eval success rate: 0.95

 Scenario simple_spread Algo rmappo Exp reference_20260925T185133Z_2dfd2f_mappo_w128_seed3 updates 3505/6250 episodes, total num timesteps 11219200/20000000, FPS 9285.

average episode rewards is -110.7293701171875

 Scenario simple_spread Algo rmappo Exp reference_20260925T185133Z_2dfd2f_mappo_w128_seed3 updates 3510/6250 episodes, total num timesteps 11235200/20000000, FPS 9284.

average episode rewards is -113.36458587646484

 Scenario simple_spread Algo rmappo Exp reference_20260925T185133Z_2dfd2f_mappo_w128_seed3 updates 3515/6250 episodes, total num timesteps 11251200/20000000, FPS 9284.

average episode rewards is -113.95085144042969

 Scenario simple_spread Algo rmappo Exp reference_20260925T185133Z_2dfd2f_mappo_w128_seed3 updates 3520/6250 episodes, total num timesteps 11267200/20000000, FPS 9284.

average episode rewards is -114.33892059326172

 Scenario simple_spread Algo rmappo Exp reference_20260925T185133Z_2dfd2f_mappo_w128_seed3 updates 3525/6250 episodes, total num timesteps 11283200/20000000, FPS 9284.

average episode rewards is -116.33631896972656
eval average episode rewards of agent: -114.54620771932542
eval success rate: 1.0

 Scenario simple_spread Algo rmappo Exp reference_20260925T185133Z_2dfd2f_mappo_w128_seed3 updates 3530/6250 episodes, total num timesteps 11299200/20000000, FPS 9284.

average episode rewards is -114.00733184814453

 Scenario simple_spread Algo rmappo Exp reference_20260925T185133Z_2dfd2f_mappo_w128_seed3 updates 3535/6250 episodes, total num timesteps 11315200/20000000, FPS 9284.

average episode rewards is -114.00259399414062

 Scenario simple_spread Algo rmappo Exp reference_20260925T185133Z_2dfd2f_mappo_w128_seed3 updates 3540/6250 episodes, total num timesteps 11331200/20000000, FPS 9284.

average episode rewards is -116.67669677734375

 Scenario simple_spread Algo rmappo Exp reference_20260925T185133Z_2dfd2f_mappo_w128_seed3 updates 3545/6250 episodes, total num timesteps 11347200/20000000, FPS 9284.

average episode rewards is -114.06207275390625

 Scenario simple_spread Algo rmappo Exp reference_20260925T185133Z_2dfd2f_mappo_w128_seed3 updates 3550/6250 episodes, total num timesteps 11363200/20000000, FPS 9284.

average episode rewards is -113.94284057617188
eval average episode rewards of agent: -114.58706665788633
eval success rate: 0.9

 Scenario simple_spread Algo rmappo Exp reference_20260925T185133Z_2dfd2f_mappo_w128_seed3 updates 3555/6250 episodes, total num timesteps 11379200/20000000, FPS 9284.

average episode rewards is -115.91593933105469

 Scenario simple_spread Algo rmappo Exp reference_20260925T185133Z_2dfd2f_mappo_w128_seed3 updates 3560/6250 episodes, total num timesteps 11395200/20000000, FPS 9284.

average episode rewards is -113.72933197021484

 Scenario simple_spread Algo rmappo Exp reference_20260925T185133Z_2dfd2f_mappo_w128_seed3 updates 3565/6250 episodes, total num timesteps 11411200/20000000, FPS 9284.

average episode rewards is -112.80082702636719

 Scenario simple_spread Algo rmappo Exp reference_20260925T185133Z_2dfd2f_mappo_w128_seed3 updates 3570/6250 episodes, total num timesteps 11427200/20000000, FPS 9282.

average episode rewards is -116.23905944824219

 Scenario simple_spread Algo rmappo Exp reference_20260925T185133Z_2dfd2f_mappo_w128_seed3 updates 3575/6250 episodes, total num timesteps 11443200/20000000, FPS 9282.

average episode rewards is -114.97327423095703
eval average episode rewards of agent: -109.72129257472857
eval success rate: 0.85

 Scenario simple_spread Algo rmappo Exp reference_20260925T185133Z_2dfd2f_mappo_w128_seed3 updates 3580/6250 episodes, total num timesteps 11459200/20000000, FPS 9282.

average episode rewards is -112.92998504638672

 Scenario simple_spread Algo rmappo Exp reference_20260925T185133Z_2dfd2f_mappo_w128_seed3 updates 3585/6250 episodes, total num timesteps 11475200/20000000, FPS 9282.

average episode rewards is -116.95331573486328

 Scenario simple_spread Algo rmappo Exp reference_20260925T185133Z_2dfd2f_mappo_w128_seed3 updates 3590/6250 episodes, total num timesteps 11491200/20000000, FPS 9282.

average episode rewards is -110.74124908447266

 Scenario simple_spread Algo rmappo Exp reference_20260925T185133Z_2dfd2f_mappo_w128_seed3 updates 3595/6250 episodes, total num timesteps 11507200/20000000, FPS 9282.

average episode rewards is -113.38761138916016

 Scenario simple_spread Algo rmappo Exp reference_20260925T185133Z_2dfd2f_mappo_w128_seed3 updates 3600/6250 episodes, total num timesteps 11523200/20000000, FPS 9282.

average episode rewards is -114.76415252685547
eval average episode rewards of agent: -113.31307183638354
eval success rate: 0.85

 Scenario simple_spread Algo rmappo Exp reference_20260925T185133Z_2dfd2f_mappo_w128_seed3 updates 3605/6250 episodes, total num timesteps 11539200/20000000, FPS 9282.

average episode rewards is -113.5843734741211

 Scenario simple_spread Algo rmappo Exp reference_20260925T185133Z_2dfd2f_mappo_w128_seed3 updates 3610/6250 episodes, total num timesteps 11555200/20000000, FPS 9282.

average episode rewards is -113.12950897216797

 Scenario simple_spread Algo rmappo Exp reference_20260925T185133Z_2dfd2f_mappo_w128_seed3 updates 3615/6250 episodes, total num timesteps 11571200/20000000, FPS 9282.

average episode rewards is -116.33061218261719

 Scenario simple_spread Algo rmappo Exp reference_20260925T185133Z_2dfd2f_mappo_w128_seed3 updates 3620/6250 episodes, total num timesteps 11587200/20000000, FPS 9282.

average episode rewards is -113.11325073242188

 Scenario simple_spread Algo rmappo Exp reference_20260925T185133Z_2dfd2f_mappo_w128_seed3 updates 3625/6250 episodes, total num timesteps 11603200/20000000, FPS 9282.

average episode rewards is -112.26976013183594
eval average episode rewards of agent: -110.51869479229701
eval success rate: 0.95

 Scenario simple_spread Algo rmappo Exp reference_20260925T185133Z_2dfd2f_mappo_w128_seed3 updates 3630/6250 episodes, total num timesteps 11619200/20000000, FPS 9281.

average episode rewards is -113.36654663085938

 Scenario simple_spread Algo rmappo Exp reference_20260925T185133Z_2dfd2f_mappo_w128_seed3 updates 3635/6250 episodes, total num timesteps 11635200/20000000, FPS 9281.

average episode rewards is -112.34878540039062

 Scenario simple_spread Algo rmappo Exp reference_20260925T185133Z_2dfd2f_mappo_w128_seed3 updates 3640/6250 episodes, total num timesteps 11651200/20000000, FPS 9281.

average episode rewards is -113.45535278320312

 Scenario simple_spread Algo rmappo Exp reference_20260925T185133Z_2dfd2f_mappo_w128_seed3 updates 3645/6250 episodes, total num timesteps 11667200/20000000, FPS 9281.

average episode rewards is -114.26531982421875

 Scenario simple_spread Algo rmappo Exp reference_20260925T185133Z_2dfd2f_mappo_w128_seed3 updates 3650/6250 episodes, total num timesteps 11683200/20000000, FPS 9281.

average episode rewards is -115.50848388671875
eval average episode rewards of agent: -119.0625388313308
eval success rate: 0.9

 Scenario simple_spread Algo rmappo Exp reference_20260925T185133Z_2dfd2f_mappo_w128_seed3 updates 3655/6250 episodes, total num timesteps 11699200/20000000, FPS 9281.

average episode rewards is -113.66422271728516

 Scenario simple_spread Algo rmappo Exp reference_20260925T185133Z_2dfd2f_mappo_w128_seed3 updates 3660/6250 episodes, total num timesteps 11715200/20000000, FPS 9281.

average episode rewards is -114.837158203125

 Scenario simple_spread Algo rmappo Exp reference_20260925T185133Z_2dfd2f_mappo_w128_seed3 updates 3665/6250 episodes, total num timesteps 11731200/20000000, FPS 9281.

average episode rewards is -115.9908676147461

 Scenario simple_spread Algo rmappo Exp reference_20260925T185133Z_2dfd2f_mappo_w128_seed3 updates 3670/6250 episodes, total num timesteps 11747200/20000000, FPS 9281.

average episode rewards is -116.33130645751953

 Scenario simple_spread Algo rmappo Exp reference_20260925T185133Z_2dfd2f_mappo_w128_seed3 updates 3675/6250 episodes, total num timesteps 11763200/20000000, FPS 9281.

average episode rewards is -114.09725952148438
eval average episode rewards of agent: -106.93789622261957
eval success rate: 0.85

 Scenario simple_spread Algo rmappo Exp reference_20260925T185133Z_2dfd2f_mappo_w128_seed3 updates 3680/6250 episodes, total num timesteps 11779200/20000000, FPS 9280.

average episode rewards is -111.03682708740234

 Scenario simple_spread Algo rmappo Exp reference_20260925T185133Z_2dfd2f_mappo_w128_seed3 updates 3685/6250 episodes, total num timesteps 11795200/20000000, FPS 9280.

average episode rewards is -113.8235092163086

 Scenario simple_spread Algo rmappo Exp reference_20260925T185133Z_2dfd2f_mappo_w128_seed3 updates 3690/6250 episodes, total num timesteps 11811200/20000000, FPS 9279.

average episode rewards is -114.53529357910156

 Scenario simple_spread Algo rmappo Exp reference_20260925T185133Z_2dfd2f_mappo_w128_seed3 updates 3695/6250 episodes, total num timesteps 11827200/20000000, FPS 9279.

average episode rewards is -116.16554260253906

 Scenario simple_spread Algo rmappo Exp reference_20260925T185133Z_2dfd2f_mappo_w128_seed3 updates 3700/6250 episodes, total num timesteps 11843200/20000000, FPS 9279.

average episode rewards is -113.27313232421875
eval average episode rewards of agent: -114.8972768479069
eval success rate: 1.0

 Scenario simple_spread Algo rmappo Exp reference_20260925T185133Z_2dfd2f_mappo_w128_seed3 updates 3705/6250 episodes, total num timesteps 11859200/20000000, FPS 9279.

average episode rewards is -115.25929260253906

 Scenario simple_spread Algo rmappo Exp reference_20260925T185133Z_2dfd2f_mappo_w128_seed3 updates 3710/6250 episodes, total num timesteps 11875200/20000000, FPS 9279.

average episode rewards is -114.3347396850586

 Scenario simple_spread Algo rmappo Exp reference_20260925T185133Z_2dfd2f_mappo_w128_seed3 updates 3715/6250 episodes, total num timesteps 11891200/20000000, FPS 9279.

average episode rewards is -114.94111633300781

 Scenario simple_spread Algo rmappo Exp reference_20260925T185133Z_2dfd2f_mappo_w128_seed3 updates 3720/6250 episodes, total num timesteps 11907200/20000000, FPS 9279.

average episode rewards is -113.64269256591797

 Scenario simple_spread Algo rmappo Exp reference_20260925T185133Z_2dfd2f_mappo_w128_seed3 updates 3725/6250 episodes, total num timesteps 11923200/20000000, FPS 9279.

average episode rewards is -113.64408874511719
eval average episode rewards of agent: -109.61650566496776
eval success rate: 1.0

 Scenario simple_spread Algo rmappo Exp reference_20260925T185133Z_2dfd2f_mappo_w128_seed3 updates 3730/6250 episodes, total num timesteps 11939200/20000000, FPS 9279.

average episode rewards is -114.14813995361328

 Scenario simple_spread Algo rmappo Exp reference_20260925T185133Z_2dfd2f_mappo_w128_seed3 updates 3735/6250 episodes, total num timesteps 11955200/20000000, FPS 9279.

average episode rewards is -112.97785949707031

 Scenario simple_spread Algo rmappo Exp reference_20260925T185133Z_2dfd2f_mappo_w128_seed3 updates 3740/6250 episodes, total num timesteps 11971200/20000000, FPS 9279.

average episode rewards is -112.79137420654297

 Scenario simple_spread Algo rmappo Exp reference_20260925T185133Z_2dfd2f_mappo_w128_seed3 updates 3745/6250 episodes, total num timesteps 11987200/20000000, FPS 9279.

average episode rewards is -112.96585845947266

 Scenario simple_spread Algo rmappo Exp reference_20260925T185133Z_2dfd2f_mappo_w128_seed3 updates 3750/6250 episodes, total num timesteps 12003200/20000000, FPS 9278.

average episode rewards is -115.24393463134766
eval average episode rewards of agent: -108.00876504244259
eval success rate: 0.95

 Scenario simple_spread Algo rmappo Exp reference_20260925T185133Z_2dfd2f_mappo_w128_seed3 updates 3755/6250 episodes, total num timesteps 12019200/20000000, FPS 9278.

average episode rewards is -112.51822662353516

 Scenario simple_spread Algo rmappo Exp reference_20260925T185133Z_2dfd2f_mappo_w128_seed3 updates 3760/6250 episodes, total num timesteps 12035200/20000000, FPS 9278.

average episode rewards is -113.62370300292969

 Scenario simple_spread Algo rmappo Exp reference_20260925T185133Z_2dfd2f_mappo_w128_seed3 updates 3765/6250 episodes, total num timesteps 12051200/20000000, FPS 9278.

average episode rewards is -115.19425201416016

 Scenario simple_spread Algo rmappo Exp reference_20260925T185133Z_2dfd2f_mappo_w128_seed3 updates 3770/6250 episodes, total num timesteps 12067200/20000000, FPS 9278.

average episode rewards is -113.25090789794922

 Scenario simple_spread Algo rmappo Exp reference_20260925T185133Z_2dfd2f_mappo_w128_seed3 updates 3775/6250 episodes, total num timesteps 12083200/20000000, FPS 9278.

average episode rewards is -113.03899383544922
eval average episode rewards of agent: -118.46194325415435
eval success rate: 0.95

 Scenario simple_spread Algo rmappo Exp reference_20260925T185133Z_2dfd2f_mappo_w128_seed3 updates 3780/6250 episodes, total num timesteps 12099200/20000000, FPS 9278.

average episode rewards is -115.79850006103516

 Scenario simple_spread Algo rmappo Exp reference_20260925T185133Z_2dfd2f_mappo_w128_seed3 updates 3785/6250 episodes, total num timesteps 12115200/20000000, FPS 9278.

average episode rewards is -114.04621887207031

 Scenario simple_spread Algo rmappo Exp reference_20260925T185133Z_2dfd2f_mappo_w128_seed3 updates 3790/6250 episodes, total num timesteps 12131200/20000000, FPS 9278.

average episode rewards is -111.85679626464844

 Scenario simple_spread Algo rmappo Exp reference_20260925T185133Z_2dfd2f_mappo_w128_seed3 updates 3795/6250 episodes, total num timesteps 12147200/20000000, FPS 9278.

average episode rewards is -113.42443084716797

 Scenario simple_spread Algo rmappo Exp reference_20260925T185133Z_2dfd2f_mappo_w128_seed3 updates 3800/6250 episodes, total num timesteps 12163200/20000000, FPS 9278.

average episode rewards is -114.47457122802734
eval average episode rewards of agent: -116.74906347211959
eval success rate: 0.9

 Scenario simple_spread Algo rmappo Exp reference_20260925T185133Z_2dfd2f_mappo_w128_seed3 updates 3805/6250 episodes, total num timesteps 12179200/20000000, FPS 9278.

average episode rewards is -114.38863372802734

 Scenario simple_spread Algo rmappo Exp reference_20260925T185133Z_2dfd2f_mappo_w128_seed3 updates 3810/6250 episodes, total num timesteps 12195200/20000000, FPS 9278.

average episode rewards is -114.70217895507812

 Scenario simple_spread Algo rmappo Exp reference_20260925T185133Z_2dfd2f_mappo_w128_seed3 updates 3815/6250 episodes, total num timesteps 12211200/20000000, FPS 9278.

average episode rewards is -110.92056274414062

 Scenario simple_spread Algo rmappo Exp reference_20260925T185133Z_2dfd2f_mappo_w128_seed3 updates 3820/6250 episodes, total num timesteps 12227200/20000000, FPS 9278.

average episode rewards is -114.48763275146484

 Scenario simple_spread Algo rmappo Exp reference_20260925T185133Z_2dfd2f_mappo_w128_seed3 updates 3825/6250 episodes, total num timesteps 12243200/20000000, FPS 9278.

average episode rewards is -114.79241943359375
eval average episode rewards of agent: -111.08126718199996
eval success rate: 0.9

 Scenario simple_spread Algo rmappo Exp reference_20260925T185133Z_2dfd2f_mappo_w128_seed3 updates 3830/6250 episodes, total num timesteps 12259200/20000000, FPS 9278.

average episode rewards is -116.02107238769531

 Scenario simple_spread Algo rmappo Exp reference_20260925T185133Z_2dfd2f_mappo_w128_seed3 updates 3835/6250 episodes, total num timesteps 12275200/20000000, FPS 9278.

average episode rewards is -114.52548217773438

 Scenario simple_spread Algo rmappo Exp reference_20260925T185133Z_2dfd2f_mappo_w128_seed3 updates 3840/6250 episodes, total num timesteps 12291200/20000000, FPS 9278.

average episode rewards is -113.05802154541016

 Scenario simple_spread Algo rmappo Exp reference_20260925T185133Z_2dfd2f_mappo_w128_seed3 updates 3845/6250 episodes, total num timesteps 12307200/20000000, FPS 9278.

average episode rewards is -114.10874938964844

 Scenario simple_spread Algo rmappo Exp reference_20260925T185133Z_2dfd2f_mappo_w128_seed3 updates 3850/6250 episodes, total num timesteps 12323200/20000000, FPS 9278.

average episode rewards is -114.57368469238281
eval average episode rewards of agent: -108.84086117532475
eval success rate: 0.95

 Scenario simple_spread Algo rmappo Exp reference_20260925T185133Z_2dfd2f_mappo_w128_seed3 updates 3855/6250 episodes, total num timesteps 12339200/20000000, FPS 9278.

average episode rewards is -112.9354248046875

 Scenario simple_spread Algo rmappo Exp reference_20260925T185133Z_2dfd2f_mappo_w128_seed3 updates 3860/6250 episodes, total num timesteps 12355200/20000000, FPS 9278.

average episode rewards is -114.713623046875

 Scenario simple_spread Algo rmappo Exp reference_20260925T185133Z_2dfd2f_mappo_w128_seed3 updates 3865/6250 episodes, total num timesteps 12371200/20000000, FPS 9278.

average episode rewards is -113.513671875

 Scenario simple_spread Algo rmappo Exp reference_20260925T185133Z_2dfd2f_mappo_w128_seed3 updates 3870/6250 episodes, total num timesteps 12387200/20000000, FPS 9278.

average episode rewards is -116.60620880126953

 Scenario simple_spread Algo rmappo Exp reference_20260925T185133Z_2dfd2f_mappo_w128_seed3 updates 3875/6250 episodes, total num timesteps 12403200/20000000, FPS 9278.

average episode rewards is -114.91504669189453
eval average episode rewards of agent: -108.6712371144627
eval success rate: 0.9

 Scenario simple_spread Algo rmappo Exp reference_20260925T185133Z_2dfd2f_mappo_w128_seed3 updates 3880/6250 episodes, total num timesteps 12419200/20000000, FPS 9278.

average episode rewards is -112.53543090820312

 Scenario simple_spread Algo rmappo Exp reference_20260925T185133Z_2dfd2f_mappo_w128_seed3 updates 3885/6250 episodes, total num timesteps 12435200/20000000, FPS 9278.

average episode rewards is -114.99197387695312

 Scenario simple_spread Algo rmappo Exp reference_20260925T185133Z_2dfd2f_mappo_w128_seed3 updates 3890/6250 episodes, total num timesteps 12451200/20000000, FPS 9278.

average episode rewards is -112.77717590332031

 Scenario simple_spread Algo rmappo Exp reference_20260925T185133Z_2dfd2f_mappo_w128_seed3 updates 3895/6250 episodes, total num timesteps 12467200/20000000, FPS 9278.

average episode rewards is -113.6560287475586

 Scenario simple_spread Algo rmappo Exp reference_20260925T185133Z_2dfd2f_mappo_w128_seed3 updates 3900/6250 episodes, total num timesteps 12483200/20000000, FPS 9278.

average episode rewards is -112.54708862304688
eval average episode rewards of agent: -113.71304689652145
eval success rate: 0.95

 Scenario simple_spread Algo rmappo Exp reference_20260925T185133Z_2dfd2f_mappo_w128_seed3 updates 3905/6250 episodes, total num timesteps 12499200/20000000, FPS 9277.

average episode rewards is -113.63555145263672

 Scenario simple_spread Algo rmappo Exp reference_20260925T185133Z_2dfd2f_mappo_w128_seed3 updates 3910/6250 episodes, total num timesteps 12515200/20000000, FPS 9277.

average episode rewards is -112.36273956298828

 Scenario simple_spread Algo rmappo Exp reference_20260925T185133Z_2dfd2f_mappo_w128_seed3 updates 3915/6250 episodes, total num timesteps 12531200/20000000, FPS 9277.

average episode rewards is -114.62869262695312

 Scenario simple_spread Algo rmappo Exp reference_20260925T185133Z_2dfd2f_mappo_w128_seed3 updates 3920/6250 episodes, total num timesteps 12547200/20000000, FPS 9277.

average episode rewards is -112.21398162841797

 Scenario simple_spread Algo rmappo Exp reference_20260925T185133Z_2dfd2f_mappo_w128_seed3 updates 3925/6250 episodes, total num timesteps 12563200/20000000, FPS 9277.

average episode rewards is -114.08663940429688
eval average episode rewards of agent: -113.76021582698087
eval success rate: 0.9

 Scenario simple_spread Algo rmappo Exp reference_20260925T185133Z_2dfd2f_mappo_w128_seed3 updates 3930/6250 episodes, total num timesteps 12579200/20000000, FPS 9276.

average episode rewards is -116.26609802246094

 Scenario simple_spread Algo rmappo Exp reference_20260925T185133Z_2dfd2f_mappo_w128_seed3 updates 3935/6250 episodes, total num timesteps 12595200/20000000, FPS 9276.

average episode rewards is -113.90403747558594

 Scenario simple_spread Algo rmappo Exp reference_20260925T185133Z_2dfd2f_mappo_w128_seed3 updates 3940/6250 episodes, total num timesteps 12611200/20000000, FPS 9277.

average episode rewards is -114.3443374633789

 Scenario simple_spread Algo rmappo Exp reference_20260925T185133Z_2dfd2f_mappo_w128_seed3 updates 3945/6250 episodes, total num timesteps 12627200/20000000, FPS 9277.

average episode rewards is -113.61003875732422

 Scenario simple_spread Algo rmappo Exp reference_20260925T185133Z_2dfd2f_mappo_w128_seed3 updates 3950/6250 episodes, total num timesteps 12643200/20000000, FPS 9277.

average episode rewards is -114.19357299804688
eval average episode rewards of agent: -117.9318403755694
eval success rate: 0.85

 Scenario simple_spread Algo rmappo Exp reference_20260925T185133Z_2dfd2f_mappo_w128_seed3 updates 3955/6250 episodes, total num timesteps 12659200/20000000, FPS 9276.

average episode rewards is -114.14663696289062

 Scenario simple_spread Algo rmappo Exp reference_20260925T185133Z_2dfd2f_mappo_w128_seed3 updates 3960/6250 episodes, total num timesteps 12675200/20000000, FPS 9276.

average episode rewards is -116.28899383544922

 Scenario simple_spread Algo rmappo Exp reference_20260925T185133Z_2dfd2f_mappo_w128_seed3 updates 3965/6250 episodes, total num timesteps 12691200/20000000, FPS 9277.

average episode rewards is -115.92222595214844

 Scenario simple_spread Algo rmappo Exp reference_20260925T185133Z_2dfd2f_mappo_w128_seed3 updates 3970/6250 episodes, total num timesteps 12707200/20000000, FPS 9277.

average episode rewards is -115.64888763427734

 Scenario simple_spread Algo rmappo Exp reference_20260925T185133Z_2dfd2f_mappo_w128_seed3 updates 3975/6250 episodes, total num timesteps 12723200/20000000, FPS 9277.

average episode rewards is -115.04596710205078
eval average episode rewards of agent: -116.40260404546275
eval success rate: 0.9

 Scenario simple_spread Algo rmappo Exp reference_20260925T185133Z_2dfd2f_mappo_w128_seed3 updates 3980/6250 episodes, total num timesteps 12739200/20000000, FPS 9276.

average episode rewards is -116.07125854492188

 Scenario simple_spread Algo rmappo Exp reference_20260925T185133Z_2dfd2f_mappo_w128_seed3 updates 3985/6250 episodes, total num timesteps 12755200/20000000, FPS 9276.

average episode rewards is -114.70756530761719

 Scenario simple_spread Algo rmappo Exp reference_20260925T185133Z_2dfd2f_mappo_w128_seed3 updates 3990/6250 episodes, total num timesteps 12771200/20000000, FPS 9275.

average episode rewards is -114.09832000732422

 Scenario simple_spread Algo rmappo Exp reference_20260925T185133Z_2dfd2f_mappo_w128_seed3 updates 3995/6250 episodes, total num timesteps 12787200/20000000, FPS 9275.

average episode rewards is -115.29170227050781

 Scenario simple_spread Algo rmappo Exp reference_20260925T185133Z_2dfd2f_mappo_w128_seed3 updates 4000/6250 episodes, total num timesteps 12803200/20000000, FPS 9275.

average episode rewards is -113.07133483886719
eval average episode rewards of agent: -114.14096956157118
eval success rate: 0.9

 Scenario simple_spread Algo rmappo Exp reference_20260925T185133Z_2dfd2f_mappo_w128_seed3 updates 4005/6250 episodes, total num timesteps 12819200/20000000, FPS 9275.

average episode rewards is -112.62390899658203

 Scenario simple_spread Algo rmappo Exp reference_20260925T185133Z_2dfd2f_mappo_w128_seed3 updates 4010/6250 episodes, total num timesteps 12835200/20000000, FPS 9275.

average episode rewards is -112.75088500976562

 Scenario simple_spread Algo rmappo Exp reference_20260925T185133Z_2dfd2f_mappo_w128_seed3 updates 4015/6250 episodes, total num timesteps 12851200/20000000, FPS 9275.

average episode rewards is -114.77396392822266

 Scenario simple_spread Algo rmappo Exp reference_20260925T185133Z_2dfd2f_mappo_w128_seed3 updates 4020/6250 episodes, total num timesteps 12867200/20000000, FPS 9275.

average episode rewards is -114.9699478149414

 Scenario simple_spread Algo rmappo Exp reference_20260925T185133Z_2dfd2f_mappo_w128_seed3 updates 4025/6250 episodes, total num timesteps 12883200/20000000, FPS 9275.

average episode rewards is -113.64152526855469
eval average episode rewards of agent: -112.92082238648331
eval success rate: 0.95

 Scenario simple_spread Algo rmappo Exp reference_20260925T185133Z_2dfd2f_mappo_w128_seed3 updates 4030/6250 episodes, total num timesteps 12899200/20000000, FPS 9274.

average episode rewards is -116.0298843383789

 Scenario simple_spread Algo rmappo Exp reference_20260925T185133Z_2dfd2f_mappo_w128_seed3 updates 4035/6250 episodes, total num timesteps 12915200/20000000, FPS 9275.

average episode rewards is -112.350830078125

 Scenario simple_spread Algo rmappo Exp reference_20260925T185133Z_2dfd2f_mappo_w128_seed3 updates 4040/6250 episodes, total num timesteps 12931200/20000000, FPS 9275.

average episode rewards is -115.84249877929688

 Scenario simple_spread Algo rmappo Exp reference_20260925T185133Z_2dfd2f_mappo_w128_seed3 updates 4045/6250 episodes, total num timesteps 12947200/20000000, FPS 9275.

average episode rewards is -111.46504974365234

 Scenario simple_spread Algo rmappo Exp reference_20260925T185133Z_2dfd2f_mappo_w128_seed3 updates 4050/6250 episodes, total num timesteps 12963200/20000000, FPS 9274.

average episode rewards is -117.1783676147461
eval average episode rewards of agent: -116.10958280385125
eval success rate: 0.9

 Scenario simple_spread Algo rmappo Exp reference_20260925T185133Z_2dfd2f_mappo_w128_seed3 updates 4055/6250 episodes, total num timesteps 12979200/20000000, FPS 9274.

average episode rewards is -114.44470977783203

 Scenario simple_spread Algo rmappo Exp reference_20260925T185133Z_2dfd2f_mappo_w128_seed3 updates 4060/6250 episodes, total num timesteps 12995200/20000000, FPS 9274.

average episode rewards is -114.85591125488281

 Scenario simple_spread Algo rmappo Exp reference_20260925T185133Z_2dfd2f_mappo_w128_seed3 updates 4065/6250 episodes, total num timesteps 13011200/20000000, FPS 9274.

average episode rewards is -114.41771697998047

 Scenario simple_spread Algo rmappo Exp reference_20260925T185133Z_2dfd2f_mappo_w128_seed3 updates 4070/6250 episodes, total num timesteps 13027200/20000000, FPS 9274.

average episode rewards is -114.1119155883789

 Scenario simple_spread Algo rmappo Exp reference_20260925T185133Z_2dfd2f_mappo_w128_seed3 updates 4075/6250 episodes, total num timesteps 13043200/20000000, FPS 9275.

average episode rewards is -113.34150695800781
eval average episode rewards of agent: -109.36220115920572
eval success rate: 1.0

 Scenario simple_spread Algo rmappo Exp reference_20260925T185133Z_2dfd2f_mappo_w128_seed3 updates 4080/6250 episodes, total num timesteps 13059200/20000000, FPS 9274.

average episode rewards is -116.0115737915039

 Scenario simple_spread Algo rmappo Exp reference_20260925T185133Z_2dfd2f_mappo_w128_seed3 updates 4085/6250 episodes, total num timesteps 13075200/20000000, FPS 9274.

average episode rewards is -113.08777618408203

 Scenario simple_spread Algo rmappo Exp reference_20260925T185133Z_2dfd2f_mappo_w128_seed3 updates 4090/6250 episodes, total num timesteps 13091200/20000000, FPS 9274.

average episode rewards is -114.69194030761719

 Scenario simple_spread Algo rmappo Exp reference_20260925T185133Z_2dfd2f_mappo_w128_seed3 updates 4095/6250 episodes, total num timesteps 13107200/20000000, FPS 9274.

average episode rewards is -113.38310241699219

 Scenario simple_spread Algo rmappo Exp reference_20260925T185133Z_2dfd2f_mappo_w128_seed3 updates 4100/6250 episodes, total num timesteps 13123200/20000000, FPS 9275.

average episode rewards is -114.44181060791016
eval average episode rewards of agent: -112.24111411648946
eval success rate: 1.0

 Scenario simple_spread Algo rmappo Exp reference_20260925T185133Z_2dfd2f_mappo_w128_seed3 updates 4105/6250 episodes, total num timesteps 13139200/20000000, FPS 9275.

average episode rewards is -115.03987121582031

 Scenario simple_spread Algo rmappo Exp reference_20260925T185133Z_2dfd2f_mappo_w128_seed3 updates 4110/6250 episodes, total num timesteps 13155200/20000000, FPS 9274.

average episode rewards is -115.28973388671875

 Scenario simple_spread Algo rmappo Exp reference_20260925T185133Z_2dfd2f_mappo_w128_seed3 updates 4115/6250 episodes, total num timesteps 13171200/20000000, FPS 9274.

average episode rewards is -113.04435729980469

 Scenario simple_spread Algo rmappo Exp reference_20260925T185133Z_2dfd2f_mappo_w128_seed3 updates 4120/6250 episodes, total num timesteps 13187200/20000000, FPS 9274.

average episode rewards is -114.87481689453125

 Scenario simple_spread Algo rmappo Exp reference_20260925T185133Z_2dfd2f_mappo_w128_seed3 updates 4125/6250 episodes, total num timesteps 13203200/20000000, FPS 9274.

average episode rewards is -115.34521484375
eval average episode rewards of agent: -117.3986129738154
eval success rate: 0.95

 Scenario simple_spread Algo rmappo Exp reference_20260925T185133Z_2dfd2f_mappo_w128_seed3 updates 4130/6250 episodes, total num timesteps 13219200/20000000, FPS 9274.

average episode rewards is -115.2655258178711

 Scenario simple_spread Algo rmappo Exp reference_20260925T185133Z_2dfd2f_mappo_w128_seed3 updates 4135/6250 episodes, total num timesteps 13235200/20000000, FPS 9274.

average episode rewards is -113.38021850585938

 Scenario simple_spread Algo rmappo Exp reference_20260925T185133Z_2dfd2f_mappo_w128_seed3 updates 4140/6250 episodes, total num timesteps 13251200/20000000, FPS 9274.

average episode rewards is -115.56591033935547

 Scenario simple_spread Algo rmappo Exp reference_20260925T185133Z_2dfd2f_mappo_w128_seed3 updates 4145/6250 episodes, total num timesteps 13267200/20000000, FPS 9274.

average episode rewards is -115.53981018066406

 Scenario simple_spread Algo rmappo Exp reference_20260925T185133Z_2dfd2f_mappo_w128_seed3 updates 4150/6250 episodes, total num timesteps 13283200/20000000, FPS 9274.

average episode rewards is -111.572265625
eval average episode rewards of agent: -112.46828879351092
eval success rate: 0.9

 Scenario simple_spread Algo rmappo Exp reference_20260925T185133Z_2dfd2f_mappo_w128_seed3 updates 4155/6250 episodes, total num timesteps 13299200/20000000, FPS 9274.

average episode rewards is -114.30977630615234

 Scenario simple_spread Algo rmappo Exp reference_20260925T185133Z_2dfd2f_mappo_w128_seed3 updates 4160/6250 episodes, total num timesteps 13315200/20000000, FPS 9274.

average episode rewards is -112.11994934082031

 Scenario simple_spread Algo rmappo Exp reference_20260925T185133Z_2dfd2f_mappo_w128_seed3 updates 4165/6250 episodes, total num timesteps 13331200/20000000, FPS 9274.

average episode rewards is -111.65666198730469

 Scenario simple_spread Algo rmappo Exp reference_20260925T185133Z_2dfd2f_mappo_w128_seed3 updates 4170/6250 episodes, total num timesteps 13347200/20000000, FPS 9274.

average episode rewards is -113.25547790527344

 Scenario simple_spread Algo rmappo Exp reference_20260925T185133Z_2dfd2f_mappo_w128_seed3 updates 4175/6250 episodes, total num timesteps 13363200/20000000, FPS 9274.

average episode rewards is -112.35264587402344
eval average episode rewards of agent: -115.44508929140234
eval success rate: 0.95

 Scenario simple_spread Algo rmappo Exp reference_20260925T185133Z_2dfd2f_mappo_w128_seed3 updates 4180/6250 episodes, total num timesteps 13379200/20000000, FPS 9273.

average episode rewards is -116.0206527709961

 Scenario simple_spread Algo rmappo Exp reference_20260925T185133Z_2dfd2f_mappo_w128_seed3 updates 4185/6250 episodes, total num timesteps 13395200/20000000, FPS 9273.

average episode rewards is -114.74469757080078

 Scenario simple_spread Algo rmappo Exp reference_20260925T185133Z_2dfd2f_mappo_w128_seed3 updates 4190/6250 episodes, total num timesteps 13411200/20000000, FPS 9273.

average episode rewards is -111.81366729736328

 Scenario simple_spread Algo rmappo Exp reference_20260925T185133Z_2dfd2f_mappo_w128_seed3 updates 4195/6250 episodes, total num timesteps 13427200/20000000, FPS 9274.

average episode rewards is -113.3539047241211

 Scenario simple_spread Algo rmappo Exp reference_20260925T185133Z_2dfd2f_mappo_w128_seed3 updates 4200/6250 episodes, total num timesteps 13443200/20000000, FPS 9273.

average episode rewards is -112.00877380371094
eval average episode rewards of agent: -110.48360680591033
eval success rate: 0.95

 Scenario simple_spread Algo rmappo Exp reference_20260925T185133Z_2dfd2f_mappo_w128_seed3 updates 4205/6250 episodes, total num timesteps 13459200/20000000, FPS 9273.

average episode rewards is -112.86834716796875

 Scenario simple_spread Algo rmappo Exp reference_20260925T185133Z_2dfd2f_mappo_w128_seed3 updates 4210/6250 episodes, total num timesteps 13475200/20000000, FPS 9273.

average episode rewards is -113.66265869140625

 Scenario simple_spread Algo rmappo Exp reference_20260925T185133Z_2dfd2f_mappo_w128_seed3 updates 4215/6250 episodes, total num timesteps 13491200/20000000, FPS 9273.

average episode rewards is -115.4155044555664

 Scenario simple_spread Algo rmappo Exp reference_20260925T185133Z_2dfd2f_mappo_w128_seed3 updates 4220/6250 episodes, total num timesteps 13507200/20000000, FPS 9273.

average episode rewards is -112.82420349121094

 Scenario simple_spread Algo rmappo Exp reference_20260925T185133Z_2dfd2f_mappo_w128_seed3 updates 4225/6250 episodes, total num timesteps 13523200/20000000, FPS 9273.

average episode rewards is -117.36113739013672
eval average episode rewards of agent: -112.68530572543764
eval success rate: 0.95

 Scenario simple_spread Algo rmappo Exp reference_20260925T185133Z_2dfd2f_mappo_w128_seed3 updates 4230/6250 episodes, total num timesteps 13539200/20000000, FPS 9272.

average episode rewards is -112.99314880371094

 Scenario simple_spread Algo rmappo Exp reference_20260925T185133Z_2dfd2f_mappo_w128_seed3 updates 4235/6250 episodes, total num timesteps 13555200/20000000, FPS 9272.

average episode rewards is -114.52420043945312

 Scenario simple_spread Algo rmappo Exp reference_20260925T185133Z_2dfd2f_mappo_w128_seed3 updates 4240/6250 episodes, total num timesteps 13571200/20000000, FPS 9272.

average episode rewards is -114.81257629394531

 Scenario simple_spread Algo rmappo Exp reference_20260925T185133Z_2dfd2f_mappo_w128_seed3 updates 4245/6250 episodes, total num timesteps 13587200/20000000, FPS 9273.

average episode rewards is -116.1015625

 Scenario simple_spread Algo rmappo Exp reference_20260925T185133Z_2dfd2f_mappo_w128_seed3 updates 4250/6250 episodes, total num timesteps 13603200/20000000, FPS 9273.

average episode rewards is -111.953369140625
eval average episode rewards of agent: -115.38506400649548
eval success rate: 0.85

 Scenario simple_spread Algo rmappo Exp reference_20260925T185133Z_2dfd2f_mappo_w128_seed3 updates 4255/6250 episodes, total num timesteps 13619200/20000000, FPS 9272.

average episode rewards is -113.86188507080078

 Scenario simple_spread Algo rmappo Exp reference_20260925T185133Z_2dfd2f_mappo_w128_seed3 updates 4260/6250 episodes, total num timesteps 13635200/20000000, FPS 9272.

average episode rewards is -112.21990966796875

 Scenario simple_spread Algo rmappo Exp reference_20260925T185133Z_2dfd2f_mappo_w128_seed3 updates 4265/6250 episodes, total num timesteps 13651200/20000000, FPS 9273.

average episode rewards is -113.76264190673828

 Scenario simple_spread Algo rmappo Exp reference_20260925T185133Z_2dfd2f_mappo_w128_seed3 updates 4270/6250 episodes, total num timesteps 13667200/20000000, FPS 9273.

average episode rewards is -115.36814880371094

 Scenario simple_spread Algo rmappo Exp reference_20260925T185133Z_2dfd2f_mappo_w128_seed3 updates 4275/6250 episodes, total num timesteps 13683200/20000000, FPS 9273.

average episode rewards is -115.00322723388672
eval average episode rewards of agent: -108.30420008873027
eval success rate: 0.85

 Scenario simple_spread Algo rmappo Exp reference_20260925T185133Z_2dfd2f_mappo_w128_seed3 updates 4280/6250 episodes, total num timesteps 13699200/20000000, FPS 9273.

average episode rewards is -113.31903076171875

 Scenario simple_spread Algo rmappo Exp reference_20260925T185133Z_2dfd2f_mappo_w128_seed3 updates 4285/6250 episodes, total num timesteps 13715200/20000000, FPS 9273.

average episode rewards is -114.34186553955078

 Scenario simple_spread Algo rmappo Exp reference_20260925T185133Z_2dfd2f_mappo_w128_seed3 updates 4290/6250 episodes, total num timesteps 13731200/20000000, FPS 9273.

average episode rewards is -112.10404968261719

 Scenario simple_spread Algo rmappo Exp reference_20260925T185133Z_2dfd2f_mappo_w128_seed3 updates 4295/6250 episodes, total num timesteps 13747200/20000000, FPS 9273.

average episode rewards is -113.42698669433594

 Scenario simple_spread Algo rmappo Exp reference_20260925T185133Z_2dfd2f_mappo_w128_seed3 updates 4300/6250 episodes, total num timesteps 13763200/20000000, FPS 9272.

average episode rewards is -112.48656463623047
eval average episode rewards of agent: -112.89892641864506
eval success rate: 0.95

 Scenario simple_spread Algo rmappo Exp reference_20260925T185133Z_2dfd2f_mappo_w128_seed3 updates 4305/6250 episodes, total num timesteps 13779200/20000000, FPS 9272.

average episode rewards is -115.3335952758789

 Scenario simple_spread Algo rmappo Exp reference_20260925T185133Z_2dfd2f_mappo_w128_seed3 updates 4310/6250 episodes, total num timesteps 13795200/20000000, FPS 9272.

average episode rewards is -112.84794616699219

 Scenario simple_spread Algo rmappo Exp reference_20260925T185133Z_2dfd2f_mappo_w128_seed3 updates 4315/6250 episodes, total num timesteps 13811200/20000000, FPS 9272.

average episode rewards is -116.0435562133789

 Scenario simple_spread Algo rmappo Exp reference_20260925T185133Z_2dfd2f_mappo_w128_seed3 updates 4320/6250 episodes, total num timesteps 13827200/20000000, FPS 9272.

average episode rewards is -111.77546691894531

 Scenario simple_spread Algo rmappo Exp reference_20260925T185133Z_2dfd2f_mappo_w128_seed3 updates 4325/6250 episodes, total num timesteps 13843200/20000000, FPS 9272.

average episode rewards is -113.00425720214844
eval average episode rewards of agent: -107.46561378359124
eval success rate: 0.9

 Scenario simple_spread Algo rmappo Exp reference_20260925T185133Z_2dfd2f_mappo_w128_seed3 updates 4330/6250 episodes, total num timesteps 13859200/20000000, FPS 9272.

average episode rewards is -116.88827514648438

 Scenario simple_spread Algo rmappo Exp reference_20260925T185133Z_2dfd2f_mappo_w128_seed3 updates 4335/6250 episodes, total num timesteps 13875200/20000000, FPS 9272.

average episode rewards is -113.06938171386719

 Scenario simple_spread Algo rmappo Exp reference_20260925T185133Z_2dfd2f_mappo_w128_seed3 updates 4340/6250 episodes, total num timesteps 13891200/20000000, FPS 9272.

average episode rewards is -111.55101013183594

 Scenario simple_spread Algo rmappo Exp reference_20260925T185133Z_2dfd2f_mappo_w128_seed3 updates 4345/6250 episodes, total num timesteps 13907200/20000000, FPS 9272.

average episode rewards is -114.30753326416016

 Scenario simple_spread Algo rmappo Exp reference_20260925T185133Z_2dfd2f_mappo_w128_seed3 updates 4350/6250 episodes, total num timesteps 13923200/20000000, FPS 9271.

average episode rewards is -116.84977722167969
eval average episode rewards of agent: -111.57621119079407
eval success rate: 0.9

 Scenario simple_spread Algo rmappo Exp reference_20260925T185133Z_2dfd2f_mappo_w128_seed3 updates 4355/6250 episodes, total num timesteps 13939200/20000000, FPS 9271.

average episode rewards is -113.9383544921875

 Scenario simple_spread Algo rmappo Exp reference_20260925T185133Z_2dfd2f_mappo_w128_seed3 updates 4360/6250 episodes, total num timesteps 13955200/20000000, FPS 9271.

average episode rewards is -112.23506927490234

 Scenario simple_spread Algo rmappo Exp reference_20260925T185133Z_2dfd2f_mappo_w128_seed3 updates 4365/6250 episodes, total num timesteps 13971200/20000000, FPS 9271.

average episode rewards is -114.26575469970703

 Scenario simple_spread Algo rmappo Exp reference_20260925T185133Z_2dfd2f_mappo_w128_seed3 updates 4370/6250 episodes, total num timesteps 13987200/20000000, FPS 9271.

average episode rewards is -113.63502502441406

 Scenario simple_spread Algo rmappo Exp reference_20260925T185133Z_2dfd2f_mappo_w128_seed3 updates 4375/6250 episodes, total num timesteps 14003200/20000000, FPS 9271.

average episode rewards is -115.63162994384766
eval average episode rewards of agent: -115.23646732988591
eval success rate: 1.0

 Scenario simple_spread Algo rmappo Exp reference_20260925T185133Z_2dfd2f_mappo_w128_seed3 updates 4380/6250 episodes, total num timesteps 14019200/20000000, FPS 9271.

average episode rewards is -114.64128112792969

 Scenario simple_spread Algo rmappo Exp reference_20260925T185133Z_2dfd2f_mappo_w128_seed3 updates 4385/6250 episodes, total num timesteps 14035200/20000000, FPS 9271.

average episode rewards is -112.0447769165039

 Scenario simple_spread Algo rmappo Exp reference_20260925T185133Z_2dfd2f_mappo_w128_seed3 updates 4390/6250 episodes, total num timesteps 14051200/20000000, FPS 9272.

average episode rewards is -111.99249267578125

 Scenario simple_spread Algo rmappo Exp reference_20260925T185133Z_2dfd2f_mappo_w128_seed3 updates 4395/6250 episodes, total num timesteps 14067200/20000000, FPS 9272.

average episode rewards is -115.1967544555664

 Scenario simple_spread Algo rmappo Exp reference_20260925T185133Z_2dfd2f_mappo_w128_seed3 updates 4400/6250 episodes, total num timesteps 14083200/20000000, FPS 9272.

average episode rewards is -113.92283630371094
eval average episode rewards of agent: -114.35902819488669
eval success rate: 0.9

 Scenario simple_spread Algo rmappo Exp reference_20260925T185133Z_2dfd2f_mappo_w128_seed3 updates 4405/6250 episodes, total num timesteps 14099200/20000000, FPS 9271.

average episode rewards is -111.20724487304688

 Scenario simple_spread Algo rmappo Exp reference_20260925T185133Z_2dfd2f_mappo_w128_seed3 updates 4410/6250 episodes, total num timesteps 14115200/20000000, FPS 9271.

average episode rewards is -112.52439880371094

 Scenario simple_spread Algo rmappo Exp reference_20260925T185133Z_2dfd2f_mappo_w128_seed3 updates 4415/6250 episodes, total num timesteps 14131200/20000000, FPS 9271.

average episode rewards is -115.15879821777344

 Scenario simple_spread Algo rmappo Exp reference_20260925T185133Z_2dfd2f_mappo_w128_seed3 updates 4420/6250 episodes, total num timesteps 14147200/20000000, FPS 9271.

average episode rewards is -114.70354461669922

 Scenario simple_spread Algo rmappo Exp reference_20260925T185133Z_2dfd2f_mappo_w128_seed3 updates 4425/6250 episodes, total num timesteps 14163200/20000000, FPS 9271.

average episode rewards is -113.6484603881836
eval average episode rewards of agent: -111.36567865200514
eval success rate: 1.0

 Scenario simple_spread Algo rmappo Exp reference_20260925T185133Z_2dfd2f_mappo_w128_seed3 updates 4430/6250 episodes, total num timesteps 14179200/20000000, FPS 9271.

average episode rewards is -114.10948944091797

 Scenario simple_spread Algo rmappo Exp reference_20260925T185133Z_2dfd2f_mappo_w128_seed3 updates 4435/6250 episodes, total num timesteps 14195200/20000000, FPS 9271.

average episode rewards is -112.71985626220703

 Scenario simple_spread Algo rmappo Exp reference_20260925T185133Z_2dfd2f_mappo_w128_seed3 updates 4440/6250 episodes, total num timesteps 14211200/20000000, FPS 9271.

average episode rewards is -111.63330078125

 Scenario simple_spread Algo rmappo Exp reference_20260925T185133Z_2dfd2f_mappo_w128_seed3 updates 4445/6250 episodes, total num timesteps 14227200/20000000, FPS 9271.

average episode rewards is -116.12715911865234

 Scenario simple_spread Algo rmappo Exp reference_20260925T185133Z_2dfd2f_mappo_w128_seed3 updates 4450/6250 episodes, total num timesteps 14243200/20000000, FPS 9271.

average episode rewards is -113.04130554199219
eval average episode rewards of agent: -116.56544491472046
eval success rate: 0.9

 Scenario simple_spread Algo rmappo Exp reference_20260925T185133Z_2dfd2f_mappo_w128_seed3 updates 4455/6250 episodes, total num timesteps 14259200/20000000, FPS 9271.

average episode rewards is -116.03804016113281

 Scenario simple_spread Algo rmappo Exp reference_20260925T185133Z_2dfd2f_mappo_w128_seed3 updates 4460/6250 episodes, total num timesteps 14275200/20000000, FPS 9271.

average episode rewards is -113.653564453125

 Scenario simple_spread Algo rmappo Exp reference_20260925T185133Z_2dfd2f_mappo_w128_seed3 updates 4465/6250 episodes, total num timesteps 14291200/20000000, FPS 9271.

average episode rewards is -113.21961975097656

 Scenario simple_spread Algo rmappo Exp reference_20260925T185133Z_2dfd2f_mappo_w128_seed3 updates 4470/6250 episodes, total num timesteps 14307200/20000000, FPS 9271.

average episode rewards is -115.6133804321289

 Scenario simple_spread Algo rmappo Exp reference_20260925T185133Z_2dfd2f_mappo_w128_seed3 updates 4475/6250 episodes, total num timesteps 14323200/20000000, FPS 9271.

average episode rewards is -115.04485321044922
eval average episode rewards of agent: -114.71446281335915
eval success rate: 1.0

 Scenario simple_spread Algo rmappo Exp reference_20260925T185133Z_2dfd2f_mappo_w128_seed3 updates 4480/6250 episodes, total num timesteps 14339200/20000000, FPS 9271.

average episode rewards is -113.15935516357422

 Scenario simple_spread Algo rmappo Exp reference_20260925T185133Z_2dfd2f_mappo_w128_seed3 updates 4485/6250 episodes, total num timesteps 14355200/20000000, FPS 9271.

average episode rewards is -112.37701416015625

 Scenario simple_spread Algo rmappo Exp reference_20260925T185133Z_2dfd2f_mappo_w128_seed3 updates 4490/6250 episodes, total num timesteps 14371200/20000000, FPS 9271.

average episode rewards is -113.82412719726562

 Scenario simple_spread Algo rmappo Exp reference_20260925T185133Z_2dfd2f_mappo_w128_seed3 updates 4495/6250 episodes, total num timesteps 14387200/20000000, FPS 9271.

average episode rewards is -112.49440002441406

 Scenario simple_spread Algo rmappo Exp reference_20260925T185133Z_2dfd2f_mappo_w128_seed3 updates 4500/6250 episodes, total num timesteps 14403200/20000000, FPS 9271.

average episode rewards is -114.73486328125
eval average episode rewards of agent: -111.45589370695504
eval success rate: 0.85

 Scenario simple_spread Algo rmappo Exp reference_20260925T185133Z_2dfd2f_mappo_w128_seed3 updates 4505/6250 episodes, total num timesteps 14419200/20000000, FPS 9271.

average episode rewards is -114.75646209716797

 Scenario simple_spread Algo rmappo Exp reference_20260925T185133Z_2dfd2f_mappo_w128_seed3 updates 4510/6250 episodes, total num timesteps 14435200/20000000, FPS 9271.

average episode rewards is -111.14383697509766

 Scenario simple_spread Algo rmappo Exp reference_20260925T185133Z_2dfd2f_mappo_w128_seed3 updates 4515/6250 episodes, total num timesteps 14451200/20000000, FPS 9271.

average episode rewards is -112.6951675415039

 Scenario simple_spread Algo rmappo Exp reference_20260925T185133Z_2dfd2f_mappo_w128_seed3 updates 4520/6250 episodes, total num timesteps 14467200/20000000, FPS 9271.

average episode rewards is -113.8517837524414

 Scenario simple_spread Algo rmappo Exp reference_20260925T185133Z_2dfd2f_mappo_w128_seed3 updates 4525/6250 episodes, total num timesteps 14483200/20000000, FPS 9271.

average episode rewards is -113.50028228759766
eval average episode rewards of agent: -119.08960347476254
eval success rate: 1.0

 Scenario simple_spread Algo rmappo Exp reference_20260925T185133Z_2dfd2f_mappo_w128_seed3 updates 4530/6250 episodes, total num timesteps 14499200/20000000, FPS 9270.

average episode rewards is -112.1102294921875

 Scenario simple_spread Algo rmappo Exp reference_20260925T185133Z_2dfd2f_mappo_w128_seed3 updates 4535/6250 episodes, total num timesteps 14515200/20000000, FPS 9270.

average episode rewards is -109.62294006347656

 Scenario simple_spread Algo rmappo Exp reference_20260925T185133Z_2dfd2f_mappo_w128_seed3 updates 4540/6250 episodes, total num timesteps 14531200/20000000, FPS 9270.

average episode rewards is -112.32837677001953

 Scenario simple_spread Algo rmappo Exp reference_20260925T185133Z_2dfd2f_mappo_w128_seed3 updates 4545/6250 episodes, total num timesteps 14547200/20000000, FPS 9270.

average episode rewards is -114.2877426147461

 Scenario simple_spread Algo rmappo Exp reference_20260925T185133Z_2dfd2f_mappo_w128_seed3 updates 4550/6250 episodes, total num timesteps 14563200/20000000, FPS 9270.

average episode rewards is -112.48371887207031
eval average episode rewards of agent: -114.11138296840113
eval success rate: 1.0

 Scenario simple_spread Algo rmappo Exp reference_20260925T185133Z_2dfd2f_mappo_w128_seed3 updates 4555/6250 episodes, total num timesteps 14579200/20000000, FPS 9270.

average episode rewards is -112.44232940673828

 Scenario simple_spread Algo rmappo Exp reference_20260925T185133Z_2dfd2f_mappo_w128_seed3 updates 4560/6250 episodes, total num timesteps 14595200/20000000, FPS 9270.

average episode rewards is -112.42665100097656

 Scenario simple_spread Algo rmappo Exp reference_20260925T185133Z_2dfd2f_mappo_w128_seed3 updates 4565/6250 episodes, total num timesteps 14611200/20000000, FPS 9270.

average episode rewards is -113.63890075683594

 Scenario simple_spread Algo rmappo Exp reference_20260925T185133Z_2dfd2f_mappo_w128_seed3 updates 4570/6250 episodes, total num timesteps 14627200/20000000, FPS 9270.

average episode rewards is -114.58364868164062

 Scenario simple_spread Algo rmappo Exp reference_20260925T185133Z_2dfd2f_mappo_w128_seed3 updates 4575/6250 episodes, total num timesteps 14643200/20000000, FPS 9270.

average episode rewards is -113.40087890625
eval average episode rewards of agent: -111.60779028405236
eval success rate: 0.95

 Scenario simple_spread Algo rmappo Exp reference_20260925T185133Z_2dfd2f_mappo_w128_seed3 updates 4580/6250 episodes, total num timesteps 14659200/20000000, FPS 9270.

average episode rewards is -114.65098571777344

 Scenario simple_spread Algo rmappo Exp reference_20260925T185133Z_2dfd2f_mappo_w128_seed3 updates 4585/6250 episodes, total num timesteps 14675200/20000000, FPS 9270.

average episode rewards is -114.08208465576172

 Scenario simple_spread Algo rmappo Exp reference_20260925T185133Z_2dfd2f_mappo_w128_seed3 updates 4590/6250 episodes, total num timesteps 14691200/20000000, FPS 9269.

average episode rewards is -111.08639526367188

 Scenario simple_spread Algo rmappo Exp reference_20260925T185133Z_2dfd2f_mappo_w128_seed3 updates 4595/6250 episodes, total num timesteps 14707200/20000000, FPS 9269.

average episode rewards is -114.87261962890625

 Scenario simple_spread Algo rmappo Exp reference_20260925T185133Z_2dfd2f_mappo_w128_seed3 updates 4600/6250 episodes, total num timesteps 14723200/20000000, FPS 9269.

average episode rewards is -114.04762268066406
eval average episode rewards of agent: -107.54069989943261
eval success rate: 1.0

 Scenario simple_spread Algo rmappo Exp reference_20260925T185133Z_2dfd2f_mappo_w128_seed3 updates 4605/6250 episodes, total num timesteps 14739200/20000000, FPS 9269.

average episode rewards is -113.08543395996094

 Scenario simple_spread Algo rmappo Exp reference_20260925T185133Z_2dfd2f_mappo_w128_seed3 updates 4610/6250 episodes, total num timesteps 14755200/20000000, FPS 9269.

average episode rewards is -114.0538101196289

 Scenario simple_spread Algo rmappo Exp reference_20260925T185133Z_2dfd2f_mappo_w128_seed3 updates 4615/6250 episodes, total num timesteps 14771200/20000000, FPS 9269.

average episode rewards is -113.50760650634766

 Scenario simple_spread Algo rmappo Exp reference_20260925T185133Z_2dfd2f_mappo_w128_seed3 updates 4620/6250 episodes, total num timesteps 14787200/20000000, FPS 9269.

average episode rewards is -112.39042663574219

 Scenario simple_spread Algo rmappo Exp reference_20260925T185133Z_2dfd2f_mappo_w128_seed3 updates 4625/6250 episodes, total num timesteps 14803200/20000000, FPS 9269.

average episode rewards is -115.22518157958984
eval average episode rewards of agent: -109.7103352669324
eval success rate: 0.9

 Scenario simple_spread Algo rmappo Exp reference_20260925T185133Z_2dfd2f_mappo_w128_seed3 updates 4630/6250 episodes, total num timesteps 14819200/20000000, FPS 9269.

average episode rewards is -113.37886810302734

 Scenario simple_spread Algo rmappo Exp reference_20260925T185133Z_2dfd2f_mappo_w128_seed3 updates 4635/6250 episodes, total num timesteps 14835200/20000000, FPS 9269.

average episode rewards is -113.24026489257812

 Scenario simple_spread Algo rmappo Exp reference_20260925T185133Z_2dfd2f_mappo_w128_seed3 updates 4640/6250 episodes, total num timesteps 14851200/20000000, FPS 9269.

average episode rewards is -113.05829620361328

 Scenario simple_spread Algo rmappo Exp reference_20260925T185133Z_2dfd2f_mappo_w128_seed3 updates 4645/6250 episodes, total num timesteps 14867200/20000000, FPS 9269.

average episode rewards is -114.46418762207031

 Scenario simple_spread Algo rmappo Exp reference_20260925T185133Z_2dfd2f_mappo_w128_seed3 updates 4650/6250 episodes, total num timesteps 14883200/20000000, FPS 9269.

average episode rewards is -115.66181182861328
eval average episode rewards of agent: -110.26923075503367
eval success rate: 1.0

 Scenario simple_spread Algo rmappo Exp reference_20260925T185133Z_2dfd2f_mappo_w128_seed3 updates 4655/6250 episodes, total num timesteps 14899200/20000000, FPS 9268.

average episode rewards is -113.99945068359375

 Scenario simple_spread Algo rmappo Exp reference_20260925T185133Z_2dfd2f_mappo_w128_seed3 updates 4660/6250 episodes, total num timesteps 14915200/20000000, FPS 9269.

average episode rewards is -111.43720245361328

 Scenario simple_spread Algo rmappo Exp reference_20260925T185133Z_2dfd2f_mappo_w128_seed3 updates 4665/6250 episodes, total num timesteps 14931200/20000000, FPS 9269.

average episode rewards is -114.7548828125

 Scenario simple_spread Algo rmappo Exp reference_20260925T185133Z_2dfd2f_mappo_w128_seed3 updates 4670/6250 episodes, total num timesteps 14947200/20000000, FPS 9269.

average episode rewards is -112.82976531982422

 Scenario simple_spread Algo rmappo Exp reference_20260925T185133Z_2dfd2f_mappo_w128_seed3 updates 4675/6250 episodes, total num timesteps 14963200/20000000, FPS 9269.

average episode rewards is -115.52781677246094
eval average episode rewards of agent: -108.23927963551282
eval success rate: 1.0

 Scenario simple_spread Algo rmappo Exp reference_20260925T185133Z_2dfd2f_mappo_w128_seed3 updates 4680/6250 episodes, total num timesteps 14979200/20000000, FPS 9269.

average episode rewards is -115.06553649902344

 Scenario simple_spread Algo rmappo Exp reference_20260925T185133Z_2dfd2f_mappo_w128_seed3 updates 4685/6250 episodes, total num timesteps 14995200/20000000, FPS 9269.

average episode rewards is -114.98638153076172

 Scenario simple_spread Algo rmappo Exp reference_20260925T185133Z_2dfd2f_mappo_w128_seed3 updates 4690/6250 episodes, total num timesteps 15011200/20000000, FPS 9269.

average episode rewards is -113.63321685791016

 Scenario simple_spread Algo rmappo Exp reference_20260925T185133Z_2dfd2f_mappo_w128_seed3 updates 4695/6250 episodes, total num timesteps 15027200/20000000, FPS 9269.

average episode rewards is -116.587890625

 Scenario simple_spread Algo rmappo Exp reference_20260925T185133Z_2dfd2f_mappo_w128_seed3 updates 4700/6250 episodes, total num timesteps 15043200/20000000, FPS 9269.

average episode rewards is -111.31521606445312
eval average episode rewards of agent: -117.4192187277515
eval success rate: 0.95

 Scenario simple_spread Algo rmappo Exp reference_20260925T185133Z_2dfd2f_mappo_w128_seed3 updates 4705/6250 episodes, total num timesteps 15059200/20000000, FPS 9269.

average episode rewards is -114.8466567993164

 Scenario simple_spread Algo rmappo Exp reference_20260925T185133Z_2dfd2f_mappo_w128_seed3 updates 4710/6250 episodes, total num timesteps 15075200/20000000, FPS 9268.

average episode rewards is -112.87578582763672

 Scenario simple_spread Algo rmappo Exp reference_20260925T185133Z_2dfd2f_mappo_w128_seed3 updates 4715/6250 episodes, total num timesteps 15091200/20000000, FPS 9268.

average episode rewards is -113.33773040771484

 Scenario simple_spread Algo rmappo Exp reference_20260925T185133Z_2dfd2f_mappo_w128_seed3 updates 4720/6250 episodes, total num timesteps 15107200/20000000, FPS 9268.

average episode rewards is -113.75465393066406

 Scenario simple_spread Algo rmappo Exp reference_20260925T185133Z_2dfd2f_mappo_w128_seed3 updates 4725/6250 episodes, total num timesteps 15123200/20000000, FPS 9269.

average episode rewards is -113.51432800292969
eval average episode rewards of agent: -114.11586847285734
eval success rate: 0.9

 Scenario simple_spread Algo rmappo Exp reference_20260925T185133Z_2dfd2f_mappo_w128_seed3 updates 4730/6250 episodes, total num timesteps 15139200/20000000, FPS 9268.

average episode rewards is -112.01324462890625

 Scenario simple_spread Algo rmappo Exp reference_20260925T185133Z_2dfd2f_mappo_w128_seed3 updates 4735/6250 episodes, total num timesteps 15155200/20000000, FPS 9269.

average episode rewards is -115.20915222167969

 Scenario simple_spread Algo rmappo Exp reference_20260925T185133Z_2dfd2f_mappo_w128_seed3 updates 4740/6250 episodes, total num timesteps 15171200/20000000, FPS 9269.

average episode rewards is -115.70169067382812

 Scenario simple_spread Algo rmappo Exp reference_20260925T185133Z_2dfd2f_mappo_w128_seed3 updates 4745/6250 episodes, total num timesteps 15187200/20000000, FPS 9269.

average episode rewards is -113.5752182006836

 Scenario simple_spread Algo rmappo Exp reference_20260925T185133Z_2dfd2f_mappo_w128_seed3 updates 4750/6250 episodes, total num timesteps 15203200/20000000, FPS 9269.

average episode rewards is -111.8922119140625
eval average episode rewards of agent: -112.0749148675769
eval success rate: 0.9

 Scenario simple_spread Algo rmappo Exp reference_20260925T185133Z_2dfd2f_mappo_w128_seed3 updates 4755/6250 episodes, total num timesteps 15219200/20000000, FPS 9268.

average episode rewards is -114.66368103027344

 Scenario simple_spread Algo rmappo Exp reference_20260925T185133Z_2dfd2f_mappo_w128_seed3 updates 4760/6250 episodes, total num timesteps 15235200/20000000, FPS 9268.

average episode rewards is -113.2594223022461

 Scenario simple_spread Algo rmappo Exp reference_20260925T185133Z_2dfd2f_mappo_w128_seed3 updates 4765/6250 episodes, total num timesteps 15251200/20000000, FPS 9268.

average episode rewards is -115.35144805908203

 Scenario simple_spread Algo rmappo Exp reference_20260925T185133Z_2dfd2f_mappo_w128_seed3 updates 4770/6250 episodes, total num timesteps 15267200/20000000, FPS 9268.

average episode rewards is -113.89788055419922

 Scenario simple_spread Algo rmappo Exp reference_20260925T185133Z_2dfd2f_mappo_w128_seed3 updates 4775/6250 episodes, total num timesteps 15283200/20000000, FPS 9268.

average episode rewards is -111.95890045166016
eval average episode rewards of agent: -112.42232972976632
eval success rate: 0.95

 Scenario simple_spread Algo rmappo Exp reference_20260925T185133Z_2dfd2f_mappo_w128_seed3 updates 4780/6250 episodes, total num timesteps 15299200/20000000, FPS 9268.

average episode rewards is -111.89286804199219

 Scenario simple_spread Algo rmappo Exp reference_20260925T185133Z_2dfd2f_mappo_w128_seed3 updates 4785/6250 episodes, total num timesteps 15315200/20000000, FPS 9268.

average episode rewards is -113.28414916992188

 Scenario simple_spread Algo rmappo Exp reference_20260925T185133Z_2dfd2f_mappo_w128_seed3 updates 4790/6250 episodes, total num timesteps 15331200/20000000, FPS 9268.

average episode rewards is -112.80386352539062

 Scenario simple_spread Algo rmappo Exp reference_20260925T185133Z_2dfd2f_mappo_w128_seed3 updates 4795/6250 episodes, total num timesteps 15347200/20000000, FPS 9268.

average episode rewards is -115.14128112792969

 Scenario simple_spread Algo rmappo Exp reference_20260925T185133Z_2dfd2f_mappo_w128_seed3 updates 4800/6250 episodes, total num timesteps 15363200/20000000, FPS 9268.

average episode rewards is -113.73634338378906
eval average episode rewards of agent: -113.7388335988844
eval success rate: 1.0

 Scenario simple_spread Algo rmappo Exp reference_20260925T185133Z_2dfd2f_mappo_w128_seed3 updates 4805/6250 episodes, total num timesteps 15379200/20000000, FPS 9268.

average episode rewards is -113.63575744628906

 Scenario simple_spread Algo rmappo Exp reference_20260925T185133Z_2dfd2f_mappo_w128_seed3 updates 4810/6250 episodes, total num timesteps 15395200/20000000, FPS 9268.

average episode rewards is -115.0233383178711

 Scenario simple_spread Algo rmappo Exp reference_20260925T185133Z_2dfd2f_mappo_w128_seed3 updates 4815/6250 episodes, total num timesteps 15411200/20000000, FPS 9269.

average episode rewards is -111.44771575927734

 Scenario simple_spread Algo rmappo Exp reference_20260925T185133Z_2dfd2f_mappo_w128_seed3 updates 4820/6250 episodes, total num timesteps 15427200/20000000, FPS 9269.

average episode rewards is -114.69324493408203

 Scenario simple_spread Algo rmappo Exp reference_20260925T185133Z_2dfd2f_mappo_w128_seed3 updates 4825/6250 episodes, total num timesteps 15443200/20000000, FPS 9269.

average episode rewards is -111.24345397949219
eval average episode rewards of agent: -116.32449182354965
eval success rate: 0.9

 Scenario simple_spread Algo rmappo Exp reference_20260925T185133Z_2dfd2f_mappo_w128_seed3 updates 4830/6250 episodes, total num timesteps 15459200/20000000, FPS 9268.

average episode rewards is -111.94627380371094

 Scenario simple_spread Algo rmappo Exp reference_20260925T185133Z_2dfd2f_mappo_w128_seed3 updates 4835/6250 episodes, total num timesteps 15475200/20000000, FPS 9268.

average episode rewards is -112.87581634521484

 Scenario simple_spread Algo rmappo Exp reference_20260925T185133Z_2dfd2f_mappo_w128_seed3 updates 4840/6250 episodes, total num timesteps 15491200/20000000, FPS 9268.

average episode rewards is -112.80083465576172

 Scenario simple_spread Algo rmappo Exp reference_20260925T185133Z_2dfd2f_mappo_w128_seed3 updates 4845/6250 episodes, total num timesteps 15507200/20000000, FPS 9268.

average episode rewards is -113.5579833984375

 Scenario simple_spread Algo rmappo Exp reference_20260925T185133Z_2dfd2f_mappo_w128_seed3 updates 4850/6250 episodes, total num timesteps 15523200/20000000, FPS 9268.

average episode rewards is -113.55518341064453
eval average episode rewards of agent: -113.50772674524086
eval success rate: 0.95

 Scenario simple_spread Algo rmappo Exp reference_20260925T185133Z_2dfd2f_mappo_w128_seed3 updates 4855/6250 episodes, total num timesteps 15539200/20000000, FPS 9268.

average episode rewards is -110.0818862915039

 Scenario simple_spread Algo rmappo Exp reference_20260925T185133Z_2dfd2f_mappo_w128_seed3 updates 4860/6250 episodes, total num timesteps 15555200/20000000, FPS 9268.

average episode rewards is -115.36002349853516

 Scenario simple_spread Algo rmappo Exp reference_20260925T185133Z_2dfd2f_mappo_w128_seed3 updates 4865/6250 episodes, total num timesteps 15571200/20000000, FPS 9268.

average episode rewards is -113.88651275634766

 Scenario simple_spread Algo rmappo Exp reference_20260925T185133Z_2dfd2f_mappo_w128_seed3 updates 4870/6250 episodes, total num timesteps 15587200/20000000, FPS 9268.

average episode rewards is -113.91455078125

 Scenario simple_spread Algo rmappo Exp reference_20260925T185133Z_2dfd2f_mappo_w128_seed3 updates 4875/6250 episodes, total num timesteps 15603200/20000000, FPS 9268.

average episode rewards is -115.3482894897461
eval average episode rewards of agent: -113.24572788332239
eval success rate: 1.0

 Scenario simple_spread Algo rmappo Exp reference_20260925T185133Z_2dfd2f_mappo_w128_seed3 updates 4880/6250 episodes, total num timesteps 15619200/20000000, FPS 9268.

average episode rewards is -116.83076477050781

 Scenario simple_spread Algo rmappo Exp reference_20260925T185133Z_2dfd2f_mappo_w128_seed3 updates 4885/6250 episodes, total num timesteps 15635200/20000000, FPS 9268.

average episode rewards is -113.83919525146484

 Scenario simple_spread Algo rmappo Exp reference_20260925T185133Z_2dfd2f_mappo_w128_seed3 updates 4890/6250 episodes, total num timesteps 15651200/20000000, FPS 9267.

average episode rewards is -114.26187896728516

 Scenario simple_spread Algo rmappo Exp reference_20260925T185133Z_2dfd2f_mappo_w128_seed3 updates 4895/6250 episodes, total num timesteps 15667200/20000000, FPS 9268.

average episode rewards is -116.16287231445312

 Scenario simple_spread Algo rmappo Exp reference_20260925T185133Z_2dfd2f_mappo_w128_seed3 updates 4900/6250 episodes, total num timesteps 15683200/20000000, FPS 9268.

average episode rewards is -110.90328979492188
eval average episode rewards of agent: -108.54576946832411
eval success rate: 0.8

 Scenario simple_spread Algo rmappo Exp reference_20260925T185133Z_2dfd2f_mappo_w128_seed3 updates 4905/6250 episodes, total num timesteps 15699200/20000000, FPS 9267.

average episode rewards is -115.05213928222656

 Scenario simple_spread Algo rmappo Exp reference_20260925T185133Z_2dfd2f_mappo_w128_seed3 updates 4910/6250 episodes, total num timesteps 15715200/20000000, FPS 9268.

average episode rewards is -113.58972930908203

 Scenario simple_spread Algo rmappo Exp reference_20260925T185133Z_2dfd2f_mappo_w128_seed3 updates 4915/6250 episodes, total num timesteps 15731200/20000000, FPS 9268.

average episode rewards is -114.29252624511719

 Scenario simple_spread Algo rmappo Exp reference_20260925T185133Z_2dfd2f_mappo_w128_seed3 updates 4920/6250 episodes, total num timesteps 15747200/20000000, FPS 9268.

average episode rewards is -114.59214782714844

 Scenario simple_spread Algo rmappo Exp reference_20260925T185133Z_2dfd2f_mappo_w128_seed3 updates 4925/6250 episodes, total num timesteps 15763200/20000000, FPS 9268.

average episode rewards is -113.66537475585938
eval average episode rewards of agent: -110.411815016245
eval success rate: 1.0

 Scenario simple_spread Algo rmappo Exp reference_20260925T185133Z_2dfd2f_mappo_w128_seed3 updates 4930/6250 episodes, total num timesteps 15779200/20000000, FPS 9267.

average episode rewards is -114.4576187133789

 Scenario simple_spread Algo rmappo Exp reference_20260925T185133Z_2dfd2f_mappo_w128_seed3 updates 4935/6250 episodes, total num timesteps 15795200/20000000, FPS 9267.

average episode rewards is -113.46411895751953

 Scenario simple_spread Algo rmappo Exp reference_20260925T185133Z_2dfd2f_mappo_w128_seed3 updates 4940/6250 episodes, total num timesteps 15811200/20000000, FPS 9268.

average episode rewards is -112.83463287353516

 Scenario simple_spread Algo rmappo Exp reference_20260925T185133Z_2dfd2f_mappo_w128_seed3 updates 4945/6250 episodes, total num timesteps 15827200/20000000, FPS 9268.

average episode rewards is -110.56156158447266

 Scenario simple_spread Algo rmappo Exp reference_20260925T185133Z_2dfd2f_mappo_w128_seed3 updates 4950/6250 episodes, total num timesteps 15843200/20000000, FPS 9267.

average episode rewards is -113.28453063964844
eval average episode rewards of agent: -118.08599659372429
eval success rate: 0.95

 Scenario simple_spread Algo rmappo Exp reference_20260925T185133Z_2dfd2f_mappo_w128_seed3 updates 4955/6250 episodes, total num timesteps 15859200/20000000, FPS 9267.

average episode rewards is -114.1688232421875

 Scenario simple_spread Algo rmappo Exp reference_20260925T185133Z_2dfd2f_mappo_w128_seed3 updates 4960/6250 episodes, total num timesteps 15875200/20000000, FPS 9267.

average episode rewards is -114.4622573852539

 Scenario simple_spread Algo rmappo Exp reference_20260925T185133Z_2dfd2f_mappo_w128_seed3 updates 4965/6250 episodes, total num timesteps 15891200/20000000, FPS 9267.

average episode rewards is -114.50579071044922

 Scenario simple_spread Algo rmappo Exp reference_20260925T185133Z_2dfd2f_mappo_w128_seed3 updates 4970/6250 episodes, total num timesteps 15907200/20000000, FPS 9267.

average episode rewards is -114.60965728759766

 Scenario simple_spread Algo rmappo Exp reference_20260925T185133Z_2dfd2f_mappo_w128_seed3 updates 4975/6250 episodes, total num timesteps 15923200/20000000, FPS 9268.

average episode rewards is -115.12281799316406
eval average episode rewards of agent: -108.89890382308575
eval success rate: 0.95

 Scenario simple_spread Algo rmappo Exp reference_20260925T185133Z_2dfd2f_mappo_w128_seed3 updates 4980/6250 episodes, total num timesteps 15939200/20000000, FPS 9267.

average episode rewards is -111.7794189453125

 Scenario simple_spread Algo rmappo Exp reference_20260925T185133Z_2dfd2f_mappo_w128_seed3 updates 4985/6250 episodes, total num timesteps 15955200/20000000, FPS 9268.

average episode rewards is -113.69586944580078

 Scenario simple_spread Algo rmappo Exp reference_20260925T185133Z_2dfd2f_mappo_w128_seed3 updates 4990/6250 episodes, total num timesteps 15971200/20000000, FPS 9268.

average episode rewards is -113.25554656982422

 Scenario simple_spread Algo rmappo Exp reference_20260925T185133Z_2dfd2f_mappo_w128_seed3 updates 4995/6250 episodes, total num timesteps 15987200/20000000, FPS 9268.

average episode rewards is -114.63362121582031

 Scenario simple_spread Algo rmappo Exp reference_20260925T185133Z_2dfd2f_mappo_w128_seed3 updates 5000/6250 episodes, total num timesteps 16003200/20000000, FPS 9268.

average episode rewards is -111.67696380615234
eval average episode rewards of agent: -109.01013088650666
eval success rate: 1.0

 Scenario simple_spread Algo rmappo Exp reference_20260925T185133Z_2dfd2f_mappo_w128_seed3 updates 5005/6250 episodes, total num timesteps 16019200/20000000, FPS 9268.

average episode rewards is -112.72747802734375

 Scenario simple_spread Algo rmappo Exp reference_20260925T185133Z_2dfd2f_mappo_w128_seed3 updates 5010/6250 episodes, total num timesteps 16035200/20000000, FPS 9267.

average episode rewards is -113.41202545166016

 Scenario simple_spread Algo rmappo Exp reference_20260925T185133Z_2dfd2f_mappo_w128_seed3 updates 5015/6250 episodes, total num timesteps 16051200/20000000, FPS 9267.

average episode rewards is -113.21983337402344

 Scenario simple_spread Algo rmappo Exp reference_20260925T185133Z_2dfd2f_mappo_w128_seed3 updates 5020/6250 episodes, total num timesteps 16067200/20000000, FPS 9268.

average episode rewards is -114.634765625

 Scenario simple_spread Algo rmappo Exp reference_20260925T185133Z_2dfd2f_mappo_w128_seed3 updates 5025/6250 episodes, total num timesteps 16083200/20000000, FPS 9268.

average episode rewards is -115.4730453491211
eval average episode rewards of agent: -112.14623615230491
eval success rate: 0.95

 Scenario simple_spread Algo rmappo Exp reference_20260925T185133Z_2dfd2f_mappo_w128_seed3 updates 5030/6250 episodes, total num timesteps 16099200/20000000, FPS 9268.

average episode rewards is -112.18318939208984

 Scenario simple_spread Algo rmappo Exp reference_20260925T185133Z_2dfd2f_mappo_w128_seed3 updates 5035/6250 episodes, total num timesteps 16115200/20000000, FPS 9268.

average episode rewards is -115.15072631835938

 Scenario simple_spread Algo rmappo Exp reference_20260925T185133Z_2dfd2f_mappo_w128_seed3 updates 5040/6250 episodes, total num timesteps 16131200/20000000, FPS 9268.

average episode rewards is -113.85824584960938

 Scenario simple_spread Algo rmappo Exp reference_20260925T185133Z_2dfd2f_mappo_w128_seed3 updates 5045/6250 episodes, total num timesteps 16147200/20000000, FPS 9268.

average episode rewards is -113.52994537353516

 Scenario simple_spread Algo rmappo Exp reference_20260925T185133Z_2dfd2f_mappo_w128_seed3 updates 5050/6250 episodes, total num timesteps 16163200/20000000, FPS 9268.

average episode rewards is -114.54989624023438
eval average episode rewards of agent: -118.72176163781302
eval success rate: 0.85

 Scenario simple_spread Algo rmappo Exp reference_20260925T185133Z_2dfd2f_mappo_w128_seed3 updates 5055/6250 episodes, total num timesteps 16179200/20000000, FPS 9268.

average episode rewards is -113.06995391845703

 Scenario simple_spread Algo rmappo Exp reference_20260925T185133Z_2dfd2f_mappo_w128_seed3 updates 5060/6250 episodes, total num timesteps 16195200/20000000, FPS 9268.

average episode rewards is -111.66049194335938

 Scenario simple_spread Algo rmappo Exp reference_20260925T185133Z_2dfd2f_mappo_w128_seed3 updates 5065/6250 episodes, total num timesteps 16211200/20000000, FPS 9268.

average episode rewards is -112.37210083007812

 Scenario simple_spread Algo rmappo Exp reference_20260925T185133Z_2dfd2f_mappo_w128_seed3 updates 5070/6250 episodes, total num timesteps 16227200/20000000, FPS 9267.

average episode rewards is -111.57244110107422

 Scenario simple_spread Algo rmappo Exp reference_20260925T185133Z_2dfd2f_mappo_w128_seed3 updates 5075/6250 episodes, total num timesteps 16243200/20000000, FPS 9268.

average episode rewards is -111.959716796875
eval average episode rewards of agent: -117.67969842653648
eval success rate: 0.85

 Scenario simple_spread Algo rmappo Exp reference_20260925T185133Z_2dfd2f_mappo_w128_seed3 updates 5080/6250 episodes, total num timesteps 16259200/20000000, FPS 9267.

average episode rewards is -114.8636245727539

 Scenario simple_spread Algo rmappo Exp reference_20260925T185133Z_2dfd2f_mappo_w128_seed3 updates 5085/6250 episodes, total num timesteps 16275200/20000000, FPS 9267.

average episode rewards is -115.16410064697266

 Scenario simple_spread Algo rmappo Exp reference_20260925T185133Z_2dfd2f_mappo_w128_seed3 updates 5090/6250 episodes, total num timesteps 16291200/20000000, FPS 9268.

average episode rewards is -113.47510528564453

 Scenario simple_spread Algo rmappo Exp reference_20260925T185133Z_2dfd2f_mappo_w128_seed3 updates 5095/6250 episodes, total num timesteps 16307200/20000000, FPS 9268.

average episode rewards is -113.53260040283203

 Scenario simple_spread Algo rmappo Exp reference_20260925T185133Z_2dfd2f_mappo_w128_seed3 updates 5100/6250 episodes, total num timesteps 16323200/20000000, FPS 9268.

average episode rewards is -111.7771987915039
eval average episode rewards of agent: -116.43848567462561
eval success rate: 0.95

 Scenario simple_spread Algo rmappo Exp reference_20260925T185133Z_2dfd2f_mappo_w128_seed3 updates 5105/6250 episodes, total num timesteps 16339200/20000000, FPS 9268.

average episode rewards is -113.97096252441406

 Scenario simple_spread Algo rmappo Exp reference_20260925T185133Z_2dfd2f_mappo_w128_seed3 updates 5110/6250 episodes, total num timesteps 16355200/20000000, FPS 9268.

average episode rewards is -113.9258041381836

 Scenario simple_spread Algo rmappo Exp reference_20260925T185133Z_2dfd2f_mappo_w128_seed3 updates 5115/6250 episodes, total num timesteps 16371200/20000000, FPS 9268.

average episode rewards is -115.22492980957031

 Scenario simple_spread Algo rmappo Exp reference_20260925T185133Z_2dfd2f_mappo_w128_seed3 updates 5120/6250 episodes, total num timesteps 16387200/20000000, FPS 9268.

average episode rewards is -112.22502136230469

 Scenario simple_spread Algo rmappo Exp reference_20260925T185133Z_2dfd2f_mappo_w128_seed3 updates 5125/6250 episodes, total num timesteps 16403200/20000000, FPS 9268.

average episode rewards is -110.58915710449219
eval average episode rewards of agent: -115.75269592730105
eval success rate: 0.95

 Scenario simple_spread Algo rmappo Exp reference_20260925T185133Z_2dfd2f_mappo_w128_seed3 updates 5130/6250 episodes, total num timesteps 16419200/20000000, FPS 9267.

average episode rewards is -114.56156921386719

 Scenario simple_spread Algo rmappo Exp reference_20260925T185133Z_2dfd2f_mappo_w128_seed3 updates 5135/6250 episodes, total num timesteps 16435200/20000000, FPS 9267.

average episode rewards is -112.19778442382812

 Scenario simple_spread Algo rmappo Exp reference_20260925T185133Z_2dfd2f_mappo_w128_seed3 updates 5140/6250 episodes, total num timesteps 16451200/20000000, FPS 9267.

average episode rewards is -112.84281158447266

 Scenario simple_spread Algo rmappo Exp reference_20260925T185133Z_2dfd2f_mappo_w128_seed3 updates 5145/6250 episodes, total num timesteps 16467200/20000000, FPS 9267.

average episode rewards is -108.95625305175781

 Scenario simple_spread Algo rmappo Exp reference_20260925T185133Z_2dfd2f_mappo_w128_seed3 updates 5150/6250 episodes, total num timesteps 16483200/20000000, FPS 9267.

average episode rewards is -113.8930892944336
eval average episode rewards of agent: -114.32251336151299
eval success rate: 1.0

 Scenario simple_spread Algo rmappo Exp reference_20260925T185133Z_2dfd2f_mappo_w128_seed3 updates 5155/6250 episodes, total num timesteps 16499200/20000000, FPS 9267.

average episode rewards is -111.6734390258789

 Scenario simple_spread Algo rmappo Exp reference_20260925T185133Z_2dfd2f_mappo_w128_seed3 updates 5160/6250 episodes, total num timesteps 16515200/20000000, FPS 9267.

average episode rewards is -113.49325561523438

 Scenario simple_spread Algo rmappo Exp reference_20260925T185133Z_2dfd2f_mappo_w128_seed3 updates 5165/6250 episodes, total num timesteps 16531200/20000000, FPS 9267.

average episode rewards is -114.68850708007812

 Scenario simple_spread Algo rmappo Exp reference_20260925T185133Z_2dfd2f_mappo_w128_seed3 updates 5170/6250 episodes, total num timesteps 16547200/20000000, FPS 9268.

average episode rewards is -112.95913696289062

 Scenario simple_spread Algo rmappo Exp reference_20260925T185133Z_2dfd2f_mappo_w128_seed3 updates 5175/6250 episodes, total num timesteps 16563200/20000000, FPS 9268.

average episode rewards is -113.13905334472656
eval average episode rewards of agent: -110.14886446110212
eval success rate: 0.9

 Scenario simple_spread Algo rmappo Exp reference_20260925T185133Z_2dfd2f_mappo_w128_seed3 updates 5180/6250 episodes, total num timesteps 16579200/20000000, FPS 9268.

average episode rewards is -114.60918426513672

 Scenario simple_spread Algo rmappo Exp reference_20260925T185133Z_2dfd2f_mappo_w128_seed3 updates 5185/6250 episodes, total num timesteps 16595200/20000000, FPS 9268.

average episode rewards is -112.82543182373047

 Scenario simple_spread Algo rmappo Exp reference_20260925T185133Z_2dfd2f_mappo_w128_seed3 updates 5190/6250 episodes, total num timesteps 16611200/20000000, FPS 9267.

average episode rewards is -111.90339660644531

 Scenario simple_spread Algo rmappo Exp reference_20260925T185133Z_2dfd2f_mappo_w128_seed3 updates 5195/6250 episodes, total num timesteps 16627200/20000000, FPS 9267.

average episode rewards is -113.31071472167969

 Scenario simple_spread Algo rmappo Exp reference_20260925T185133Z_2dfd2f_mappo_w128_seed3 updates 5200/6250 episodes, total num timesteps 16643200/20000000, FPS 9267.

average episode rewards is -111.68558502197266
eval average episode rewards of agent: -112.833994590573
eval success rate: 1.0

 Scenario simple_spread Algo rmappo Exp reference_20260925T185133Z_2dfd2f_mappo_w128_seed3 updates 5205/6250 episodes, total num timesteps 16659200/20000000, FPS 9267.

average episode rewards is -114.6968002319336

 Scenario simple_spread Algo rmappo Exp reference_20260925T185133Z_2dfd2f_mappo_w128_seed3 updates 5210/6250 episodes, total num timesteps 16675200/20000000, FPS 9267.

average episode rewards is -112.98285675048828

 Scenario simple_spread Algo rmappo Exp reference_20260925T185133Z_2dfd2f_mappo_w128_seed3 updates 5215/6250 episodes, total num timesteps 16691200/20000000, FPS 9267.

average episode rewards is -113.06880950927734

 Scenario simple_spread Algo rmappo Exp reference_20260925T185133Z_2dfd2f_mappo_w128_seed3 updates 5220/6250 episodes, total num timesteps 16707200/20000000, FPS 9267.

average episode rewards is -114.33154296875

 Scenario simple_spread Algo rmappo Exp reference_20260925T185133Z_2dfd2f_mappo_w128_seed3 updates 5225/6250 episodes, total num timesteps 16723200/20000000, FPS 9267.

average episode rewards is -113.37651062011719
eval average episode rewards of agent: -117.38555691213323
eval success rate: 1.0

 Scenario simple_spread Algo rmappo Exp reference_20260925T185133Z_2dfd2f_mappo_w128_seed3 updates 5230/6250 episodes, total num timesteps 16739200/20000000, FPS 9267.

average episode rewards is -112.68695831298828

 Scenario simple_spread Algo rmappo Exp reference_20260925T185133Z_2dfd2f_mappo_w128_seed3 updates 5235/6250 episodes, total num timesteps 16755200/20000000, FPS 9267.

average episode rewards is -112.83281707763672

 Scenario simple_spread Algo rmappo Exp reference_20260925T185133Z_2dfd2f_mappo_w128_seed3 updates 5240/6250 episodes, total num timesteps 16771200/20000000, FPS 9267.

average episode rewards is -112.63947296142578

 Scenario simple_spread Algo rmappo Exp reference_20260925T185133Z_2dfd2f_mappo_w128_seed3 updates 5245/6250 episodes, total num timesteps 16787200/20000000, FPS 9267.

average episode rewards is -112.54898071289062

 Scenario simple_spread Algo rmappo Exp reference_20260925T185133Z_2dfd2f_mappo_w128_seed3 updates 5250/6250 episodes, total num timesteps 16803200/20000000, FPS 9267.

average episode rewards is -114.7420883178711
eval average episode rewards of agent: -113.8287718782894
eval success rate: 0.75

 Scenario simple_spread Algo rmappo Exp reference_20260925T185133Z_2dfd2f_mappo_w128_seed3 updates 5255/6250 episodes, total num timesteps 16819200/20000000, FPS 9267.

average episode rewards is -114.35320281982422

 Scenario simple_spread Algo rmappo Exp reference_20260925T185133Z_2dfd2f_mappo_w128_seed3 updates 5260/6250 episodes, total num timesteps 16835200/20000000, FPS 9267.

average episode rewards is -112.44829559326172

 Scenario simple_spread Algo rmappo Exp reference_20260925T185133Z_2dfd2f_mappo_w128_seed3 updates 5265/6250 episodes, total num timesteps 16851200/20000000, FPS 9267.

average episode rewards is -112.35923767089844

 Scenario simple_spread Algo rmappo Exp reference_20260925T185133Z_2dfd2f_mappo_w128_seed3 updates 5270/6250 episodes, total num timesteps 16867200/20000000, FPS 9267.

average episode rewards is -113.68622589111328

 Scenario simple_spread Algo rmappo Exp reference_20260925T185133Z_2dfd2f_mappo_w128_seed3 updates 5275/6250 episodes, total num timesteps 16883200/20000000, FPS 9267.

average episode rewards is -112.7168197631836
eval average episode rewards of agent: -109.78462968370883
eval success rate: 1.0

 Scenario simple_spread Algo rmappo Exp reference_20260925T185133Z_2dfd2f_mappo_w128_seed3 updates 5280/6250 episodes, total num timesteps 16899200/20000000, FPS 9267.

average episode rewards is -113.5851058959961

 Scenario simple_spread Algo rmappo Exp reference_20260925T185133Z_2dfd2f_mappo_w128_seed3 updates 5285/6250 episodes, total num timesteps 16915200/20000000, FPS 9267.

average episode rewards is -115.33061218261719

 Scenario simple_spread Algo rmappo Exp reference_20260925T185133Z_2dfd2f_mappo_w128_seed3 updates 5290/6250 episodes, total num timesteps 16931200/20000000, FPS 9267.

average episode rewards is -114.48160552978516

 Scenario simple_spread Algo rmappo Exp reference_20260925T185133Z_2dfd2f_mappo_w128_seed3 updates 5295/6250 episodes, total num timesteps 16947200/20000000, FPS 9267.

average episode rewards is -113.80792999267578

 Scenario simple_spread Algo rmappo Exp reference_20260925T185133Z_2dfd2f_mappo_w128_seed3 updates 5300/6250 episodes, total num timesteps 16963200/20000000, FPS 9267.

average episode rewards is -111.76829528808594
eval average episode rewards of agent: -121.10660575982023
eval success rate: 0.9

 Scenario simple_spread Algo rmappo Exp reference_20260925T185133Z_2dfd2f_mappo_w128_seed3 updates 5305/6250 episodes, total num timesteps 16979200/20000000, FPS 9267.

average episode rewards is -111.80764770507812

 Scenario simple_spread Algo rmappo Exp reference_20260925T185133Z_2dfd2f_mappo_w128_seed3 updates 5310/6250 episodes, total num timesteps 16995200/20000000, FPS 9267.

average episode rewards is -110.87027740478516

 Scenario simple_spread Algo rmappo Exp reference_20260925T185133Z_2dfd2f_mappo_w128_seed3 updates 5315/6250 episodes, total num timesteps 17011200/20000000, FPS 9267.

average episode rewards is -112.0649185180664

 Scenario simple_spread Algo rmappo Exp reference_20260925T185133Z_2dfd2f_mappo_w128_seed3 updates 5320/6250 episodes, total num timesteps 17027200/20000000, FPS 9267.

average episode rewards is -111.49954986572266

 Scenario simple_spread Algo rmappo Exp reference_20260925T185133Z_2dfd2f_mappo_w128_seed3 updates 5325/6250 episodes, total num timesteps 17043200/20000000, FPS 9267.

average episode rewards is -112.91639709472656
eval average episode rewards of agent: -112.76353241296958
eval success rate: 0.9

 Scenario simple_spread Algo rmappo Exp reference_20260925T185133Z_2dfd2f_mappo_w128_seed3 updates 5330/6250 episodes, total num timesteps 17059200/20000000, FPS 9266.

average episode rewards is -113.0235824584961

 Scenario simple_spread Algo rmappo Exp reference_20260925T185133Z_2dfd2f_mappo_w128_seed3 updates 5335/6250 episodes, total num timesteps 17075200/20000000, FPS 9266.

average episode rewards is -112.32568359375

 Scenario simple_spread Algo rmappo Exp reference_20260925T185133Z_2dfd2f_mappo_w128_seed3 updates 5340/6250 episodes, total num timesteps 17091200/20000000, FPS 9267.

average episode rewards is -110.91317749023438

 Scenario simple_spread Algo rmappo Exp reference_20260925T185133Z_2dfd2f_mappo_w128_seed3 updates 5345/6250 episodes, total num timesteps 17107200/20000000, FPS 9267.

average episode rewards is -113.33590698242188

 Scenario simple_spread Algo rmappo Exp reference_20260925T185133Z_2dfd2f_mappo_w128_seed3 updates 5350/6250 episodes, total num timesteps 17123200/20000000, FPS 9267.

average episode rewards is -112.6012954711914
eval average episode rewards of agent: -111.57958747778547
eval success rate: 0.9

 Scenario simple_spread Algo rmappo Exp reference_20260925T185133Z_2dfd2f_mappo_w128_seed3 updates 5355/6250 episodes, total num timesteps 17139200/20000000, FPS 9266.

average episode rewards is -116.26081848144531

 Scenario simple_spread Algo rmappo Exp reference_20260925T185133Z_2dfd2f_mappo_w128_seed3 updates 5360/6250 episodes, total num timesteps 17155200/20000000, FPS 9266.

average episode rewards is -112.77709197998047

 Scenario simple_spread Algo rmappo Exp reference_20260925T185133Z_2dfd2f_mappo_w128_seed3 updates 5365/6250 episodes, total num timesteps 17171200/20000000, FPS 9266.

average episode rewards is -111.8733901977539

 Scenario simple_spread Algo rmappo Exp reference_20260925T185133Z_2dfd2f_mappo_w128_seed3 updates 5370/6250 episodes, total num timesteps 17187200/20000000, FPS 9266.

average episode rewards is -114.69422912597656

 Scenario simple_spread Algo rmappo Exp reference_20260925T185133Z_2dfd2f_mappo_w128_seed3 updates 5375/6250 episodes, total num timesteps 17203200/20000000, FPS 9266.

average episode rewards is -113.5721664428711
eval average episode rewards of agent: -107.39486908065368
eval success rate: 0.95

 Scenario simple_spread Algo rmappo Exp reference_20260925T185133Z_2dfd2f_mappo_w128_seed3 updates 5380/6250 episodes, total num timesteps 17219200/20000000, FPS 9266.

average episode rewards is -114.28193664550781

 Scenario simple_spread Algo rmappo Exp reference_20260925T185133Z_2dfd2f_mappo_w128_seed3 updates 5385/6250 episodes, total num timesteps 17235200/20000000, FPS 9266.

average episode rewards is -111.1644058227539

 Scenario simple_spread Algo rmappo Exp reference_20260925T185133Z_2dfd2f_mappo_w128_seed3 updates 5390/6250 episodes, total num timesteps 17251200/20000000, FPS 9266.

average episode rewards is -113.83242797851562

 Scenario simple_spread Algo rmappo Exp reference_20260925T185133Z_2dfd2f_mappo_w128_seed3 updates 5395/6250 episodes, total num timesteps 17267200/20000000, FPS 9266.

average episode rewards is -111.3138656616211

 Scenario simple_spread Algo rmappo Exp reference_20260925T185133Z_2dfd2f_mappo_w128_seed3 updates 5400/6250 episodes, total num timesteps 17283200/20000000, FPS 9266.

average episode rewards is -114.66414642333984
eval average episode rewards of agent: -113.77666973944828
eval success rate: 1.0

 Scenario simple_spread Algo rmappo Exp reference_20260925T185133Z_2dfd2f_mappo_w128_seed3 updates 5405/6250 episodes, total num timesteps 17299200/20000000, FPS 9266.

average episode rewards is -114.54692077636719

 Scenario simple_spread Algo rmappo Exp reference_20260925T185133Z_2dfd2f_mappo_w128_seed3 updates 5410/6250 episodes, total num timesteps 17315200/20000000, FPS 9266.

average episode rewards is -110.714111328125

 Scenario simple_spread Algo rmappo Exp reference_20260925T185133Z_2dfd2f_mappo_w128_seed3 updates 5415/6250 episodes, total num timesteps 17331200/20000000, FPS 9266.

average episode rewards is -115.86695861816406

 Scenario simple_spread Algo rmappo Exp reference_20260925T185133Z_2dfd2f_mappo_w128_seed3 updates 5420/6250 episodes, total num timesteps 17347200/20000000, FPS 9266.

average episode rewards is -114.48985290527344

 Scenario simple_spread Algo rmappo Exp reference_20260925T185133Z_2dfd2f_mappo_w128_seed3 updates 5425/6250 episodes, total num timesteps 17363200/20000000, FPS 9266.

average episode rewards is -113.60458374023438
eval average episode rewards of agent: -116.70054279105138
eval success rate: 0.95

 Scenario simple_spread Algo rmappo Exp reference_20260925T185133Z_2dfd2f_mappo_w128_seed3 updates 5430/6250 episodes, total num timesteps 17379200/20000000, FPS 9266.

average episode rewards is -112.9647216796875

 Scenario simple_spread Algo rmappo Exp reference_20260925T185133Z_2dfd2f_mappo_w128_seed3 updates 5435/6250 episodes, total num timesteps 17395200/20000000, FPS 9265.

average episode rewards is -111.97669219970703

 Scenario simple_spread Algo rmappo Exp reference_20260925T185133Z_2dfd2f_mappo_w128_seed3 updates 5440/6250 episodes, total num timesteps 17411200/20000000, FPS 9265.

average episode rewards is -113.1418685913086

 Scenario simple_spread Algo rmappo Exp reference_20260925T185133Z_2dfd2f_mappo_w128_seed3 updates 5445/6250 episodes, total num timesteps 17427200/20000000, FPS 9265.

average episode rewards is -113.18690490722656

 Scenario simple_spread Algo rmappo Exp reference_20260925T185133Z_2dfd2f_mappo_w128_seed3 updates 5450/6250 episodes, total num timesteps 17443200/20000000, FPS 9265.

average episode rewards is -115.51335144042969
eval average episode rewards of agent: -107.08184733303958
eval success rate: 1.0

 Scenario simple_spread Algo rmappo Exp reference_20260925T185133Z_2dfd2f_mappo_w128_seed3 updates 5455/6250 episodes, total num timesteps 17459200/20000000, FPS 9265.

average episode rewards is -113.05164337158203

 Scenario simple_spread Algo rmappo Exp reference_20260925T185133Z_2dfd2f_mappo_w128_seed3 updates 5460/6250 episodes, total num timesteps 17475200/20000000, FPS 9265.

average episode rewards is -112.8428955078125

 Scenario simple_spread Algo rmappo Exp reference_20260925T185133Z_2dfd2f_mappo_w128_seed3 updates 5465/6250 episodes, total num timesteps 17491200/20000000, FPS 9265.

average episode rewards is -113.2992172241211

 Scenario simple_spread Algo rmappo Exp reference_20260925T185133Z_2dfd2f_mappo_w128_seed3 updates 5470/6250 episodes, total num timesteps 17507200/20000000, FPS 9266.

average episode rewards is -114.71265411376953

 Scenario simple_spread Algo rmappo Exp reference_20260925T185133Z_2dfd2f_mappo_w128_seed3 updates 5475/6250 episodes, total num timesteps 17523200/20000000, FPS 9266.

average episode rewards is -112.81987762451172
eval average episode rewards of agent: -111.57669349003157
eval success rate: 1.0

 Scenario simple_spread Algo rmappo Exp reference_20260925T185133Z_2dfd2f_mappo_w128_seed3 updates 5480/6250 episodes, total num timesteps 17539200/20000000, FPS 9265.

average episode rewards is -114.05497741699219

 Scenario simple_spread Algo rmappo Exp reference_20260925T185133Z_2dfd2f_mappo_w128_seed3 updates 5485/6250 episodes, total num timesteps 17555200/20000000, FPS 9265.

average episode rewards is -111.1231460571289

 Scenario simple_spread Algo rmappo Exp reference_20260925T185133Z_2dfd2f_mappo_w128_seed3 updates 5490/6250 episodes, total num timesteps 17571200/20000000, FPS 9265.

average episode rewards is -112.59477233886719

 Scenario simple_spread Algo rmappo Exp reference_20260925T185133Z_2dfd2f_mappo_w128_seed3 updates 5495/6250 episodes, total num timesteps 17587200/20000000, FPS 9265.

average episode rewards is -115.69099426269531

 Scenario simple_spread Algo rmappo Exp reference_20260925T185133Z_2dfd2f_mappo_w128_seed3 updates 5500/6250 episodes, total num timesteps 17603200/20000000, FPS 9265.

average episode rewards is -112.44525909423828
eval average episode rewards of agent: -112.99271943170649
eval success rate: 0.9

 Scenario simple_spread Algo rmappo Exp reference_20260925T185133Z_2dfd2f_mappo_w128_seed3 updates 5505/6250 episodes, total num timesteps 17619200/20000000, FPS 9264.

average episode rewards is -112.62781524658203

 Scenario simple_spread Algo rmappo Exp reference_20260925T185133Z_2dfd2f_mappo_w128_seed3 updates 5510/6250 episodes, total num timesteps 17635200/20000000, FPS 9264.

average episode rewards is -114.16490173339844

 Scenario simple_spread Algo rmappo Exp reference_20260925T185133Z_2dfd2f_mappo_w128_seed3 updates 5515/6250 episodes, total num timesteps 17651200/20000000, FPS 9264.

average episode rewards is -113.97312927246094

 Scenario simple_spread Algo rmappo Exp reference_20260925T185133Z_2dfd2f_mappo_w128_seed3 updates 5520/6250 episodes, total num timesteps 17667200/20000000, FPS 9264.

average episode rewards is -112.94649505615234

 Scenario simple_spread Algo rmappo Exp reference_20260925T185133Z_2dfd2f_mappo_w128_seed3 updates 5525/6250 episodes, total num timesteps 17683200/20000000, FPS 9264.

average episode rewards is -113.9055404663086
eval average episode rewards of agent: -107.47811238491131
eval success rate: 1.0

 Scenario simple_spread Algo rmappo Exp reference_20260925T185133Z_2dfd2f_mappo_w128_seed3 updates 5530/6250 episodes, total num timesteps 17699200/20000000, FPS 9264.

average episode rewards is -110.7458267211914

 Scenario simple_spread Algo rmappo Exp reference_20260925T185133Z_2dfd2f_mappo_w128_seed3 updates 5535/6250 episodes, total num timesteps 17715200/20000000, FPS 9264.

average episode rewards is -113.52391052246094

 Scenario simple_spread Algo rmappo Exp reference_20260925T185133Z_2dfd2f_mappo_w128_seed3 updates 5540/6250 episodes, total num timesteps 17731200/20000000, FPS 9264.

average episode rewards is -110.47685241699219

 Scenario simple_spread Algo rmappo Exp reference_20260925T185133Z_2dfd2f_mappo_w128_seed3 updates 5545/6250 episodes, total num timesteps 17747200/20000000, FPS 9264.

average episode rewards is -113.27652740478516

 Scenario simple_spread Algo rmappo Exp reference_20260925T185133Z_2dfd2f_mappo_w128_seed3 updates 5550/6250 episodes, total num timesteps 17763200/20000000, FPS 9265.

average episode rewards is -112.03594207763672
eval average episode rewards of agent: -112.75272748031904
eval success rate: 1.0

 Scenario simple_spread Algo rmappo Exp reference_20260925T185133Z_2dfd2f_mappo_w128_seed3 updates 5555/6250 episodes, total num timesteps 17779200/20000000, FPS 9264.

average episode rewards is -111.8035888671875

 Scenario simple_spread Algo rmappo Exp reference_20260925T185133Z_2dfd2f_mappo_w128_seed3 updates 5560/6250 episodes, total num timesteps 17795200/20000000, FPS 9264.

average episode rewards is -112.29487609863281

 Scenario simple_spread Algo rmappo Exp reference_20260925T185133Z_2dfd2f_mappo_w128_seed3 updates 5565/6250 episodes, total num timesteps 17811200/20000000, FPS 9264.

average episode rewards is -113.9760513305664

 Scenario simple_spread Algo rmappo Exp reference_20260925T185133Z_2dfd2f_mappo_w128_seed3 updates 5570/6250 episodes, total num timesteps 17827200/20000000, FPS 9264.

average episode rewards is -114.4536361694336

 Scenario simple_spread Algo rmappo Exp reference_20260925T185133Z_2dfd2f_mappo_w128_seed3 updates 5575/6250 episodes, total num timesteps 17843200/20000000, FPS 9264.

average episode rewards is -111.6465835571289
eval average episode rewards of agent: -111.95697251239889
eval success rate: 0.8

 Scenario simple_spread Algo rmappo Exp reference_20260925T185133Z_2dfd2f_mappo_w128_seed3 updates 5580/6250 episodes, total num timesteps 17859200/20000000, FPS 9264.

average episode rewards is -113.69911193847656

 Scenario simple_spread Algo rmappo Exp reference_20260925T185133Z_2dfd2f_mappo_w128_seed3 updates 5585/6250 episodes, total num timesteps 17875200/20000000, FPS 9264.

average episode rewards is -113.36210632324219

 Scenario simple_spread Algo rmappo Exp reference_20260925T185133Z_2dfd2f_mappo_w128_seed3 updates 5590/6250 episodes, total num timesteps 17891200/20000000, FPS 9264.

average episode rewards is -111.11183166503906

 Scenario simple_spread Algo rmappo Exp reference_20260925T185133Z_2dfd2f_mappo_w128_seed3 updates 5595/6250 episodes, total num timesteps 17907200/20000000, FPS 9264.

average episode rewards is -112.25810241699219

 Scenario simple_spread Algo rmappo Exp reference_20260925T185133Z_2dfd2f_mappo_w128_seed3 updates 5600/6250 episodes, total num timesteps 17923200/20000000, FPS 9264.

average episode rewards is -111.99815368652344
eval average episode rewards of agent: -109.8365496483338
eval success rate: 0.85

 Scenario simple_spread Algo rmappo Exp reference_20260925T185133Z_2dfd2f_mappo_w128_seed3 updates 5605/6250 episodes, total num timesteps 17939200/20000000, FPS 9264.

average episode rewards is -113.22232818603516

 Scenario simple_spread Algo rmappo Exp reference_20260925T185133Z_2dfd2f_mappo_w128_seed3 updates 5610/6250 episodes, total num timesteps 17955200/20000000, FPS 9264.

average episode rewards is -113.97278594970703

 Scenario simple_spread Algo rmappo Exp reference_20260925T185133Z_2dfd2f_mappo_w128_seed3 updates 5615/6250 episodes, total num timesteps 17971200/20000000, FPS 9263.

average episode rewards is -113.78638458251953

 Scenario simple_spread Algo rmappo Exp reference_20260925T185133Z_2dfd2f_mappo_w128_seed3 updates 5620/6250 episodes, total num timesteps 17987200/20000000, FPS 9263.

average episode rewards is -112.94530487060547

 Scenario simple_spread Algo rmappo Exp reference_20260925T185133Z_2dfd2f_mappo_w128_seed3 updates 5625/6250 episodes, total num timesteps 18003200/20000000, FPS 9263.

average episode rewards is -112.43082427978516
eval average episode rewards of agent: -112.10956317351939
eval success rate: 0.95

 Scenario simple_spread Algo rmappo Exp reference_20260925T185133Z_2dfd2f_mappo_w128_seed3 updates 5630/6250 episodes, total num timesteps 18019200/20000000, FPS 9263.

average episode rewards is -114.74638366699219

 Scenario simple_spread Algo rmappo Exp reference_20260925T185133Z_2dfd2f_mappo_w128_seed3 updates 5635/6250 episodes, total num timesteps 18035200/20000000, FPS 9263.

average episode rewards is -111.99977111816406

 Scenario simple_spread Algo rmappo Exp reference_20260925T185133Z_2dfd2f_mappo_w128_seed3 updates 5640/6250 episodes, total num timesteps 18051200/20000000, FPS 9263.

average episode rewards is -110.99067687988281

 Scenario simple_spread Algo rmappo Exp reference_20260925T185133Z_2dfd2f_mappo_w128_seed3 updates 5645/6250 episodes, total num timesteps 18067200/20000000, FPS 9263.

average episode rewards is -112.7582778930664

 Scenario simple_spread Algo rmappo Exp reference_20260925T185133Z_2dfd2f_mappo_w128_seed3 updates 5650/6250 episodes, total num timesteps 18083200/20000000, FPS 9263.

average episode rewards is -111.75252532958984
eval average episode rewards of agent: -115.40566784959353
eval success rate: 0.9

 Scenario simple_spread Algo rmappo Exp reference_20260925T185133Z_2dfd2f_mappo_w128_seed3 updates 5655/6250 episodes, total num timesteps 18099200/20000000, FPS 9263.

average episode rewards is -113.18309020996094

 Scenario simple_spread Algo rmappo Exp reference_20260925T185133Z_2dfd2f_mappo_w128_seed3 updates 5660/6250 episodes, total num timesteps 18115200/20000000, FPS 9263.

average episode rewards is -112.43659210205078

 Scenario simple_spread Algo rmappo Exp reference_20260925T185133Z_2dfd2f_mappo_w128_seed3 updates 5665/6250 episodes, total num timesteps 18131200/20000000, FPS 9263.

average episode rewards is -112.58699798583984

 Scenario simple_spread Algo rmappo Exp reference_20260925T185133Z_2dfd2f_mappo_w128_seed3 updates 5670/6250 episodes, total num timesteps 18147200/20000000, FPS 9263.

average episode rewards is -114.55667877197266

 Scenario simple_spread Algo rmappo Exp reference_20260925T185133Z_2dfd2f_mappo_w128_seed3 updates 5675/6250 episodes, total num timesteps 18163200/20000000, FPS 9263.

average episode rewards is -112.3342056274414
eval average episode rewards of agent: -112.07284744324724
eval success rate: 0.95

 Scenario simple_spread Algo rmappo Exp reference_20260925T185133Z_2dfd2f_mappo_w128_seed3 updates 5680/6250 episodes, total num timesteps 18179200/20000000, FPS 9262.

average episode rewards is -113.88859558105469

 Scenario simple_spread Algo rmappo Exp reference_20260925T185133Z_2dfd2f_mappo_w128_seed3 updates 5685/6250 episodes, total num timesteps 18195200/20000000, FPS 9262.

average episode rewards is -113.89323425292969

 Scenario simple_spread Algo rmappo Exp reference_20260925T185133Z_2dfd2f_mappo_w128_seed3 updates 5690/6250 episodes, total num timesteps 18211200/20000000, FPS 9262.

average episode rewards is -114.61796569824219

 Scenario simple_spread Algo rmappo Exp reference_20260925T185133Z_2dfd2f_mappo_w128_seed3 updates 5695/6250 episodes, total num timesteps 18227200/20000000, FPS 9262.

average episode rewards is -112.24520111083984

 Scenario simple_spread Algo rmappo Exp reference_20260925T185133Z_2dfd2f_mappo_w128_seed3 updates 5700/6250 episodes, total num timesteps 18243200/20000000, FPS 9262.

average episode rewards is -111.53651428222656
eval average episode rewards of agent: -110.30131686487923
eval success rate: 0.9

 Scenario simple_spread Algo rmappo Exp reference_20260925T185133Z_2dfd2f_mappo_w128_seed3 updates 5705/6250 episodes, total num timesteps 18259200/20000000, FPS 9262.

average episode rewards is -111.59290313720703

 Scenario simple_spread Algo rmappo Exp reference_20260925T185133Z_2dfd2f_mappo_w128_seed3 updates 5710/6250 episodes, total num timesteps 18275200/20000000, FPS 9262.

average episode rewards is -112.54761505126953

 Scenario simple_spread Algo rmappo Exp reference_20260925T185133Z_2dfd2f_mappo_w128_seed3 updates 5715/6250 episodes, total num timesteps 18291200/20000000, FPS 9262.

average episode rewards is -111.63525390625

 Scenario simple_spread Algo rmappo Exp reference_20260925T185133Z_2dfd2f_mappo_w128_seed3 updates 5720/6250 episodes, total num timesteps 18307200/20000000, FPS 9262.

average episode rewards is -111.53971099853516

 Scenario simple_spread Algo rmappo Exp reference_20260925T185133Z_2dfd2f_mappo_w128_seed3 updates 5725/6250 episodes, total num timesteps 18323200/20000000, FPS 9262.

average episode rewards is -113.5060806274414
eval average episode rewards of agent: -115.37142509527027
eval success rate: 0.85

 Scenario simple_spread Algo rmappo Exp reference_20260925T185133Z_2dfd2f_mappo_w128_seed3 updates 5730/6250 episodes, total num timesteps 18339200/20000000, FPS 9262.

average episode rewards is -113.3952407836914

 Scenario simple_spread Algo rmappo Exp reference_20260925T185133Z_2dfd2f_mappo_w128_seed3 updates 5735/6250 episodes, total num timesteps 18355200/20000000, FPS 9261.

average episode rewards is -113.54145050048828

 Scenario simple_spread Algo rmappo Exp reference_20260925T185133Z_2dfd2f_mappo_w128_seed3 updates 5740/6250 episodes, total num timesteps 18371200/20000000, FPS 9262.

average episode rewards is -112.62352752685547

 Scenario simple_spread Algo rmappo Exp reference_20260925T185133Z_2dfd2f_mappo_w128_seed3 updates 5745/6250 episodes, total num timesteps 18387200/20000000, FPS 9262.

average episode rewards is -112.91309356689453

 Scenario simple_spread Algo rmappo Exp reference_20260925T185133Z_2dfd2f_mappo_w128_seed3 updates 5750/6250 episodes, total num timesteps 18403200/20000000, FPS 9262.

average episode rewards is -114.34088897705078
eval average episode rewards of agent: -115.11386651223025
eval success rate: 0.95

 Scenario simple_spread Algo rmappo Exp reference_20260925T185133Z_2dfd2f_mappo_w128_seed3 updates 5755/6250 episodes, total num timesteps 18419200/20000000, FPS 9262.

average episode rewards is -114.90760803222656

 Scenario simple_spread Algo rmappo Exp reference_20260925T185133Z_2dfd2f_mappo_w128_seed3 updates 5760/6250 episodes, total num timesteps 18435200/20000000, FPS 9262.

average episode rewards is -112.9703369140625

 Scenario simple_spread Algo rmappo Exp reference_20260925T185133Z_2dfd2f_mappo_w128_seed3 updates 5765/6250 episodes, total num timesteps 18451200/20000000, FPS 9262.

average episode rewards is -113.52848815917969

 Scenario simple_spread Algo rmappo Exp reference_20260925T185133Z_2dfd2f_mappo_w128_seed3 updates 5770/6250 episodes, total num timesteps 18467200/20000000, FPS 9262.

average episode rewards is -115.65306091308594

 Scenario simple_spread Algo rmappo Exp reference_20260925T185133Z_2dfd2f_mappo_w128_seed3 updates 5775/6250 episodes, total num timesteps 18483200/20000000, FPS 9262.

average episode rewards is -114.3183364868164
eval average episode rewards of agent: -115.04896145146539
eval success rate: 0.9

 Scenario simple_spread Algo rmappo Exp reference_20260925T185133Z_2dfd2f_mappo_w128_seed3 updates 5780/6250 episodes, total num timesteps 18499200/20000000, FPS 9262.

average episode rewards is -113.1905288696289

 Scenario simple_spread Algo rmappo Exp reference_20260925T185133Z_2dfd2f_mappo_w128_seed3 updates 5785/6250 episodes, total num timesteps 18515200/20000000, FPS 9261.

average episode rewards is -111.14151763916016

 Scenario simple_spread Algo rmappo Exp reference_20260925T185133Z_2dfd2f_mappo_w128_seed3 updates 5790/6250 episodes, total num timesteps 18531200/20000000, FPS 9262.

average episode rewards is -116.1551513671875

 Scenario simple_spread Algo rmappo Exp reference_20260925T185133Z_2dfd2f_mappo_w128_seed3 updates 5795/6250 episodes, total num timesteps 18547200/20000000, FPS 9262.

average episode rewards is -115.04042053222656

 Scenario simple_spread Algo rmappo Exp reference_20260925T185133Z_2dfd2f_mappo_w128_seed3 updates 5800/6250 episodes, total num timesteps 18563200/20000000, FPS 9261.

average episode rewards is -112.56391143798828
eval average episode rewards of agent: -108.77335655265544
eval success rate: 0.85

 Scenario simple_spread Algo rmappo Exp reference_20260925T185133Z_2dfd2f_mappo_w128_seed3 updates 5805/6250 episodes, total num timesteps 18579200/20000000, FPS 9261.

average episode rewards is -112.41919708251953

 Scenario simple_spread Algo rmappo Exp reference_20260925T185133Z_2dfd2f_mappo_w128_seed3 updates 5810/6250 episodes, total num timesteps 18595200/20000000, FPS 9261.

average episode rewards is -112.67271423339844

 Scenario simple_spread Algo rmappo Exp reference_20260925T185133Z_2dfd2f_mappo_w128_seed3 updates 5815/6250 episodes, total num timesteps 18611200/20000000, FPS 9261.

average episode rewards is -115.24584197998047

 Scenario simple_spread Algo rmappo Exp reference_20260925T185133Z_2dfd2f_mappo_w128_seed3 updates 5820/6250 episodes, total num timesteps 18627200/20000000, FPS 9261.

average episode rewards is -113.28941345214844

 Scenario simple_spread Algo rmappo Exp reference_20260925T185133Z_2dfd2f_mappo_w128_seed3 updates 5825/6250 episodes, total num timesteps 18643200/20000000, FPS 9262.

average episode rewards is -112.97950744628906
eval average episode rewards of agent: -109.59430272340902
eval success rate: 1.0

 Scenario simple_spread Algo rmappo Exp reference_20260925T185133Z_2dfd2f_mappo_w128_seed3 updates 5830/6250 episodes, total num timesteps 18659200/20000000, FPS 9261.

average episode rewards is -114.77552795410156

 Scenario simple_spread Algo rmappo Exp reference_20260925T185133Z_2dfd2f_mappo_w128_seed3 updates 5835/6250 episodes, total num timesteps 18675200/20000000, FPS 9261.

average episode rewards is -112.6068344116211

 Scenario simple_spread Algo rmappo Exp reference_20260925T185133Z_2dfd2f_mappo_w128_seed3 updates 5840/6250 episodes, total num timesteps 18691200/20000000, FPS 9261.

average episode rewards is -112.99995422363281

 Scenario simple_spread Algo rmappo Exp reference_20260925T185133Z_2dfd2f_mappo_w128_seed3 updates 5845/6250 episodes, total num timesteps 18707200/20000000, FPS 9261.

average episode rewards is -112.94878387451172

 Scenario simple_spread Algo rmappo Exp reference_20260925T185133Z_2dfd2f_mappo_w128_seed3 updates 5850/6250 episodes, total num timesteps 18723200/20000000, FPS 9261.

average episode rewards is -115.0588150024414
eval average episode rewards of agent: -107.07263873104648
eval success rate: 0.95

 Scenario simple_spread Algo rmappo Exp reference_20260925T185133Z_2dfd2f_mappo_w128_seed3 updates 5855/6250 episodes, total num timesteps 18739200/20000000, FPS 9261.

average episode rewards is -112.95336151123047

 Scenario simple_spread Algo rmappo Exp reference_20260925T185133Z_2dfd2f_mappo_w128_seed3 updates 5860/6250 episodes, total num timesteps 18755200/20000000, FPS 9261.

average episode rewards is -114.28992462158203

 Scenario simple_spread Algo rmappo Exp reference_20260925T185133Z_2dfd2f_mappo_w128_seed3 updates 5865/6250 episodes, total num timesteps 18771200/20000000, FPS 9261.

average episode rewards is -111.91127014160156

 Scenario simple_spread Algo rmappo Exp reference_20260925T185133Z_2dfd2f_mappo_w128_seed3 updates 5870/6250 episodes, total num timesteps 18787200/20000000, FPS 9261.

average episode rewards is -111.96302032470703

 Scenario simple_spread Algo rmappo Exp reference_20260925T185133Z_2dfd2f_mappo_w128_seed3 updates 5875/6250 episodes, total num timesteps 18803200/20000000, FPS 9261.

average episode rewards is -112.18334197998047
eval average episode rewards of agent: -116.05804458093759
eval success rate: 0.9

 Scenario simple_spread Algo rmappo Exp reference_20260925T185133Z_2dfd2f_mappo_w128_seed3 updates 5880/6250 episodes, total num timesteps 18819200/20000000, FPS 9261.

average episode rewards is -110.24527740478516

 Scenario simple_spread Algo rmappo Exp reference_20260925T185133Z_2dfd2f_mappo_w128_seed3 updates 5885/6250 episodes, total num timesteps 18835200/20000000, FPS 9261.

average episode rewards is -114.08418273925781

 Scenario simple_spread Algo rmappo Exp reference_20260925T185133Z_2dfd2f_mappo_w128_seed3 updates 5890/6250 episodes, total num timesteps 18851200/20000000, FPS 9261.

average episode rewards is -110.94356536865234

 Scenario simple_spread Algo rmappo Exp reference_20260925T185133Z_2dfd2f_mappo_w128_seed3 updates 5895/6250 episodes, total num timesteps 18867200/20000000, FPS 9262.

average episode rewards is -113.24736785888672

 Scenario simple_spread Algo rmappo Exp reference_20260925T185133Z_2dfd2f_mappo_w128_seed3 updates 5900/6250 episodes, total num timesteps 18883200/20000000, FPS 9264.

average episode rewards is -113.71712493896484
eval average episode rewards of agent: -110.30012172983682
eval success rate: 1.0

 Scenario simple_spread Algo rmappo Exp reference_20260925T185133Z_2dfd2f_mappo_w128_seed3 updates 5905/6250 episodes, total num timesteps 18899200/20000000, FPS 9265.

average episode rewards is -112.7224349975586

 Scenario simple_spread Algo rmappo Exp reference_20260925T185133Z_2dfd2f_mappo_w128_seed3 updates 5910/6250 episodes, total num timesteps 18915200/20000000, FPS 9266.

average episode rewards is -113.92493438720703

 Scenario simple_spread Algo rmappo Exp reference_20260925T185133Z_2dfd2f_mappo_w128_seed3 updates 5915/6250 episodes, total num timesteps 18931200/20000000, FPS 9268.

average episode rewards is -111.22337341308594

 Scenario simple_spread Algo rmappo Exp reference_20260925T185133Z_2dfd2f_mappo_w128_seed3 updates 5920/6250 episodes, total num timesteps 18947200/20000000, FPS 9269.

average episode rewards is -112.4247817993164

 Scenario simple_spread Algo rmappo Exp reference_20260925T185133Z_2dfd2f_mappo_w128_seed3 updates 5925/6250 episodes, total num timesteps 18963200/20000000, FPS 9271.

average episode rewards is -111.55595397949219
eval average episode rewards of agent: -113.8349114730825
eval success rate: 1.0

 Scenario simple_spread Algo rmappo Exp reference_20260925T185133Z_2dfd2f_mappo_w128_seed3 updates 5930/6250 episodes, total num timesteps 18979200/20000000, FPS 9272.

average episode rewards is -111.55204772949219

 Scenario simple_spread Algo rmappo Exp reference_20260925T185133Z_2dfd2f_mappo_w128_seed3 updates 5935/6250 episodes, total num timesteps 18995200/20000000, FPS 9273.

average episode rewards is -113.95488739013672

 Scenario simple_spread Algo rmappo Exp reference_20260925T185133Z_2dfd2f_mappo_w128_seed3 updates 5940/6250 episodes, total num timesteps 19011200/20000000, FPS 9275.

average episode rewards is -113.76985168457031

 Scenario simple_spread Algo rmappo Exp reference_20260925T185133Z_2dfd2f_mappo_w128_seed3 updates 5945/6250 episodes, total num timesteps 19027200/20000000, FPS 9276.

average episode rewards is -109.9689712524414

 Scenario simple_spread Algo rmappo Exp reference_20260925T185133Z_2dfd2f_mappo_w128_seed3 updates 5950/6250 episodes, total num timesteps 19043200/20000000, FPS 9278.

average episode rewards is -113.22371673583984
eval average episode rewards of agent: -112.52847852669342
eval success rate: 0.9

 Scenario simple_spread Algo rmappo Exp reference_20260925T185133Z_2dfd2f_mappo_w128_seed3 updates 5955/6250 episodes, total num timesteps 19059200/20000000, FPS 9279.

average episode rewards is -113.59842681884766

 Scenario simple_spread Algo rmappo Exp reference_20260925T185133Z_2dfd2f_mappo_w128_seed3 updates 5960/6250 episodes, total num timesteps 19075200/20000000, FPS 9280.

average episode rewards is -112.5601806640625

 Scenario simple_spread Algo rmappo Exp reference_20260925T185133Z_2dfd2f_mappo_w128_seed3 updates 5965/6250 episodes, total num timesteps 19091200/20000000, FPS 9282.

average episode rewards is -113.6148452758789

 Scenario simple_spread Algo rmappo Exp reference_20260925T185133Z_2dfd2f_mappo_w128_seed3 updates 5970/6250 episodes, total num timesteps 19107200/20000000, FPS 9283.

average episode rewards is -113.2304916381836

 Scenario simple_spread Algo rmappo Exp reference_20260925T185133Z_2dfd2f_mappo_w128_seed3 updates 5975/6250 episodes, total num timesteps 19123200/20000000, FPS 9285.

average episode rewards is -112.97066497802734
eval average episode rewards of agent: -110.80649492117689
eval success rate: 0.95

 Scenario simple_spread Algo rmappo Exp reference_20260925T185133Z_2dfd2f_mappo_w128_seed3 updates 5980/6250 episodes, total num timesteps 19139200/20000000, FPS 9286.

average episode rewards is -113.32711029052734

 Scenario simple_spread Algo rmappo Exp reference_20260925T185133Z_2dfd2f_mappo_w128_seed3 updates 5985/6250 episodes, total num timesteps 19155200/20000000, FPS 9287.

average episode rewards is -112.48701477050781

 Scenario simple_spread Algo rmappo Exp reference_20260925T185133Z_2dfd2f_mappo_w128_seed3 updates 5990/6250 episodes, total num timesteps 19171200/20000000, FPS 9289.

average episode rewards is -114.51286315917969

 Scenario simple_spread Algo rmappo Exp reference_20260925T185133Z_2dfd2f_mappo_w128_seed3 updates 5995/6250 episodes, total num timesteps 19187200/20000000, FPS 9290.

average episode rewards is -113.8978271484375

 Scenario simple_spread Algo rmappo Exp reference_20260925T185133Z_2dfd2f_mappo_w128_seed3 updates 6000/6250 episodes, total num timesteps 19203200/20000000, FPS 9292.

average episode rewards is -112.78878784179688
eval average episode rewards of agent: -117.5071338584981
eval success rate: 0.85

 Scenario simple_spread Algo rmappo Exp reference_20260925T185133Z_2dfd2f_mappo_w128_seed3 updates 6005/6250 episodes, total num timesteps 19219200/20000000, FPS 9293.

average episode rewards is -113.28375244140625

 Scenario simple_spread Algo rmappo Exp reference_20260925T185133Z_2dfd2f_mappo_w128_seed3 updates 6010/6250 episodes, total num timesteps 19235200/20000000, FPS 9294.

average episode rewards is -110.75873565673828

 Scenario simple_spread Algo rmappo Exp reference_20260925T185133Z_2dfd2f_mappo_w128_seed3 updates 6015/6250 episodes, total num timesteps 19251200/20000000, FPS 9296.

average episode rewards is -112.40228271484375

 Scenario simple_spread Algo rmappo Exp reference_20260925T185133Z_2dfd2f_mappo_w128_seed3 updates 6020/6250 episodes, total num timesteps 19267200/20000000, FPS 9297.

average episode rewards is -114.52130126953125

 Scenario simple_spread Algo rmappo Exp reference_20260925T185133Z_2dfd2f_mappo_w128_seed3 updates 6025/6250 episodes, total num timesteps 19283200/20000000, FPS 9299.

average episode rewards is -113.16712951660156
eval average episode rewards of agent: -110.11462895278437
eval success rate: 1.0

 Scenario simple_spread Algo rmappo Exp reference_20260925T185133Z_2dfd2f_mappo_w128_seed3 updates 6030/6250 episodes, total num timesteps 19299200/20000000, FPS 9300.

average episode rewards is -113.1581039428711

 Scenario simple_spread Algo rmappo Exp reference_20260925T185133Z_2dfd2f_mappo_w128_seed3 updates 6035/6250 episodes, total num timesteps 19315200/20000000, FPS 9301.

average episode rewards is -111.83589935302734

 Scenario simple_spread Algo rmappo Exp reference_20260925T185133Z_2dfd2f_mappo_w128_seed3 updates 6040/6250 episodes, total num timesteps 19331200/20000000, FPS 9302.

average episode rewards is -110.23722839355469

 Scenario simple_spread Algo rmappo Exp reference_20260925T185133Z_2dfd2f_mappo_w128_seed3 updates 6045/6250 episodes, total num timesteps 19347200/20000000, FPS 9304.

average episode rewards is -110.74945068359375

 Scenario simple_spread Algo rmappo Exp reference_20260925T185133Z_2dfd2f_mappo_w128_seed3 updates 6050/6250 episodes, total num timesteps 19363200/20000000, FPS 9305.

average episode rewards is -112.30379486083984
eval average episode rewards of agent: -116.07166432993489
eval success rate: 0.85

 Scenario simple_spread Algo rmappo Exp reference_20260925T185133Z_2dfd2f_mappo_w128_seed3 updates 6055/6250 episodes, total num timesteps 19379200/20000000, FPS 9306.

average episode rewards is -111.82998657226562

 Scenario simple_spread Algo rmappo Exp reference_20260925T185133Z_2dfd2f_mappo_w128_seed3 updates 6060/6250 episodes, total num timesteps 19395200/20000000, FPS 9308.

average episode rewards is -114.75245666503906

 Scenario simple_spread Algo rmappo Exp reference_20260925T185133Z_2dfd2f_mappo_w128_seed3 updates 6065/6250 episodes, total num timesteps 19411200/20000000, FPS 9309.

average episode rewards is -112.16937255859375

 Scenario simple_spread Algo rmappo Exp reference_20260925T185133Z_2dfd2f_mappo_w128_seed3 updates 6070/6250 episodes, total num timesteps 19427200/20000000, FPS 9311.

average episode rewards is -112.18849182128906

 Scenario simple_spread Algo rmappo Exp reference_20260925T185133Z_2dfd2f_mappo_w128_seed3 updates 6075/6250 episodes, total num timesteps 19443200/20000000, FPS 9312.

average episode rewards is -112.40435791015625
eval average episode rewards of agent: -111.55776396329797
eval success rate: 0.85

 Scenario simple_spread Algo rmappo Exp reference_20260925T185133Z_2dfd2f_mappo_w128_seed3 updates 6080/6250 episodes, total num timesteps 19459200/20000000, FPS 9313.

average episode rewards is -113.4952163696289

 Scenario simple_spread Algo rmappo Exp reference_20260925T185133Z_2dfd2f_mappo_w128_seed3 updates 6085/6250 episodes, total num timesteps 19475200/20000000, FPS 9315.

average episode rewards is -112.53117370605469

 Scenario simple_spread Algo rmappo Exp reference_20260925T185133Z_2dfd2f_mappo_w128_seed3 updates 6090/6250 episodes, total num timesteps 19491200/20000000, FPS 9316.

average episode rewards is -113.66554260253906

 Scenario simple_spread Algo rmappo Exp reference_20260925T185133Z_2dfd2f_mappo_w128_seed3 updates 6095/6250 episodes, total num timesteps 19507200/20000000, FPS 9318.

average episode rewards is -111.3509292602539

 Scenario simple_spread Algo rmappo Exp reference_20260925T185133Z_2dfd2f_mappo_w128_seed3 updates 6100/6250 episodes, total num timesteps 19523200/20000000, FPS 9319.

average episode rewards is -114.2994613647461
eval average episode rewards of agent: -114.5117127584422
eval success rate: 0.8

 Scenario simple_spread Algo rmappo Exp reference_20260925T185133Z_2dfd2f_mappo_w128_seed3 updates 6105/6250 episodes, total num timesteps 19539200/20000000, FPS 9320.

average episode rewards is -111.98052978515625

 Scenario simple_spread Algo rmappo Exp reference_20260925T185133Z_2dfd2f_mappo_w128_seed3 updates 6110/6250 episodes, total num timesteps 19555200/20000000, FPS 9321.

average episode rewards is -112.02685546875

 Scenario simple_spread Algo rmappo Exp reference_20260925T185133Z_2dfd2f_mappo_w128_seed3 updates 6115/6250 episodes, total num timesteps 19571200/20000000, FPS 9323.

average episode rewards is -113.1036148071289

 Scenario simple_spread Algo rmappo Exp reference_20260925T185133Z_2dfd2f_mappo_w128_seed3 updates 6120/6250 episodes, total num timesteps 19587200/20000000, FPS 9324.

average episode rewards is -111.66545104980469

 Scenario simple_spread Algo rmappo Exp reference_20260925T185133Z_2dfd2f_mappo_w128_seed3 updates 6125/6250 episodes, total num timesteps 19603200/20000000, FPS 9326.

average episode rewards is -114.93354034423828
eval average episode rewards of agent: -114.22347696706332
eval success rate: 0.8

 Scenario simple_spread Algo rmappo Exp reference_20260925T185133Z_2dfd2f_mappo_w128_seed3 updates 6130/6250 episodes, total num timesteps 19619200/20000000, FPS 9327.

average episode rewards is -112.576904296875

 Scenario simple_spread Algo rmappo Exp reference_20260925T185133Z_2dfd2f_mappo_w128_seed3 updates 6135/6250 episodes, total num timesteps 19635200/20000000, FPS 9328.

average episode rewards is -112.52937316894531

 Scenario simple_spread Algo rmappo Exp reference_20260925T185133Z_2dfd2f_mappo_w128_seed3 updates 6140/6250 episodes, total num timesteps 19651200/20000000, FPS 9329.

average episode rewards is -110.2500228881836

 Scenario simple_spread Algo rmappo Exp reference_20260925T185133Z_2dfd2f_mappo_w128_seed3 updates 6145/6250 episodes, total num timesteps 19667200/20000000, FPS 9331.

average episode rewards is -110.78208923339844

 Scenario simple_spread Algo rmappo Exp reference_20260925T185133Z_2dfd2f_mappo_w128_seed3 updates 6150/6250 episodes, total num timesteps 19683200/20000000, FPS 9332.

average episode rewards is -111.8835678100586
eval average episode rewards of agent: -112.87055022827687
eval success rate: 1.0

 Scenario simple_spread Algo rmappo Exp reference_20260925T185133Z_2dfd2f_mappo_w128_seed3 updates 6155/6250 episodes, total num timesteps 19699200/20000000, FPS 9333.

average episode rewards is -114.05927276611328

 Scenario simple_spread Algo rmappo Exp reference_20260925T185133Z_2dfd2f_mappo_w128_seed3 updates 6160/6250 episodes, total num timesteps 19715200/20000000, FPS 9334.

average episode rewards is -111.91056823730469

 Scenario simple_spread Algo rmappo Exp reference_20260925T185133Z_2dfd2f_mappo_w128_seed3 updates 6165/6250 episodes, total num timesteps 19731200/20000000, FPS 9335.

average episode rewards is -112.79869079589844

 Scenario simple_spread Algo rmappo Exp reference_20260925T185133Z_2dfd2f_mappo_w128_seed3 updates 6170/6250 episodes, total num timesteps 19747200/20000000, FPS 9337.

average episode rewards is -110.36759948730469

 Scenario simple_spread Algo rmappo Exp reference_20260925T185133Z_2dfd2f_mappo_w128_seed3 updates 6175/6250 episodes, total num timesteps 19763200/20000000, FPS 9338.

average episode rewards is -110.6942138671875
eval average episode rewards of agent: -109.8714993509918
eval success rate: 0.85

 Scenario simple_spread Algo rmappo Exp reference_20260925T185133Z_2dfd2f_mappo_w128_seed3 updates 6180/6250 episodes, total num timesteps 19779200/20000000, FPS 9339.

average episode rewards is -114.18795776367188

 Scenario simple_spread Algo rmappo Exp reference_20260925T185133Z_2dfd2f_mappo_w128_seed3 updates 6185/6250 episodes, total num timesteps 19795200/20000000, FPS 9341.

average episode rewards is -110.92218017578125

 Scenario simple_spread Algo rmappo Exp reference_20260925T185133Z_2dfd2f_mappo_w128_seed3 updates 6190/6250 episodes, total num timesteps 19811200/20000000, FPS 9342.

average episode rewards is -110.3963623046875

 Scenario simple_spread Algo rmappo Exp reference_20260925T185133Z_2dfd2f_mappo_w128_seed3 updates 6195/6250 episodes, total num timesteps 19827200/20000000, FPS 9343.

average episode rewards is -112.63417053222656

 Scenario simple_spread Algo rmappo Exp reference_20260925T185133Z_2dfd2f_mappo_w128_seed3 updates 6200/6250 episodes, total num timesteps 19843200/20000000, FPS 9345.

average episode rewards is -110.72266387939453
eval average episode rewards of agent: -108.97682751451045
eval success rate: 1.0

 Scenario simple_spread Algo rmappo Exp reference_20260925T185133Z_2dfd2f_mappo_w128_seed3 updates 6205/6250 episodes, total num timesteps 19859200/20000000, FPS 9346.

average episode rewards is -111.23719024658203

 Scenario simple_spread Algo rmappo Exp reference_20260925T185133Z_2dfd2f_mappo_w128_seed3 updates 6210/6250 episodes, total num timesteps 19875200/20000000, FPS 9347.

average episode rewards is -110.85298919677734

 Scenario simple_spread Algo rmappo Exp reference_20260925T185133Z_2dfd2f_mappo_w128_seed3 updates 6215/6250 episodes, total num timesteps 19891200/20000000, FPS 9348.

average episode rewards is -109.56094360351562

 Scenario simple_spread Algo rmappo Exp reference_20260925T185133Z_2dfd2f_mappo_w128_seed3 updates 6220/6250 episodes, total num timesteps 19907200/20000000, FPS 9349.

average episode rewards is -112.51140594482422

 Scenario simple_spread Algo rmappo Exp reference_20260925T185133Z_2dfd2f_mappo_w128_seed3 updates 6225/6250 episodes, total num timesteps 19923200/20000000, FPS 9351.

average episode rewards is -112.30252838134766
eval average episode rewards of agent: -109.85627818585972
eval success rate: 0.85

 Scenario simple_spread Algo rmappo Exp reference_20260925T185133Z_2dfd2f_mappo_w128_seed3 updates 6230/6250 episodes, total num timesteps 19939200/20000000, FPS 9352.

average episode rewards is -112.57903289794922

 Scenario simple_spread Algo rmappo Exp reference_20260925T185133Z_2dfd2f_mappo_w128_seed3 updates 6235/6250 episodes, total num timesteps 19955200/20000000, FPS 9353.

average episode rewards is -113.69368743896484

 Scenario simple_spread Algo rmappo Exp reference_20260925T185133Z_2dfd2f_mappo_w128_seed3 updates 6240/6250 episodes, total num timesteps 19971200/20000000, FPS 9355.

average episode rewards is -112.22728729248047

 Scenario simple_spread Algo rmappo Exp reference_20260925T185133Z_2dfd2f_mappo_w128_seed3 updates 6245/6250 episodes, total num timesteps 19987200/20000000, FPS 9356.

average episode rewards is -112.04670715332031
