u are choosing to use rmappo, we set use_recurrent_policy to be True
choose to use gpu...
obs_space:  [Box([-inf -inf -inf -inf -inf -inf -inf -inf -inf -inf -inf -inf -inf -inf
 -inf -inf -inf -inf], [inf inf inf inf inf inf inf inf inf inf inf inf inf inf inf inf inf inf], (18,), float32), Box([-inf -inf -inf -inf -inf -inf -inf -inf -inf -inf -inf -inf -inf -inf
 -inf -inf -inf -inf], [inf inf inf inf inf inf inf inf inf inf inf inf inf inf inf inf inf inf], (18,), float32), Box([-inf -inf -inf -inf -inf -inf -inf -inf -inf -inf -inf -inf -inf -inf
 -inf -inf -inf -inf], [inf inf inf inf inf inf inf inf inf inf inf inf inf inf inf inf inf inf], (18,), float32)]
share_obs_space:  [Box([-inf -inf -inf -inf -inf -inf -inf -inf -inf -inf -inf -inf -inf -inf
 -inf -inf -inf -inf -inf -inf -inf -inf -inf -inf -inf -inf -inf -inf
 -inf -inf -inf -inf -inf -inf -inf -inf -inf -inf -inf -inf -inf -inf
 -inf -inf -inf -inf -inf -inf -inf -inf -inf -inf -inf -inf], [inf inf inf inf inf inf inf inf inf inf inf inf inf inf inf inf inf inf
 inf inf inf inf inf inf inf inf inf inf inf inf inf inf inf inf inf inf
 inf inf inf inf inf inf inf inf inf inf inf inf inf inf inf inf inf inf], (54,), float32), Box([-inf -inf -inf -inf -inf -inf -inf -inf -inf -inf -inf -inf -inf -inf
 -inf -inf -inf -inf -inf -inf -inf -inf -inf -inf -inf -inf -inf -inf
 -inf -inf -inf -inf -inf -inf -inf -inf -inf -inf -inf -inf -inf -inf
 -inf -inf -inf -inf -inf -inf -inf -inf -inf -inf -inf -inf], [inf inf inf inf inf inf inf inf inf inf inf inf inf inf inf inf inf inf
 inf inf inf inf inf inf inf inf inf inf inf inf inf inf inf inf inf inf
 inf inf inf inf inf inf inf inf inf inf inf inf inf inf inf inf inf inf], (54,), float32), Box([-inf -inf -inf -inf -inf -inf -inf -inf -inf -inf -inf -inf -inf -inf
 -inf -inf -inf -inf -inf -inf -inf -inf -inf -inf -inf -inf -inf -inf
 -inf -inf -inf -inf -inf -inf -inf -inf -inf -inf -inf -inf -inf -inf
 -inf -inf -inf -inf -inf -inf -inf -inf -inf -inf -inf -inf], [inf inf inf inf inf inf inf inf inf inf inf inf inf inf inf inf inf inf
 inf inf inf inf inf inf inf inf inf inf inf inf inf inf inf inf inf inf
 inf inf inf inf inf inf inf inf inf inf inf inf inf inf inf inf inf inf], (54,), float32)]
act_space:  [Discrete(5), Discrete(5), Discrete(5)]

 Scenario simple_spread Algo rmappo Exp reference_20260925T185133Z_2dfd2f_ippo_w128_seed3 updates 0/6250 episodes, total num timesteps 3200/20000000, FPS 6005.

average episode rewards is -217.92860412597656
eval average episode rewards of agent: -196.3036192232712
eval success rate: 0.0

 Scenario simple_spread Algo rmappo Exp reference_20260925T185133Z_2dfd2f_ippo_w128_seed3 updates 5/6250 episodes, total num timesteps 19200/20000000, FPS 8605.

average episode rewards is -188.1610107421875

 Scenario simple_spread Algo rmappo Exp reference_20260925T185133Z_2dfd2f_ippo_w128_seed3 updates 10/6250 episodes, total num timesteps 35200/20000000, FPS 9526.

average episode rewards is -183.63916015625

 Scenario simple_spread Algo rmappo Exp reference_20260925T185133Z_2dfd2f_ippo_w128_seed3 updates 15/6250 episodes, total num timesteps 51200/20000000, FPS 9745.

average episode rewards is -176.7763214111328

 Scenario simple_spread Algo rmappo Exp reference_20260925T185133Z_2dfd2f_ippo_w128_seed3 updates 20/6250 episodes, total num timesteps 67200/20000000, FPS 9846.

average episode rewards is -181.549072265625

 Scenario simple_spread Algo rmappo Exp reference_20260925T185133Z_2dfd2f_ippo_w128_seed3 updates 25/6250 episodes, total num timesteps 83200/20000000, FPS 9943.

average episode rewards is -179.76895141601562
eval average episode rewards of agent: -172.69857397504248
eval success rate: 0.0

 Scenario simple_spread Algo rmappo Exp reference_20260925T185133Z_2dfd2f_ippo_w128_seed3 updates 30/6250 episodes, total num timesteps 99200/20000000, FPS 9907.

average episode rewards is -172.51220703125

 Scenario simple_spread Algo rmappo Exp reference_20260925T185133Z_2dfd2f_ippo_w128_seed3 updates 35/6250 episodes, total num timesteps 115200/20000000, FPS 9928.

average episode rewards is -170.30914306640625

 Scenario simple_spread Algo rmappo Exp reference_20260925T185133Z_2dfd2f_ippo_w128_seed3 updates 40/6250 episodes, total num timesteps 131200/20000000, FPS 9975.

average episode rewards is -171.56671142578125

 Scenario simple_spread Algo rmappo Exp reference_20260925T185133Z_2dfd2f_ippo_w128_seed3 updates 45/6250 episodes, total num timesteps 147200/20000000, FPS 9975.

average episode rewards is -171.1637725830078

 Scenario simple_spread Algo rmappo Exp reference_20260925T185133Z_2dfd2f_ippo_w128_seed3 updates 50/6250 episodes, total num timesteps 163200/20000000, FPS 9964.

average episode rewards is -171.1202392578125
eval average episode rewards of agent: -174.79801768279873
eval success rate: 0.0

 Scenario simple_spread Algo rmappo Exp reference_20260925T185133Z_2dfd2f_ippo_w128_seed3 updates 55/6250 episodes, total num timesteps 179200/20000000, FPS 9943.

average episode rewards is -166.3072509765625

 Scenario simple_spread Algo rmappo Exp reference_20260925T185133Z_2dfd2f_ippo_w128_seed3 updates 60/6250 episodes, total num timesteps 195200/20000000, FPS 9961.

average episode rewards is -166.01441955566406

 Scenario simple_spread Algo rmappo Exp reference_20260925T185133Z_2dfd2f_ippo_w128_seed3 updates 65/6250 episodes, total num timesteps 211200/20000000, FPS 9907.

average episode rewards is -165.21263122558594

 Scenario simple_spread Algo rmappo Exp reference_20260925T185133Z_2dfd2f_ippo_w128_seed3 updates 70/6250 episodes, total num timesteps 227200/20000000, FPS 9914.

average episode rewards is -165.865966796875

 Scenario simple_spread Algo rmappo Exp reference_20260925T185133Z_2dfd2f_ippo_w128_seed3 updates 75/6250 episodes, total num timesteps 243200/20000000, FPS 9925.

average episode rewards is -163.37701416015625
eval average episode rewards of agent: -159.64563243414042
eval success rate: 0.05

 Scenario simple_spread Algo rmappo Exp reference_20260925T185133Z_2dfd2f_ippo_w128_seed3 updates 80/6250 episodes, total num timesteps 259200/20000000, FPS 9924.

average episode rewards is -161.88919067382812

 Scenario simple_spread Algo rmappo Exp reference_20260925T185133Z_2dfd2f_ippo_w128_seed3 updates 85/6250 episodes, total num timesteps 275200/20000000, FPS 9917.

average episode rewards is -161.70089721679688

 Scenario simple_spread Algo rmappo Exp reference_20260925T185133Z_2dfd2f_ippo_w128_seed3 updates 90/6250 episodes, total num timesteps 291200/20000000, FPS 9922.

average episode rewards is -156.36378479003906

 Scenario simple_spread Algo rmappo Exp reference_20260925T185133Z_2dfd2f_ippo_w128_seed3 updates 95/6250 episodes, total num timesteps 307200/20000000, FPS 9935.

average episode rewards is -154.53346252441406

 Scenario simple_spread Algo rmappo Exp reference_20260925T185133Z_2dfd2f_ippo_w128_seed3 updates 100/6250 episodes, total num timesteps 323200/20000000, FPS 9937.

average episode rewards is -157.3103485107422
eval average episode rewards of agent: -153.07381487279252
eval success rate: 0.0

 Scenario simple_spread Algo rmappo Exp reference_20260925T185133Z_2dfd2f_ippo_w128_seed3 updates 105/6250 episodes, total num timesteps 339200/20000000, FPS 9917.

average episode rewards is -159.23545837402344

 Scenario simple_spread Algo rmappo Exp reference_20260925T185133Z_2dfd2f_ippo_w128_seed3 updates 110/6250 episodes, total num timesteps 355200/20000000, FPS 9933.

average episode rewards is -154.66864013671875

 Scenario simple_spread Algo rmappo Exp reference_20260925T185133Z_2dfd2f_ippo_w128_seed3 updates 115/6250 episodes, total num timesteps 371200/20000000, FPS 9928.

average episode rewards is -155.8125

 Scenario simple_spread Algo rmappo Exp reference_20260925T185133Z_2dfd2f_ippo_w128_seed3 updates 120/6250 episodes, total num timesteps 387200/20000000, FPS 9934.

average episode rewards is -153.59344482421875

 Scenario simple_spread Algo rmappo Exp reference_20260925T185133Z_2dfd2f_ippo_w128_seed3 updates 125/6250 episodes, total num timesteps 403200/20000000, FPS 9906.

average episode rewards is -157.2503204345703
eval average episode rewards of agent: -149.63048069766833
eval success rate: 0.1

 Scenario simple_spread Algo rmappo Exp reference_20260925T185133Z_2dfd2f_ippo_w128_seed3 updates 130/6250 episodes, total num timesteps 419200/20000000, FPS 9900.

average episode rewards is -152.65841674804688

 Scenario simple_spread Algo rmappo Exp reference_20260925T185133Z_2dfd2f_ippo_w128_seed3 updates 135/6250 episodes, total num timesteps 435200/20000000, FPS 9907.

average episode rewards is -153.76153564453125

 Scenario simple_spread Algo rmappo Exp reference_20260925T185133Z_2dfd2f_ippo_w128_seed3 updates 140/6250 episodes, total num timesteps 451200/20000000, FPS 9922.

average episode rewards is -151.1986846923828

 Scenario simple_spread Algo rmappo Exp reference_20260925T185133Z_2dfd2f_ippo_w128_seed3 updates 145/6250 episodes, total num timesteps 467200/20000000, FPS 9924.

average episode rewards is -151.40240478515625

 Scenario simple_spread Algo rmappo Exp reference_20260925T185133Z_2dfd2f_ippo_w128_seed3 updates 150/6250 episodes, total num timesteps 483200/20000000, FPS 9930.

average episode rewards is -151.4608154296875
eval average episode rewards of agent: -153.388994324654
eval success rate: 0.05

 Scenario simple_spread Algo rmappo Exp reference_20260925T185133Z_2dfd2f_ippo_w128_seed3 updates 155/6250 episodes, total num timesteps 499200/20000000, FPS 9930.

average episode rewards is -152.96710205078125

 Scenario simple_spread Algo rmappo Exp reference_20260925T185133Z_2dfd2f_ippo_w128_seed3 updates 160/6250 episodes, total num timesteps 515200/20000000, FPS 9939.

average episode rewards is -150.81597900390625

 Scenario simple_spread Algo rmappo Exp reference_20260925T185133Z_2dfd2f_ippo_w128_seed3 updates 165/6250 episodes, total num timesteps 531200/20000000, FPS 9936.

average episode rewards is -153.10137939453125

 Scenario simple_spread Algo rmappo Exp reference_20260925T185133Z_2dfd2f_ippo_w128_seed3 updates 170/6250 episodes, total num timesteps 547200/20000000, FPS 9943.

average episode rewards is -150.023681640625

 Scenario simple_spread Algo rmappo Exp reference_20260925T185133Z_2dfd2f_ippo_w128_seed3 updates 175/6250 episodes, total num timesteps 563200/20000000, FPS 9946.

average episode rewards is -150.60733032226562
eval average episode rewards of agent: -156.0969784364327
eval success rate: 0.05

 Scenario simple_spread Algo rmappo Exp reference_20260925T185133Z_2dfd2f_ippo_w128_seed3 updates 180/6250 episodes, total num timesteps 579200/20000000, FPS 9918.

average episode rewards is -152.4193878173828

 Scenario simple_spread Algo rmappo Exp reference_20260925T185133Z_2dfd2f_ippo_w128_seed3 updates 185/6250 episodes, total num timesteps 595200/20000000, FPS 9919.

average episode rewards is -148.89305114746094

 Scenario simple_spread Algo rmappo Exp reference_20260925T185133Z_2dfd2f_ippo_w128_seed3 updates 190/6250 episodes, total num timesteps 611200/20000000, FPS 9917.

average episode rewards is -147.27883911132812

 Scenario simple_spread Algo rmappo Exp reference_20260925T185133Z_2dfd2f_ippo_w128_seed3 updates 195/6250 episodes, total num timesteps 627200/20000000, FPS 9923.

average episode rewards is -148.55221557617188

 Scenario simple_spread Algo rmappo Exp reference_20260925T185133Z_2dfd2f_ippo_w128_seed3 updates 200/6250 episodes, total num timesteps 643200/20000000, FPS 9925.

average episode rewards is -148.4389190673828
eval average episode rewards of agent: -152.69493793147726
eval success rate: 0.05

 Scenario simple_spread Algo rmappo Exp reference_20260925T185133Z_2dfd2f_ippo_w128_seed3 updates 205/6250 episodes, total num timesteps 659200/20000000, FPS 9922.

average episode rewards is -147.86058044433594

 Scenario simple_spread Algo rmappo Exp reference_20260925T185133Z_2dfd2f_ippo_w128_seed3 updates 210/6250 episodes, total num timesteps 675200/20000000, FPS 9928.

average episode rewards is -148.35528564453125

 Scenario simple_spread Algo rmappo Exp reference_20260925T185133Z_2dfd2f_ippo_w128_seed3 updates 215/6250 episodes, total num timesteps 691200/20000000, FPS 9925.

average episode rewards is -145.5042724609375

 Scenario simple_spread Algo rmappo Exp reference_20260925T185133Z_2dfd2f_ippo_w128_seed3 updates 220/6250 episodes, total num timesteps 707200/20000000, FPS 9929.

average episode rewards is -146.70468139648438

 Scenario simple_spread Algo rmappo Exp reference_20260925T185133Z_2dfd2f_ippo_w128_seed3 updates 225/6250 episodes, total num timesteps 723200/20000000, FPS 9931.

average episode rewards is -144.88421630859375
eval average episode rewards of agent: -145.50877574255856
eval success rate: 0.1

 Scenario simple_spread Algo rmappo Exp reference_20260925T185133Z_2dfd2f_ippo_w128_seed3 updates 230/6250 episodes, total num timesteps 739200/20000000, FPS 9921.

average episode rewards is -143.55206298828125

 Scenario simple_spread Algo rmappo Exp reference_20260925T185133Z_2dfd2f_ippo_w128_seed3 updates 235/6250 episodes, total num timesteps 755200/20000000, FPS 9922.

average episode rewards is -146.13790893554688

 Scenario simple_spread Algo rmappo Exp reference_20260925T185133Z_2dfd2f_ippo_w128_seed3 updates 240/6250 episodes, total num timesteps 771200/20000000, FPS 9909.

average episode rewards is -144.1559600830078

 Scenario simple_spread Algo rmappo Exp reference_20260925T185133Z_2dfd2f_ippo_w128_seed3 updates 245/6250 episodes, total num timesteps 787200/20000000, FPS 9916.

average episode rewards is -142.40768432617188

 Scenario simple_spread Algo rmappo Exp reference_20260925T185133Z_2dfd2f_ippo_w128_seed3 updates 250/6250 episodes, total num timesteps 803200/20000000, FPS 9922.

average episode rewards is -146.58026123046875
eval average episode rewards of agent: -146.1117745226107
eval success rate: 0.1

 Scenario simple_spread Algo rmappo Exp reference_20260925T185133Z_2dfd2f_ippo_w128_seed3 updates 255/6250 episodes, total num timesteps 819200/20000000, FPS 9917.

average episode rewards is -146.36021423339844

 Scenario simple_spread Algo rmappo Exp reference_20260925T185133Z_2dfd2f_ippo_w128_seed3 updates 260/6250 episodes, total num timesteps 835200/20000000, FPS 9922.

average episode rewards is -143.47299194335938

 Scenario simple_spread Algo rmappo Exp reference_20260925T185133Z_2dfd2f_ippo_w128_seed3 updates 265/6250 episodes, total num timesteps 851200/20000000, FPS 9923.

average episode rewards is -142.45213317871094

 Scenario simple_spread Algo rmappo Exp reference_20260925T185133Z_2dfd2f_ippo_w128_seed3 updates 270/6250 episodes, total num timesteps 867200/20000000, FPS 9925.

average episode rewards is -143.39190673828125

 Scenario simple_spread Algo rmappo Exp reference_20260925T185133Z_2dfd2f_ippo_w128_seed3 updates 275/6250 episodes, total num timesteps 883200/20000000, FPS 9929.

average episode rewards is -143.25856018066406
eval average episode rewards of agent: -145.7962765262385
eval success rate: 0.2

 Scenario simple_spread Algo rmappo Exp reference_20260925T185133Z_2dfd2f_ippo_w128_seed3 updates 280/6250 episodes, total num timesteps 899200/20000000, FPS 9922.

average episode rewards is -141.17625427246094

 Scenario simple_spread Algo rmappo Exp reference_20260925T185133Z_2dfd2f_ippo_w128_seed3 updates 285/6250 episodes, total num timesteps 915200/20000000, FPS 9919.

average episode rewards is -142.1553192138672

 Scenario simple_spread Algo rmappo Exp reference_20260925T185133Z_2dfd2f_ippo_w128_seed3 updates 290/6250 episodes, total num timesteps 931200/20000000, FPS 9920.

average episode rewards is -144.3726348876953

 Scenario simple_spread Algo rmappo Exp reference_20260925T185133Z_2dfd2f_ippo_w128_seed3 updates 295/6250 episodes, total num timesteps 947200/20000000, FPS 9925.

average episode rewards is -140.6665802001953

 Scenario simple_spread Algo rmappo Exp reference_20260925T185133Z_2dfd2f_ippo_w128_seed3 updates 300/6250 episodes, total num timesteps 963200/20000000, FPS 9914.

average episode rewards is -142.19020080566406
eval average episode rewards of agent: -136.03956841860807
eval success rate: 0.15

 Scenario simple_spread Algo rmappo Exp reference_20260925T185133Z_2dfd2f_ippo_w128_seed3 updates 305/6250 episodes, total num timesteps 979200/20000000, FPS 9908.

average episode rewards is -140.05601501464844

 Scenario simple_spread Algo rmappo Exp reference_20260925T185133Z_2dfd2f_ippo_w128_seed3 updates 310/6250 episodes, total num timesteps 995200/20000000, FPS 9908.

average episode rewards is -139.39239501953125

 Scenario simple_spread Algo rmappo Exp reference_20260925T185133Z_2dfd2f_ippo_w128_seed3 updates 315/6250 episodes, total num timesteps 1011200/20000000, FPS 9906.

average episode rewards is -143.10951232910156

 Scenario simple_spread Algo rmappo Exp reference_20260925T185133Z_2dfd2f_ippo_w128_seed3 updates 320/6250 episodes, total num timesteps 1027200/20000000, FPS 9910.

average episode rewards is -140.16810607910156

 Scenario simple_spread Algo rmappo Exp reference_20260925T185133Z_2dfd2f_ippo_w128_seed3 updates 325/6250 episodes, total num timesteps 1043200/20000000, FPS 9911.

average episode rewards is -138.3359375
eval average episode rewards of agent: -140.22909803558602
eval success rate: 0.2

 Scenario simple_spread Algo rmappo Exp reference_20260925T185133Z_2dfd2f_ippo_w128_seed3 updates 330/6250 episodes, total num timesteps 1059200/20000000, FPS 9909.

average episode rewards is -140.57591247558594

 Scenario simple_spread Algo rmappo Exp reference_20260925T185133Z_2dfd2f_ippo_w128_seed3 updates 335/6250 episodes, total num timesteps 1075200/20000000, FPS 9911.

average episode rewards is -138.88356018066406

 Scenario simple_spread Algo rmappo Exp reference_20260925T185133Z_2dfd2f_ippo_w128_seed3 updates 340/6250 episodes, total num timesteps 1091200/20000000, FPS 9909.

average episode rewards is -139.77316284179688

 Scenario simple_spread Algo rmappo Exp reference_20260925T185133Z_2dfd2f_ippo_w128_seed3 updates 345/6250 episodes, total num timesteps 1107200/20000000, FPS 9908.

average episode rewards is -139.77586364746094

 Scenario simple_spread Algo rmappo Exp reference_20260925T185133Z_2dfd2f_ippo_w128_seed3 updates 350/6250 episodes, total num timesteps 1123200/20000000, FPS 9908.

average episode rewards is -140.19207763671875
eval average episode rewards of agent: -136.66809231669703
eval success rate: 0.15

 Scenario simple_spread Algo rmappo Exp reference_20260925T185133Z_2dfd2f_ippo_w128_seed3 updates 355/6250 episodes, total num timesteps 1139200/20000000, FPS 9906.

average episode rewards is -138.6545867919922

 Scenario simple_spread Algo rmappo Exp reference_20260925T185133Z_2dfd2f_ippo_w128_seed3 updates 360/6250 episodes, total num timesteps 1155200/20000000, FPS 9899.

average episode rewards is -138.3528594970703

 Scenario simple_spread Algo rmappo Exp reference_20260925T185133Z_2dfd2f_ippo_w128_seed3 updates 365/6250 episodes, total num timesteps 1171200/20000000, FPS 9897.

average episode rewards is -137.82029724121094

 Scenario simple_spread Algo rmappo Exp reference_20260925T185133Z_2dfd2f_ippo_w128_seed3 updates 370/6250 episodes, total num timesteps 1187200/20000000, FPS 9896.

average episode rewards is -140.33908081054688

 Scenario simple_spread Algo rmappo Exp reference_20260925T185133Z_2dfd2f_ippo_w128_seed3 updates 375/6250 episodes, total num timesteps 1203200/20000000, FPS 9899.

average episode rewards is -137.1380157470703
eval average episode rewards of agent: -140.134285731212
eval success rate: 0.0

 Scenario simple_spread Algo rmappo Exp reference_20260925T185133Z_2dfd2f_ippo_w128_seed3 updates 380/6250 episodes, total num timesteps 1219200/20000000, FPS 9899.

average episode rewards is -137.83457946777344

 Scenario simple_spread Algo rmappo Exp reference_20260925T185133Z_2dfd2f_ippo_w128_seed3 updates 385/6250 episodes, total num timesteps 1235200/20000000, FPS 9905.

average episode rewards is -138.24708557128906

 Scenario simple_spread Algo rmappo Exp reference_20260925T185133Z_2dfd2f_ippo_w128_seed3 updates 390/6250 episodes, total num timesteps 1251200/20000000, FPS 9905.

average episode rewards is -137.22994995117188

 Scenario simple_spread Algo rmappo Exp reference_20260925T185133Z_2dfd2f_ippo_w128_seed3 updates 395/6250 episodes, total num timesteps 1267200/20000000, FPS 9904.

average episode rewards is -136.68736267089844

 Scenario simple_spread Algo rmappo Exp reference_20260925T185133Z_2dfd2f_ippo_w128_seed3 updates 400/6250 episodes, total num timesteps 1283200/20000000, FPS 9906.

average episode rewards is -134.85977172851562
eval average episode rewards of agent: -137.86176766534854
eval success rate: 0.15

 Scenario simple_spread Algo rmappo Exp reference_20260925T185133Z_2dfd2f_ippo_w128_seed3 updates 405/6250 episodes, total num timesteps 1299200/20000000, FPS 9905.

average episode rewards is -137.281494140625

 Scenario simple_spread Algo rmappo Exp reference_20260925T185133Z_2dfd2f_ippo_w128_seed3 updates 410/6250 episodes, total num timesteps 1315200/20000000, FPS 9904.

average episode rewards is -137.33714294433594

 Scenario simple_spread Algo rmappo Exp reference_20260925T185133Z_2dfd2f_ippo_w128_seed3 updates 415/6250 episodes, total num timesteps 1331200/20000000, FPS 9905.

average episode rewards is -138.19114685058594

 Scenario simple_spread Algo rmappo Exp reference_20260925T185133Z_2dfd2f_ippo_w128_seed3 updates 420/6250 episodes, total num timesteps 1347200/20000000, FPS 9897.

average episode rewards is -135.4229736328125

 Scenario simple_spread Algo rmappo Exp reference_20260925T185133Z_2dfd2f_ippo_w128_seed3 updates 425/6250 episodes, total num timesteps 1363200/20000000, FPS 9901.

average episode rewards is -135.87872314453125
eval average episode rewards of agent: -140.40207343627273
eval success rate: 0.2

 Scenario simple_spread Algo rmappo Exp reference_20260925T185133Z_2dfd2f_ippo_w128_seed3 updates 430/6250 episodes, total num timesteps 1379200/20000000, FPS 9897.

average episode rewards is -136.51751708984375

 Scenario simple_spread Algo rmappo Exp reference_20260925T185133Z_2dfd2f_ippo_w128_seed3 updates 435/6250 episodes, total num timesteps 1395200/20000000, FPS 9897.

average episode rewards is -134.84596252441406

 Scenario simple_spread Algo rmappo Exp reference_20260925T185133Z_2dfd2f_ippo_w128_seed3 updates 440/6250 episodes, total num timesteps 1411200/20000000, FPS 9899.

average episode rewards is -137.2194061279297

 Scenario simple_spread Algo rmappo Exp reference_20260925T185133Z_2dfd2f_ippo_w128_seed3 updates 445/6250 episodes, total num timesteps 1427200/20000000, FPS 9901.

average episode rewards is -131.9752655029297

 Scenario simple_spread Algo rmappo Exp reference_20260925T185133Z_2dfd2f_ippo_w128_seed3 updates 450/6250 episodes, total num timesteps 1443200/20000000, FPS 9900.

average episode rewards is -133.43759155273438
eval average episode rewards of agent: -133.55767275571594
eval success rate: 0.2

 Scenario simple_spread Algo rmappo Exp reference_20260925T185133Z_2dfd2f_ippo_w128_seed3 updates 455/6250 episodes, total num timesteps 1459200/20000000, FPS 9897.

average episode rewards is -130.84918212890625

 Scenario simple_spread Algo rmappo Exp reference_20260925T185133Z_2dfd2f_ippo_w128_seed3 updates 460/6250 episodes, total num timesteps 1475200/20000000, FPS 9898.

average episode rewards is -131.7139434814453

 Scenario simple_spread Algo rmappo Exp reference_20260925T185133Z_2dfd2f_ippo_w128_seed3 updates 465/6250 episodes, total num timesteps 1491200/20000000, FPS 9897.

average episode rewards is -132.5191650390625

 Scenario simple_spread Algo rmappo Exp reference_20260925T185133Z_2dfd2f_ippo_w128_seed3 updates 470/6250 episodes, total num timesteps 1507200/20000000, FPS 9897.

average episode rewards is -132.83116149902344

 Scenario simple_spread Algo rmappo Exp reference_20260925T185133Z_2dfd2f_ippo_w128_seed3 updates 475/6250 episodes, total num timesteps 1523200/20000000, FPS 9899.

average episode rewards is -131.43235778808594
eval average episode rewards of agent: -127.94788813913257
eval success rate: 0.15

 Scenario simple_spread Algo rmappo Exp reference_20260925T185133Z_2dfd2f_ippo_w128_seed3 updates 480/6250 episodes, total num timesteps 1539200/20000000, FPS 9889.

average episode rewards is -130.74822998046875

 Scenario simple_spread Algo rmappo Exp reference_20260925T185133Z_2dfd2f_ippo_w128_seed3 updates 485/6250 episodes, total num timesteps 1555200/20000000, FPS 9892.

average episode rewards is -133.28036499023438

 Scenario simple_spread Algo rmappo Exp reference_20260925T185133Z_2dfd2f_ippo_w128_seed3 updates 490/6250 episodes, total num timesteps 1571200/20000000, FPS 9891.

average episode rewards is -132.77151489257812

 Scenario simple_spread Algo rmappo Exp reference_20260925T185133Z_2dfd2f_ippo_w128_seed3 updates 495/6250 episodes, total num timesteps 1587200/20000000, FPS 9891.

average episode rewards is -128.48812866210938

 Scenario simple_spread Algo rmappo Exp reference_20260925T185133Z_2dfd2f_ippo_w128_seed3 updates 500/6250 episodes, total num timesteps 1603200/20000000, FPS 9893.

average episode rewards is -129.44314575195312
eval average episode rewards of agent: -125.5379726179153
eval success rate: 0.3

 Scenario simple_spread Algo rmappo Exp reference_20260925T185133Z_2dfd2f_ippo_w128_seed3 updates 505/6250 episodes, total num timesteps 1619200/20000000, FPS 9892.

average episode rewards is -127.93221282958984

 Scenario simple_spread Algo rmappo Exp reference_20260925T185133Z_2dfd2f_ippo_w128_seed3 updates 510/6250 episodes, total num timesteps 1635200/20000000, FPS 9896.

average episode rewards is -129.1079559326172

 Scenario simple_spread Algo rmappo Exp reference_20260925T185133Z_2dfd2f_ippo_w128_seed3 updates 515/6250 episodes, total num timesteps 1651200/20000000, FPS 9897.

average episode rewards is -131.02374267578125

 Scenario simple_spread Algo rmappo Exp reference_20260925T185133Z_2dfd2f_ippo_w128_seed3 updates 520/6250 episodes, total num timesteps 1667200/20000000, FPS 9895.

average episode rewards is -126.81354522705078

 Scenario simple_spread Algo rmappo Exp reference_20260925T185133Z_2dfd2f_ippo_w128_seed3 updates 525/6250 episodes, total num timesteps 1683200/20000000, FPS 9895.

average episode rewards is -130.5927734375
eval average episode rewards of agent: -122.9255980231709
eval success rate: 0.3

 Scenario simple_spread Algo rmappo Exp reference_20260925T185133Z_2dfd2f_ippo_w128_seed3 updates 530/6250 episodes, total num timesteps 1699200/20000000, FPS 9894.

average episode rewards is -130.62831115722656

 Scenario simple_spread Algo rmappo Exp reference_20260925T185133Z_2dfd2f_ippo_w128_seed3 updates 535/6250 episodes, total num timesteps 1715200/20000000, FPS 9889.

average episode rewards is -126.41029357910156

 Scenario simple_spread Algo rmappo Exp reference_20260925T185133Z_2dfd2f_ippo_w128_seed3 updates 540/6250 episodes, total num timesteps 1731200/20000000, FPS 9890.

average episode rewards is -127.33406829833984

 Scenario simple_spread Algo rmappo Exp reference_20260925T185133Z_2dfd2f_ippo_w128_seed3 updates 545/6250 episodes, total num timesteps 1747200/20000000, FPS 9889.

average episode rewards is -128.11337280273438

 Scenario simple_spread Algo rmappo Exp reference_20260925T185133Z_2dfd2f_ippo_w128_seed3 updates 550/6250 episodes, total num timesteps 1763200/20000000, FPS 9889.

average episode rewards is -129.733642578125
eval average episode rewards of agent: -125.09040927982073
eval success rate: 0.5

 Scenario simple_spread Algo rmappo Exp reference_20260925T185133Z_2dfd2f_ippo_w128_seed3 updates 555/6250 episodes, total num timesteps 1779200/20000000, FPS 9887.

average episode rewards is -129.1934814453125

 Scenario simple_spread Algo rmappo Exp reference_20260925T185133Z_2dfd2f_ippo_w128_seed3 updates 560/6250 episodes, total num timesteps 1795200/20000000, FPS 9888.

average episode rewards is -126.07538604736328

 Scenario simple_spread Algo rmappo Exp reference_20260925T185133Z_2dfd2f_ippo_w128_seed3 updates 565/6250 episodes, total num timesteps 1811200/20000000, FPS 9889.

average episode rewards is -127.71029663085938

 Scenario simple_spread Algo rmappo Exp reference_20260925T185133Z_2dfd2f_ippo_w128_seed3 updates 570/6250 episodes, total num timesteps 1827200/20000000, FPS 9891.

average episode rewards is -128.72509765625

 Scenario simple_spread Algo rmappo Exp reference_20260925T185133Z_2dfd2f_ippo_w128_seed3 updates 575/6250 episodes, total num timesteps 1843200/20000000, FPS 9890.

average episode rewards is -125.42843627929688
eval average episode rewards of agent: -128.07059162456252
eval success rate: 0.35

 Scenario simple_spread Algo rmappo Exp reference_20260925T185133Z_2dfd2f_ippo_w128_seed3 updates 580/6250 episodes, total num timesteps 1859200/20000000, FPS 9886.

average episode rewards is -127.7582015991211

 Scenario simple_spread Algo rmappo Exp reference_20260925T185133Z_2dfd2f_ippo_w128_seed3 updates 585/6250 episodes, total num timesteps 1875200/20000000, FPS 9889.

average episode rewards is -128.14736938476562

 Scenario simple_spread Algo rmappo Exp reference_20260925T185133Z_2dfd2f_ippo_w128_seed3 updates 590/6250 episodes, total num timesteps 1891200/20000000, FPS 9890.

average episode rewards is -124.30438995361328

 Scenario simple_spread Algo rmappo Exp reference_20260925T185133Z_2dfd2f_ippo_w128_seed3 updates 595/6250 episodes, total num timesteps 1907200/20000000, FPS 9884.

average episode rewards is -129.92401123046875

 Scenario simple_spread Algo rmappo Exp reference_20260925T185133Z_2dfd2f_ippo_w128_seed3 updates 600/6250 episodes, total num timesteps 1923200/20000000, FPS 9884.

average episode rewards is -126.95142364501953
eval average episode rewards of agent: -128.07455611020455
eval success rate: 0.5

 Scenario simple_spread Algo rmappo Exp reference_20260925T185133Z_2dfd2f_ippo_w128_seed3 updates 605/6250 episodes, total num timesteps 1939200/20000000, FPS 9881.

average episode rewards is -126.68682098388672

 Scenario simple_spread Algo rmappo Exp reference_20260925T185133Z_2dfd2f_ippo_w128_seed3 updates 610/6250 episodes, total num timesteps 1955200/20000000, FPS 9885.

average episode rewards is -126.45206451416016

 Scenario simple_spread Algo rmappo Exp reference_20260925T185133Z_2dfd2f_ippo_w128_seed3 updates 615/6250 episodes, total num timesteps 1971200/20000000, FPS 9885.

average episode rewards is -128.66798400878906

 Scenario simple_spread Algo rmappo Exp reference_20260925T185133Z_2dfd2f_ippo_w128_seed3 updates 620/6250 episodes, total num timesteps 1987200/20000000, FPS 9884.

average episode rewards is -126.95542907714844

 Scenario simple_spread Algo rmappo Exp reference_20260925T185133Z_2dfd2f_ippo_w128_seed3 updates 625/6250 episodes, total num timesteps 2003200/20000000, FPS 9886.

average episode rewards is -126.5954818725586
eval average episode rewards of agent: -122.0089900706987
eval success rate: 0.35

 Scenario simple_spread Algo rmappo Exp reference_20260925T185133Z_2dfd2f_ippo_w128_seed3 updates 630/6250 episodes, total num timesteps 2019200/20000000, FPS 9886.

average episode rewards is -126.9903335571289

 Scenario simple_spread Algo rmappo Exp reference_20260925T185133Z_2dfd2f_ippo_w128_seed3 updates 635/6250 episodes, total num timesteps 2035200/20000000, FPS 9884.

average episode rewards is -125.95365142822266

 Scenario simple_spread Algo rmappo Exp reference_20260925T185133Z_2dfd2f_ippo_w128_seed3 updates 640/6250 episodes, total num timesteps 2051200/20000000, FPS 9887.

average episode rewards is -123.08381652832031

 Scenario simple_spread Algo rmappo Exp reference_20260925T185133Z_2dfd2f_ippo_w128_seed3 updates 645/6250 episodes, total num timesteps 2067200/20000000, FPS 9887.

average episode rewards is -126.6381607055664

 Scenario simple_spread Algo rmappo Exp reference_20260925T185133Z_2dfd2f_ippo_w128_seed3 updates 650/6250 episodes, total num timesteps 2083200/20000000, FPS 9886.

average episode rewards is -128.24624633789062
eval average episode rewards of agent: -124.95951309408468
eval success rate: 0.5

 Scenario simple_spread Algo rmappo Exp reference_20260925T185133Z_2dfd2f_ippo_w128_seed3 updates 655/6250 episodes, total num timesteps 2099200/20000000, FPS 9880.

average episode rewards is -125.25389099121094

 Scenario simple_spread Algo rmappo Exp reference_20260925T185133Z_2dfd2f_ippo_w128_seed3 updates 660/6250 episodes, total num timesteps 2115200/20000000, FPS 9879.

average episode rewards is -125.61068725585938

 Scenario simple_spread Algo rmappo Exp reference_20260925T185133Z_2dfd2f_ippo_w128_seed3 updates 665/6250 episodes, total num timesteps 2131200/20000000, FPS 9881.

average episode rewards is -125.93214416503906

 Scenario simple_spread Algo rmappo Exp reference_20260925T185133Z_2dfd2f_ippo_w128_seed3 updates 670/6250 episodes, total num timesteps 2147200/20000000, FPS 9881.

average episode rewards is -124.08876037597656

 Scenario simple_spread Algo rmappo Exp reference_20260925T185133Z_2dfd2f_ippo_w128_seed3 updates 675/6250 episodes, total num timesteps 2163200/20000000, FPS 9883.

average episode rewards is -120.52283477783203
eval average episode rewards of agent: -122.29229313298087
eval success rate: 0.5

 Scenario simple_spread Algo rmappo Exp reference_20260925T185133Z_2dfd2f_ippo_w128_seed3 updates 680/6250 episodes, total num timesteps 2179200/20000000, FPS 9882.

average episode rewards is -124.83840942382812

 Scenario simple_spread Algo rmappo Exp reference_20260925T185133Z_2dfd2f_ippo_w128_seed3 updates 685/6250 episodes, total num timesteps 2195200/20000000, FPS 9885.

average episode rewards is -125.00152587890625

 Scenario simple_spread Algo rmappo Exp reference_20260925T185133Z_2dfd2f_ippo_w128_seed3 updates 690/6250 episodes, total num timesteps 2211200/20000000, FPS 9884.

average episode rewards is -123.88078308105469

 Scenario simple_spread Algo rmappo Exp reference_20260925T185133Z_2dfd2f_ippo_w128_seed3 updates 695/6250 episodes, total num timesteps 2227200/20000000, FPS 9885.

average episode rewards is -125.93224334716797

 Scenario simple_spread Algo rmappo Exp reference_20260925T185133Z_2dfd2f_ippo_w128_seed3 updates 700/6250 episodes, total num timesteps 2243200/20000000, FPS 9885.

average episode rewards is -125.71455383300781
eval average episode rewards of agent: -125.46195116780525
eval success rate: 0.45

 Scenario simple_spread Algo rmappo Exp reference_20260925T185133Z_2dfd2f_ippo_w128_seed3 updates 705/6250 episodes, total num timesteps 2259200/20000000, FPS 9885.

average episode rewards is -124.91736602783203

 Scenario simple_spread Algo rmappo Exp reference_20260925T185133Z_2dfd2f_ippo_w128_seed3 updates 710/6250 episodes, total num timesteps 2275200/20000000, FPS 9886.

average episode rewards is -127.28809356689453

 Scenario simple_spread Algo rmappo Exp reference_20260925T185133Z_2dfd2f_ippo_w128_seed3 updates 715/6250 episodes, total num timesteps 2291200/20000000, FPS 9882.

average episode rewards is -122.9666748046875

 Scenario simple_spread Algo rmappo Exp reference_20260925T185133Z_2dfd2f_ippo_w128_seed3 updates 720/6250 episodes, total num timesteps 2307200/20000000, FPS 9882.

average episode rewards is -121.52214050292969

 Scenario simple_spread Algo rmappo Exp reference_20260925T185133Z_2dfd2f_ippo_w128_seed3 updates 725/6250 episodes, total num timesteps 2323200/20000000, FPS 9882.

average episode rewards is -122.68409729003906
eval average episode rewards of agent: -124.66020409931302
eval success rate: 0.7

 Scenario simple_spread Algo rmappo Exp reference_20260925T185133Z_2dfd2f_ippo_w128_seed3 updates 730/6250 episodes, total num timesteps 2339200/20000000, FPS 9880.

average episode rewards is -126.58023834228516

 Scenario simple_spread Algo rmappo Exp reference_20260925T185133Z_2dfd2f_ippo_w128_seed3 updates 735/6250 episodes, total num timesteps 2355200/20000000, FPS 9882.

average episode rewards is -124.23987579345703

 Scenario simple_spread Algo rmappo Exp reference_20260925T185133Z_2dfd2f_ippo_w128_seed3 updates 740/6250 episodes, total num timesteps 2371200/20000000, FPS 9883.

average episode rewards is -122.41524505615234

 Scenario simple_spread Algo rmappo Exp reference_20260925T185133Z_2dfd2f_ippo_w128_seed3 updates 745/6250 episodes, total num timesteps 2387200/20000000, FPS 9885.

average episode rewards is -122.65180206298828

 Scenario simple_spread Algo rmappo Exp reference_20260925T185133Z_2dfd2f_ippo_w128_seed3 updates 750/6250 episodes, total num timesteps 2403200/20000000, FPS 9886.

average episode rewards is -123.6424331665039
eval average episode rewards of agent: -124.25226468535948
eval success rate: 0.7

 Scenario simple_spread Algo rmappo Exp reference_20260925T185133Z_2dfd2f_ippo_w128_seed3 updates 755/6250 episodes, total num timesteps 2419200/20000000, FPS 9885.

average episode rewards is -122.50487518310547

 Scenario simple_spread Algo rmappo Exp reference_20260925T185133Z_2dfd2f_ippo_w128_seed3 updates 760/6250 episodes, total num timesteps 2435200/20000000, FPS 9887.

average episode rewards is -123.66080474853516

 Scenario simple_spread Algo rmappo Exp reference_20260925T185133Z_2dfd2f_ippo_w128_seed3 updates 765/6250 episodes, total num timesteps 2451200/20000000, FPS 9887.

average episode rewards is -122.61894989013672

 Scenario simple_spread Algo rmappo Exp reference_20260925T185133Z_2dfd2f_ippo_w128_seed3 updates 770/6250 episodes, total num timesteps 2467200/20000000, FPS 9888.

average episode rewards is -120.64924621582031

 Scenario simple_spread Algo rmappo Exp reference_20260925T185133Z_2dfd2f_ippo_w128_seed3 updates 775/6250 episodes, total num timesteps 2483200/20000000, FPS 9882.

average episode rewards is -122.7545394897461
eval average episode rewards of agent: -113.20709613680333
eval success rate: 0.85

 Scenario simple_spread Algo rmappo Exp reference_20260925T185133Z_2dfd2f_ippo_w128_seed3 updates 780/6250 episodes, total num timesteps 2499200/20000000, FPS 9881.

average episode rewards is -122.46837615966797

 Scenario simple_spread Algo rmappo Exp reference_20260925T185133Z_2dfd2f_ippo_w128_seed3 updates 785/6250 episodes, total num timesteps 2515200/20000000, FPS 9883.

average episode rewards is -122.6470947265625

 Scenario simple_spread Algo rmappo Exp reference_20260925T185133Z_2dfd2f_ippo_w128_seed3 updates 790/6250 episodes, total num timesteps 2531200/20000000, FPS 9882.

average episode rewards is -121.66092681884766

 Scenario simple_spread Algo rmappo Exp reference_20260925T185133Z_2dfd2f_ippo_w128_seed3 updates 795/6250 episodes, total num timesteps 2547200/20000000, FPS 9884.

average episode rewards is -120.8677749633789

 Scenario simple_spread Algo rmappo Exp reference_20260925T185133Z_2dfd2f_ippo_w128_seed3 updates 800/6250 episodes, total num timesteps 2563200/20000000, FPS 9884.

average episode rewards is -121.23564147949219
eval average episode rewards of agent: -125.79368282592841
eval success rate: 0.6

 Scenario simple_spread Algo rmappo Exp reference_20260925T185133Z_2dfd2f_ippo_w128_seed3 updates 805/6250 episodes, total num timesteps 2579200/20000000, FPS 9882.

average episode rewards is -121.18873596191406

 Scenario simple_spread Algo rmappo Exp reference_20260925T185133Z_2dfd2f_ippo_w128_seed3 updates 810/6250 episodes, total num timesteps 2595200/20000000, FPS 9882.

average episode rewards is -123.80754089355469

 Scenario simple_spread Algo rmappo Exp reference_20260925T185133Z_2dfd2f_ippo_w128_seed3 updates 815/6250 episodes, total num timesteps 2611200/20000000, FPS 9884.

average episode rewards is -121.63125610351562

 Scenario simple_spread Algo rmappo Exp reference_20260925T185133Z_2dfd2f_ippo_w128_seed3 updates 820/6250 episodes, total num timesteps 2627200/20000000, FPS 9885.

average episode rewards is -123.07684326171875

 Scenario simple_spread Algo rmappo Exp reference_20260925T185133Z_2dfd2f_ippo_w128_seed3 updates 825/6250 episodes, total num timesteps 2643200/20000000, FPS 9885.

average episode rewards is -121.19412231445312
eval average episode rewards of agent: -117.42129270625388
eval success rate: 0.75

 Scenario simple_spread Algo rmappo Exp reference_20260925T185133Z_2dfd2f_ippo_w128_seed3 updates 830/6250 episodes, total num timesteps 2659200/20000000, FPS 9879.

average episode rewards is -120.7813491821289

 Scenario simple_spread Algo rmappo Exp reference_20260925T185133Z_2dfd2f_ippo_w128_seed3 updates 835/6250 episodes, total num timesteps 2675200/20000000, FPS 9880.

average episode rewards is -123.42388916015625

 Scenario simple_spread Algo rmappo Exp reference_20260925T185133Z_2dfd2f_ippo_w128_seed3 updates 840/6250 episodes, total num timesteps 2691200/20000000, FPS 9879.

average episode rewards is -121.3558349609375

 Scenario simple_spread Algo rmappo Exp reference_20260925T185133Z_2dfd2f_ippo_w128_seed3 updates 845/6250 episodes, total num timesteps 2707200/20000000, FPS 9881.

average episode rewards is -121.47645568847656

 Scenario simple_spread Algo rmappo Exp reference_20260925T185133Z_2dfd2f_ippo_w128_seed3 updates 850/6250 episodes, total num timesteps 2723200/20000000, FPS 9883.

average episode rewards is -122.9524154663086
eval average episode rewards of agent: -124.77998683662116
eval success rate: 0.85

 Scenario simple_spread Algo rmappo Exp reference_20260925T185133Z_2dfd2f_ippo_w128_seed3 updates 855/6250 episodes, total num timesteps 2739200/20000000, FPS 9882.

average episode rewards is -121.52291870117188

 Scenario simple_spread Algo rmappo Exp reference_20260925T185133Z_2dfd2f_ippo_w128_seed3 updates 860/6250 episodes, total num timesteps 2755200/20000000, FPS 9882.

average episode rewards is -119.49806213378906

 Scenario simple_spread Algo rmappo Exp reference_20260925T185133Z_2dfd2f_ippo_w128_seed3 updates 865/6250 episodes, total num timesteps 2771200/20000000, FPS 9882.

average episode rewards is -120.5924072265625

 Scenario simple_spread Algo rmappo Exp reference_20260925T185133Z_2dfd2f_ippo_w128_seed3 updates 870/6250 episodes, total num timesteps 2787200/20000000, FPS 9882.

average episode rewards is -122.30862426757812

 Scenario simple_spread Algo rmappo Exp reference_20260925T185133Z_2dfd2f_ippo_w128_seed3 updates 875/6250 episodes, total num timesteps 2803200/20000000, FPS 9883.

average episode rewards is -121.32487487792969
eval average episode rewards of agent: -118.09271120321087
eval success rate: 0.65

 Scenario simple_spread Algo rmappo Exp reference_20260925T185133Z_2dfd2f_ippo_w128_seed3 updates 880/6250 episodes, total num timesteps 2819200/20000000, FPS 9882.

average episode rewards is -122.76335144042969

 Scenario simple_spread Algo rmappo Exp reference_20260925T185133Z_2dfd2f_ippo_w128_seed3 updates 885/6250 episodes, total num timesteps 2835200/20000000, FPS 9881.

average episode rewards is -120.9292984008789

 Scenario simple_spread Algo rmappo Exp reference_20260925T185133Z_2dfd2f_ippo_w128_seed3 updates 890/6250 episodes, total num timesteps 2851200/20000000, FPS 9878.

average episode rewards is -119.95391845703125

 Scenario simple_spread Algo rmappo Exp reference_20260925T185133Z_2dfd2f_ippo_w128_seed3 updates 895/6250 episodes, total num timesteps 2867200/20000000, FPS 9878.

average episode rewards is -118.80804443359375

 Scenario simple_spread Algo rmappo Exp reference_20260925T185133Z_2dfd2f_ippo_w128_seed3 updates 900/6250 episodes, total num timesteps 2883200/20000000, FPS 9878.

average episode rewards is -124.76143646240234
eval average episode rewards of agent: -120.64112495814616
eval success rate: 0.65

 Scenario simple_spread Algo rmappo Exp reference_20260925T185133Z_2dfd2f_ippo_w128_seed3 updates 905/6250 episodes, total num timesteps 2899200/20000000, FPS 9877.

average episode rewards is -120.8006362915039

 Scenario simple_spread Algo rmappo Exp reference_20260925T185133Z_2dfd2f_ippo_w128_seed3 updates 910/6250 episodes, total num timesteps 2915200/20000000, FPS 9877.

average episode rewards is -124.2208023071289

 Scenario simple_spread Algo rmappo Exp reference_20260925T185133Z_2dfd2f_ippo_w128_seed3 updates 915/6250 episodes, total num timesteps 2931200/20000000, FPS 9877.

average episode rewards is -120.9403076171875

 Scenario simple_spread Algo rmappo Exp reference_20260925T185133Z_2dfd2f_ippo_w128_seed3 updates 920/6250 episodes, total num timesteps 2947200/20000000, FPS 9878.

average episode rewards is -121.59252166748047

 Scenario simple_spread Algo rmappo Exp reference_20260925T185133Z_2dfd2f_ippo_w128_seed3 updates 925/6250 episodes, total num timesteps 2963200/20000000, FPS 9878.

average episode rewards is -119.50221252441406
eval average episode rewards of agent: -124.98691203947016
eval success rate: 0.7

 Scenario simple_spread Algo rmappo Exp reference_20260925T185133Z_2dfd2f_ippo_w128_seed3 updates 930/6250 episodes, total num timesteps 2979200/20000000, FPS 9876.

average episode rewards is -123.84910583496094

 Scenario simple_spread Algo rmappo Exp reference_20260925T185133Z_2dfd2f_ippo_w128_seed3 updates 935/6250 episodes, total num timesteps 2995200/20000000, FPS 9878.

average episode rewards is -119.8282699584961

 Scenario simple_spread Algo rmappo Exp reference_20260925T185133Z_2dfd2f_ippo_w128_seed3 updates 940/6250 episodes, total num timesteps 3011200/20000000, FPS 9879.

average episode rewards is -120.07518005371094

 Scenario simple_spread Algo rmappo Exp reference_20260925T185133Z_2dfd2f_ippo_w128_seed3 updates 945/6250 episodes, total num timesteps 3027200/20000000, FPS 9878.

average episode rewards is -121.66828155517578

 Scenario simple_spread Algo rmappo Exp reference_20260925T185133Z_2dfd2f_ippo_w128_seed3 updates 950/6250 episodes, total num timesteps 3043200/20000000, FPS 9875.

average episode rewards is -120.48104858398438
eval average episode rewards of agent: -119.55674964760577
eval success rate: 0.75

 Scenario simple_spread Algo rmappo Exp reference_20260925T185133Z_2dfd2f_ippo_w128_seed3 updates 955/6250 episodes, total num timesteps 3059200/20000000, FPS 9874.

average episode rewards is -120.2726821899414

 Scenario simple_spread Algo rmappo Exp reference_20260925T185133Z_2dfd2f_ippo_w128_seed3 updates 960/6250 episodes, total num timesteps 3075200/20000000, FPS 9875.

average episode rewards is -122.50419616699219

 Scenario simple_spread Algo rmappo Exp reference_20260925T185133Z_2dfd2f_ippo_w128_seed3 updates 965/6250 episodes, total num timesteps 3091200/20000000, FPS 9875.

average episode rewards is -120.3393325805664

 Scenario simple_spread Algo rmappo Exp reference_20260925T185133Z_2dfd2f_ippo_w128_seed3 updates 970/6250 episodes, total num timesteps 3107200/20000000, FPS 9875.

average episode rewards is -121.3612289428711

 Scenario simple_spread Algo rmappo Exp reference_20260925T185133Z_2dfd2f_ippo_w128_seed3 updates 975/6250 episodes, total num timesteps 3123200/20000000, FPS 9877.

average episode rewards is -120.60218048095703
eval average episode rewards of agent: -123.11365789142864
eval success rate: 0.85

 Scenario simple_spread Algo rmappo Exp reference_20260925T185133Z_2dfd2f_ippo_w128_seed3 updates 980/6250 episodes, total num timesteps 3139200/20000000, FPS 9875.

average episode rewards is -122.19229125976562

 Scenario simple_spread Algo rmappo Exp reference_20260925T185133Z_2dfd2f_ippo_w128_seed3 updates 985/6250 episodes, total num timesteps 3155200/20000000, FPS 9875.

average episode rewards is -123.27503204345703

 Scenario simple_spread Algo rmappo Exp reference_20260925T185133Z_2dfd2f_ippo_w128_seed3 updates 990/6250 episodes, total num timesteps 3171200/20000000, FPS 9877.

average episode rewards is -118.61235046386719

 Scenario simple_spread Algo rmappo Exp reference_20260925T185133Z_2dfd2f_ippo_w128_seed3 updates 995/6250 episodes, total num timesteps 3187200/20000000, FPS 9876.

average episode rewards is -120.88707733154297

 Scenario simple_spread Algo rmappo Exp reference_20260925T185133Z_2dfd2f_ippo_w128_seed3 updates 1000/6250 episodes, total num timesteps 3203200/20000000, FPS 9877.

average episode rewards is -118.20863342285156
eval average episode rewards of agent: -120.63265852164294
eval success rate: 0.9

 Scenario simple_spread Algo rmappo Exp reference_20260925T185133Z_2dfd2f_ippo_w128_seed3 updates 1005/6250 episodes, total num timesteps 3219200/20000000, FPS 9878.

average episode rewards is -118.46451568603516

 Scenario simple_spread Algo rmappo Exp reference_20260925T185133Z_2dfd2f_ippo_w128_seed3 updates 1010/6250 episodes, total num timesteps 3235200/20000000, FPS 9875.

average episode rewards is -118.14916229248047

 Scenario simple_spread Algo rmappo Exp reference_20260925T185133Z_2dfd2f_ippo_w128_seed3 updates 1015/6250 episodes, total num timesteps 3251200/20000000, FPS 9875.

average episode rewards is -117.99017333984375

 Scenario simple_spread Algo rmappo Exp reference_20260925T185133Z_2dfd2f_ippo_w128_seed3 updates 1020/6250 episodes, total num timesteps 3267200/20000000, FPS 9877.

average episode rewards is -116.82176208496094

 Scenario simple_spread Algo rmappo Exp reference_20260925T185133Z_2dfd2f_ippo_w128_seed3 updates 1025/6250 episodes, total num timesteps 3283200/20000000, FPS 9876.

average episode rewards is -119.6121826171875
eval average episode rewards of agent: -116.72319947013804
eval success rate: 0.85

 Scenario simple_spread Algo rmappo Exp reference_20260925T185133Z_2dfd2f_ippo_w128_seed3 updates 1030/6250 episodes, total num timesteps 3299200/20000000, FPS 9874.

average episode rewards is -120.21336364746094

 Scenario simple_spread Algo rmappo Exp reference_20260925T185133Z_2dfd2f_ippo_w128_seed3 updates 1035/6250 episodes, total num timesteps 3315200/20000000, FPS 9874.

average episode rewards is -122.40087890625

 Scenario simple_spread Algo rmappo Exp reference_20260925T185133Z_2dfd2f_ippo_w128_seed3 updates 1040/6250 episodes, total num timesteps 3331200/20000000, FPS 9875.

average episode rewards is -119.04534912109375

 Scenario simple_spread Algo rmappo Exp reference_20260925T185133Z_2dfd2f_ippo_w128_seed3 updates 1045/6250 episodes, total num timesteps 3347200/20000000, FPS 9875.

average episode rewards is -118.89960479736328

 Scenario simple_spread Algo rmappo Exp reference_20260925T185133Z_2dfd2f_ippo_w128_seed3 updates 1050/6250 episodes, total num timesteps 3363200/20000000, FPS 9875.

average episode rewards is -122.78610229492188
eval average episode rewards of agent: -113.44488622975432
eval success rate: 0.75

 Scenario simple_spread Algo rmappo Exp reference_20260925T185133Z_2dfd2f_ippo_w128_seed3 updates 1055/6250 episodes, total num timesteps 3379200/20000000, FPS 9875.

average episode rewards is -119.39439392089844

 Scenario simple_spread Algo rmappo Exp reference_20260925T185133Z_2dfd2f_ippo_w128_seed3 updates 1060/6250 episodes, total num timesteps 3395200/20000000, FPS 9876.

average episode rewards is -120.09185791015625

 Scenario simple_spread Algo rmappo Exp reference_20260925T185133Z_2dfd2f_ippo_w128_seed3 updates 1065/6250 episodes, total num timesteps 3411200/20000000, FPS 9875.

average episode rewards is -118.9325180053711

 Scenario simple_spread Algo rmappo Exp reference_20260925T185133Z_2dfd2f_ippo_w128_seed3 updates 1070/6250 episodes, total num timesteps 3427200/20000000, FPS 9874.

average episode rewards is -118.42951965332031

 Scenario simple_spread Algo rmappo Exp reference_20260925T185133Z_2dfd2f_ippo_w128_seed3 updates 1075/6250 episodes, total num timesteps 3443200/20000000, FPS 9874.

average episode rewards is -120.90983581542969
eval average episode rewards of agent: -108.21358692049485
eval success rate: 0.85

 Scenario simple_spread Algo rmappo Exp reference_20260925T185133Z_2dfd2f_ippo_w128_seed3 updates 1080/6250 episodes, total num timesteps 3459200/20000000, FPS 9872.

average episode rewards is -119.00308227539062

 Scenario simple_spread Algo rmappo Exp reference_20260925T185133Z_2dfd2f_ippo_w128_seed3 updates 1085/6250 episodes, total num timesteps 3475200/20000000, FPS 9872.

average episode rewards is -117.76058959960938

 Scenario simple_spread Algo rmappo Exp reference_20260925T185133Z_2dfd2f_ippo_w128_seed3 updates 1090/6250 episodes, total num timesteps 3491200/20000000, FPS 9873.

average episode rewards is -120.70870208740234

 Scenario simple_spread Algo rmappo Exp reference_20260925T185133Z_2dfd2f_ippo_w128_seed3 updates 1095/6250 episodes, total num timesteps 3507200/20000000, FPS 9873.

average episode rewards is -118.72859954833984

 Scenario simple_spread Algo rmappo Exp reference_20260925T185133Z_2dfd2f_ippo_w128_seed3 updates 1100/6250 episodes, total num timesteps 3523200/20000000, FPS 9873.

average episode rewards is -119.05982208251953
eval average episode rewards of agent: -115.58532275331986
eval success rate: 0.95

 Scenario simple_spread Algo rmappo Exp reference_20260925T185133Z_2dfd2f_ippo_w128_seed3 updates 1105/6250 episodes, total num timesteps 3539200/20000000, FPS 9871.

average episode rewards is -117.95059204101562

 Scenario simple_spread Algo rmappo Exp reference_20260925T185133Z_2dfd2f_ippo_w128_seed3 updates 1110/6250 episodes, total num timesteps 3555200/20000000, FPS 9872.

average episode rewards is -120.1431655883789

 Scenario simple_spread Algo rmappo Exp reference_20260925T185133Z_2dfd2f_ippo_w128_seed3 updates 1115/6250 episodes, total num timesteps 3571200/20000000, FPS 9872.

average episode rewards is -117.15882873535156

 Scenario simple_spread Algo rmappo Exp reference_20260925T185133Z_2dfd2f_ippo_w128_seed3 updates 1120/6250 episodes, total num timesteps 3587200/20000000, FPS 9871.

average episode rewards is -117.38400268554688

 Scenario simple_spread Algo rmappo Exp reference_20260925T185133Z_2dfd2f_ippo_w128_seed3 updates 1125/6250 episodes, total num timesteps 3603200/20000000, FPS 9869.

average episode rewards is -120.72624206542969
eval average episode rewards of agent: -116.27826004182835
eval success rate: 0.75

 Scenario simple_spread Algo rmappo Exp reference_20260925T185133Z_2dfd2f_ippo_w128_seed3 updates 1130/6250 episodes, total num timesteps 3619200/20000000, FPS 9868.

average episode rewards is -119.70684814453125

 Scenario simple_spread Algo rmappo Exp reference_20260925T185133Z_2dfd2f_ippo_w128_seed3 updates 1135/6250 episodes, total num timesteps 3635200/20000000, FPS 9867.

average episode rewards is -120.43270111083984

 Scenario simple_spread Algo rmappo Exp reference_20260925T185133Z_2dfd2f_ippo_w128_seed3 updates 1140/6250 episodes, total num timesteps 3651200/20000000, FPS 9867.

average episode rewards is -121.31253814697266

 Scenario simple_spread Algo rmappo Exp reference_20260925T185133Z_2dfd2f_ippo_w128_seed3 updates 1145/6250 episodes, total num timesteps 3667200/20000000, FPS 9868.

average episode rewards is -119.55687713623047

 Scenario simple_spread Algo rmappo Exp reference_20260925T185133Z_2dfd2f_ippo_w128_seed3 updates 1150/6250 episodes, total num timesteps 3683200/20000000, FPS 9867.

average episode rewards is -115.7466049194336
eval average episode rewards of agent: -112.48245474872597
eval success rate: 0.8

 Scenario simple_spread Algo rmappo Exp reference_20260925T185133Z_2dfd2f_ippo_w128_seed3 updates 1155/6250 episodes, total num timesteps 3699200/20000000, FPS 9866.

average episode rewards is -115.99065399169922

 Scenario simple_spread Algo rmappo Exp reference_20260925T185133Z_2dfd2f_ippo_w128_seed3 updates 1160/6250 episodes, total num timesteps 3715200/20000000, FPS 9867.

average episode rewards is -121.11064147949219

 Scenario simple_spread Algo rmappo Exp reference_20260925T185133Z_2dfd2f_ippo_w128_seed3 updates 1165/6250 episodes, total num timesteps 3731200/20000000, FPS 9868.

average episode rewards is -121.72682189941406

 Scenario simple_spread Algo rmappo Exp reference_20260925T185133Z_2dfd2f_ippo_w128_seed3 updates 1170/6250 episodes, total num timesteps 3747200/20000000, FPS 9868.

average episode rewards is -117.91685485839844

 Scenario simple_spread Algo rmappo Exp reference_20260925T185133Z_2dfd2f_ippo_w128_seed3 updates 1175/6250 episodes, total num timesteps 3763200/20000000, FPS 9869.

average episode rewards is -119.3853530883789
eval average episode rewards of agent: -118.65299269542693
eval success rate: 0.75

 Scenario simple_spread Algo rmappo Exp reference_20260925T185133Z_2dfd2f_ippo_w128_seed3 updates 1180/6250 episodes, total num timesteps 3779200/20000000, FPS 9868.

average episode rewards is -120.68685150146484

 Scenario simple_spread Algo rmappo Exp reference_20260925T185133Z_2dfd2f_ippo_w128_seed3 updates 1185/6250 episodes, total num timesteps 3795200/20000000, FPS 9865.

average episode rewards is -119.6687240600586

 Scenario simple_spread Algo rmappo Exp reference_20260925T185133Z_2dfd2f_ippo_w128_seed3 updates 1190/6250 episodes, total num timesteps 3811200/20000000, FPS 9866.

average episode rewards is -117.58749389648438

 Scenario simple_spread Algo rmappo Exp reference_20260925T185133Z_2dfd2f_ippo_w128_seed3 updates 1195/6250 episodes, total num timesteps 3827200/20000000, FPS 9868.

average episode rewards is -117.74713134765625

 Scenario simple_spread Algo rmappo Exp reference_20260925T185133Z_2dfd2f_ippo_w128_seed3 updates 1200/6250 episodes, total num timesteps 3843200/20000000, FPS 9868.

average episode rewards is -120.91844177246094
eval average episode rewards of agent: -117.22621971747563
eval success rate: 0.8

 Scenario simple_spread Algo rmappo Exp reference_20260925T185133Z_2dfd2f_ippo_w128_seed3 updates 1205/6250 episodes, total num timesteps 3859200/20000000, FPS 9866.

average episode rewards is -119.13941955566406

 Scenario simple_spread Algo rmappo Exp reference_20260925T185133Z_2dfd2f_ippo_w128_seed3 updates 1210/6250 episodes, total num timesteps 3875200/20000000, FPS 9866.

average episode rewards is -119.02745819091797

 Scenario simple_spread Algo rmappo Exp reference_20260925T185133Z_2dfd2f_ippo_w128_seed3 updates 1215/6250 episodes, total num timesteps 3891200/20000000, FPS 9868.

average episode rewards is -119.669189453125

 Scenario simple_spread Algo rmappo Exp reference_20260925T185133Z_2dfd2f_ippo_w128_seed3 updates 1220/6250 episodes, total num timesteps 3907200/20000000, FPS 9868.

average episode rewards is -118.72520446777344

 Scenario simple_spread Algo rmappo Exp reference_20260925T185133Z_2dfd2f_ippo_w128_seed3 updates 1225/6250 episodes, total num timesteps 3923200/20000000, FPS 9868.

average episode rewards is -118.0521240234375
eval average episode rewards of agent: -117.69869540217285
eval success rate: 0.8

 Scenario simple_spread Algo rmappo Exp reference_20260925T185133Z_2dfd2f_ippo_w128_seed3 updates 1230/6250 episodes, total num timesteps 3939200/20000000, FPS 9867.

average episode rewards is -120.6572036743164

 Scenario simple_spread Algo rmappo Exp reference_20260925T185133Z_2dfd2f_ippo_w128_seed3 updates 1235/6250 episodes, total num timesteps 3955200/20000000, FPS 9868.

average episode rewards is -120.61210632324219

 Scenario simple_spread Algo rmappo Exp reference_20260925T185133Z_2dfd2f_ippo_w128_seed3 updates 1240/6250 episodes, total num timesteps 3971200/20000000, FPS 9868.

average episode rewards is -116.58246612548828

 Scenario simple_spread Algo rmappo Exp reference_20260925T185133Z_2dfd2f_ippo_w128_seed3 updates 1245/6250 episodes, total num timesteps 3987200/20000000, FPS 9864.

average episode rewards is -119.09554290771484

 Scenario simple_spread Algo rmappo Exp reference_20260925T185133Z_2dfd2f_ippo_w128_seed3 updates 1250/6250 episodes, total num timesteps 4003200/20000000, FPS 9865.

average episode rewards is -121.00902557373047
eval average episode rewards of agent: -115.89345706648587
eval success rate: 0.8

 Scenario simple_spread Algo rmappo Exp reference_20260925T185133Z_2dfd2f_ippo_w128_seed3 updates 1255/6250 episodes, total num timesteps 4019200/20000000, FPS 9864.

average episode rewards is -116.38128662109375

 Scenario simple_spread Algo rmappo Exp reference_20260925T185133Z_2dfd2f_ippo_w128_seed3 updates 1260/6250 episodes, total num timesteps 4035200/20000000, FPS 9865.

average episode rewards is -115.4180908203125

 Scenario simple_spread Algo rmappo Exp reference_20260925T185133Z_2dfd2f_ippo_w128_seed3 updates 1265/6250 episodes, total num timesteps 4051200/20000000, FPS 9865.

average episode rewards is -118.73817443847656

 Scenario simple_spread Algo rmappo Exp reference_20260925T185133Z_2dfd2f_ippo_w128_seed3 updates 1270/6250 episodes, total num timesteps 4067200/20000000, FPS 9866.

average episode rewards is -118.3309555053711

 Scenario simple_spread Algo rmappo Exp reference_20260925T185133Z_2dfd2f_ippo_w128_seed3 updates 1275/6250 episodes, total num timesteps 4083200/20000000, FPS 9865.

average episode rewards is -115.84407043457031
eval average episode rewards of agent: -113.02131056235677
eval success rate: 0.75

 Scenario simple_spread Algo rmappo Exp reference_20260925T185133Z_2dfd2f_ippo_w128_seed3 updates 1280/6250 episodes, total num timesteps 4099200/20000000, FPS 9864.

average episode rewards is -117.18377685546875

 Scenario simple_spread Algo rmappo Exp reference_20260925T185133Z_2dfd2f_ippo_w128_seed3 updates 1285/6250 episodes, total num timesteps 4115200/20000000, FPS 9866.

average episode rewards is -116.85645294189453

 Scenario simple_spread Algo rmappo Exp reference_20260925T185133Z_2dfd2f_ippo_w128_seed3 updates 1290/6250 episodes, total num timesteps 4131200/20000000, FPS 9866.

average episode rewards is -119.888427734375

 Scenario simple_spread Algo rmappo Exp reference_20260925T185133Z_2dfd2f_ippo_w128_seed3 updates 1295/6250 episodes, total num timesteps 4147200/20000000, FPS 9865.

average episode rewards is -119.26069641113281

 Scenario simple_spread Algo rmappo Exp reference_20260925T185133Z_2dfd2f_ippo_w128_seed3 updates 1300/6250 episodes, total num timesteps 4163200/20000000, FPS 9866.

average episode rewards is -118.08145141601562
eval average episode rewards of agent: -117.86266142547234
eval success rate: 0.7

 Scenario simple_spread Algo rmappo Exp reference_20260925T185133Z_2dfd2f_ippo_w128_seed3 updates 1305/6250 episodes, total num timesteps 4179200/20000000, FPS 9862.

average episode rewards is -116.98491668701172

 Scenario simple_spread Algo rmappo Exp reference_20260925T185133Z_2dfd2f_ippo_w128_seed3 updates 1310/6250 episodes, total num timesteps 4195200/20000000, FPS 9862.

average episode rewards is -118.09375

 Scenario simple_spread Algo rmappo Exp reference_20260925T185133Z_2dfd2f_ippo_w128_seed3 updates 1315/6250 episodes, total num timesteps 4211200/20000000, FPS 9862.

average episode rewards is -116.23957061767578

 Scenario simple_spread Algo rmappo Exp reference_20260925T185133Z_2dfd2f_ippo_w128_seed3 updates 1320/6250 episodes, total num timesteps 4227200/20000000, FPS 9863.

average episode rewards is -118.1559066772461

 Scenario simple_spread Algo rmappo Exp reference_20260925T185133Z_2dfd2f_ippo_w128_seed3 updates 1325/6250 episodes, total num timesteps 4243200/20000000, FPS 9862.

average episode rewards is -114.53863525390625
eval average episode rewards of agent: -113.65671518464181
eval success rate: 0.9

 Scenario simple_spread Algo rmappo Exp reference_20260925T185133Z_2dfd2f_ippo_w128_seed3 updates 1330/6250 episodes, total num timesteps 4259200/20000000, FPS 9862.

average episode rewards is -118.64606475830078

 Scenario simple_spread Algo rmappo Exp reference_20260925T185133Z_2dfd2f_ippo_w128_seed3 updates 1335/6250 episodes, total num timesteps 4275200/20000000, FPS 9862.

average episode rewards is -115.17386627197266

 Scenario simple_spread Algo rmappo Exp reference_20260925T185133Z_2dfd2f_ippo_w128_seed3 updates 1340/6250 episodes, total num timesteps 4291200/20000000, FPS 9863.

average episode rewards is -117.4526596069336

 Scenario simple_spread Algo rmappo Exp reference_20260925T185133Z_2dfd2f_ippo_w128_seed3 updates 1345/6250 episodes, total num timesteps 4307200/20000000, FPS 9862.

average episode rewards is -118.03164672851562

 Scenario simple_spread Algo rmappo Exp reference_20260925T185133Z_2dfd2f_ippo_w128_seed3 updates 1350/6250 episodes, total num timesteps 4323200/20000000, FPS 9863.

average episode rewards is -116.56877136230469
eval average episode rewards of agent: -114.9911020975249
eval success rate: 0.9

 Scenario simple_spread Algo rmappo Exp reference_20260925T185133Z_2dfd2f_ippo_w128_seed3 updates 1355/6250 episodes, total num timesteps 4339200/20000000, FPS 9862.

average episode rewards is -116.21041107177734

 Scenario simple_spread Algo rmappo Exp reference_20260925T185133Z_2dfd2f_ippo_w128_seed3 updates 1360/6250 episodes, total num timesteps 4355200/20000000, FPS 9863.

average episode rewards is -116.50979614257812

 Scenario simple_spread Algo rmappo Exp reference_20260925T185133Z_2dfd2f_ippo_w128_seed3 updates 1365/6250 episodes, total num timesteps 4371200/20000000, FPS 9861.

average episode rewards is -117.09619903564453

 Scenario simple_spread Algo rmappo Exp reference_20260925T185133Z_2dfd2f_ippo_w128_seed3 updates 1370/6250 episodes, total num timesteps 4387200/20000000, FPS 9860.

average episode rewards is -119.3365478515625

 Scenario simple_spread Algo rmappo Exp reference_20260925T185133Z_2dfd2f_ippo_w128_seed3 updates 1375/6250 episodes, total num timesteps 4403200/20000000, FPS 9860.

average episode rewards is -119.21611785888672
eval average episode rewards of agent: -116.80355209167266
eval success rate: 0.8

 Scenario simple_spread Algo rmappo Exp reference_20260925T185133Z_2dfd2f_ippo_w128_seed3 updates 1380/6250 episodes, total num timesteps 4419200/20000000, FPS 9858.

average episode rewards is -118.14266204833984

 Scenario simple_spread Algo rmappo Exp reference_20260925T185133Z_2dfd2f_ippo_w128_seed3 updates 1385/6250 episodes, total num timesteps 4435200/20000000, FPS 9859.

average episode rewards is -116.61658477783203

 Scenario simple_spread Algo rmappo Exp reference_20260925T185133Z_2dfd2f_ippo_w128_seed3 updates 1390/6250 episodes, total num timesteps 4451200/20000000, FPS 9861.

average episode rewards is -117.8296890258789

 Scenario simple_spread Algo rmappo Exp reference_20260925T185133Z_2dfd2f_ippo_w128_seed3 updates 1395/6250 episodes, total num timesteps 4467200/20000000, FPS 9861.

average episode rewards is -118.5387954711914

 Scenario simple_spread Algo rmappo Exp reference_20260925T185133Z_2dfd2f_ippo_w128_seed3 updates 1400/6250 episodes, total num timesteps 4483200/20000000, FPS 9861.

average episode rewards is -118.00221252441406
eval average episode rewards of agent: -115.75873925107598
eval success rate: 0.95

 Scenario simple_spread Algo rmappo Exp reference_20260925T185133Z_2dfd2f_ippo_w128_seed3 updates 1405/6250 episodes, total num timesteps 4499200/20000000, FPS 9859.

average episode rewards is -118.92840576171875

 Scenario simple_spread Algo rmappo Exp reference_20260925T185133Z_2dfd2f_ippo_w128_seed3 updates 1410/6250 episodes, total num timesteps 4515200/20000000, FPS 9860.

average episode rewards is -117.11095428466797

 Scenario simple_spread Algo rmappo Exp reference_20260925T185133Z_2dfd2f_ippo_w128_seed3 updates 1415/6250 episodes, total num timesteps 4531200/20000000, FPS 9860.

average episode rewards is -118.25141906738281

 Scenario simple_spread Algo rmappo Exp reference_20260925T185133Z_2dfd2f_ippo_w128_seed3 updates 1420/6250 episodes, total num timesteps 4547200/20000000, FPS 9860.

average episode rewards is -119.08494567871094

 Scenario simple_spread Algo rmappo Exp reference_20260925T185133Z_2dfd2f_ippo_w128_seed3 updates 1425/6250 episodes, total num timesteps 4563200/20000000, FPS 9857.

average episode rewards is -116.09456634521484
eval average episode rewards of agent: -118.46186096200763
eval success rate: 0.85

 Scenario simple_spread Algo rmappo Exp reference_20260925T185133Z_2dfd2f_ippo_w128_seed3 updates 1430/6250 episodes, total num timesteps 4579200/20000000, FPS 9856.

average episode rewards is -119.32050323486328

 Scenario simple_spread Algo rmappo Exp reference_20260925T185133Z_2dfd2f_ippo_w128_seed3 updates 1435/6250 episodes, total num timesteps 4595200/20000000, FPS 9856.

average episode rewards is -115.62760162353516

 Scenario simple_spread Algo rmappo Exp reference_20260925T185133Z_2dfd2f_ippo_w128_seed3 updates 1440/6250 episodes, total num timesteps 4611200/20000000, FPS 9857.

average episode rewards is -118.90754699707031

 Scenario simple_spread Algo rmappo Exp reference_20260925T185133Z_2dfd2f_ippo_w128_seed3 updates 1445/6250 episodes, total num timesteps 4627200/20000000, FPS 9857.

average episode rewards is -119.01554107666016

 Scenario simple_spread Algo rmappo Exp reference_20260925T185133Z_2dfd2f_ippo_w128_seed3 updates 1450/6250 episodes, total num timesteps 4643200/20000000, FPS 9857.

average episode rewards is -117.80221557617188
eval average episode rewards of agent: -116.29469192752191
eval success rate: 0.85

 Scenario simple_spread Algo rmappo Exp reference_20260925T185133Z_2dfd2f_ippo_w128_seed3 updates 1455/6250 episodes, total num timesteps 4659200/20000000, FPS 9856.

average episode rewards is -118.16742706298828

 Scenario simple_spread Algo rmappo Exp reference_20260925T185133Z_2dfd2f_ippo_w128_seed3 updates 1460/6250 episodes, total num timesteps 4675200/20000000, FPS 9856.

average episode rewards is -117.59749603271484

 Scenario simple_spread Algo rmappo Exp reference_20260925T185133Z_2dfd2f_ippo_w128_seed3 updates 1465/6250 episodes, total num timesteps 4691200/20000000, FPS 9858.

average episode rewards is -120.51055145263672

 Scenario simple_spread Algo rmappo Exp reference_20260925T185133Z_2dfd2f_ippo_w128_seed3 updates 1470/6250 episodes, total num timesteps 4707200/20000000, FPS 9857.

average episode rewards is -119.78791046142578

 Scenario simple_spread Algo rmappo Exp reference_20260925T185133Z_2dfd2f_ippo_w128_seed3 updates 1475/6250 episodes, total num timesteps 4723200/20000000, FPS 9856.

average episode rewards is -117.26593780517578
eval average episode rewards of agent: -112.02989884911588
eval success rate: 0.8

 Scenario simple_spread Algo rmappo Exp reference_20260925T185133Z_2dfd2f_ippo_w128_seed3 updates 1480/6250 episodes, total num timesteps 4739200/20000000, FPS 9853.

average episode rewards is -114.39298248291016

 Scenario simple_spread Algo rmappo Exp reference_20260925T185133Z_2dfd2f_ippo_w128_seed3 updates 1485/6250 episodes, total num timesteps 4755200/20000000, FPS 9853.

average episode rewards is -118.3084487915039

 Scenario simple_spread Algo rmappo Exp reference_20260925T185133Z_2dfd2f_ippo_w128_seed3 updates 1490/6250 episodes, total num timesteps 4771200/20000000, FPS 9854.

average episode rewards is -117.6102523803711

 Scenario simple_spread Algo rmappo Exp reference_20260925T185133Z_2dfd2f_ippo_w128_seed3 updates 1495/6250 episodes, total num timesteps 4787200/20000000, FPS 9854.

average episode rewards is -120.16925811767578

 Scenario simple_spread Algo rmappo Exp reference_20260925T185133Z_2dfd2f_ippo_w128_seed3 updates 1500/6250 episodes, total num timesteps 4803200/20000000, FPS 9855.

average episode rewards is -118.27206420898438
eval average episode rewards of agent: -117.69146178931668
eval success rate: 0.9

 Scenario simple_spread Algo rmappo Exp reference_20260925T185133Z_2dfd2f_ippo_w128_seed3 updates 1505/6250 episodes, total num timesteps 4819200/20000000, FPS 9854.

average episode rewards is -119.419189453125

 Scenario simple_spread Algo rmappo Exp reference_20260925T185133Z_2dfd2f_ippo_w128_seed3 updates 1510/6250 episodes, total num timesteps 4835200/20000000, FPS 9855.

average episode rewards is -115.78924560546875

 Scenario simple_spread Algo rmappo Exp reference_20260925T185133Z_2dfd2f_ippo_w128_seed3 updates 1515/6250 episodes, total num timesteps 4851200/20000000, FPS 9855.

average episode rewards is -115.47616577148438

 Scenario simple_spread Algo rmappo Exp reference_20260925T185133Z_2dfd2f_ippo_w128_seed3 updates 1520/6250 episodes, total num timesteps 4867200/20000000, FPS 9856.

average episode rewards is -117.79527282714844

 Scenario simple_spread Algo rmappo Exp reference_20260925T185133Z_2dfd2f_ippo_w128_seed3 updates 1525/6250 episodes, total num timesteps 4883200/20000000, FPS 9856.

average episode rewards is -118.6645278930664
eval average episode rewards of agent: -111.75171209999192
eval success rate: 0.85

 Scenario simple_spread Algo rmappo Exp reference_20260925T185133Z_2dfd2f_ippo_w128_seed3 updates 1530/6250 episodes, total num timesteps 4899200/20000000, FPS 9855.

average episode rewards is -117.21680450439453

 Scenario simple_spread Algo rmappo Exp reference_20260925T185133Z_2dfd2f_ippo_w128_seed3 updates 1535/6250 episodes, total num timesteps 4915200/20000000, FPS 9856.

average episode rewards is -120.8510971069336

 Scenario simple_spread Algo rmappo Exp reference_20260925T185133Z_2dfd2f_ippo_w128_seed3 updates 1540/6250 episodes, total num timesteps 4931200/20000000, FPS 9854.

average episode rewards is -117.9767837524414

 Scenario simple_spread Algo rmappo Exp reference_20260925T185133Z_2dfd2f_ippo_w128_seed3 updates 1545/6250 episodes, total num timesteps 4947200/20000000, FPS 9855.

average episode rewards is -116.60833740234375

 Scenario simple_spread Algo rmappo Exp reference_20260925T185133Z_2dfd2f_ippo_w128_seed3 updates 1550/6250 episodes, total num timesteps 4963200/20000000, FPS 9854.

average episode rewards is -116.70494079589844
eval average episode rewards of agent: -115.5033692580241
eval success rate: 0.9

 Scenario simple_spread Algo rmappo Exp reference_20260925T185133Z_2dfd2f_ippo_w128_seed3 updates 1555/6250 episodes, total num timesteps 4979200/20000000, FPS 9853.

average episode rewards is -118.65694427490234

 Scenario simple_spread Algo rmappo Exp reference_20260925T185133Z_2dfd2f_ippo_w128_seed3 updates 1560/6250 episodes, total num timesteps 4995200/20000000, FPS 9854.

average episode rewards is -120.38911437988281

 Scenario simple_spread Algo rmappo Exp reference_20260925T185133Z_2dfd2f_ippo_w128_seed3 updates 1565/6250 episodes, total num timesteps 5011200/20000000, FPS 9855.

average episode rewards is -117.716552734375

 Scenario simple_spread Algo rmappo Exp reference_20260925T185133Z_2dfd2f_ippo_w128_seed3 updates 1570/6250 episodes, total num timesteps 5027200/20000000, FPS 9856.

average episode rewards is -116.53768920898438

 Scenario simple_spread Algo rmappo Exp reference_20260925T185133Z_2dfd2f_ippo_w128_seed3 updates 1575/6250 episodes, total num timesteps 5043200/20000000, FPS 9856.

average episode rewards is -118.13104248046875
eval average episode rewards of agent: -111.41245008377258
eval success rate: 0.9

 Scenario simple_spread Algo rmappo Exp reference_20260925T185133Z_2dfd2f_ippo_w128_seed3 updates 1580/6250 episodes, total num timesteps 5059200/20000000, FPS 9855.

average episode rewards is -116.43388366699219

 Scenario simple_spread Algo rmappo Exp reference_20260925T185133Z_2dfd2f_ippo_w128_seed3 updates 1585/6250 episodes, total num timesteps 5075200/20000000, FPS 9854.

average episode rewards is -115.99332427978516

 Scenario simple_spread Algo rmappo Exp reference_20260925T185133Z_2dfd2f_ippo_w128_seed3 updates 1590/6250 episodes, total num timesteps 5091200/20000000, FPS 9855.

average episode rewards is -115.14570617675781

 Scenario simple_spread Algo rmappo Exp reference_20260925T185133Z_2dfd2f_ippo_w128_seed3 updates 1595/6250 episodes, total num timesteps 5107200/20000000, FPS 9856.

average episode rewards is -116.8351058959961

 Scenario simple_spread Algo rmappo Exp reference_20260925T185133Z_2dfd2f_ippo_w128_seed3 updates 1600/6250 episodes, total num timesteps 5123200/20000000, FPS 9854.

average episode rewards is -119.6732406616211
eval average episode rewards of agent: -112.17470791167597
eval success rate: 0.95

 Scenario simple_spread Algo rmappo Exp reference_20260925T185133Z_2dfd2f_ippo_w128_seed3 updates 1605/6250 episodes, total num timesteps 5139200/20000000, FPS 9853.

average episode rewards is -116.83325958251953

 Scenario simple_spread Algo rmappo Exp reference_20260925T185133Z_2dfd2f_ippo_w128_seed3 updates 1610/6250 episodes, total num timesteps 5155200/20000000, FPS 9853.

average episode rewards is -119.79785919189453

 Scenario simple_spread Algo rmappo Exp reference_20260925T185133Z_2dfd2f_ippo_w128_seed3 updates 1615/6250 episodes, total num timesteps 5171200/20000000, FPS 9854.

average episode rewards is -118.1690902709961

 Scenario simple_spread Algo rmappo Exp reference_20260925T185133Z_2dfd2f_ippo_w128_seed3 updates 1620/6250 episodes, total num timesteps 5187200/20000000, FPS 9854.

average episode rewards is -118.99232482910156

 Scenario simple_spread Algo rmappo Exp reference_20260925T185133Z_2dfd2f_ippo_w128_seed3 updates 1625/6250 episodes, total num timesteps 5203200/20000000, FPS 9854.

average episode rewards is -114.9669189453125
eval average episode rewards of agent: -112.49290385419879
eval success rate: 0.8

 Scenario simple_spread Algo rmappo Exp reference_20260925T185133Z_2dfd2f_ippo_w128_seed3 updates 1630/6250 episodes, total num timesteps 5219200/20000000, FPS 9854.

average episode rewards is -116.91288757324219

 Scenario simple_spread Algo rmappo Exp reference_20260925T185133Z_2dfd2f_ippo_w128_seed3 updates 1635/6250 episodes, total num timesteps 5235200/20000000, FPS 9855.

average episode rewards is -115.33583068847656

 Scenario simple_spread Algo rmappo Exp reference_20260925T185133Z_2dfd2f_ippo_w128_seed3 updates 1640/6250 episodes, total num timesteps 5251200/20000000, FPS 9855.

average episode rewards is -118.3414077758789

 Scenario simple_spread Algo rmappo Exp reference_20260925T185133Z_2dfd2f_ippo_w128_seed3 updates 1645/6250 episodes, total num timesteps 5267200/20000000, FPS 9856.

average episode rewards is -117.4857406616211

 Scenario simple_spread Algo rmappo Exp reference_20260925T185133Z_2dfd2f_ippo_w128_seed3 updates 1650/6250 episodes, total num timesteps 5283200/20000000, FPS 9856.

average episode rewards is -116.4199447631836
eval average episode rewards of agent: -109.56571270279238
eval success rate: 1.0

 Scenario simple_spread Algo rmappo Exp reference_20260925T185133Z_2dfd2f_ippo_w128_seed3 updates 1655/6250 episodes, total num timesteps 5299200/20000000, FPS 9854.

average episode rewards is -118.40190887451172

 Scenario simple_spread Algo rmappo Exp reference_20260925T185133Z_2dfd2f_ippo_w128_seed3 updates 1660/6250 episodes, total num timesteps 5315200/20000000, FPS 9853.

average episode rewards is -118.85736083984375

 Scenario simple_spread Algo rmappo Exp reference_20260925T185133Z_2dfd2f_ippo_w128_seed3 updates 1665/6250 episodes, total num timesteps 5331200/20000000, FPS 9853.

average episode rewards is -115.67372131347656

 Scenario simple_spread Algo rmappo Exp reference_20260925T185133Z_2dfd2f_ippo_w128_seed3 updates 1670/6250 episodes, total num timesteps 5347200/20000000, FPS 9854.

average episode rewards is -117.47648620605469

 Scenario simple_spread Algo rmappo Exp reference_20260925T185133Z_2dfd2f_ippo_w128_seed3 updates 1675/6250 episodes, total num timesteps 5363200/20000000, FPS 9853.

average episode rewards is -117.91517639160156
eval average episode rewards of agent: -119.91814921490348
eval success rate: 0.75

 Scenario simple_spread Algo rmappo Exp reference_20260925T185133Z_2dfd2f_ippo_w128_seed3 updates 1680/6250 episodes, total num timesteps 5379200/20000000, FPS 9852.

average episode rewards is -116.46916961669922

 Scenario simple_spread Algo rmappo Exp reference_20260925T185133Z_2dfd2f_ippo_w128_seed3 updates 1685/6250 episodes, total num timesteps 5395200/20000000, FPS 9852.

average episode rewards is -116.02391052246094

 Scenario simple_spread Algo rmappo Exp reference_20260925T185133Z_2dfd2f_ippo_w128_seed3 updates 1690/6250 episodes, total num timesteps 5411200/20000000, FPS 9853.

average episode rewards is -119.17955017089844

 Scenario simple_spread Algo rmappo Exp reference_20260925T185133Z_2dfd2f_ippo_w128_seed3 updates 1695/6250 episodes, total num timesteps 5427200/20000000, FPS 9854.

average episode rewards is -117.97380065917969

 Scenario simple_spread Algo rmappo Exp reference_20260925T185133Z_2dfd2f_ippo_w128_seed3 updates 1700/6250 episodes, total num timesteps 5443200/20000000, FPS 9854.

average episode rewards is -115.81307983398438
eval average episode rewards of agent: -118.72512525663169
eval success rate: 1.0

 Scenario simple_spread Algo rmappo Exp reference_20260925T185133Z_2dfd2f_ippo_w128_seed3 updates 1705/6250 episodes, total num timesteps 5459200/20000000, FPS 9853.

average episode rewards is -115.67853546142578

 Scenario simple_spread Algo rmappo Exp reference_20260925T185133Z_2dfd2f_ippo_w128_seed3 updates 1710/6250 episodes, total num timesteps 5475200/20000000, FPS 9854.

average episode rewards is -116.05428314208984

 Scenario simple_spread Algo rmappo Exp reference_20260925T185133Z_2dfd2f_ippo_w128_seed3 updates 1715/6250 episodes, total num timesteps 5491200/20000000, FPS 9854.

average episode rewards is -116.62999725341797

 Scenario simple_spread Algo rmappo Exp reference_20260925T185133Z_2dfd2f_ippo_w128_seed3 updates 1720/6250 episodes, total num timesteps 5507200/20000000, FPS 9852.

average episode rewards is -119.13363647460938

 Scenario simple_spread Algo rmappo Exp reference_20260925T185133Z_2dfd2f_ippo_w128_seed3 updates 1725/6250 episodes, total num timesteps 5523200/20000000, FPS 9853.

average episode rewards is -117.73601531982422
eval average episode rewards of agent: -120.70733419354987
eval success rate: 0.75

 Scenario simple_spread Algo rmappo Exp reference_20260925T185133Z_2dfd2f_ippo_w128_seed3 updates 1730/6250 episodes, total num timesteps 5539200/20000000, FPS 9852.

average episode rewards is -117.80829620361328

 Scenario simple_spread Algo rmappo Exp reference_20260925T185133Z_2dfd2f_ippo_w128_seed3 updates 1735/6250 episodes, total num timesteps 5555200/20000000, FPS 9851.

average episode rewards is -116.89789581298828

 Scenario simple_spread Algo rmappo Exp reference_20260925T185133Z_2dfd2f_ippo_w128_seed3 updates 1740/6250 episodes, total num timesteps 5571200/20000000, FPS 9851.

average episode rewards is -115.60633087158203

 Scenario simple_spread Algo rmappo Exp reference_20260925T185133Z_2dfd2f_ippo_w128_seed3 updates 1745/6250 episodes, total num timesteps 5587200/20000000, FPS 9852.

average episode rewards is -117.54331970214844

 Scenario simple_spread Algo rmappo Exp reference_20260925T185133Z_2dfd2f_ippo_w128_seed3 updates 1750/6250 episodes, total num timesteps 5603200/20000000, FPS 9852.

average episode rewards is -116.55953216552734
eval average episode rewards of agent: -115.69086517113675
eval success rate: 0.8

 Scenario simple_spread Algo rmappo Exp reference_20260925T185133Z_2dfd2f_ippo_w128_seed3 updates 1755/6250 episodes, total num timesteps 5619200/20000000, FPS 9851.

average episode rewards is -117.10380554199219

 Scenario simple_spread Algo rmappo Exp reference_20260925T185133Z_2dfd2f_ippo_w128_seed3 updates 1760/6250 episodes, total num timesteps 5635200/20000000, FPS 9852.

average episode rewards is -117.67823791503906

 Scenario simple_spread Algo rmappo Exp reference_20260925T185133Z_2dfd2f_ippo_w128_seed3 updates 1765/6250 episodes, total num timesteps 5651200/20000000, FPS 9851.

average episode rewards is -119.86688232421875

 Scenario simple_spread Algo rmappo Exp reference_20260925T185133Z_2dfd2f_ippo_w128_seed3 updates 1770/6250 episodes, total num timesteps 5667200/20000000, FPS 9851.

average episode rewards is -119.4356460571289

 Scenario simple_spread Algo rmappo Exp reference_20260925T185133Z_2dfd2f_ippo_w128_seed3 updates 1775/6250 episodes, total num timesteps 5683200/20000000, FPS 9853.

average episode rewards is -116.17918395996094
eval average episode rewards of agent: -115.61552663736104
eval success rate: 0.9

 Scenario simple_spread Algo rmappo Exp reference_20260925T185133Z_2dfd2f_ippo_w128_seed3 updates 1780/6250 episodes, total num timesteps 5699200/20000000, FPS 9850.

average episode rewards is -115.37621307373047

 Scenario simple_spread Algo rmappo Exp reference_20260925T185133Z_2dfd2f_ippo_w128_seed3 updates 1785/6250 episodes, total num timesteps 5715200/20000000, FPS 9850.

average episode rewards is -116.68196105957031

 Scenario simple_spread Algo rmappo Exp reference_20260925T185133Z_2dfd2f_ippo_w128_seed3 updates 1790/6250 episodes, total num timesteps 5731200/20000000, FPS 9850.

average episode rewards is -119.2879409790039

 Scenario simple_spread Algo rmappo Exp reference_20260925T185133Z_2dfd2f_ippo_w128_seed3 updates 1795/6250 episodes, total num timesteps 5747200/20000000, FPS 9851.

average episode rewards is -116.85163879394531

 Scenario simple_spread Algo rmappo Exp reference_20260925T185133Z_2dfd2f_ippo_w128_seed3 updates 1800/6250 episodes, total num timesteps 5763200/20000000, FPS 9851.

average episode rewards is -118.66938781738281
eval average episode rewards of agent: -112.28106950857202
eval success rate: 0.85

 Scenario simple_spread Algo rmappo Exp reference_20260925T185133Z_2dfd2f_ippo_w128_seed3 updates 1805/6250 episodes, total num timesteps 5779200/20000000, FPS 9850.

average episode rewards is -116.28653717041016

 Scenario simple_spread Algo rmappo Exp reference_20260925T185133Z_2dfd2f_ippo_w128_seed3 updates 1810/6250 episodes, total num timesteps 5795200/20000000, FPS 9850.

average episode rewards is -116.43624114990234

 Scenario simple_spread Algo rmappo Exp reference_20260925T185133Z_2dfd2f_ippo_w128_seed3 updates 1815/6250 episodes, total num timesteps 5811200/20000000, FPS 9851.

average episode rewards is -115.40594482421875

 Scenario simple_spread Algo rmappo Exp reference_20260925T185133Z_2dfd2f_ippo_w128_seed3 updates 1820/6250 episodes, total num timesteps 5827200/20000000, FPS 9852.

average episode rewards is -115.51331329345703

 Scenario simple_spread Algo rmappo Exp reference_20260925T185133Z_2dfd2f_ippo_w128_seed3 updates 1825/6250 episodes, total num timesteps 5843200/20000000, FPS 9852.

average episode rewards is -116.69300842285156
eval average episode rewards of agent: -111.00288736701555
eval success rate: 0.95

 Scenario simple_spread Algo rmappo Exp reference_20260925T185133Z_2dfd2f_ippo_w128_seed3 updates 1830/6250 episodes, total num timesteps 5859200/20000000, FPS 9852.

average episode rewards is -116.78328704833984

 Scenario simple_spread Algo rmappo Exp reference_20260925T185133Z_2dfd2f_ippo_w128_seed3 updates 1835/6250 episodes, total num timesteps 5875200/20000000, FPS 9852.

average episode rewards is -118.2018051147461

 Scenario simple_spread Algo rmappo Exp reference_20260925T185133Z_2dfd2f_ippo_w128_seed3 updates 1840/6250 episodes, total num timesteps 5891200/20000000, FPS 9851.

average episode rewards is -115.83063507080078

 Scenario simple_spread Algo rmappo Exp reference_20260925T185133Z_2dfd2f_ippo_w128_seed3 updates 1845/6250 episodes, total num timesteps 5907200/20000000, FPS 9851.

average episode rewards is -116.92411041259766

 Scenario simple_spread Algo rmappo Exp reference_20260925T185133Z_2dfd2f_ippo_w128_seed3 updates 1850/6250 episodes, total num timesteps 5923200/20000000, FPS 9852.

average episode rewards is -117.03984832763672
eval average episode rewards of agent: -113.29320353269154
eval success rate: 0.95

 Scenario simple_spread Algo rmappo Exp reference_20260925T185133Z_2dfd2f_ippo_w128_seed3 updates 1855/6250 episodes, total num timesteps 5939200/20000000, FPS 9851.

average episode rewards is -117.66263580322266

 Scenario simple_spread Algo rmappo Exp reference_20260925T185133Z_2dfd2f_ippo_w128_seed3 updates 1860/6250 episodes, total num timesteps 5955200/20000000, FPS 9851.

average episode rewards is -117.80693817138672

 Scenario simple_spread Algo rmappo Exp reference_20260925T185133Z_2dfd2f_ippo_w128_seed3 updates 1865/6250 episodes, total num timesteps 5971200/20000000, FPS 9852.

average episode rewards is -116.59882354736328

 Scenario simple_spread Algo rmappo Exp reference_20260925T185133Z_2dfd2f_ippo_w128_seed3 updates 1870/6250 episodes, total num timesteps 5987200/20000000, FPS 9852.

average episode rewards is -114.10246276855469

 Scenario simple_spread Algo rmappo Exp reference_20260925T185133Z_2dfd2f_ippo_w128_seed3 updates 1875/6250 episodes, total num timesteps 6003200/20000000, FPS 9852.

average episode rewards is -119.13292694091797
eval average episode rewards of agent: -111.29962026103539
eval success rate: 0.85

 Scenario simple_spread Algo rmappo Exp reference_20260925T185133Z_2dfd2f_ippo_w128_seed3 updates 1880/6250 episodes, total num timesteps 6019200/20000000, FPS 9852.

average episode rewards is -114.7989730834961

 Scenario simple_spread Algo rmappo Exp reference_20260925T185133Z_2dfd2f_ippo_w128_seed3 updates 1885/6250 episodes, total num timesteps 6035200/20000000, FPS 9853.

average episode rewards is -116.33378601074219

 Scenario simple_spread Algo rmappo Exp reference_20260925T185133Z_2dfd2f_ippo_w128_seed3 updates 1890/6250 episodes, total num timesteps 6051200/20000000, FPS 9853.

average episode rewards is -118.26802825927734

 Scenario simple_spread Algo rmappo Exp reference_20260925T185133Z_2dfd2f_ippo_w128_seed3 updates 1895/6250 episodes, total num timesteps 6067200/20000000, FPS 9853.

average episode rewards is -117.76012420654297

 Scenario simple_spread Algo rmappo Exp reference_20260925T185133Z_2dfd2f_ippo_w128_seed3 updates 1900/6250 episodes, total num timesteps 6083200/20000000, FPS 9852.

average episode rewards is -113.9725570678711
eval average episode rewards of agent: -108.79685290721311
eval success rate: 0.95

 Scenario simple_spread Algo rmappo Exp reference_20260925T185133Z_2dfd2f_ippo_w128_seed3 updates 1905/6250 episodes, total num timesteps 6099200/20000000, FPS 9851.

average episode rewards is -117.9052505493164

 Scenario simple_spread Algo rmappo Exp reference_20260925T185133Z_2dfd2f_ippo_w128_seed3 updates 1910/6250 episodes, total num timesteps 6115200/20000000, FPS 9851.

average episode rewards is -117.2959213256836

 Scenario simple_spread Algo rmappo Exp reference_20260925T185133Z_2dfd2f_ippo_w128_seed3 updates 1915/6250 episodes, total num timesteps 6131200/20000000, FPS 9852.

average episode rewards is -115.285400390625

 Scenario simple_spread Algo rmappo Exp reference_20260925T185133Z_2dfd2f_ippo_w128_seed3 updates 1920/6250 episodes, total num timesteps 6147200/20000000, FPS 9852.

average episode rewards is -115.50877380371094

 Scenario simple_spread Algo rmappo Exp reference_20260925T185133Z_2dfd2f_ippo_w128_seed3 updates 1925/6250 episodes, total num timesteps 6163200/20000000, FPS 9851.

average episode rewards is -115.9239501953125
eval average episode rewards of agent: -115.42627055965114
eval success rate: 0.95

 Scenario simple_spread Algo rmappo Exp reference_20260925T185133Z_2dfd2f_ippo_w128_seed3 updates 1930/6250 episodes, total num timesteps 6179200/20000000, FPS 9851.

average episode rewards is -114.25242614746094

 Scenario simple_spread Algo rmappo Exp reference_20260925T185133Z_2dfd2f_ippo_w128_seed3 updates 1935/6250 episodes, total num timesteps 6195200/20000000, FPS 9852.

average episode rewards is -116.30274200439453

 Scenario simple_spread Algo rmappo Exp reference_20260925T185133Z_2dfd2f_ippo_w128_seed3 updates 1940/6250 episodes, total num timesteps 6211200/20000000, FPS 9851.

average episode rewards is -116.77056884765625

 Scenario simple_spread Algo rmappo Exp reference_20260925T185133Z_2dfd2f_ippo_w128_seed3 updates 1945/6250 episodes, total num timesteps 6227200/20000000, FPS 9851.

average episode rewards is -113.85363006591797

 Scenario simple_spread Algo rmappo Exp reference_20260925T185133Z_2dfd2f_ippo_w128_seed3 updates 1950/6250 episodes, total num timesteps 6243200/20000000, FPS 9852.

average episode rewards is -115.72090148925781
eval average episode rewards of agent: -113.00257290752809
eval success rate: 1.0

 Scenario simple_spread Algo rmappo Exp reference_20260925T185133Z_2dfd2f_ippo_w128_seed3 updates 1955/6250 episodes, total num timesteps 6259200/20000000, FPS 9849.

average episode rewards is -118.23580169677734

 Scenario simple_spread Algo rmappo Exp reference_20260925T185133Z_2dfd2f_ippo_w128_seed3 updates 1960/6250 episodes, total num timesteps 6275200/20000000, FPS 9849.

average episode rewards is -115.89422607421875

 Scenario simple_spread Algo rmappo Exp reference_20260925T185133Z_2dfd2f_ippo_w128_seed3 updates 1965/6250 episodes, total num timesteps 6291200/20000000, FPS 9849.

average episode rewards is -115.36627960205078

 Scenario simple_spread Algo rmappo Exp reference_20260925T185133Z_2dfd2f_ippo_w128_seed3 updates 1970/6250 episodes, total num timesteps 6307200/20000000, FPS 9850.

average episode rewards is -116.31749725341797

 Scenario simple_spread Algo rmappo Exp reference_20260925T185133Z_2dfd2f_ippo_w128_seed3 updates 1975/6250 episodes, total num timesteps 6323200/20000000, FPS 9850.

average episode rewards is -118.68865203857422
eval average episode rewards of agent: -115.80649620330044
eval success rate: 0.85

 Scenario simple_spread Algo rmappo Exp reference_20260925T185133Z_2dfd2f_ippo_w128_seed3 updates 1980/6250 episodes, total num timesteps 6339200/20000000, FPS 9849.

average episode rewards is -115.27803039550781

 Scenario simple_spread Algo rmappo Exp reference_20260925T185133Z_2dfd2f_ippo_w128_seed3 updates 1985/6250 episodes, total num timesteps 6355200/20000000, FPS 9849.

average episode rewards is -114.5055923461914

 Scenario simple_spread Algo rmappo Exp reference_20260925T185133Z_2dfd2f_ippo_w128_seed3 updates 1990/6250 episodes, total num timesteps 6371200/20000000, FPS 9849.

average episode rewards is -115.19540405273438

 Scenario simple_spread Algo rmappo Exp reference_20260925T185133Z_2dfd2f_ippo_w128_seed3 updates 1995/6250 episodes, total num timesteps 6387200/20000000, FPS 9849.

average episode rewards is -115.96190643310547

 Scenario simple_spread Algo rmappo Exp reference_20260925T185133Z_2dfd2f_ippo_w128_seed3 updates 2000/6250 episodes, total num timesteps 6403200/20000000, FPS 9849.

average episode rewards is -116.34268951416016
eval average episode rewards of agent: -118.55004444694653
eval success rate: 0.95

 Scenario simple_spread Algo rmappo Exp reference_20260925T185133Z_2dfd2f_ippo_w128_seed3 updates 2005/6250 episodes, total num timesteps 6419200/20000000, FPS 9848.

average episode rewards is -114.51792907714844

 Scenario simple_spread Algo rmappo Exp reference_20260925T185133Z_2dfd2f_ippo_w128_seed3 updates 2010/6250 episodes, total num timesteps 6435200/20000000, FPS 9849.

average episode rewards is -115.2843246459961

 Scenario simple_spread Algo rmappo Exp reference_20260925T185133Z_2dfd2f_ippo_w128_seed3 updates 2015/6250 episodes, total num timesteps 6451200/20000000, FPS 9848.

average episode rewards is -117.08132934570312

 Scenario simple_spread Algo rmappo Exp reference_20260925T185133Z_2dfd2f_ippo_w128_seed3 updates 2020/6250 episodes, total num timesteps 6467200/20000000, FPS 9847.

average episode rewards is -117.49256896972656

 Scenario simple_spread Algo rmappo Exp reference_20260925T185133Z_2dfd2f_ippo_w128_seed3 updates 2025/6250 episodes, total num timesteps 6483200/20000000, FPS 9848.

average episode rewards is -115.56430053710938
eval average episode rewards of agent: -114.85420061388066
eval success rate: 0.9

 Scenario simple_spread Algo rmappo Exp reference_20260925T185133Z_2dfd2f_ippo_w128_seed3 updates 2030/6250 episodes, total num timesteps 6499200/20000000, FPS 9847.

average episode rewards is -115.04861450195312

 Scenario simple_spread Algo rmappo Exp reference_20260925T185133Z_2dfd2f_ippo_w128_seed3 updates 2035/6250 episodes, total num timesteps 6515200/20000000, FPS 9848.

average episode rewards is -116.18658447265625

 Scenario simple_spread Algo rmappo Exp reference_20260925T185133Z_2dfd2f_ippo_w128_seed3 updates 2040/6250 episodes, total num timesteps 6531200/20000000, FPS 9848.

average episode rewards is -117.90513610839844

 Scenario simple_spread Algo rmappo Exp reference_20260925T185133Z_2dfd2f_ippo_w128_seed3 updates 2045/6250 episodes, total num timesteps 6547200/20000000, FPS 9849.

average episode rewards is -115.5837631225586

 Scenario simple_spread Algo rmappo Exp reference_20260925T185133Z_2dfd2f_ippo_w128_seed3 updates 2050/6250 episodes, total num timesteps 6563200/20000000, FPS 9850.

average episode rewards is -114.91178131103516
eval average episode rewards of agent: -114.90379729669596
eval success rate: 1.0

 Scenario simple_spread Algo rmappo Exp reference_20260925T185133Z_2dfd2f_ippo_w128_seed3 updates 2055/6250 episodes, total num timesteps 6579200/20000000, FPS 9849.

average episode rewards is -113.99896240234375

 Scenario simple_spread Algo rmappo Exp reference_20260925T185133Z_2dfd2f_ippo_w128_seed3 updates 2060/6250 episodes, total num timesteps 6595200/20000000, FPS 9849.

average episode rewards is -114.4521484375

 Scenario simple_spread Algo rmappo Exp reference_20260925T185133Z_2dfd2f_ippo_w128_seed3 updates 2065/6250 episodes, total num timesteps 6611200/20000000, FPS 9849.

average episode rewards is -116.09712982177734

 Scenario simple_spread Algo rmappo Exp reference_20260925T185133Z_2dfd2f_ippo_w128_seed3 updates 2070/6250 episodes, total num timesteps 6627200/20000000, FPS 9849.

average episode rewards is -116.06571960449219

 Scenario simple_spread Algo rmappo Exp reference_20260925T185133Z_2dfd2f_ippo_w128_seed3 updates 2075/6250 episodes, total num timesteps 6643200/20000000, FPS 9848.

average episode rewards is -115.20626831054688
eval average episode rewards of agent: -115.37264825392373
eval success rate: 0.95

 Scenario simple_spread Algo rmappo Exp reference_20260925T185133Z_2dfd2f_ippo_w128_seed3 updates 2080/6250 episodes, total num timesteps 6659200/20000000, FPS 9848.

average episode rewards is -116.08806610107422

 Scenario simple_spread Algo rmappo Exp reference_20260925T185133Z_2dfd2f_ippo_w128_seed3 updates 2085/6250 episodes, total num timesteps 6675200/20000000, FPS 9848.

average episode rewards is -113.99567413330078

 Scenario simple_spread Algo rmappo Exp reference_20260925T185133Z_2dfd2f_ippo_w128_seed3 updates 2090/6250 episodes, total num timesteps 6691200/20000000, FPS 9849.

average episode rewards is -116.62281799316406

 Scenario simple_spread Algo rmappo Exp reference_20260925T185133Z_2dfd2f_ippo_w128_seed3 updates 2095/6250 episodes, total num timesteps 6707200/20000000, FPS 9849.

average episode rewards is -117.76597595214844

 Scenario simple_spread Algo rmappo Exp reference_20260925T185133Z_2dfd2f_ippo_w128_seed3 updates 2100/6250 episodes, total num timesteps 6723200/20000000, FPS 9849.

average episode rewards is -114.47188568115234
eval average episode rewards of agent: -111.00120144219137
eval success rate: 0.9

 Scenario simple_spread Algo rmappo Exp reference_20260925T185133Z_2dfd2f_ippo_w128_seed3 updates 2105/6250 episodes, total num timesteps 6739200/20000000, FPS 9848.

average episode rewards is -116.22692108154297

 Scenario simple_spread Algo rmappo Exp reference_20260925T185133Z_2dfd2f_ippo_w128_seed3 updates 2110/6250 episodes, total num timesteps 6755200/20000000, FPS 9849.

average episode rewards is -115.58836364746094

 Scenario simple_spread Algo rmappo Exp reference_20260925T185133Z_2dfd2f_ippo_w128_seed3 updates 2115/6250 episodes, total num timesteps 6771200/20000000, FPS 9849.

average episode rewards is -113.7555923461914

 Scenario simple_spread Algo rmappo Exp reference_20260925T185133Z_2dfd2f_ippo_w128_seed3 updates 2120/6250 episodes, total num timesteps 6787200/20000000, FPS 9849.

average episode rewards is -118.78987884521484

 Scenario simple_spread Algo rmappo Exp reference_20260925T185133Z_2dfd2f_ippo_w128_seed3 updates 2125/6250 episodes, total num timesteps 6803200/20000000, FPS 9849.

average episode rewards is -116.14917755126953
eval average episode rewards of agent: -110.75249260111582
eval success rate: 0.95

 Scenario simple_spread Algo rmappo Exp reference_20260925T185133Z_2dfd2f_ippo_w128_seed3 updates 2130/6250 episodes, total num timesteps 6819200/20000000, FPS 9849.

average episode rewards is -113.85591888427734

 Scenario simple_spread Algo rmappo Exp reference_20260925T185133Z_2dfd2f_ippo_w128_seed3 updates 2135/6250 episodes, total num timesteps 6835200/20000000, FPS 9848.

average episode rewards is -116.28600311279297

 Scenario simple_spread Algo rmappo Exp reference_20260925T185133Z_2dfd2f_ippo_w128_seed3 updates 2140/6250 episodes, total num timesteps 6851200/20000000, FPS 9848.

average episode rewards is -118.13522338867188

 Scenario simple_spread Algo rmappo Exp reference_20260925T185133Z_2dfd2f_ippo_w128_seed3 updates 2145/6250 episodes, total num timesteps 6867200/20000000, FPS 9849.

average episode rewards is -117.08560180664062

 Scenario simple_spread Algo rmappo Exp reference_20260925T185133Z_2dfd2f_ippo_w128_seed3 updates 2150/6250 episodes, total num timesteps 6883200/20000000, FPS 9849.

average episode rewards is -114.60785675048828
eval average episode rewards of agent: -111.10089713083484
eval success rate: 0.95

 Scenario simple_spread Algo rmappo Exp reference_20260925T185133Z_2dfd2f_ippo_w128_seed3 updates 2155/6250 episodes, total num timesteps 6899200/20000000, FPS 9848.

average episode rewards is -116.52738189697266

 Scenario simple_spread Algo rmappo Exp reference_20260925T185133Z_2dfd2f_ippo_w128_seed3 updates 2160/6250 episodes, total num timesteps 6915200/20000000, FPS 9849.

average episode rewards is -115.27494049072266

 Scenario simple_spread Algo rmappo Exp reference_20260925T185133Z_2dfd2f_ippo_w128_seed3 updates 2165/6250 episodes, total num timesteps 6931200/20000000, FPS 9850.

average episode rewards is -111.6668930053711

 Scenario simple_spread Algo rmappo Exp reference_20260925T185133Z_2dfd2f_ippo_w128_seed3 updates 2170/6250 episodes, total num timesteps 6947200/20000000, FPS 9850.

average episode rewards is -114.62512969970703

 Scenario simple_spread Algo rmappo Exp reference_20260925T185133Z_2dfd2f_ippo_w128_seed3 updates 2175/6250 episodes, total num timesteps 6963200/20000000, FPS 9850.

average episode rewards is -115.79411315917969
eval average episode rewards of agent: -116.68778824390166
eval success rate: 0.95

 Scenario simple_spread Algo rmappo Exp reference_20260925T185133Z_2dfd2f_ippo_w128_seed3 updates 2180/6250 episodes, total num timesteps 6979200/20000000, FPS 9851.

average episode rewards is -116.86469268798828

 Scenario simple_spread Algo rmappo Exp reference_20260925T185133Z_2dfd2f_ippo_w128_seed3 updates 2185/6250 episodes, total num timesteps 6995200/20000000, FPS 9851.

average episode rewards is -118.89372253417969

 Scenario simple_spread Algo rmappo Exp reference_20260925T185133Z_2dfd2f_ippo_w128_seed3 updates 2190/6250 episodes, total num timesteps 7011200/20000000, FPS 9852.

average episode rewards is -114.83982849121094

 Scenario simple_spread Algo rmappo Exp reference_20260925T185133Z_2dfd2f_ippo_w128_seed3 updates 2195/6250 episodes, total num timesteps 7027200/20000000, FPS 9850.

average episode rewards is -115.29730224609375

 Scenario simple_spread Algo rmappo Exp reference_20260925T185133Z_2dfd2f_ippo_w128_seed3 updates 2200/6250 episodes, total num timesteps 7043200/20000000, FPS 9851.

average episode rewards is -114.16413879394531
eval average episode rewards of agent: -117.01848367785973
eval success rate: 0.9

 Scenario simple_spread Algo rmappo Exp reference_20260925T185133Z_2dfd2f_ippo_w128_seed3 updates 2205/6250 episodes, total num timesteps 7059200/20000000, FPS 9850.

average episode rewards is -117.51456451416016

 Scenario simple_spread Algo rmappo Exp reference_20260925T185133Z_2dfd2f_ippo_w128_seed3 updates 2210/6250 episodes, total num timesteps 7075200/20000000, FPS 9850.

average episode rewards is -116.49242401123047

 Scenario simple_spread Algo rmappo Exp reference_20260925T185133Z_2dfd2f_ippo_w128_seed3 updates 2215/6250 episodes, total num timesteps 7091200/20000000, FPS 9850.

average episode rewards is -116.21018981933594

 Scenario simple_spread Algo rmappo Exp reference_20260925T185133Z_2dfd2f_ippo_w128_seed3 updates 2220/6250 episodes, total num timesteps 7107200/20000000, FPS 9850.

average episode rewards is -114.95518493652344

 Scenario simple_spread Algo rmappo Exp reference_20260925T185133Z_2dfd2f_ippo_w128_seed3 updates 2225/6250 episodes, total num timesteps 7123200/20000000, FPS 9850.

average episode rewards is -115.06527709960938
eval average episode rewards of agent: -111.96404116263516
eval success rate: 0.95

 Scenario simple_spread Algo rmappo Exp reference_20260925T185133Z_2dfd2f_ippo_w128_seed3 updates 2230/6250 episodes, total num timesteps 7139200/20000000, FPS 9850.

average episode rewards is -116.25933837890625

 Scenario simple_spread Algo rmappo Exp reference_20260925T185133Z_2dfd2f_ippo_w128_seed3 updates 2235/6250 episodes, total num timesteps 7155200/20000000, FPS 9851.

average episode rewards is -113.55461883544922

 Scenario simple_spread Algo rmappo Exp reference_20260925T185133Z_2dfd2f_ippo_w128_seed3 updates 2240/6250 episodes, total num timesteps 7171200/20000000, FPS 9851.

average episode rewards is -116.22444152832031

 Scenario simple_spread Algo rmappo Exp reference_20260925T185133Z_2dfd2f_ippo_w128_seed3 updates 2245/6250 episodes, total num timesteps 7187200/20000000, FPS 9851.

average episode rewards is -115.42855834960938

 Scenario simple_spread Algo rmappo Exp reference_20260925T185133Z_2dfd2f_ippo_w128_seed3 updates 2250/6250 episodes, total num timesteps 7203200/20000000, FPS 9852.

average episode rewards is -113.345947265625
eval average episode rewards of agent: -111.87826448930188
eval success rate: 0.95

 Scenario simple_spread Algo rmappo Exp reference_20260925T185133Z_2dfd2f_ippo_w128_seed3 updates 2255/6250 episodes, total num timesteps 7219200/20000000, FPS 9850.

average episode rewards is -115.41883087158203

 Scenario simple_spread Algo rmappo Exp reference_20260925T185133Z_2dfd2f_ippo_w128_seed3 updates 2260/6250 episodes, total num timesteps 7235200/20000000, FPS 9851.

average episode rewards is -116.51560974121094

 Scenario simple_spread Algo rmappo Exp reference_20260925T185133Z_2dfd2f_ippo_w128_seed3 updates 2265/6250 episodes, total num timesteps 7251200/20000000, FPS 9851.

average episode rewards is -117.52523040771484

 Scenario simple_spread Algo rmappo Exp reference_20260925T185133Z_2dfd2f_ippo_w128_seed3 updates 2270/6250 episodes, total num timesteps 7267200/20000000, FPS 9851.

average episode rewards is -115.38191986083984

 Scenario simple_spread Algo rmappo Exp reference_20260925T185133Z_2dfd2f_ippo_w128_seed3 updates 2275/6250 episodes, total num timesteps 7283200/20000000, FPS 9852.

average episode rewards is -116.47264099121094
eval average episode rewards of agent: -117.11788113318298
eval success rate: 0.95

 Scenario simple_spread Algo rmappo Exp reference_20260925T185133Z_2dfd2f_ippo_w128_seed3 updates 2280/6250 episodes, total num timesteps 7299200/20000000, FPS 9852.

average episode rewards is -116.40851593017578

 Scenario simple_spread Algo rmappo Exp reference_20260925T185133Z_2dfd2f_ippo_w128_seed3 updates 2285/6250 episodes, total num timesteps 7315200/20000000, FPS 9852.

average episode rewards is -118.09959411621094

 Scenario simple_spread Algo rmappo Exp reference_20260925T185133Z_2dfd2f_ippo_w128_seed3 updates 2290/6250 episodes, total num timesteps 7331200/20000000, FPS 9853.

average episode rewards is -116.7724609375

 Scenario simple_spread Algo rmappo Exp reference_20260925T185133Z_2dfd2f_ippo_w128_seed3 updates 2295/6250 episodes, total num timesteps 7347200/20000000, FPS 9853.

average episode rewards is -115.18891143798828

 Scenario simple_spread Algo rmappo Exp reference_20260925T185133Z_2dfd2f_ippo_w128_seed3 updates 2300/6250 episodes, total num timesteps 7363200/20000000, FPS 9853.

average episode rewards is -115.55620574951172
eval average episode rewards of agent: -111.62346991328899
eval success rate: 1.0

 Scenario simple_spread Algo rmappo Exp reference_20260925T185133Z_2dfd2f_ippo_w128_seed3 updates 2305/6250 episodes, total num timesteps 7379200/20000000, FPS 9852.

average episode rewards is -112.39140319824219

 Scenario simple_spread Algo rmappo Exp reference_20260925T185133Z_2dfd2f_ippo_w128_seed3 updates 2310/6250 episodes, total num timesteps 7395200/20000000, FPS 9853.

average episode rewards is -114.37933349609375

 Scenario simple_spread Algo rmappo Exp reference_20260925T185133Z_2dfd2f_ippo_w128_seed3 updates 2315/6250 episodes, total num timesteps 7411200/20000000, FPS 9852.

average episode rewards is -115.28913116455078

 Scenario simple_spread Algo rmappo Exp reference_20260925T185133Z_2dfd2f_ippo_w128_seed3 updates 2320/6250 episodes, total num timesteps 7427200/20000000, FPS 9853.

average episode rewards is -115.20635986328125

 Scenario simple_spread Algo rmappo Exp reference_20260925T185133Z_2dfd2f_ippo_w128_seed3 updates 2325/6250 episodes, total num timesteps 7443200/20000000, FPS 9853.

average episode rewards is -115.1875228881836
eval average episode rewards of agent: -115.67694753582745
eval success rate: 0.8

 Scenario simple_spread Algo rmappo Exp reference_20260925T185133Z_2dfd2f_ippo_w128_seed3 updates 2330/6250 episodes, total num timesteps 7459200/20000000, FPS 9853.

average episode rewards is -116.14385986328125

 Scenario simple_spread Algo rmappo Exp reference_20260925T185133Z_2dfd2f_ippo_w128_seed3 updates 2335/6250 episodes, total num timesteps 7475200/20000000, FPS 9853.

average episode rewards is -118.66764068603516

 Scenario simple_spread Algo rmappo Exp reference_20260925T185133Z_2dfd2f_ippo_w128_seed3 updates 2340/6250 episodes, total num timesteps 7491200/20000000, FPS 9854.

average episode rewards is -115.13201904296875

 Scenario simple_spread Algo rmappo Exp reference_20260925T185133Z_2dfd2f_ippo_w128_seed3 updates 2345/6250 episodes, total num timesteps 7507200/20000000, FPS 9854.

average episode rewards is -117.19188690185547

 Scenario simple_spread Algo rmappo Exp reference_20260925T185133Z_2dfd2f_ippo_w128_seed3 updates 2350/6250 episodes, total num timesteps 7523200/20000000, FPS 9854.

average episode rewards is -114.43731689453125
eval average episode rewards of agent: -108.72599870065453
eval success rate: 0.9

 Scenario simple_spread Algo rmappo Exp reference_20260925T185133Z_2dfd2f_ippo_w128_seed3 updates 2355/6250 episodes, total num timesteps 7539200/20000000, FPS 9853.

average episode rewards is -113.71006774902344

 Scenario simple_spread Algo rmappo Exp reference_20260925T185133Z_2dfd2f_ippo_w128_seed3 updates 2360/6250 episodes, total num timesteps 7555200/20000000, FPS 9854.

average episode rewards is -114.24649047851562

 Scenario simple_spread Algo rmappo Exp reference_20260925T185133Z_2dfd2f_ippo_w128_seed3 updates 2365/6250 episodes, total num timesteps 7571200/20000000, FPS 9854.

average episode rewards is -115.66035461425781

 Scenario simple_spread Algo rmappo Exp reference_20260925T185133Z_2dfd2f_ippo_w128_seed3 updates 2370/6250 episodes, total num timesteps 7587200/20000000, FPS 9854.

average episode rewards is -115.45904541015625

 Scenario simple_spread Algo rmappo Exp reference_20260925T185133Z_2dfd2f_ippo_w128_seed3 updates 2375/6250 episodes, total num timesteps 7603200/20000000, FPS 9853.

average episode rewards is -114.80834197998047
eval average episode rewards of agent: -117.92778663577492
eval success rate: 1.0

 Scenario simple_spread Algo rmappo Exp reference_20260925T185133Z_2dfd2f_ippo_w128_seed3 updates 2380/6250 episodes, total num timesteps 7619200/20000000, FPS 9852.

average episode rewards is -115.05683898925781

 Scenario simple_spread Algo rmappo Exp reference_20260925T185133Z_2dfd2f_ippo_w128_seed3 updates 2385/6250 episodes, total num timesteps 7635200/20000000, FPS 9852.

average episode rewards is -112.50343322753906

 Scenario simple_spread Algo rmappo Exp reference_20260925T185133Z_2dfd2f_ippo_w128_seed3 updates 2390/6250 episodes, total num timesteps 7651200/20000000, FPS 9853.

average episode rewards is -114.77947235107422

 Scenario simple_spread Algo rmappo Exp reference_20260925T185133Z_2dfd2f_ippo_w128_seed3 updates 2395/6250 episodes, total num timesteps 7667200/20000000, FPS 9853.

average episode rewards is -114.55150604248047

 Scenario simple_spread Algo rmappo Exp reference_20260925T185133Z_2dfd2f_ippo_w128_seed3 updates 2400/6250 episodes, total num timesteps 7683200/20000000, FPS 9854.

average episode rewards is -115.592529296875
eval average episode rewards of agent: -112.44965007596514
eval success rate: 0.9

 Scenario simple_spread Algo rmappo Exp reference_20260925T185133Z_2dfd2f_ippo_w128_seed3 updates 2405/6250 episodes, total num timesteps 7699200/20000000, FPS 9853.

average episode rewards is -116.27173614501953

 Scenario simple_spread Algo rmappo Exp reference_20260925T185133Z_2dfd2f_ippo_w128_seed3 updates 2410/6250 episodes, total num timesteps 7715200/20000000, FPS 9853.

average episode rewards is -114.77394104003906

 Scenario simple_spread Algo rmappo Exp reference_20260925T185133Z_2dfd2f_ippo_w128_seed3 updates 2415/6250 episodes, total num timesteps 7731200/20000000, FPS 9853.

average episode rewards is -115.97966003417969

 Scenario simple_spread Algo rmappo Exp reference_20260925T185133Z_2dfd2f_ippo_w128_seed3 updates 2420/6250 episodes, total num timesteps 7747200/20000000, FPS 9853.

average episode rewards is -116.20594024658203

 Scenario simple_spread Algo rmappo Exp reference_20260925T185133Z_2dfd2f_ippo_w128_seed3 updates 2425/6250 episodes, total num timesteps 7763200/20000000, FPS 9853.

average episode rewards is -114.48785400390625
eval average episode rewards of agent: -114.98869096205435
eval success rate: 0.9

 Scenario simple_spread Algo rmappo Exp reference_20260925T185133Z_2dfd2f_ippo_w128_seed3 updates 2430/6250 episodes, total num timesteps 7779200/20000000, FPS 9852.

average episode rewards is -116.18584442138672

 Scenario simple_spread Algo rmappo Exp reference_20260925T185133Z_2dfd2f_ippo_w128_seed3 updates 2435/6250 episodes, total num timesteps 7795200/20000000, FPS 9851.

average episode rewards is -116.87702941894531

 Scenario simple_spread Algo rmappo Exp reference_20260925T185133Z_2dfd2f_ippo_w128_seed3 updates 2440/6250 episodes, total num timesteps 7811200/20000000, FPS 9851.

average episode rewards is -115.18077850341797

 Scenario simple_spread Algo rmappo Exp reference_20260925T185133Z_2dfd2f_ippo_w128_seed3 updates 2445/6250 episodes, total num timesteps 7827200/20000000, FPS 9852.

average episode rewards is -116.21146392822266

 Scenario simple_spread Algo rmappo Exp reference_20260925T185133Z_2dfd2f_ippo_w128_seed3 updates 2450/6250 episodes, total num timesteps 7843200/20000000, FPS 9852.

average episode rewards is -116.7737808227539
eval average episode rewards of agent: -107.66541319551071
eval success rate: 0.85

 Scenario simple_spread Algo rmappo Exp reference_20260925T185133Z_2dfd2f_ippo_w128_seed3 updates 2455/6250 episodes, total num timesteps 7859200/20000000, FPS 9852.

average episode rewards is -114.69305419921875

 Scenario simple_spread Algo rmappo Exp reference_20260925T185133Z_2dfd2f_ippo_w128_seed3 updates 2460/6250 episodes, total num timesteps 7875200/20000000, FPS 9852.

average episode rewards is -113.20970916748047

 Scenario simple_spread Algo rmappo Exp reference_20260925T185133Z_2dfd2f_ippo_w128_seed3 updates 2465/6250 episodes, total num timesteps 7891200/20000000, FPS 9852.

average episode rewards is -116.70695495605469

 Scenario simple_spread Algo rmappo Exp reference_20260925T185133Z_2dfd2f_ippo_w128_seed3 updates 2470/6250 episodes, total num timesteps 7907200/20000000, FPS 9852.

average episode rewards is -113.05818176269531

 Scenario simple_spread Algo rmappo Exp reference_20260925T185133Z_2dfd2f_ippo_w128_seed3 updates 2475/6250 episodes, total num timesteps 7923200/20000000, FPS 9852.

average episode rewards is -115.89054107666016
eval average episode rewards of agent: -113.39721671044997
eval success rate: 0.9

 Scenario simple_spread Algo rmappo Exp reference_20260925T185133Z_2dfd2f_ippo_w128_seed3 updates 2480/6250 episodes, total num timesteps 7939200/20000000, FPS 9851.

average episode rewards is -115.72026062011719

 Scenario simple_spread Algo rmappo Exp reference_20260925T185133Z_2dfd2f_ippo_w128_seed3 updates 2485/6250 episodes, total num timesteps 7955200/20000000, FPS 9852.

average episode rewards is -114.14027404785156

 Scenario simple_spread Algo rmappo Exp reference_20260925T185133Z_2dfd2f_ippo_w128_seed3 updates 2490/6250 episodes, total num timesteps 7971200/20000000, FPS 9852.

average episode rewards is -115.6834487915039

 Scenario simple_spread Algo rmappo Exp reference_20260925T185133Z_2dfd2f_ippo_w128_seed3 updates 2495/6250 episodes, total num timesteps 7987200/20000000, FPS 9851.

average episode rewards is -115.49337005615234

 Scenario simple_spread Algo rmappo Exp reference_20260925T185133Z_2dfd2f_ippo_w128_seed3 updates 2500/6250 episodes, total num timesteps 8003200/20000000, FPS 9851.

average episode rewards is -113.6336898803711
eval average episode rewards of agent: -115.18608244795412
eval success rate: 0.9

 Scenario simple_spread Algo rmappo Exp reference_20260925T185133Z_2dfd2f_ippo_w128_seed3 updates 2505/6250 episodes, total num timesteps 8019200/20000000, FPS 9850.

average episode rewards is -117.48590087890625

 Scenario simple_spread Algo rmappo Exp reference_20260925T185133Z_2dfd2f_ippo_w128_seed3 updates 2510/6250 episodes, total num timesteps 8035200/20000000, FPS 9851.

average episode rewards is -113.95995330810547

 Scenario simple_spread Algo rmappo Exp reference_20260925T185133Z_2dfd2f_ippo_w128_seed3 updates 2515/6250 episodes, total num timesteps 8051200/20000000, FPS 9852.

average episode rewards is -114.01220703125

 Scenario simple_spread Algo rmappo Exp reference_20260925T185133Z_2dfd2f_ippo_w128_seed3 updates 2520/6250 episodes, total num timesteps 8067200/20000000, FPS 9852.

average episode rewards is -116.66492462158203

 Scenario simple_spread Algo rmappo Exp reference_20260925T185133Z_2dfd2f_ippo_w128_seed3 updates 2525/6250 episodes, total num timesteps 8083200/20000000, FPS 9851.

average episode rewards is -114.75460815429688
eval average episode rewards of agent: -110.72588732084085
eval success rate: 0.95

 Scenario simple_spread Algo rmappo Exp reference_20260925T185133Z_2dfd2f_ippo_w128_seed3 updates 2530/6250 episodes, total num timesteps 8099200/20000000, FPS 9850.

average episode rewards is -114.05913543701172

 Scenario simple_spread Algo rmappo Exp reference_20260925T185133Z_2dfd2f_ippo_w128_seed3 updates 2535/6250 episodes, total num timesteps 8115200/20000000, FPS 9850.

average episode rewards is -113.10865783691406

 Scenario simple_spread Algo rmappo Exp reference_20260925T185133Z_2dfd2f_ippo_w128_seed3 updates 2540/6250 episodes, total num timesteps 8131200/20000000, FPS 9850.

average episode rewards is -117.03611755371094

 Scenario simple_spread Algo rmappo Exp reference_20260925T185133Z_2dfd2f_ippo_w128_seed3 updates 2545/6250 episodes, total num timesteps 8147200/20000000, FPS 9851.

average episode rewards is -115.67436218261719

 Scenario simple_spread Algo rmappo Exp reference_20260925T185133Z_2dfd2f_ippo_w128_seed3 updates 2550/6250 episodes, total num timesteps 8163200/20000000, FPS 9850.

average episode rewards is -117.93067169189453
eval average episode rewards of agent: -113.56667046256888
eval success rate: 1.0

 Scenario simple_spread Algo rmappo Exp reference_20260925T185133Z_2dfd2f_ippo_w128_seed3 updates 2555/6250 episodes, total num timesteps 8179200/20000000, FPS 9849.

average episode rewards is -115.06097412109375

 Scenario simple_spread Algo rmappo Exp reference_20260925T185133Z_2dfd2f_ippo_w128_seed3 updates 2560/6250 episodes, total num timesteps 8195200/20000000, FPS 9849.

average episode rewards is -114.96808624267578

 Scenario simple_spread Algo rmappo Exp reference_20260925T185133Z_2dfd2f_ippo_w128_seed3 updates 2565/6250 episodes, total num timesteps 8211200/20000000, FPS 9849.

average episode rewards is -115.61329650878906

 Scenario simple_spread Algo rmappo Exp reference_20260925T185133Z_2dfd2f_ippo_w128_seed3 updates 2570/6250 episodes, total num timesteps 8227200/20000000, FPS 9849.

average episode rewards is -115.82548522949219

 Scenario simple_spread Algo rmappo Exp reference_20260925T185133Z_2dfd2f_ippo_w128_seed3 updates 2575/6250 episodes, total num timesteps 8243200/20000000, FPS 9849.

average episode rewards is -112.4557876586914
eval average episode rewards of agent: -111.16110773090527
eval success rate: 0.95

 Scenario simple_spread Algo rmappo Exp reference_20260925T185133Z_2dfd2f_ippo_w128_seed3 updates 2580/6250 episodes, total num timesteps 8259200/20000000, FPS 9849.

average episode rewards is -115.0782241821289

 Scenario simple_spread Algo rmappo Exp reference_20260925T185133Z_2dfd2f_ippo_w128_seed3 updates 2585/6250 episodes, total num timesteps 8275200/20000000, FPS 9849.

average episode rewards is -114.22439575195312

 Scenario simple_spread Algo rmappo Exp reference_20260925T185133Z_2dfd2f_ippo_w128_seed3 updates 2590/6250 episodes, total num timesteps 8291200/20000000, FPS 9849.

average episode rewards is -113.18930053710938

 Scenario simple_spread Algo rmappo Exp reference_20260925T185133Z_2dfd2f_ippo_w128_seed3 updates 2595/6250 episodes, total num timesteps 8307200/20000000, FPS 9850.

average episode rewards is -113.9608383178711

 Scenario simple_spread Algo rmappo Exp reference_20260925T185133Z_2dfd2f_ippo_w128_seed3 updates 2600/6250 episodes, total num timesteps 8323200/20000000, FPS 9850.

average episode rewards is -118.18400573730469
eval average episode rewards of agent: -111.49301376069253
eval success rate: 0.9

 Scenario simple_spread Algo rmappo Exp reference_20260925T185133Z_2dfd2f_ippo_w128_seed3 updates 2605/6250 episodes, total num timesteps 8339200/20000000, FPS 9849.

average episode rewards is -114.12953186035156

 Scenario simple_spread Algo rmappo Exp reference_20260925T185133Z_2dfd2f_ippo_w128_seed3 updates 2610/6250 episodes, total num timesteps 8355200/20000000, FPS 9849.

average episode rewards is -114.03285217285156

 Scenario simple_spread Algo rmappo Exp reference_20260925T185133Z_2dfd2f_ippo_w128_seed3 updates 2615/6250 episodes, total num timesteps 8371200/20000000, FPS 9848.

average episode rewards is -117.54584503173828

 Scenario simple_spread Algo rmappo Exp reference_20260925T185133Z_2dfd2f_ippo_w128_seed3 updates 2620/6250 episodes, total num timesteps 8387200/20000000, FPS 9847.

average episode rewards is -113.234619140625

 Scenario simple_spread Algo rmappo Exp reference_20260925T185133Z_2dfd2f_ippo_w128_seed3 updates 2625/6250 episodes, total num timesteps 8403200/20000000, FPS 9848.

average episode rewards is -115.27323913574219
eval average episode rewards of agent: -116.1941521174126
eval success rate: 0.95

 Scenario simple_spread Algo rmappo Exp reference_20260925T185133Z_2dfd2f_ippo_w128_seed3 updates 2630/6250 episodes, total num timesteps 8419200/20000000, FPS 9847.

average episode rewards is -113.68673706054688

 Scenario simple_spread Algo rmappo Exp reference_20260925T185133Z_2dfd2f_ippo_w128_seed3 updates 2635/6250 episodes, total num timesteps 8435200/20000000, FPS 9847.

average episode rewards is -115.35542297363281

 Scenario simple_spread Algo rmappo Exp reference_20260925T185133Z_2dfd2f_ippo_w128_seed3 updates 2640/6250 episodes, total num timesteps 8451200/20000000, FPS 9847.

average episode rewards is -114.22676849365234

 Scenario simple_spread Algo rmappo Exp reference_20260925T185133Z_2dfd2f_ippo_w128_seed3 updates 2645/6250 episodes, total num timesteps 8467200/20000000, FPS 9847.

average episode rewards is -115.21013641357422

 Scenario simple_spread Algo rmappo Exp reference_20260925T185133Z_2dfd2f_ippo_w128_seed3 updates 2650/6250 episodes, total num timesteps 8483200/20000000, FPS 9847.

average episode rewards is -115.256103515625
eval average episode rewards of agent: -114.66761724122497
eval success rate: 0.85

 Scenario simple_spread Algo rmappo Exp reference_20260925T185133Z_2dfd2f_ippo_w128_seed3 updates 2655/6250 episodes, total num timesteps 8499200/20000000, FPS 9847.

average episode rewards is -115.60797882080078

 Scenario simple_spread Algo rmappo Exp reference_20260925T185133Z_2dfd2f_ippo_w128_seed3 updates 2660/6250 episodes, total num timesteps 8515200/20000000, FPS 9847.

average episode rewards is -112.7066650390625

 Scenario simple_spread Algo rmappo Exp reference_20260925T185133Z_2dfd2f_ippo_w128_seed3 updates 2665/6250 episodes, total num timesteps 8531200/20000000, FPS 9847.

average episode rewards is -113.2115249633789

 Scenario simple_spread Algo rmappo Exp reference_20260925T185133Z_2dfd2f_ippo_w128_seed3 updates 2670/6250 episodes, total num timesteps 8547200/20000000, FPS 9846.

average episode rewards is -115.15538787841797

 Scenario simple_spread Algo rmappo Exp reference_20260925T185133Z_2dfd2f_ippo_w128_seed3 updates 2675/6250 episodes, total num timesteps 8563200/20000000, FPS 9847.

average episode rewards is -116.06725311279297
eval average episode rewards of agent: -106.36326005027142
eval success rate: 0.95

 Scenario simple_spread Algo rmappo Exp reference_20260925T185133Z_2dfd2f_ippo_w128_seed3 updates 2680/6250 episodes, total num timesteps 8579200/20000000, FPS 9846.

average episode rewards is -116.21346282958984

 Scenario simple_spread Algo rmappo Exp reference_20260925T185133Z_2dfd2f_ippo_w128_seed3 updates 2685/6250 episodes, total num timesteps 8595200/20000000, FPS 9846.

average episode rewards is -115.39298248291016

 Scenario simple_spread Algo rmappo Exp reference_20260925T185133Z_2dfd2f_ippo_w128_seed3 updates 2690/6250 episodes, total num timesteps 8611200/20000000, FPS 9847.

average episode rewards is -113.64724731445312

 Scenario simple_spread Algo rmappo Exp reference_20260925T185133Z_2dfd2f_ippo_w128_seed3 updates 2695/6250 episodes, total num timesteps 8627200/20000000, FPS 9847.

average episode rewards is -115.2147445678711

 Scenario simple_spread Algo rmappo Exp reference_20260925T185133Z_2dfd2f_ippo_w128_seed3 updates 2700/6250 episodes, total num timesteps 8643200/20000000, FPS 9847.

average episode rewards is -114.77921295166016
eval average episode rewards of agent: -116.68589182563771
eval success rate: 0.85

 Scenario simple_spread Algo rmappo Exp reference_20260925T185133Z_2dfd2f_ippo_w128_seed3 updates 2705/6250 episodes, total num timesteps 8659200/20000000, FPS 9847.

average episode rewards is -114.70377349853516

 Scenario simple_spread Algo rmappo Exp reference_20260925T185133Z_2dfd2f_ippo_w128_seed3 updates 2710/6250 episodes, total num timesteps 8675200/20000000, FPS 9846.

average episode rewards is -117.03236389160156

 Scenario simple_spread Algo rmappo Exp reference_20260925T185133Z_2dfd2f_ippo_w128_seed3 updates 2715/6250 episodes, total num timesteps 8691200/20000000, FPS 9846.

average episode rewards is -116.0420150756836

 Scenario simple_spread Algo rmappo Exp reference_20260925T185133Z_2dfd2f_ippo_w128_seed3 updates 2720/6250 episodes, total num timesteps 8707200/20000000, FPS 9847.

average episode rewards is -112.16112518310547

 Scenario simple_spread Algo rmappo Exp reference_20260925T185133Z_2dfd2f_ippo_w128_seed3 updates 2725/6250 episodes, total num timesteps 8723200/20000000, FPS 9847.

average episode rewards is -113.8310317993164
eval average episode rewards of agent: -116.31114981902137
eval success rate: 0.95

 Scenario simple_spread Algo rmappo Exp reference_20260925T185133Z_2dfd2f_ippo_w128_seed3 updates 2730/6250 episodes, total num timesteps 8739200/20000000, FPS 9845.

average episode rewards is -114.14905548095703

 Scenario simple_spread Algo rmappo Exp reference_20260925T185133Z_2dfd2f_ippo_w128_seed3 updates 2735/6250 episodes, total num timesteps 8755200/20000000, FPS 9845.

average episode rewards is -116.7352066040039

 Scenario simple_spread Algo rmappo Exp reference_20260925T185133Z_2dfd2f_ippo_w128_seed3 updates 2740/6250 episodes, total num timesteps 8771200/20000000, FPS 9845.

average episode rewards is -113.956298828125

 Scenario simple_spread Algo rmappo Exp reference_20260925T185133Z_2dfd2f_ippo_w128_seed3 updates 2745/6250 episodes, total num timesteps 8787200/20000000, FPS 9845.

average episode rewards is -114.54910278320312

 Scenario simple_spread Algo rmappo Exp reference_20260925T185133Z_2dfd2f_ippo_w128_seed3 updates 2750/6250 episodes, total num timesteps 8803200/20000000, FPS 9845.

average episode rewards is -115.87079620361328
eval average episode rewards of agent: -109.94926064204695
eval success rate: 0.95

 Scenario simple_spread Algo rmappo Exp reference_20260925T185133Z_2dfd2f_ippo_w128_seed3 updates 2755/6250 episodes, total num timesteps 8819200/20000000, FPS 9845.

average episode rewards is -116.7479019165039

 Scenario simple_spread Algo rmappo Exp reference_20260925T185133Z_2dfd2f_ippo_w128_seed3 updates 2760/6250 episodes, total num timesteps 8835200/20000000, FPS 9845.

average episode rewards is -113.76270294189453

 Scenario simple_spread Algo rmappo Exp reference_20260925T185133Z_2dfd2f_ippo_w128_seed3 updates 2765/6250 episodes, total num timesteps 8851200/20000000, FPS 9845.

average episode rewards is -117.6559066772461

 Scenario simple_spread Algo rmappo Exp reference_20260925T185133Z_2dfd2f_ippo_w128_seed3 updates 2770/6250 episodes, total num timesteps 8867200/20000000, FPS 9845.

average episode rewards is -117.03367614746094

 Scenario simple_spread Algo rmappo Exp reference_20260925T185133Z_2dfd2f_ippo_w128_seed3 updates 2775/6250 episodes, total num timesteps 8883200/20000000, FPS 9845.

average episode rewards is -113.91938018798828
eval average episode rewards of agent: -111.00779325378309
eval success rate: 0.95

 Scenario simple_spread Algo rmappo Exp reference_20260925T185133Z_2dfd2f_ippo_w128_seed3 updates 2780/6250 episodes, total num timesteps 8899200/20000000, FPS 9845.

average episode rewards is -113.89713287353516

 Scenario simple_spread Algo rmappo Exp reference_20260925T185133Z_2dfd2f_ippo_w128_seed3 updates 2785/6250 episodes, total num timesteps 8915200/20000000, FPS 9845.

average episode rewards is -111.99703216552734

 Scenario simple_spread Algo rmappo Exp reference_20260925T185133Z_2dfd2f_ippo_w128_seed3 updates 2790/6250 episodes, total num timesteps 8931200/20000000, FPS 9844.

average episode rewards is -113.91423797607422

 Scenario simple_spread Algo rmappo Exp reference_20260925T185133Z_2dfd2f_ippo_w128_seed3 updates 2795/6250 episodes, total num timesteps 8947200/20000000, FPS 9844.

average episode rewards is -114.2883071899414

 Scenario simple_spread Algo rmappo Exp reference_20260925T185133Z_2dfd2f_ippo_w128_seed3 updates 2800/6250 episodes, total num timesteps 8963200/20000000, FPS 9844.

average episode rewards is -119.22123718261719
eval average episode rewards of agent: -108.66844557416076
eval success rate: 0.95

 Scenario simple_spread Algo rmappo Exp reference_20260925T185133Z_2dfd2f_ippo_w128_seed3 updates 2805/6250 episodes, total num timesteps 8979200/20000000, FPS 9843.

average episode rewards is -116.15164184570312

 Scenario simple_spread Algo rmappo Exp reference_20260925T185133Z_2dfd2f_ippo_w128_seed3 updates 2810/6250 episodes, total num timesteps 8995200/20000000, FPS 9844.

average episode rewards is -115.6370620727539

 Scenario simple_spread Algo rmappo Exp reference_20260925T185133Z_2dfd2f_ippo_w128_seed3 updates 2815/6250 episodes, total num timesteps 9011200/20000000, FPS 9844.

average episode rewards is -114.0707015991211

 Scenario simple_spread Algo rmappo Exp reference_20260925T185133Z_2dfd2f_ippo_w128_seed3 updates 2820/6250 episodes, total num timesteps 9027200/20000000, FPS 9844.

average episode rewards is -114.01593780517578

 Scenario simple_spread Algo rmappo Exp reference_20260925T185133Z_2dfd2f_ippo_w128_seed3 updates 2825/6250 episodes, total num timesteps 9043200/20000000, FPS 9845.

average episode rewards is -116.8176040649414
eval average episode rewards of agent: -114.61266393660036
eval success rate: 0.9

 Scenario simple_spread Algo rmappo Exp reference_20260925T185133Z_2dfd2f_ippo_w128_seed3 updates 2830/6250 episodes, total num timesteps 9059200/20000000, FPS 9845.

average episode rewards is -117.35356903076172

 Scenario simple_spread Algo rmappo Exp reference_20260925T185133Z_2dfd2f_ippo_w128_seed3 updates 2835/6250 episodes, total num timesteps 9075200/20000000, FPS 9845.

average episode rewards is -115.50955963134766

 Scenario simple_spread Algo rmappo Exp reference_20260925T185133Z_2dfd2f_ippo_w128_seed3 updates 2840/6250 episodes, total num timesteps 9091200/20000000, FPS 9845.

average episode rewards is -115.0933837890625

 Scenario simple_spread Algo rmappo Exp reference_20260925T185133Z_2dfd2f_ippo_w128_seed3 updates 2845/6250 episodes, total num timesteps 9107200/20000000, FPS 9845.

average episode rewards is -114.02848815917969

 Scenario simple_spread Algo rmappo Exp reference_20260925T185133Z_2dfd2f_ippo_w128_seed3 updates 2850/6250 episodes, total num timesteps 9123200/20000000, FPS 9844.

average episode rewards is -114.86325073242188
eval average episode rewards of agent: -114.19538515287803
eval success rate: 0.85

 Scenario simple_spread Algo rmappo Exp reference_20260925T185133Z_2dfd2f_ippo_w128_seed3 updates 2855/6250 episodes, total num timesteps 9139200/20000000, FPS 9843.

average episode rewards is -113.2481918334961

 Scenario simple_spread Algo rmappo Exp reference_20260925T185133Z_2dfd2f_ippo_w128_seed3 updates 2860/6250 episodes, total num timesteps 9155200/20000000, FPS 9844.

average episode rewards is -115.5567398071289

 Scenario simple_spread Algo rmappo Exp reference_20260925T185133Z_2dfd2f_ippo_w128_seed3 updates 2865/6250 episodes, total num timesteps 9171200/20000000, FPS 9844.

average episode rewards is -115.71566772460938

 Scenario simple_spread Algo rmappo Exp reference_20260925T185133Z_2dfd2f_ippo_w128_seed3 updates 2870/6250 episodes, total num timesteps 9187200/20000000, FPS 9844.

average episode rewards is -112.12285614013672

 Scenario simple_spread Algo rmappo Exp reference_20260925T185133Z_2dfd2f_ippo_w128_seed3 updates 2875/6250 episodes, total num timesteps 9203200/20000000, FPS 9845.

average episode rewards is -115.79076385498047
eval average episode rewards of agent: -111.70073659696051
eval success rate: 1.0

 Scenario simple_spread Algo rmappo Exp reference_20260925T185133Z_2dfd2f_ippo_w128_seed3 updates 2880/6250 episodes, total num timesteps 9219200/20000000, FPS 9844.

average episode rewards is -116.15650939941406

 Scenario simple_spread Algo rmappo Exp reference_20260925T185133Z_2dfd2f_ippo_w128_seed3 updates 2885/6250 episodes, total num timesteps 9235200/20000000, FPS 9844.

average episode rewards is -113.61823272705078

 Scenario simple_spread Algo rmappo Exp reference_20260925T185133Z_2dfd2f_ippo_w128_seed3 updates 2890/6250 episodes, total num timesteps 9251200/20000000, FPS 9844.

average episode rewards is -114.69270324707031

 Scenario simple_spread Algo rmappo Exp reference_20260925T185133Z_2dfd2f_ippo_w128_seed3 updates 2895/6250 episodes, total num timesteps 9267200/20000000, FPS 9844.

average episode rewards is -114.75044250488281

 Scenario simple_spread Algo rmappo Exp reference_20260925T185133Z_2dfd2f_ippo_w128_seed3 updates 2900/6250 episodes, total num timesteps 9283200/20000000, FPS 9845.

average episode rewards is -113.54090881347656
eval average episode rewards of agent: -108.46133438529519
eval success rate: 1.0

 Scenario simple_spread Algo rmappo Exp reference_20260925T185133Z_2dfd2f_ippo_w128_seed3 updates 2905/6250 episodes, total num timesteps 9299200/20000000, FPS 9844.

average episode rewards is -115.26277923583984

 Scenario simple_spread Algo rmappo Exp reference_20260925T185133Z_2dfd2f_ippo_w128_seed3 updates 2910/6250 episodes, total num timesteps 9315200/20000000, FPS 9843.

average episode rewards is -113.81709289550781

 Scenario simple_spread Algo rmappo Exp reference_20260925T185133Z_2dfd2f_ippo_w128_seed3 updates 2915/6250 episodes, total num timesteps 9331200/20000000, FPS 9844.

average episode rewards is -112.49723815917969

 Scenario simple_spread Algo rmappo Exp reference_20260925T185133Z_2dfd2f_ippo_w128_seed3 updates 2920/6250 episodes, total num timesteps 9347200/20000000, FPS 9843.

average episode rewards is -112.83734130859375

 Scenario simple_spread Algo rmappo Exp reference_20260925T185133Z_2dfd2f_ippo_w128_seed3 updates 2925/6250 episodes, total num timesteps 9363200/20000000, FPS 9843.

average episode rewards is -113.44170379638672
eval average episode rewards of agent: -112.69699416168513
eval success rate: 0.85

 Scenario simple_spread Algo rmappo Exp reference_20260925T185133Z_2dfd2f_ippo_w128_seed3 updates 2930/6250 episodes, total num timesteps 9379200/20000000, FPS 9843.

average episode rewards is -114.02259826660156

 Scenario simple_spread Algo rmappo Exp reference_20260925T185133Z_2dfd2f_ippo_w128_seed3 updates 2935/6250 episodes, total num timesteps 9395200/20000000, FPS 9843.

average episode rewards is -115.97573852539062

 Scenario simple_spread Algo rmappo Exp reference_20260925T185133Z_2dfd2f_ippo_w128_seed3 updates 2940/6250 episodes, total num timesteps 9411200/20000000, FPS 9843.

average episode rewards is -115.300537109375

 Scenario simple_spread Algo rmappo Exp reference_20260925T185133Z_2dfd2f_ippo_w128_seed3 updates 2945/6250 episodes, total num timesteps 9427200/20000000, FPS 9843.

average episode rewards is -115.18792724609375

 Scenario simple_spread Algo rmappo Exp reference_20260925T185133Z_2dfd2f_ippo_w128_seed3 updates 2950/6250 episodes, total num timesteps 9443200/20000000, FPS 9844.

average episode rewards is -114.06218719482422
eval average episode rewards of agent: -110.51110117607968
eval success rate: 1.0

 Scenario simple_spread Algo rmappo Exp reference_20260925T185133Z_2dfd2f_ippo_w128_seed3 updates 2955/6250 episodes, total num timesteps 9459200/20000000, FPS 9844.

average episode rewards is -115.24291229248047

 Scenario simple_spread Algo rmappo Exp reference_20260925T185133Z_2dfd2f_ippo_w128_seed3 updates 2960/6250 episodes, total num timesteps 9475200/20000000, FPS 9844.

average episode rewards is -114.67728424072266

 Scenario simple_spread Algo rmappo Exp reference_20260925T185133Z_2dfd2f_ippo_w128_seed3 updates 2965/6250 episodes, total num timesteps 9491200/20000000, FPS 9844.

average episode rewards is -112.68109130859375

 Scenario simple_spread Algo rmappo Exp reference_20260925T185133Z_2dfd2f_ippo_w128_seed3 updates 2970/6250 episodes, total num timesteps 9507200/20000000, FPS 9843.

average episode rewards is -113.55707550048828

 Scenario simple_spread Algo rmappo Exp reference_20260925T185133Z_2dfd2f_ippo_w128_seed3 updates 2975/6250 episodes, total num timesteps 9523200/20000000, FPS 9844.

average episode rewards is -115.01188659667969
eval average episode rewards of agent: -114.13646219981358
eval success rate: 0.85

 Scenario simple_spread Algo rmappo Exp reference_20260925T185133Z_2dfd2f_ippo_w128_seed3 updates 2980/6250 episodes, total num timesteps 9539200/20000000, FPS 9843.

average episode rewards is -112.75456237792969

 Scenario simple_spread Algo rmappo Exp reference_20260925T185133Z_2dfd2f_ippo_w128_seed3 updates 2985/6250 episodes, total num timesteps 9555200/20000000, FPS 9843.

average episode rewards is -116.22990417480469

 Scenario simple_spread Algo rmappo Exp reference_20260925T185133Z_2dfd2f_ippo_w128_seed3 updates 2990/6250 episodes, total num timesteps 9571200/20000000, FPS 9843.

average episode rewards is -115.23689270019531

 Scenario simple_spread Algo rmappo Exp reference_20260925T185133Z_2dfd2f_ippo_w128_seed3 updates 2995/6250 episodes, total num timesteps 9587200/20000000, FPS 9843.

average episode rewards is -113.05648040771484

 Scenario simple_spread Algo rmappo Exp reference_20260925T185133Z_2dfd2f_ippo_w128_seed3 updates 3000/6250 episodes, total num timesteps 9603200/20000000, FPS 9843.

average episode rewards is -112.15206146240234
eval average episode rewards of agent: -113.45004399744288
eval success rate: 1.0

 Scenario simple_spread Algo rmappo Exp reference_20260925T185133Z_2dfd2f_ippo_w128_seed3 updates 3005/6250 episodes, total num timesteps 9619200/20000000, FPS 9843.

average episode rewards is -113.23648834228516

 Scenario simple_spread Algo rmappo Exp reference_20260925T185133Z_2dfd2f_ippo_w128_seed3 updates 3010/6250 episodes, total num timesteps 9635200/20000000, FPS 9843.

average episode rewards is -117.65840911865234

 Scenario simple_spread Algo rmappo Exp reference_20260925T185133Z_2dfd2f_ippo_w128_seed3 updates 3015/6250 episodes, total num timesteps 9651200/20000000, FPS 9844.

average episode rewards is -114.98394012451172

 Scenario simple_spread Algo rmappo Exp reference_20260925T185133Z_2dfd2f_ippo_w128_seed3 updates 3020/6250 episodes, total num timesteps 9667200/20000000, FPS 9844.

average episode rewards is -115.5053482055664

 Scenario simple_spread Algo rmappo Exp reference_20260925T185133Z_2dfd2f_ippo_w128_seed3 updates 3025/6250 episodes, total num timesteps 9683200/20000000, FPS 9844.

average episode rewards is -112.64044189453125
eval average episode rewards of agent: -109.51927646155387
eval success rate: 0.9

 Scenario simple_spread Algo rmappo Exp reference_20260925T185133Z_2dfd2f_ippo_w128_seed3 updates 3030/6250 episodes, total num timesteps 9699200/20000000, FPS 9842.

average episode rewards is -117.05278015136719

 Scenario simple_spread Algo rmappo Exp reference_20260925T185133Z_2dfd2f_ippo_w128_seed3 updates 3035/6250 episodes, total num timesteps 9715200/20000000, FPS 9842.

average episode rewards is -114.70722198486328

 Scenario simple_spread Algo rmappo Exp reference_20260925T185133Z_2dfd2f_ippo_w128_seed3 updates 3040/6250 episodes, total num timesteps 9731200/20000000, FPS 9842.

average episode rewards is -115.54236602783203

 Scenario simple_spread Algo rmappo Exp reference_20260925T185133Z_2dfd2f_ippo_w128_seed3 updates 3045/6250 episodes, total num timesteps 9747200/20000000, FPS 9843.

average episode rewards is -113.60031127929688

 Scenario simple_spread Algo rmappo Exp reference_20260925T185133Z_2dfd2f_ippo_w128_seed3 updates 3050/6250 episodes, total num timesteps 9763200/20000000, FPS 9843.

average episode rewards is -118.27233123779297
eval average episode rewards of agent: -110.02546334306425
eval success rate: 1.0

 Scenario simple_spread Algo rmappo Exp reference_20260925T185133Z_2dfd2f_ippo_w128_seed3 updates 3055/6250 episodes, total num timesteps 9779200/20000000, FPS 9842.

average episode rewards is -115.54902648925781

 Scenario simple_spread Algo rmappo Exp reference_20260925T185133Z_2dfd2f_ippo_w128_seed3 updates 3060/6250 episodes, total num timesteps 9795200/20000000, FPS 9842.

average episode rewards is -115.15644836425781

 Scenario simple_spread Algo rmappo Exp reference_20260925T185133Z_2dfd2f_ippo_w128_seed3 updates 3065/6250 episodes, total num timesteps 9811200/20000000, FPS 9843.

average episode rewards is -114.19389343261719

 Scenario simple_spread Algo rmappo Exp reference_20260925T185133Z_2dfd2f_ippo_w128_seed3 updates 3070/6250 episodes, total num timesteps 9827200/20000000, FPS 9843.

average episode rewards is -114.61524963378906

 Scenario simple_spread Algo rmappo Exp reference_20260925T185133Z_2dfd2f_ippo_w128_seed3 updates 3075/6250 episodes, total num timesteps 9843200/20000000, FPS 9843.

average episode rewards is -111.10212707519531
eval average episode rewards of agent: -112.85336805691405
eval success rate: 1.0

 Scenario simple_spread Algo rmappo Exp reference_20260925T185133Z_2dfd2f_ippo_w128_seed3 updates 3080/6250 episodes, total num timesteps 9859200/20000000, FPS 9843.

average episode rewards is -113.26384735107422

 Scenario simple_spread Algo rmappo Exp reference_20260925T185133Z_2dfd2f_ippo_w128_seed3 updates 3085/6250 episodes, total num timesteps 9875200/20000000, FPS 9842.

average episode rewards is -116.36939239501953

 Scenario simple_spread Algo rmappo Exp reference_20260925T185133Z_2dfd2f_ippo_w128_seed3 updates 3090/6250 episodes, total num timesteps 9891200/20000000, FPS 9841.

average episode rewards is -111.5854263305664

 Scenario simple_spread Algo rmappo Exp reference_20260925T185133Z_2dfd2f_ippo_w128_seed3 updates 3095/6250 episodes, total num timesteps 9907200/20000000, FPS 9841.

average episode rewards is -116.67054748535156

 Scenario simple_spread Algo rmappo Exp reference_20260925T185133Z_2dfd2f_ippo_w128_seed3 updates 3100/6250 episodes, total num timesteps 9923200/20000000, FPS 9842.

average episode rewards is -116.48490142822266
eval average episode rewards of agent: -104.3640598177426
eval success rate: 1.0

 Scenario simple_spread Algo rmappo Exp reference_20260925T185133Z_2dfd2f_ippo_w128_seed3 updates 3105/6250 episodes, total num timesteps 9939200/20000000, FPS 9841.

average episode rewards is -114.82026672363281

 Scenario simple_spread Algo rmappo Exp reference_20260925T185133Z_2dfd2f_ippo_w128_seed3 updates 3110/6250 episodes, total num timesteps 9955200/20000000, FPS 9841.

average episode rewards is -115.0442123413086

 Scenario simple_spread Algo rmappo Exp reference_20260925T185133Z_2dfd2f_ippo_w128_seed3 updates 3115/6250 episodes, total num timesteps 9971200/20000000, FPS 9841.

average episode rewards is -115.61206817626953

 Scenario simple_spread Algo rmappo Exp reference_20260925T185133Z_2dfd2f_ippo_w128_seed3 updates 3120/6250 episodes, total num timesteps 9987200/20000000, FPS 9842.

average episode rewards is -114.37374114990234

 Scenario simple_spread Algo rmappo Exp reference_20260925T185133Z_2dfd2f_ippo_w128_seed3 updates 3125/6250 episodes, total num timesteps 10003200/20000000, FPS 9842.

average episode rewards is -114.58869171142578
eval average episode rewards of agent: -116.70483485020901
eval success rate: 0.85

 Scenario simple_spread Algo rmappo Exp reference_20260925T185133Z_2dfd2f_ippo_w128_seed3 updates 3130/6250 episodes, total num timesteps 10019200/20000000, FPS 9841.

average episode rewards is -113.69973754882812

 Scenario simple_spread Algo rmappo Exp reference_20260925T185133Z_2dfd2f_ippo_w128_seed3 updates 3135/6250 episodes, total num timesteps 10035200/20000000, FPS 9842.

average episode rewards is -115.36829376220703

 Scenario simple_spread Algo rmappo Exp reference_20260925T185133Z_2dfd2f_ippo_w128_seed3 updates 3140/6250 episodes, total num timesteps 10051200/20000000, FPS 9842.

average episode rewards is -115.00975799560547

 Scenario simple_spread Algo rmappo Exp reference_20260925T185133Z_2dfd2f_ippo_w128_seed3 updates 3145/6250 episodes, total num timesteps 10067200/20000000, FPS 9842.

average episode rewards is -113.2125473022461

 Scenario simple_spread Algo rmappo Exp reference_20260925T185133Z_2dfd2f_ippo_w128_seed3 updates 3150/6250 episodes, total num timesteps 10083200/20000000, FPS 9840.

average episode rewards is -113.98480224609375
eval average episode rewards of agent: -114.35564727860123
eval success rate: 0.9

 Scenario simple_spread Algo rmappo Exp reference_20260925T185133Z_2dfd2f_ippo_w128_seed3 updates 3155/6250 episodes, total num timesteps 10099200/20000000, FPS 9840.

average episode rewards is -114.78297424316406

 Scenario simple_spread Algo rmappo Exp reference_20260925T185133Z_2dfd2f_ippo_w128_seed3 updates 3160/6250 episodes, total num timesteps 10115200/20000000, FPS 9840.

average episode rewards is -113.52950286865234

 Scenario simple_spread Algo rmappo Exp reference_20260925T185133Z_2dfd2f_ippo_w128_seed3 updates 3165/6250 episodes, total num timesteps 10131200/20000000, FPS 9840.

average episode rewards is -115.47517395019531

 Scenario simple_spread Algo rmappo Exp reference_20260925T185133Z_2dfd2f_ippo_w128_seed3 updates 3170/6250 episodes, total num timesteps 10147200/20000000, FPS 9841.

average episode rewards is -116.56684875488281

 Scenario simple_spread Algo rmappo Exp reference_20260925T185133Z_2dfd2f_ippo_w128_seed3 updates 3175/6250 episodes, total num timesteps 10163200/20000000, FPS 9841.

average episode rewards is -113.61112976074219
eval average episode rewards of agent: -112.90077892689463
eval success rate: 0.95

 Scenario simple_spread Algo rmappo Exp reference_20260925T185133Z_2dfd2f_ippo_w128_seed3 updates 3180/6250 episodes, total num timesteps 10179200/20000000, FPS 9840.

average episode rewards is -113.1508560180664

 Scenario simple_spread Algo rmappo Exp reference_20260925T185133Z_2dfd2f_ippo_w128_seed3 updates 3185/6250 episodes, total num timesteps 10195200/20000000, FPS 9841.

average episode rewards is -113.66301727294922

 Scenario simple_spread Algo rmappo Exp reference_20260925T185133Z_2dfd2f_ippo_w128_seed3 updates 3190/6250 episodes, total num timesteps 10211200/20000000, FPS 9841.

average episode rewards is -113.60812377929688

 Scenario simple_spread Algo rmappo Exp reference_20260925T185133Z_2dfd2f_ippo_w128_seed3 updates 3195/6250 episodes, total num timesteps 10227200/20000000, FPS 9841.

average episode rewards is -113.45166015625

 Scenario simple_spread Algo rmappo Exp reference_20260925T185133Z_2dfd2f_ippo_w128_seed3 updates 3200/6250 episodes, total num timesteps 10243200/20000000, FPS 9841.

average episode rewards is -113.41425323486328
eval average episode rewards of agent: -108.204337486875
eval success rate: 1.0

 Scenario simple_spread Algo rmappo Exp reference_20260925T185133Z_2dfd2f_ippo_w128_seed3 updates 3205/6250 episodes, total num timesteps 10259200/20000000, FPS 9842.

average episode rewards is -113.91502380371094

 Scenario simple_spread Algo rmappo Exp reference_20260925T185133Z_2dfd2f_ippo_w128_seed3 updates 3210/6250 episodes, total num timesteps 10275200/20000000, FPS 9840.

average episode rewards is -116.21563720703125

 Scenario simple_spread Algo rmappo Exp reference_20260925T185133Z_2dfd2f_ippo_w128_seed3 updates 3215/6250 episodes, total num timesteps 10291200/20000000, FPS 9841.

average episode rewards is -117.27788543701172

 Scenario simple_spread Algo rmappo Exp reference_20260925T185133Z_2dfd2f_ippo_w128_seed3 updates 3220/6250 episodes, total num timesteps 10307200/20000000, FPS 9841.

average episode rewards is -114.93672180175781

 Scenario simple_spread Algo rmappo Exp reference_20260925T185133Z_2dfd2f_ippo_w128_seed3 updates 3225/6250 episodes, total num timesteps 10323200/20000000, FPS 9841.

average episode rewards is -115.06120300292969
eval average episode rewards of agent: -111.15036074144295
eval success rate: 1.0

 Scenario simple_spread Algo rmappo Exp reference_20260925T185133Z_2dfd2f_ippo_w128_seed3 updates 3230/6250 episodes, total num timesteps 10339200/20000000, FPS 9840.

average episode rewards is -116.98424530029297

 Scenario simple_spread Algo rmappo Exp reference_20260925T185133Z_2dfd2f_ippo_w128_seed3 updates 3235/6250 episodes, total num timesteps 10355200/20000000, FPS 9840.

average episode rewards is -112.43656921386719

 Scenario simple_spread Algo rmappo Exp reference_20260925T185133Z_2dfd2f_ippo_w128_seed3 updates 3240/6250 episodes, total num timesteps 10371200/20000000, FPS 9840.

average episode rewards is -113.15879821777344

 Scenario simple_spread Algo rmappo Exp reference_20260925T185133Z_2dfd2f_ippo_w128_seed3 updates 3245/6250 episodes, total num timesteps 10387200/20000000, FPS 9840.

average episode rewards is -113.73008728027344

 Scenario simple_spread Algo rmappo Exp reference_20260925T185133Z_2dfd2f_ippo_w128_seed3 updates 3250/6250 episodes, total num timesteps 10403200/20000000, FPS 9840.

average episode rewards is -113.22358703613281
eval average episode rewards of agent: -112.25771862778791
eval success rate: 0.9

 Scenario simple_spread Algo rmappo Exp reference_20260925T185133Z_2dfd2f_ippo_w128_seed3 updates 3255/6250 episodes, total num timesteps 10419200/20000000, FPS 9840.

average episode rewards is -113.09420776367188

 Scenario simple_spread Algo rmappo Exp reference_20260925T185133Z_2dfd2f_ippo_w128_seed3 updates 3260/6250 episodes, total num timesteps 10435200/20000000, FPS 9840.

average episode rewards is -114.5217514038086

 Scenario simple_spread Algo rmappo Exp reference_20260925T185133Z_2dfd2f_ippo_w128_seed3 updates 3265/6250 episodes, total num timesteps 10451200/20000000, FPS 9840.

average episode rewards is -112.72964477539062

 Scenario simple_spread Algo rmappo Exp reference_20260925T185133Z_2dfd2f_ippo_w128_seed3 updates 3270/6250 episodes, total num timesteps 10467200/20000000, FPS 9839.

average episode rewards is -115.19300079345703

 Scenario simple_spread Algo rmappo Exp reference_20260925T185133Z_2dfd2f_ippo_w128_seed3 updates 3275/6250 episodes, total num timesteps 10483200/20000000, FPS 9839.

average episode rewards is -114.77983856201172
eval average episode rewards of agent: -109.3462237356704
eval success rate: 0.9

 Scenario simple_spread Algo rmappo Exp reference_20260925T185133Z_2dfd2f_ippo_w128_seed3 updates 3280/6250 episodes, total num timesteps 10499200/20000000, FPS 9839.

average episode rewards is -116.21825408935547

 Scenario simple_spread Algo rmappo Exp reference_20260925T185133Z_2dfd2f_ippo_w128_seed3 updates 3285/6250 episodes, total num timesteps 10515200/20000000, FPS 9839.

average episode rewards is -115.01114654541016

 Scenario simple_spread Algo rmappo Exp reference_20260925T185133Z_2dfd2f_ippo_w128_seed3 updates 3290/6250 episodes, total num timesteps 10531200/20000000, FPS 9839.

average episode rewards is -114.60845184326172

 Scenario simple_spread Algo rmappo Exp reference_20260925T185133Z_2dfd2f_ippo_w128_seed3 updates 3295/6250 episodes, total num timesteps 10547200/20000000, FPS 9839.

average episode rewards is -113.68238067626953

 Scenario simple_spread Algo rmappo Exp reference_20260925T185133Z_2dfd2f_ippo_w128_seed3 updates 3300/6250 episodes, total num timesteps 10563200/20000000, FPS 9839.

average episode rewards is -115.3397445678711
eval average episode rewards of agent: -116.36063489393837
eval success rate: 0.85

 Scenario simple_spread Algo rmappo Exp reference_20260925T185133Z_2dfd2f_ippo_w128_seed3 updates 3305/6250 episodes, total num timesteps 10579200/20000000, FPS 9838.

average episode rewards is -113.65257263183594

 Scenario simple_spread Algo rmappo Exp reference_20260925T185133Z_2dfd2f_ippo_w128_seed3 updates 3310/6250 episodes, total num timesteps 10595200/20000000, FPS 9839.

average episode rewards is -112.73611450195312

 Scenario simple_spread Algo rmappo Exp reference_20260925T185133Z_2dfd2f_ippo_w128_seed3 updates 3315/6250 episodes, total num timesteps 10611200/20000000, FPS 9839.

average episode rewards is -112.00391387939453

 Scenario simple_spread Algo rmappo Exp reference_20260925T185133Z_2dfd2f_ippo_w128_seed3 updates 3320/6250 episodes, total num timesteps 10627200/20000000, FPS 9839.

average episode rewards is -113.28398895263672

 Scenario simple_spread Algo rmappo Exp reference_20260925T185133Z_2dfd2f_ippo_w128_seed3 updates 3325/6250 episodes, total num timesteps 10643200/20000000, FPS 9839.

average episode rewards is -114.58659362792969
eval average episode rewards of agent: -109.53558894107228
eval success rate: 0.95

 Scenario simple_spread Algo rmappo Exp reference_20260925T185133Z_2dfd2f_ippo_w128_seed3 updates 3330/6250 episodes, total num timesteps 10659200/20000000, FPS 9837.

average episode rewards is -114.05463409423828

 Scenario simple_spread Algo rmappo Exp reference_20260925T185133Z_2dfd2f_ippo_w128_seed3 updates 3335/6250 episodes, total num timesteps 10675200/20000000, FPS 9838.

average episode rewards is -114.00662994384766

 Scenario simple_spread Algo rmappo Exp reference_20260925T185133Z_2dfd2f_ippo_w128_seed3 updates 3340/6250 episodes, total num timesteps 10691200/20000000, FPS 9838.

average episode rewards is -115.5512466430664

 Scenario simple_spread Algo rmappo Exp reference_20260925T185133Z_2dfd2f_ippo_w128_seed3 updates 3345/6250 episodes, total num timesteps 10707200/20000000, FPS 9838.

average episode rewards is -114.47134399414062

 Scenario simple_spread Algo rmappo Exp reference_20260925T185133Z_2dfd2f_ippo_w128_seed3 updates 3350/6250 episodes, total num timesteps 10723200/20000000, FPS 9838.

average episode rewards is -112.92146301269531
eval average episode rewards of agent: -109.37175497062653
eval success rate: 0.9

 Scenario simple_spread Algo rmappo Exp reference_20260925T185133Z_2dfd2f_ippo_w128_seed3 updates 3355/6250 episodes, total num timesteps 10739200/20000000, FPS 9838.

average episode rewards is -114.78536224365234

 Scenario simple_spread Algo rmappo Exp reference_20260925T185133Z_2dfd2f_ippo_w128_seed3 updates 3360/6250 episodes, total num timesteps 10755200/20000000, FPS 9838.

average episode rewards is -112.56985473632812

 Scenario simple_spread Algo rmappo Exp reference_20260925T185133Z_2dfd2f_ippo_w128_seed3 updates 3365/6250 episodes, total num timesteps 10771200/20000000, FPS 9838.

average episode rewards is -115.47232818603516

 Scenario simple_spread Algo rmappo Exp reference_20260925T185133Z_2dfd2f_ippo_w128_seed3 updates 3370/6250 episodes, total num timesteps 10787200/20000000, FPS 9839.

average episode rewards is -114.18162536621094

 Scenario simple_spread Algo rmappo Exp reference_20260925T185133Z_2dfd2f_ippo_w128_seed3 updates 3375/6250 episodes, total num timesteps 10803200/20000000, FPS 9839.

average episode rewards is -114.28372955322266
eval average episode rewards of agent: -122.60777928167082
eval success rate: 0.85

 Scenario simple_spread Algo rmappo Exp reference_20260925T185133Z_2dfd2f_ippo_w128_seed3 updates 3380/6250 episodes, total num timesteps 10819200/20000000, FPS 9839.

average episode rewards is -114.1621322631836

 Scenario simple_spread Algo rmappo Exp reference_20260925T185133Z_2dfd2f_ippo_w128_seed3 updates 3385/6250 episodes, total num timesteps 10835200/20000000, FPS 9839.

average episode rewards is -113.8626708984375

 Scenario simple_spread Algo rmappo Exp reference_20260925T185133Z_2dfd2f_ippo_w128_seed3 updates 3390/6250 episodes, total num timesteps 10851200/20000000, FPS 9838.

average episode rewards is -113.22614288330078

 Scenario simple_spread Algo rmappo Exp reference_20260925T185133Z_2dfd2f_ippo_w128_seed3 updates 3395/6250 episodes, total num timesteps 10867200/20000000, FPS 9838.

average episode rewards is -114.16602325439453

 Scenario simple_spread Algo rmappo Exp reference_20260925T185133Z_2dfd2f_ippo_w128_seed3 updates 3400/6250 episodes, total num timesteps 10883200/20000000, FPS 9839.

average episode rewards is -114.10262298583984
eval average episode rewards of agent: -114.0926002186271
eval success rate: 0.95

 Scenario simple_spread Algo rmappo Exp reference_20260925T185133Z_2dfd2f_ippo_w128_seed3 updates 3405/6250 episodes, total num timesteps 10899200/20000000, FPS 9838.

average episode rewards is -112.25762176513672

 Scenario simple_spread Algo rmappo Exp reference_20260925T185133Z_2dfd2f_ippo_w128_seed3 updates 3410/6250 episodes, total num timesteps 10915200/20000000, FPS 9838.

average episode rewards is -114.14271545410156

 Scenario simple_spread Algo rmappo Exp reference_20260925T185133Z_2dfd2f_ippo_w128_seed3 updates 3415/6250 episodes, total num timesteps 10931200/20000000, FPS 9839.

average episode rewards is -114.40790557861328

 Scenario simple_spread Algo rmappo Exp reference_20260925T185133Z_2dfd2f_ippo_w128_seed3 updates 3420/6250 episodes, total num timesteps 10947200/20000000, FPS 9839.

average episode rewards is -115.17398071289062

 Scenario simple_spread Algo rmappo Exp reference_20260925T185133Z_2dfd2f_ippo_w128_seed3 updates 3425/6250 episodes, total num timesteps 10963200/20000000, FPS 9839.

average episode rewards is -113.51966857910156
eval average episode rewards of agent: -110.65067695683855
eval success rate: 0.95

 Scenario simple_spread Algo rmappo Exp reference_20260925T185133Z_2dfd2f_ippo_w128_seed3 updates 3430/6250 episodes, total num timesteps 10979200/20000000, FPS 9839.

average episode rewards is -113.65589904785156

 Scenario simple_spread Algo rmappo Exp reference_20260925T185133Z_2dfd2f_ippo_w128_seed3 updates 3435/6250 episodes, total num timesteps 10995200/20000000, FPS 9839.

average episode rewards is -114.92894744873047

 Scenario simple_spread Algo rmappo Exp reference_20260925T185133Z_2dfd2f_ippo_w128_seed3 updates 3440/6250 episodes, total num timesteps 11011200/20000000, FPS 9839.

average episode rewards is -112.7085952758789

 Scenario simple_spread Algo rmappo Exp reference_20260925T185133Z_2dfd2f_ippo_w128_seed3 updates 3445/6250 episodes, total num timesteps 11027200/20000000, FPS 9839.

average episode rewards is -110.74114990234375

 Scenario simple_spread Algo rmappo Exp reference_20260925T185133Z_2dfd2f_ippo_w128_seed3 updates 3450/6250 episodes, total num timesteps 11043200/20000000, FPS 9838.

average episode rewards is -114.3433837890625
eval average episode rewards of agent: -108.74474442653344
eval success rate: 1.0

 Scenario simple_spread Algo rmappo Exp reference_20260925T185133Z_2dfd2f_ippo_w128_seed3 updates 3455/6250 episodes, total num timesteps 11059200/20000000, FPS 9838.

average episode rewards is -116.81698608398438

 Scenario simple_spread Algo rmappo Exp reference_20260925T185133Z_2dfd2f_ippo_w128_seed3 updates 3460/6250 episodes, total num timesteps 11075200/20000000, FPS 9838.

average episode rewards is -116.11431884765625

 Scenario simple_spread Algo rmappo Exp reference_20260925T185133Z_2dfd2f_ippo_w128_seed3 updates 3465/6250 episodes, total num timesteps 11091200/20000000, FPS 9838.

average episode rewards is -115.93656921386719

 Scenario simple_spread Algo rmappo Exp reference_20260925T185133Z_2dfd2f_ippo_w128_seed3 updates 3470/6250 episodes, total num timesteps 11107200/20000000, FPS 9838.

average episode rewards is -115.10850524902344

 Scenario simple_spread Algo rmappo Exp reference_20260925T185133Z_2dfd2f_ippo_w128_seed3 updates 3475/6250 episodes, total num timesteps 11123200/20000000, FPS 9838.

average episode rewards is -115.23314666748047
eval average episode rewards of agent: -113.5809478975021
eval success rate: 0.8

 Scenario simple_spread Algo rmappo Exp reference_20260925T185133Z_2dfd2f_ippo_w128_seed3 updates 3480/6250 episodes, total num timesteps 11139200/20000000, FPS 9838.

average episode rewards is -113.73597717285156

 Scenario simple_spread Algo rmappo Exp reference_20260925T185133Z_2dfd2f_ippo_w128_seed3 updates 3485/6250 episodes, total num timesteps 11155200/20000000, FPS 9838.

average episode rewards is -114.13105773925781

 Scenario simple_spread Algo rmappo Exp reference_20260925T185133Z_2dfd2f_ippo_w128_seed3 updates 3490/6250 episodes, total num timesteps 11171200/20000000, FPS 9838.

average episode rewards is -113.35411071777344

 Scenario simple_spread Algo rmappo Exp reference_20260925T185133Z_2dfd2f_ippo_w128_seed3 updates 3495/6250 episodes, total num timesteps 11187200/20000000, FPS 9838.

average episode rewards is -114.17210388183594

 Scenario simple_spread Algo rmappo Exp reference_20260925T185133Z_2dfd2f_ippo_w128_seed3 updates 3500/6250 episodes, total num timesteps 11203200/20000000, FPS 9838.

average episode rewards is -113.10304260253906
eval average episode rewards of agent: -110.9577371623338
eval success rate: 0.9

 Scenario simple_spread Algo rmappo Exp reference_20260925T185133Z_2dfd2f_ippo_w128_seed3 updates 3505/6250 episodes, total num timesteps 11219200/20000000, FPS 9838.

average episode rewards is -111.32157135009766

 Scenario simple_spread Algo rmappo Exp reference_20260925T185133Z_2dfd2f_ippo_w128_seed3 updates 3510/6250 episodes, total num timesteps 11235200/20000000, FPS 9837.

average episode rewards is -112.46590423583984

 Scenario simple_spread Algo rmappo Exp reference_20260925T185133Z_2dfd2f_ippo_w128_seed3 updates 3515/6250 episodes, total num timesteps 11251200/20000000, FPS 9837.

average episode rewards is -115.72406005859375

 Scenario simple_spread Algo rmappo Exp reference_20260925T185133Z_2dfd2f_ippo_w128_seed3 updates 3520/6250 episodes, total num timesteps 11267200/20000000, FPS 9838.

average episode rewards is -116.2332763671875

 Scenario simple_spread Algo rmappo Exp reference_20260925T185133Z_2dfd2f_ippo_w128_seed3 updates 3525/6250 episodes, total num timesteps 11283200/20000000, FPS 9838.

average episode rewards is -116.66675567626953
eval average episode rewards of agent: -117.5046428493331
eval success rate: 0.95

 Scenario simple_spread Algo rmappo Exp reference_20260925T185133Z_2dfd2f_ippo_w128_seed3 updates 3530/6250 episodes, total num timesteps 11299200/20000000, FPS 9838.

average episode rewards is -115.07481384277344

 Scenario simple_spread Algo rmappo Exp reference_20260925T185133Z_2dfd2f_ippo_w128_seed3 updates 3535/6250 episodes, total num timesteps 11315200/20000000, FPS 9838.

average episode rewards is -113.88749694824219

 Scenario simple_spread Algo rmappo Exp reference_20260925T185133Z_2dfd2f_ippo_w128_seed3 updates 3540/6250 episodes, total num timesteps 11331200/20000000, FPS 9838.

average episode rewards is -115.48980712890625

 Scenario simple_spread Algo rmappo Exp reference_20260925T185133Z_2dfd2f_ippo_w128_seed3 updates 3545/6250 episodes, total num timesteps 11347200/20000000, FPS 9838.

average episode rewards is -113.65240478515625

 Scenario simple_spread Algo rmappo Exp reference_20260925T185133Z_2dfd2f_ippo_w128_seed3 updates 3550/6250 episodes, total num timesteps 11363200/20000000, FPS 9839.

average episode rewards is -115.1922607421875
eval average episode rewards of agent: -111.7915733292661
eval success rate: 0.95

 Scenario simple_spread Algo rmappo Exp reference_20260925T185133Z_2dfd2f_ippo_w128_seed3 updates 3555/6250 episodes, total num timesteps 11379200/20000000, FPS 9838.

average episode rewards is -114.89141082763672

 Scenario simple_spread Algo rmappo Exp reference_20260925T185133Z_2dfd2f_ippo_w128_seed3 updates 3560/6250 episodes, total num timesteps 11395200/20000000, FPS 9838.

average episode rewards is -114.26131439208984

 Scenario simple_spread Algo rmappo Exp reference_20260925T185133Z_2dfd2f_ippo_w128_seed3 updates 3565/6250 episodes, total num timesteps 11411200/20000000, FPS 9838.

average episode rewards is -112.77781677246094

 Scenario simple_spread Algo rmappo Exp reference_20260925T185133Z_2dfd2f_ippo_w128_seed3 updates 3570/6250 episodes, total num timesteps 11427200/20000000, FPS 9837.

average episode rewards is -116.09306335449219

 Scenario simple_spread Algo rmappo Exp reference_20260925T185133Z_2dfd2f_ippo_w128_seed3 updates 3575/6250 episodes, total num timesteps 11443200/20000000, FPS 9837.

average episode rewards is -114.73094177246094
eval average episode rewards of agent: -112.5445929654866
eval success rate: 0.9

 Scenario simple_spread Algo rmappo Exp reference_20260925T185133Z_2dfd2f_ippo_w128_seed3 updates 3580/6250 episodes, total num timesteps 11459200/20000000, FPS 9837.

average episode rewards is -112.15892791748047

 Scenario simple_spread Algo rmappo Exp reference_20260925T185133Z_2dfd2f_ippo_w128_seed3 updates 3585/6250 episodes, total num timesteps 11475200/20000000, FPS 9837.

average episode rewards is -116.21038055419922

 Scenario simple_spread Algo rmappo Exp reference_20260925T185133Z_2dfd2f_ippo_w128_seed3 updates 3590/6250 episodes, total num timesteps 11491200/20000000, FPS 9837.

average episode rewards is -110.56410217285156

 Scenario simple_spread Algo rmappo Exp reference_20260925T185133Z_2dfd2f_ippo_w128_seed3 updates 3595/6250 episodes, total num timesteps 11507200/20000000, FPS 9838.

average episode rewards is -113.99495697021484

 Scenario simple_spread Algo rmappo Exp reference_20260925T185133Z_2dfd2f_ippo_w128_seed3 updates 3600/6250 episodes, total num timesteps 11523200/20000000, FPS 9838.

average episode rewards is -114.13749694824219
eval average episode rewards of agent: -113.62671329843768
eval success rate: 0.9

 Scenario simple_spread Algo rmappo Exp reference_20260925T185133Z_2dfd2f_ippo_w128_seed3 updates 3605/6250 episodes, total num timesteps 11539200/20000000, FPS 9838.

average episode rewards is -113.02510833740234

 Scenario simple_spread Algo rmappo Exp reference_20260925T185133Z_2dfd2f_ippo_w128_seed3 updates 3610/6250 episodes, total num timesteps 11555200/20000000, FPS 9838.

average episode rewards is -112.51568603515625

 Scenario simple_spread Algo rmappo Exp reference_20260925T185133Z_2dfd2f_ippo_w128_seed3 updates 3615/6250 episodes, total num timesteps 11571200/20000000, FPS 9838.

average episode rewards is -116.09202575683594

 Scenario simple_spread Algo rmappo Exp reference_20260925T185133Z_2dfd2f_ippo_w128_seed3 updates 3620/6250 episodes, total num timesteps 11587200/20000000, FPS 9838.

average episode rewards is -113.88785552978516

 Scenario simple_spread Algo rmappo Exp reference_20260925T185133Z_2dfd2f_ippo_w128_seed3 updates 3625/6250 episodes, total num timesteps 11603200/20000000, FPS 9838.

average episode rewards is -112.81810760498047
eval average episode rewards of agent: -109.30187681954484
eval success rate: 0.95

 Scenario simple_spread Algo rmappo Exp reference_20260925T185133Z_2dfd2f_ippo_w128_seed3 updates 3630/6250 episodes, total num timesteps 11619200/20000000, FPS 9837.

average episode rewards is -113.74690246582031

 Scenario simple_spread Algo rmappo Exp reference_20260925T185133Z_2dfd2f_ippo_w128_seed3 updates 3635/6250 episodes, total num timesteps 11635200/20000000, FPS 9837.

average episode rewards is -113.55268096923828

 Scenario simple_spread Algo rmappo Exp reference_20260925T185133Z_2dfd2f_ippo_w128_seed3 updates 3640/6250 episodes, total num timesteps 11651200/20000000, FPS 9838.

average episode rewards is -112.7054214477539

 Scenario simple_spread Algo rmappo Exp reference_20260925T185133Z_2dfd2f_ippo_w128_seed3 updates 3645/6250 episodes, total num timesteps 11667200/20000000, FPS 9838.

average episode rewards is -112.97327423095703

 Scenario simple_spread Algo rmappo Exp reference_20260925T185133Z_2dfd2f_ippo_w128_seed3 updates 3650/6250 episodes, total num timesteps 11683200/20000000, FPS 9838.

average episode rewards is -112.60761260986328
eval average episode rewards of agent: -115.96124248691976
eval success rate: 0.9

 Scenario simple_spread Algo rmappo Exp reference_20260925T185133Z_2dfd2f_ippo_w128_seed3 updates 3655/6250 episodes, total num timesteps 11699200/20000000, FPS 9838.

average episode rewards is -113.35265350341797

 Scenario simple_spread Algo rmappo Exp reference_20260925T185133Z_2dfd2f_ippo_w128_seed3 updates 3660/6250 episodes, total num timesteps 11715200/20000000, FPS 9838.

average episode rewards is -113.49698638916016

 Scenario simple_spread Algo rmappo Exp reference_20260925T185133Z_2dfd2f_ippo_w128_seed3 updates 3665/6250 episodes, total num timesteps 11731200/20000000, FPS 9838.

average episode rewards is -114.52053833007812

 Scenario simple_spread Algo rmappo Exp reference_20260925T185133Z_2dfd2f_ippo_w128_seed3 updates 3670/6250 episodes, total num timesteps 11747200/20000000, FPS 9838.

average episode rewards is -114.5751724243164

 Scenario simple_spread Algo rmappo Exp reference_20260925T185133Z_2dfd2f_ippo_w128_seed3 updates 3675/6250 episodes, total num timesteps 11763200/20000000, FPS 9838.

average episode rewards is -113.9659194946289
eval average episode rewards of agent: -107.92012529113524
eval success rate: 0.95

 Scenario simple_spread Algo rmappo Exp reference_20260925T185133Z_2dfd2f_ippo_w128_seed3 updates 3680/6250 episodes, total num timesteps 11779200/20000000, FPS 9838.

average episode rewards is -111.04810333251953

 Scenario simple_spread Algo rmappo Exp reference_20260925T185133Z_2dfd2f_ippo_w128_seed3 updates 3685/6250 episodes, total num timesteps 11795200/20000000, FPS 9838.

average episode rewards is -113.84146118164062

 Scenario simple_spread Algo rmappo Exp reference_20260925T185133Z_2dfd2f_ippo_w128_seed3 updates 3690/6250 episodes, total num timesteps 11811200/20000000, FPS 9837.

average episode rewards is -115.49366760253906

 Scenario simple_spread Algo rmappo Exp reference_20260925T185133Z_2dfd2f_ippo_w128_seed3 updates 3695/6250 episodes, total num timesteps 11827200/20000000, FPS 9837.

average episode rewards is -115.09242248535156

 Scenario simple_spread Algo rmappo Exp reference_20260925T185133Z_2dfd2f_ippo_w128_seed3 updates 3700/6250 episodes, total num timesteps 11843200/20000000, FPS 9838.

average episode rewards is -112.1363754272461
eval average episode rewards of agent: -114.74097669100651
eval success rate: 1.0

 Scenario simple_spread Algo rmappo Exp reference_20260925T185133Z_2dfd2f_ippo_w128_seed3 updates 3705/6250 episodes, total num timesteps 11859200/20000000, FPS 9837.

average episode rewards is -115.64977264404297

 Scenario simple_spread Algo rmappo Exp reference_20260925T185133Z_2dfd2f_ippo_w128_seed3 updates 3710/6250 episodes, total num timesteps 11875200/20000000, FPS 9837.

average episode rewards is -113.99891662597656

 Scenario simple_spread Algo rmappo Exp reference_20260925T185133Z_2dfd2f_ippo_w128_seed3 updates 3715/6250 episodes, total num timesteps 11891200/20000000, FPS 9838.

average episode rewards is -113.61442565917969

 Scenario simple_spread Algo rmappo Exp reference_20260925T185133Z_2dfd2f_ippo_w128_seed3 updates 3720/6250 episodes, total num timesteps 11907200/20000000, FPS 9838.

average episode rewards is -113.6225814819336

 Scenario simple_spread Algo rmappo Exp reference_20260925T185133Z_2dfd2f_ippo_w128_seed3 updates 3725/6250 episodes, total num timesteps 11923200/20000000, FPS 9838.

average episode rewards is -113.74075317382812
eval average episode rewards of agent: -108.77110038301188
eval success rate: 1.0

 Scenario simple_spread Algo rmappo Exp reference_20260925T185133Z_2dfd2f_ippo_w128_seed3 updates 3730/6250 episodes, total num timesteps 11939200/20000000, FPS 9838.

average episode rewards is -114.58598327636719

 Scenario simple_spread Algo rmappo Exp reference_20260925T185133Z_2dfd2f_ippo_w128_seed3 updates 3735/6250 episodes, total num timesteps 11955200/20000000, FPS 9838.

average episode rewards is -113.18787384033203

 Scenario simple_spread Algo rmappo Exp reference_20260925T185133Z_2dfd2f_ippo_w128_seed3 updates 3740/6250 episodes, total num timesteps 11971200/20000000, FPS 9838.

average episode rewards is -113.17412567138672

 Scenario simple_spread Algo rmappo Exp reference_20260925T185133Z_2dfd2f_ippo_w128_seed3 updates 3745/6250 episodes, total num timesteps 11987200/20000000, FPS 9838.

average episode rewards is -113.27471923828125

 Scenario simple_spread Algo rmappo Exp reference_20260925T185133Z_2dfd2f_ippo_w128_seed3 updates 3750/6250 episodes, total num timesteps 12003200/20000000, FPS 9837.

average episode rewards is -114.82950592041016
eval average episode rewards of agent: -107.55122867552288
eval success rate: 0.95

 Scenario simple_spread Algo rmappo Exp reference_20260925T185133Z_2dfd2f_ippo_w128_seed3 updates 3755/6250 episodes, total num timesteps 12019200/20000000, FPS 9837.

average episode rewards is -112.68292999267578

 Scenario simple_spread Algo rmappo Exp reference_20260925T185133Z_2dfd2f_ippo_w128_seed3 updates 3760/6250 episodes, total num timesteps 12035200/20000000, FPS 9837.

average episode rewards is -112.43678283691406

 Scenario simple_spread Algo rmappo Exp reference_20260925T185133Z_2dfd2f_ippo_w128_seed3 updates 3765/6250 episodes, total num timesteps 12051200/20000000, FPS 9837.

average episode rewards is -114.78311157226562

 Scenario simple_spread Algo rmappo Exp reference_20260925T185133Z_2dfd2f_ippo_w128_seed3 updates 3770/6250 episodes, total num timesteps 12067200/20000000, FPS 9837.

average episode rewards is -113.67024230957031

 Scenario simple_spread Algo rmappo Exp reference_20260925T185133Z_2dfd2f_ippo_w128_seed3 updates 3775/6250 episodes, total num timesteps 12083200/20000000, FPS 9837.

average episode rewards is -113.8569107055664
eval average episode rewards of agent: -118.33833005078547
eval success rate: 0.95

 Scenario simple_spread Algo rmappo Exp reference_20260925T185133Z_2dfd2f_ippo_w128_seed3 updates 3780/6250 episodes, total num timesteps 12099200/20000000, FPS 9837.

average episode rewards is -113.87297821044922

 Scenario simple_spread Algo rmappo Exp reference_20260925T185133Z_2dfd2f_ippo_w128_seed3 updates 3785/6250 episodes, total num timesteps 12115200/20000000, FPS 9836.

average episode rewards is -113.49815368652344

 Scenario simple_spread Algo rmappo Exp reference_20260925T185133Z_2dfd2f_ippo_w128_seed3 updates 3790/6250 episodes, total num timesteps 12131200/20000000, FPS 9837.

average episode rewards is -112.3998031616211

 Scenario simple_spread Algo rmappo Exp reference_20260925T185133Z_2dfd2f_ippo_w128_seed3 updates 3795/6250 episodes, total num timesteps 12147200/20000000, FPS 9837.

average episode rewards is -113.35398864746094

 Scenario simple_spread Algo rmappo Exp reference_20260925T185133Z_2dfd2f_ippo_w128_seed3 updates 3800/6250 episodes, total num timesteps 12163200/20000000, FPS 9837.

average episode rewards is -114.948974609375
eval average episode rewards of agent: -111.06556646636793
eval success rate: 0.95

 Scenario simple_spread Algo rmappo Exp reference_20260925T185133Z_2dfd2f_ippo_w128_seed3 updates 3805/6250 episodes, total num timesteps 12179200/20000000, FPS 9836.

average episode rewards is -114.76749420166016

 Scenario simple_spread Algo rmappo Exp reference_20260925T185133Z_2dfd2f_ippo_w128_seed3 updates 3810/6250 episodes, total num timesteps 12195200/20000000, FPS 9835.

average episode rewards is -113.85125732421875

 Scenario simple_spread Algo rmappo Exp reference_20260925T185133Z_2dfd2f_ippo_w128_seed3 updates 3815/6250 episodes, total num timesteps 12211200/20000000, FPS 9836.

average episode rewards is -111.93407440185547

 Scenario simple_spread Algo rmappo Exp reference_20260925T185133Z_2dfd2f_ippo_w128_seed3 updates 3820/6250 episodes, total num timesteps 12227200/20000000, FPS 9836.

average episode rewards is -114.94100189208984

 Scenario simple_spread Algo rmappo Exp reference_20260925T185133Z_2dfd2f_ippo_w128_seed3 updates 3825/6250 episodes, total num timesteps 12243200/20000000, FPS 9836.

average episode rewards is -114.88847351074219
eval average episode rewards of agent: -112.09323828708462
eval success rate: 0.95

 Scenario simple_spread Algo rmappo Exp reference_20260925T185133Z_2dfd2f_ippo_w128_seed3 updates 3830/6250 episodes, total num timesteps 12259200/20000000, FPS 9835.

average episode rewards is -115.85623168945312

 Scenario simple_spread Algo rmappo Exp reference_20260925T185133Z_2dfd2f_ippo_w128_seed3 updates 3835/6250 episodes, total num timesteps 12275200/20000000, FPS 9836.

average episode rewards is -114.1047592163086

 Scenario simple_spread Algo rmappo Exp reference_20260925T185133Z_2dfd2f_ippo_w128_seed3 updates 3840/6250 episodes, total num timesteps 12291200/20000000, FPS 9836.

average episode rewards is -113.19825744628906

 Scenario simple_spread Algo rmappo Exp reference_20260925T185133Z_2dfd2f_ippo_w128_seed3 updates 3845/6250 episodes, total num timesteps 12307200/20000000, FPS 9836.

average episode rewards is -114.2263412475586

 Scenario simple_spread Algo rmappo Exp reference_20260925T185133Z_2dfd2f_ippo_w128_seed3 updates 3850/6250 episodes, total num timesteps 12323200/20000000, FPS 9836.

average episode rewards is -115.1320571899414
eval average episode rewards of agent: -110.61399638327478
eval success rate: 0.95

 Scenario simple_spread Algo rmappo Exp reference_20260925T185133Z_2dfd2f_ippo_w128_seed3 updates 3855/6250 episodes, total num timesteps 12339200/20000000, FPS 9836.

average episode rewards is -111.8615951538086

 Scenario simple_spread Algo rmappo Exp reference_20260925T185133Z_2dfd2f_ippo_w128_seed3 updates 3860/6250 episodes, total num timesteps 12355200/20000000, FPS 9836.

average episode rewards is -113.9529800415039

 Scenario simple_spread Algo rmappo Exp reference_20260925T185133Z_2dfd2f_ippo_w128_seed3 updates 3865/6250 episodes, total num timesteps 12371200/20000000, FPS 9836.

average episode rewards is -113.2274398803711

 Scenario simple_spread Algo rmappo Exp reference_20260925T185133Z_2dfd2f_ippo_w128_seed3 updates 3870/6250 episodes, total num timesteps 12387200/20000000, FPS 9835.

average episode rewards is -115.07101440429688

 Scenario simple_spread Algo rmappo Exp reference_20260925T185133Z_2dfd2f_ippo_w128_seed3 updates 3875/6250 episodes, total num timesteps 12403200/20000000, FPS 9835.

average episode rewards is -113.53253173828125
eval average episode rewards of agent: -108.79271214910638
eval success rate: 0.95

 Scenario simple_spread Algo rmappo Exp reference_20260925T185133Z_2dfd2f_ippo_w128_seed3 updates 3880/6250 episodes, total num timesteps 12419200/20000000, FPS 9835.

average episode rewards is -112.63909149169922

 Scenario simple_spread Algo rmappo Exp reference_20260925T185133Z_2dfd2f_ippo_w128_seed3 updates 3885/6250 episodes, total num timesteps 12435200/20000000, FPS 9835.

average episode rewards is -115.89261627197266

 Scenario simple_spread Algo rmappo Exp reference_20260925T185133Z_2dfd2f_ippo_w128_seed3 updates 3890/6250 episodes, total num timesteps 12451200/20000000, FPS 9835.

average episode rewards is -111.97718048095703

 Scenario simple_spread Algo rmappo Exp reference_20260925T185133Z_2dfd2f_ippo_w128_seed3 updates 3895/6250 episodes, total num timesteps 12467200/20000000, FPS 9835.

average episode rewards is -115.2563705444336

 Scenario simple_spread Algo rmappo Exp reference_20260925T185133Z_2dfd2f_ippo_w128_seed3 updates 3900/6250 episodes, total num timesteps 12483200/20000000, FPS 9835.

average episode rewards is -112.7984390258789
eval average episode rewards of agent: -111.82726006562626
eval success rate: 0.95

 Scenario simple_spread Algo rmappo Exp reference_20260925T185133Z_2dfd2f_ippo_w128_seed3 updates 3905/6250 episodes, total num timesteps 12499200/20000000, FPS 9835.

average episode rewards is -113.309814453125

 Scenario simple_spread Algo rmappo Exp reference_20260925T185133Z_2dfd2f_ippo_w128_seed3 updates 3910/6250 episodes, total num timesteps 12515200/20000000, FPS 9835.

average episode rewards is -111.73619079589844

 Scenario simple_spread Algo rmappo Exp reference_20260925T185133Z_2dfd2f_ippo_w128_seed3 updates 3915/6250 episodes, total num timesteps 12531200/20000000, FPS 9835.

average episode rewards is -113.89810943603516

 Scenario simple_spread Algo rmappo Exp reference_20260925T185133Z_2dfd2f_ippo_w128_seed3 updates 3920/6250 episodes, total num timesteps 12547200/20000000, FPS 9835.

average episode rewards is -111.28044128417969

 Scenario simple_spread Algo rmappo Exp reference_20260925T185133Z_2dfd2f_ippo_w128_seed3 updates 3925/6250 episodes, total num timesteps 12563200/20000000, FPS 9835.

average episode rewards is -114.36956787109375
eval average episode rewards of agent: -112.07006120415333
eval success rate: 0.85

 Scenario simple_spread Algo rmappo Exp reference_20260925T185133Z_2dfd2f_ippo_w128_seed3 updates 3930/6250 episodes, total num timesteps 12579200/20000000, FPS 9834.

average episode rewards is -114.349365234375

 Scenario simple_spread Algo rmappo Exp reference_20260925T185133Z_2dfd2f_ippo_w128_seed3 updates 3935/6250 episodes, total num timesteps 12595200/20000000, FPS 9834.

average episode rewards is -113.10539245605469

 Scenario simple_spread Algo rmappo Exp reference_20260925T185133Z_2dfd2f_ippo_w128_seed3 updates 3940/6250 episodes, total num timesteps 12611200/20000000, FPS 9834.

average episode rewards is -112.24115753173828

 Scenario simple_spread Algo rmappo Exp reference_20260925T185133Z_2dfd2f_ippo_w128_seed3 updates 3945/6250 episodes, total num timesteps 12627200/20000000, FPS 9834.

average episode rewards is -114.45683288574219

 Scenario simple_spread Algo rmappo Exp reference_20260925T185133Z_2dfd2f_ippo_w128_seed3 updates 3950/6250 episodes, total num timesteps 12643200/20000000, FPS 9834.

average episode rewards is -114.27699279785156
eval average episode rewards of agent: -117.82908826453895
eval success rate: 0.9

 Scenario simple_spread Algo rmappo Exp reference_20260925T185133Z_2dfd2f_ippo_w128_seed3 updates 3955/6250 episodes, total num timesteps 12659200/20000000, FPS 9834.

average episode rewards is -114.03752899169922

 Scenario simple_spread Algo rmappo Exp reference_20260925T185133Z_2dfd2f_ippo_w128_seed3 updates 3960/6250 episodes, total num timesteps 12675200/20000000, FPS 9834.

average episode rewards is -115.73863220214844

 Scenario simple_spread Algo rmappo Exp reference_20260925T185133Z_2dfd2f_ippo_w128_seed3 updates 3965/6250 episodes, total num timesteps 12691200/20000000, FPS 9834.

average episode rewards is -113.85163116455078

 Scenario simple_spread Algo rmappo Exp reference_20260925T185133Z_2dfd2f_ippo_w128_seed3 updates 3970/6250 episodes, total num timesteps 12707200/20000000, FPS 9834.

average episode rewards is -114.52064514160156

 Scenario simple_spread Algo rmappo Exp reference_20260925T185133Z_2dfd2f_ippo_w128_seed3 updates 3975/6250 episodes, total num timesteps 12723200/20000000, FPS 9834.

average episode rewards is -112.9959716796875
eval average episode rewards of agent: -115.8689745986094
eval success rate: 0.85

 Scenario simple_spread Algo rmappo Exp reference_20260925T185133Z_2dfd2f_ippo_w128_seed3 updates 3980/6250 episodes, total num timesteps 12739200/20000000, FPS 9834.

average episode rewards is -113.66488647460938

 Scenario simple_spread Algo rmappo Exp reference_20260925T185133Z_2dfd2f_ippo_w128_seed3 updates 3985/6250 episodes, total num timesteps 12755200/20000000, FPS 9834.

average episode rewards is -112.98916625976562

 Scenario simple_spread Algo rmappo Exp reference_20260925T185133Z_2dfd2f_ippo_w128_seed3 updates 3990/6250 episodes, total num timesteps 12771200/20000000, FPS 9833.

average episode rewards is -113.48255920410156

 Scenario simple_spread Algo rmappo Exp reference_20260925T185133Z_2dfd2f_ippo_w128_seed3 updates 3995/6250 episodes, total num timesteps 12787200/20000000, FPS 9833.

average episode rewards is -113.92428588867188

 Scenario simple_spread Algo rmappo Exp reference_20260925T185133Z_2dfd2f_ippo_w128_seed3 updates 4000/6250 episodes, total num timesteps 12803200/20000000, FPS 9834.

average episode rewards is -112.97164154052734
eval average episode rewards of agent: -114.67317346287602
eval success rate: 0.95

 Scenario simple_spread Algo rmappo Exp reference_20260925T185133Z_2dfd2f_ippo_w128_seed3 updates 4005/6250 episodes, total num timesteps 12819200/20000000, FPS 9833.

average episode rewards is -111.2599105834961

 Scenario simple_spread Algo rmappo Exp reference_20260925T185133Z_2dfd2f_ippo_w128_seed3 updates 4010/6250 episodes, total num timesteps 12835200/20000000, FPS 9833.

average episode rewards is -111.28907012939453

 Scenario simple_spread Algo rmappo Exp reference_20260925T185133Z_2dfd2f_ippo_w128_seed3 updates 4015/6250 episodes, total num timesteps 12851200/20000000, FPS 9834.

average episode rewards is -113.7959213256836

 Scenario simple_spread Algo rmappo Exp reference_20260925T185133Z_2dfd2f_ippo_w128_seed3 updates 4020/6250 episodes, total num timesteps 12867200/20000000, FPS 9834.

average episode rewards is -114.27792358398438

 Scenario simple_spread Algo rmappo Exp reference_20260925T185133Z_2dfd2f_ippo_w128_seed3 updates 4025/6250 episodes, total num timesteps 12883200/20000000, FPS 9834.

average episode rewards is -113.4364242553711
eval average episode rewards of agent: -112.58699881644573
eval success rate: 0.9

 Scenario simple_spread Algo rmappo Exp reference_20260925T185133Z_2dfd2f_ippo_w128_seed3 updates 4030/6250 episodes, total num timesteps 12899200/20000000, FPS 9834.

average episode rewards is -115.86447143554688

 Scenario simple_spread Algo rmappo Exp reference_20260925T185133Z_2dfd2f_ippo_w128_seed3 updates 4035/6250 episodes, total num timesteps 12915200/20000000, FPS 9834.

average episode rewards is -112.12950134277344

 Scenario simple_spread Algo rmappo Exp reference_20260925T185133Z_2dfd2f_ippo_w128_seed3 updates 4040/6250 episodes, total num timesteps 12931200/20000000, FPS 9834.

average episode rewards is -113.75306701660156

 Scenario simple_spread Algo rmappo Exp reference_20260925T185133Z_2dfd2f_ippo_w128_seed3 updates 4045/6250 episodes, total num timesteps 12947200/20000000, FPS 9834.

average episode rewards is -110.2983627319336

 Scenario simple_spread Algo rmappo Exp reference_20260925T185133Z_2dfd2f_ippo_w128_seed3 updates 4050/6250 episodes, total num timesteps 12963200/20000000, FPS 9834.

average episode rewards is -116.363525390625
eval average episode rewards of agent: -114.88830161128907
eval success rate: 0.9

 Scenario simple_spread Algo rmappo Exp reference_20260925T185133Z_2dfd2f_ippo_w128_seed3 updates 4055/6250 episodes, total num timesteps 12979200/20000000, FPS 9833.

average episode rewards is -113.16938781738281

 Scenario simple_spread Algo rmappo Exp reference_20260925T185133Z_2dfd2f_ippo_w128_seed3 updates 4060/6250 episodes, total num timesteps 12995200/20000000, FPS 9834.

average episode rewards is -114.40717315673828

 Scenario simple_spread Algo rmappo Exp reference_20260925T185133Z_2dfd2f_ippo_w128_seed3 updates 4065/6250 episodes, total num timesteps 13011200/20000000, FPS 9834.

average episode rewards is -115.52176666259766

 Scenario simple_spread Algo rmappo Exp reference_20260925T185133Z_2dfd2f_ippo_w128_seed3 updates 4070/6250 episodes, total num timesteps 13027200/20000000, FPS 9834.

average episode rewards is -113.2573471069336

 Scenario simple_spread Algo rmappo Exp reference_20260925T185133Z_2dfd2f_ippo_w128_seed3 updates 4075/6250 episodes, total num timesteps 13043200/20000000, FPS 9834.

average episode rewards is -114.2145004272461
eval average episode rewards of agent: -109.43278153721415
eval success rate: 0.95

 Scenario simple_spread Algo rmappo Exp reference_20260925T185133Z_2dfd2f_ippo_w128_seed3 updates 4080/6250 episodes, total num timesteps 13059200/20000000, FPS 9834.

average episode rewards is -115.17937469482422

 Scenario simple_spread Algo rmappo Exp reference_20260925T185133Z_2dfd2f_ippo_w128_seed3 updates 4085/6250 episodes, total num timesteps 13075200/20000000, FPS 9835.

average episode rewards is -112.13201141357422

 Scenario simple_spread Algo rmappo Exp reference_20260925T185133Z_2dfd2f_ippo_w128_seed3 updates 4090/6250 episodes, total num timesteps 13091200/20000000, FPS 9835.

average episode rewards is -112.8686294555664

 Scenario simple_spread Algo rmappo Exp reference_20260925T185133Z_2dfd2f_ippo_w128_seed3 updates 4095/6250 episodes, total num timesteps 13107200/20000000, FPS 9835.

average episode rewards is -114.06575775146484

 Scenario simple_spread Algo rmappo Exp reference_20260925T185133Z_2dfd2f_ippo_w128_seed3 updates 4100/6250 episodes, total num timesteps 13123200/20000000, FPS 9835.

average episode rewards is -112.10848999023438
eval average episode rewards of agent: -112.13394979975502
eval success rate: 0.95

 Scenario simple_spread Algo rmappo Exp reference_20260925T185133Z_2dfd2f_ippo_w128_seed3 updates 4105/6250 episodes, total num timesteps 13139200/20000000, FPS 9835.

average episode rewards is -114.17333984375

 Scenario simple_spread Algo rmappo Exp reference_20260925T185133Z_2dfd2f_ippo_w128_seed3 updates 4110/6250 episodes, total num timesteps 13155200/20000000, FPS 9835.

average episode rewards is -116.02753448486328

 Scenario simple_spread Algo rmappo Exp reference_20260925T185133Z_2dfd2f_ippo_w128_seed3 updates 4115/6250 episodes, total num timesteps 13171200/20000000, FPS 9835.

average episode rewards is -112.42450714111328

 Scenario simple_spread Algo rmappo Exp reference_20260925T185133Z_2dfd2f_ippo_w128_seed3 updates 4120/6250 episodes, total num timesteps 13187200/20000000, FPS 9835.

average episode rewards is -115.49658966064453

 Scenario simple_spread Algo rmappo Exp reference_20260925T185133Z_2dfd2f_ippo_w128_seed3 updates 4125/6250 episodes, total num timesteps 13203200/20000000, FPS 9835.

average episode rewards is -115.56961822509766
eval average episode rewards of agent: -112.09447408044055
eval success rate: 0.8

 Scenario simple_spread Algo rmappo Exp reference_20260925T185133Z_2dfd2f_ippo_w128_seed3 updates 4130/6250 episodes, total num timesteps 13219200/20000000, FPS 9835.

average episode rewards is -113.60034942626953

 Scenario simple_spread Algo rmappo Exp reference_20260925T185133Z_2dfd2f_ippo_w128_seed3 updates 4135/6250 episodes, total num timesteps 13235200/20000000, FPS 9835.

average episode rewards is -111.77595520019531

 Scenario simple_spread Algo rmappo Exp reference_20260925T185133Z_2dfd2f_ippo_w128_seed3 updates 4140/6250 episodes, total num timesteps 13251200/20000000, FPS 9835.

average episode rewards is -114.08084869384766

 Scenario simple_spread Algo rmappo Exp reference_20260925T185133Z_2dfd2f_ippo_w128_seed3 updates 4145/6250 episodes, total num timesteps 13267200/20000000, FPS 9835.

average episode rewards is -113.76459503173828

 Scenario simple_spread Algo rmappo Exp reference_20260925T185133Z_2dfd2f_ippo_w128_seed3 updates 4150/6250 episodes, total num timesteps 13283200/20000000, FPS 9835.

average episode rewards is -110.20817565917969
eval average episode rewards of agent: -113.62491980581301
eval success rate: 1.0

 Scenario simple_spread Algo rmappo Exp reference_20260925T185133Z_2dfd2f_ippo_w128_seed3 updates 4155/6250 episodes, total num timesteps 13299200/20000000, FPS 9834.

average episode rewards is -113.1184310913086

 Scenario simple_spread Algo rmappo Exp reference_20260925T185133Z_2dfd2f_ippo_w128_seed3 updates 4160/6250 episodes, total num timesteps 13315200/20000000, FPS 9835.

average episode rewards is -111.98147583007812

 Scenario simple_spread Algo rmappo Exp reference_20260925T185133Z_2dfd2f_ippo_w128_seed3 updates 4165/6250 episodes, total num timesteps 13331200/20000000, FPS 9835.

average episode rewards is -111.5658187866211

 Scenario simple_spread Algo rmappo Exp reference_20260925T185133Z_2dfd2f_ippo_w128_seed3 updates 4170/6250 episodes, total num timesteps 13347200/20000000, FPS 9835.

average episode rewards is -113.16249084472656

 Scenario simple_spread Algo rmappo Exp reference_20260925T185133Z_2dfd2f_ippo_w128_seed3 updates 4175/6250 episodes, total num timesteps 13363200/20000000, FPS 9835.

average episode rewards is -111.34532928466797
eval average episode rewards of agent: -114.78504176101426
eval success rate: 1.0

 Scenario simple_spread Algo rmappo Exp reference_20260925T185133Z_2dfd2f_ippo_w128_seed3 updates 4180/6250 episodes, total num timesteps 13379200/20000000, FPS 9834.

average episode rewards is -114.17306518554688

 Scenario simple_spread Algo rmappo Exp reference_20260925T185133Z_2dfd2f_ippo_w128_seed3 updates 4185/6250 episodes, total num timesteps 13395200/20000000, FPS 9834.

average episode rewards is -114.33883666992188

 Scenario simple_spread Algo rmappo Exp reference_20260925T185133Z_2dfd2f_ippo_w128_seed3 updates 4190/6250 episodes, total num timesteps 13411200/20000000, FPS 9835.

average episode rewards is -112.29218292236328

 Scenario simple_spread Algo rmappo Exp reference_20260925T185133Z_2dfd2f_ippo_w128_seed3 updates 4195/6250 episodes, total num timesteps 13427200/20000000, FPS 9835.

average episode rewards is -113.77175903320312

 Scenario simple_spread Algo rmappo Exp reference_20260925T185133Z_2dfd2f_ippo_w128_seed3 updates 4200/6250 episodes, total num timesteps 13443200/20000000, FPS 9835.

average episode rewards is -112.797119140625
eval average episode rewards of agent: -107.35180464116921
eval success rate: 1.0

 Scenario simple_spread Algo rmappo Exp reference_20260925T185133Z_2dfd2f_ippo_w128_seed3 updates 4205/6250 episodes, total num timesteps 13459200/20000000, FPS 9835.

average episode rewards is -113.13523864746094

 Scenario simple_spread Algo rmappo Exp reference_20260925T185133Z_2dfd2f_ippo_w128_seed3 updates 4210/6250 episodes, total num timesteps 13475200/20000000, FPS 9835.

average episode rewards is -112.64657592773438

 Scenario simple_spread Algo rmappo Exp reference_20260925T185133Z_2dfd2f_ippo_w128_seed3 updates 4215/6250 episodes, total num timesteps 13491200/20000000, FPS 9835.

average episode rewards is -115.43000793457031

 Scenario simple_spread Algo rmappo Exp reference_20260925T185133Z_2dfd2f_ippo_w128_seed3 updates 4220/6250 episodes, total num timesteps 13507200/20000000, FPS 9835.

average episode rewards is -112.72684478759766

 Scenario simple_spread Algo rmappo Exp reference_20260925T185133Z_2dfd2f_ippo_w128_seed3 updates 4225/6250 episodes, total num timesteps 13523200/20000000, FPS 9835.

average episode rewards is -115.94635009765625
eval average episode rewards of agent: -111.55888845612706
eval success rate: 0.9

 Scenario simple_spread Algo rmappo Exp reference_20260925T185133Z_2dfd2f_ippo_w128_seed3 updates 4230/6250 episodes, total num timesteps 13539200/20000000, FPS 9834.

average episode rewards is -113.9308090209961

 Scenario simple_spread Algo rmappo Exp reference_20260925T185133Z_2dfd2f_ippo_w128_seed3 updates 4235/6250 episodes, total num timesteps 13555200/20000000, FPS 9834.

average episode rewards is -113.98741149902344

 Scenario simple_spread Algo rmappo Exp reference_20260925T185133Z_2dfd2f_ippo_w128_seed3 updates 4240/6250 episodes, total num timesteps 13571200/20000000, FPS 9834.

average episode rewards is -111.31342315673828

 Scenario simple_spread Algo rmappo Exp reference_20260925T185133Z_2dfd2f_ippo_w128_seed3 updates 4245/6250 episodes, total num timesteps 13587200/20000000, FPS 9834.

average episode rewards is -113.99867248535156

 Scenario simple_spread Algo rmappo Exp reference_20260925T185133Z_2dfd2f_ippo_w128_seed3 updates 4250/6250 episodes, total num timesteps 13603200/20000000, FPS 9834.

average episode rewards is -111.67365264892578
eval average episode rewards of agent: -117.71548645791786
eval success rate: 0.9

 Scenario simple_spread Algo rmappo Exp reference_20260925T185133Z_2dfd2f_ippo_w128_seed3 updates 4255/6250 episodes, total num timesteps 13619200/20000000, FPS 9834.

average episode rewards is -114.3309097290039

 Scenario simple_spread Algo rmappo Exp reference_20260925T185133Z_2dfd2f_ippo_w128_seed3 updates 4260/6250 episodes, total num timesteps 13635200/20000000, FPS 9834.

average episode rewards is -111.6658706665039

 Scenario simple_spread Algo rmappo Exp reference_20260925T185133Z_2dfd2f_ippo_w128_seed3 updates 4265/6250 episodes, total num timesteps 13651200/20000000, FPS 9834.

average episode rewards is -113.4765853881836

 Scenario simple_spread Algo rmappo Exp reference_20260925T185133Z_2dfd2f_ippo_w128_seed3 updates 4270/6250 episodes, total num timesteps 13667200/20000000, FPS 9834.

average episode rewards is -113.57850646972656

 Scenario simple_spread Algo rmappo Exp reference_20260925T185133Z_2dfd2f_ippo_w128_seed3 updates 4275/6250 episodes, total num timesteps 13683200/20000000, FPS 9834.

average episode rewards is -114.67529296875
eval average episode rewards of agent: -107.51411019047113
eval success rate: 1.0

 Scenario simple_spread Algo rmappo Exp reference_20260925T185133Z_2dfd2f_ippo_w128_seed3 updates 4280/6250 episodes, total num timesteps 13699200/20000000, FPS 9834.

average episode rewards is -114.87684631347656

 Scenario simple_spread Algo rmappo Exp reference_20260925T185133Z_2dfd2f_ippo_w128_seed3 updates 4285/6250 episodes, total num timesteps 13715200/20000000, FPS 9834.

average episode rewards is -115.33592987060547

 Scenario simple_spread Algo rmappo Exp reference_20260925T185133Z_2dfd2f_ippo_w128_seed3 updates 4290/6250 episodes, total num timesteps 13731200/20000000, FPS 9834.

average episode rewards is -111.99658966064453

 Scenario simple_spread Algo rmappo Exp reference_20260925T185133Z_2dfd2f_ippo_w128_seed3 updates 4295/6250 episodes, total num timesteps 13747200/20000000, FPS 9834.

average episode rewards is -112.45498657226562

 Scenario simple_spread Algo rmappo Exp reference_20260925T185133Z_2dfd2f_ippo_w128_seed3 updates 4300/6250 episodes, total num timesteps 13763200/20000000, FPS 9834.

average episode rewards is -112.50830078125
eval average episode rewards of agent: -112.86546869784254
eval success rate: 1.0

 Scenario simple_spread Algo rmappo Exp reference_20260925T185133Z_2dfd2f_ippo_w128_seed3 updates 4305/6250 episodes, total num timesteps 13779200/20000000, FPS 9834.

average episode rewards is -113.9074478149414

 Scenario simple_spread Algo rmappo Exp reference_20260925T185133Z_2dfd2f_ippo_w128_seed3 updates 4310/6250 episodes, total num timesteps 13795200/20000000, FPS 9834.

average episode rewards is -112.082763671875

 Scenario simple_spread Algo rmappo Exp reference_20260925T185133Z_2dfd2f_ippo_w128_seed3 updates 4315/6250 episodes, total num timesteps 13811200/20000000, FPS 9834.

average episode rewards is -114.91316223144531

 Scenario simple_spread Algo rmappo Exp reference_20260925T185133Z_2dfd2f_ippo_w128_seed3 updates 4320/6250 episodes, total num timesteps 13827200/20000000, FPS 9835.

average episode rewards is -111.56103515625

 Scenario simple_spread Algo rmappo Exp reference_20260925T185133Z_2dfd2f_ippo_w128_seed3 updates 4325/6250 episodes, total num timesteps 13843200/20000000, FPS 9835.

average episode rewards is -114.42228698730469
eval average episode rewards of agent: -110.29695779688291
eval success rate: 0.8

 Scenario simple_spread Algo rmappo Exp reference_20260925T185133Z_2dfd2f_ippo_w128_seed3 updates 4330/6250 episodes, total num timesteps 13859200/20000000, FPS 9835.

average episode rewards is -116.94821166992188

 Scenario simple_spread Algo rmappo Exp reference_20260925T185133Z_2dfd2f_ippo_w128_seed3 updates 4335/6250 episodes, total num timesteps 13875200/20000000, FPS 9835.

average episode rewards is -113.20391845703125

 Scenario simple_spread Algo rmappo Exp reference_20260925T185133Z_2dfd2f_ippo_w128_seed3 updates 4340/6250 episodes, total num timesteps 13891200/20000000, FPS 9835.

average episode rewards is -111.60894775390625

 Scenario simple_spread Algo rmappo Exp reference_20260925T185133Z_2dfd2f_ippo_w128_seed3 updates 4345/6250 episodes, total num timesteps 13907200/20000000, FPS 9835.

average episode rewards is -115.01177215576172

 Scenario simple_spread Algo rmappo Exp reference_20260925T185133Z_2dfd2f_ippo_w128_seed3 updates 4350/6250 episodes, total num timesteps 13923200/20000000, FPS 9834.

average episode rewards is -116.68448638916016
eval average episode rewards of agent: -111.55532927569115
eval success rate: 0.95

 Scenario simple_spread Algo rmappo Exp reference_20260925T185133Z_2dfd2f_ippo_w128_seed3 updates 4355/6250 episodes, total num timesteps 13939200/20000000, FPS 9834.

average episode rewards is -113.5517807006836

 Scenario simple_spread Algo rmappo Exp reference_20260925T185133Z_2dfd2f_ippo_w128_seed3 updates 4360/6250 episodes, total num timesteps 13955200/20000000, FPS 9834.

average episode rewards is -112.93699645996094

 Scenario simple_spread Algo rmappo Exp reference_20260925T185133Z_2dfd2f_ippo_w128_seed3 updates 4365/6250 episodes, total num timesteps 13971200/20000000, FPS 9834.

average episode rewards is -114.01148986816406

 Scenario simple_spread Algo rmappo Exp reference_20260925T185133Z_2dfd2f_ippo_w128_seed3 updates 4370/6250 episodes, total num timesteps 13987200/20000000, FPS 9835.

average episode rewards is -114.63172149658203

 Scenario simple_spread Algo rmappo Exp reference_20260925T185133Z_2dfd2f_ippo_w128_seed3 updates 4375/6250 episodes, total num timesteps 14003200/20000000, FPS 9835.

average episode rewards is -115.29952239990234
eval average episode rewards of agent: -114.43361620546317
eval success rate: 0.9

 Scenario simple_spread Algo rmappo Exp reference_20260925T185133Z_2dfd2f_ippo_w128_seed3 updates 4380/6250 episodes, total num timesteps 14019200/20000000, FPS 9835.

average episode rewards is -114.61268615722656

 Scenario simple_spread Algo rmappo Exp reference_20260925T185133Z_2dfd2f_ippo_w128_seed3 updates 4385/6250 episodes, total num timesteps 14035200/20000000, FPS 9835.

average episode rewards is -112.11231994628906

 Scenario simple_spread Algo rmappo Exp reference_20260925T185133Z_2dfd2f_ippo_w128_seed3 updates 4390/6250 episodes, total num timesteps 14051200/20000000, FPS 9835.

average episode rewards is -112.78102111816406

 Scenario simple_spread Algo rmappo Exp reference_20260925T185133Z_2dfd2f_ippo_w128_seed3 updates 4395/6250 episodes, total num timesteps 14067200/20000000, FPS 9835.

average episode rewards is -115.17938232421875

 Scenario simple_spread Algo rmappo Exp reference_20260925T185133Z_2dfd2f_ippo_w128_seed3 updates 4400/6250 episodes, total num timesteps 14083200/20000000, FPS 9835.

average episode rewards is -113.1050796508789
eval average episode rewards of agent: -115.83505205165339
eval success rate: 0.95

 Scenario simple_spread Algo rmappo Exp reference_20260925T185133Z_2dfd2f_ippo_w128_seed3 updates 4405/6250 episodes, total num timesteps 14099200/20000000, FPS 9835.

average episode rewards is -110.32767486572266

 Scenario simple_spread Algo rmappo Exp reference_20260925T185133Z_2dfd2f_ippo_w128_seed3 updates 4410/6250 episodes, total num timesteps 14115200/20000000, FPS 9834.

average episode rewards is -112.97052764892578

 Scenario simple_spread Algo rmappo Exp reference_20260925T185133Z_2dfd2f_ippo_w128_seed3 updates 4415/6250 episodes, total num timesteps 14131200/20000000, FPS 9835.

average episode rewards is -114.64436340332031

 Scenario simple_spread Algo rmappo Exp reference_20260925T185133Z_2dfd2f_ippo_w128_seed3 updates 4420/6250 episodes, total num timesteps 14147200/20000000, FPS 9835.

average episode rewards is -115.04586029052734

 Scenario simple_spread Algo rmappo Exp reference_20260925T185133Z_2dfd2f_ippo_w128_seed3 updates 4425/6250 episodes, total num timesteps 14163200/20000000, FPS 9835.

average episode rewards is -114.11079406738281
eval average episode rewards of agent: -113.92004228156296
eval success rate: 0.95

 Scenario simple_spread Algo rmappo Exp reference_20260925T185133Z_2dfd2f_ippo_w128_seed3 updates 4430/6250 episodes, total num timesteps 14179200/20000000, FPS 9834.

average episode rewards is -115.33719635009766

 Scenario simple_spread Algo rmappo Exp reference_20260925T185133Z_2dfd2f_ippo_w128_seed3 updates 4435/6250 episodes, total num timesteps 14195200/20000000, FPS 9834.

average episode rewards is -111.81184387207031

 Scenario simple_spread Algo rmappo Exp reference_20260925T185133Z_2dfd2f_ippo_w128_seed3 updates 4440/6250 episodes, total num timesteps 14211200/20000000, FPS 9834.

average episode rewards is -111.06563568115234

 Scenario simple_spread Algo rmappo Exp reference_20260925T185133Z_2dfd2f_ippo_w128_seed3 updates 4445/6250 episodes, total num timesteps 14227200/20000000, FPS 9835.

average episode rewards is -115.37686920166016

 Scenario simple_spread Algo rmappo Exp reference_20260925T185133Z_2dfd2f_ippo_w128_seed3 updates 4450/6250 episodes, total num timesteps 14243200/20000000, FPS 9835.

average episode rewards is -112.56987762451172
eval average episode rewards of agent: -114.739188928659
eval success rate: 1.0

 Scenario simple_spread Algo rmappo Exp reference_20260925T185133Z_2dfd2f_ippo_w128_seed3 updates 4455/6250 episodes, total num timesteps 14259200/20000000, FPS 9834.

average episode rewards is -114.59325408935547

 Scenario simple_spread Algo rmappo Exp reference_20260925T185133Z_2dfd2f_ippo_w128_seed3 updates 4460/6250 episodes, total num timesteps 14275200/20000000, FPS 9835.

average episode rewards is -112.7478256225586

 Scenario simple_spread Algo rmappo Exp reference_20260925T185133Z_2dfd2f_ippo_w128_seed3 updates 4465/6250 episodes, total num timesteps 14291200/20000000, FPS 9835.

average episode rewards is -114.88878631591797

 Scenario simple_spread Algo rmappo Exp reference_20260925T185133Z_2dfd2f_ippo_w128_seed3 updates 4470/6250 episodes, total num timesteps 14307200/20000000, FPS 9834.

average episode rewards is -115.97196197509766

 Scenario simple_spread Algo rmappo Exp reference_20260925T185133Z_2dfd2f_ippo_w128_seed3 updates 4475/6250 episodes, total num timesteps 14323200/20000000, FPS 9834.

average episode rewards is -114.75157928466797
eval average episode rewards of agent: -114.82276101841967
eval success rate: 0.9

 Scenario simple_spread Algo rmappo Exp reference_20260925T185133Z_2dfd2f_ippo_w128_seed3 updates 4480/6250 episodes, total num timesteps 14339200/20000000, FPS 9834.

average episode rewards is -112.59236145019531

 Scenario simple_spread Algo rmappo Exp reference_20260925T185133Z_2dfd2f_ippo_w128_seed3 updates 4485/6250 episodes, total num timesteps 14355200/20000000, FPS 9834.

average episode rewards is -112.03311920166016

 Scenario simple_spread Algo rmappo Exp reference_20260925T185133Z_2dfd2f_ippo_w128_seed3 updates 4490/6250 episodes, total num timesteps 14371200/20000000, FPS 9834.

average episode rewards is -113.28070068359375

 Scenario simple_spread Algo rmappo Exp reference_20260925T185133Z_2dfd2f_ippo_w128_seed3 updates 4495/6250 episodes, total num timesteps 14387200/20000000, FPS 9834.

average episode rewards is -114.23123931884766

 Scenario simple_spread Algo rmappo Exp reference_20260925T185133Z_2dfd2f_ippo_w128_seed3 updates 4500/6250 episodes, total num timesteps 14403200/20000000, FPS 9835.

average episode rewards is -115.08914184570312
eval average episode rewards of agent: -110.65787294549774
eval success rate: 0.9

 Scenario simple_spread Algo rmappo Exp reference_20260925T185133Z_2dfd2f_ippo_w128_seed3 updates 4505/6250 episodes, total num timesteps 14419200/20000000, FPS 9834.

average episode rewards is -114.38848876953125

 Scenario simple_spread Algo rmappo Exp reference_20260925T185133Z_2dfd2f_ippo_w128_seed3 updates 4510/6250 episodes, total num timesteps 14435200/20000000, FPS 9835.

average episode rewards is -111.96257019042969

 Scenario simple_spread Algo rmappo Exp reference_20260925T185133Z_2dfd2f_ippo_w128_seed3 updates 4515/6250 episodes, total num timesteps 14451200/20000000, FPS 9835.

average episode rewards is -111.80583190917969

 Scenario simple_spread Algo rmappo Exp reference_20260925T185133Z_2dfd2f_ippo_w128_seed3 updates 4520/6250 episodes, total num timesteps 14467200/20000000, FPS 9835.

average episode rewards is -113.29536437988281

 Scenario simple_spread Algo rmappo Exp reference_20260925T185133Z_2dfd2f_ippo_w128_seed3 updates 4525/6250 episodes, total num timesteps 14483200/20000000, FPS 9835.

average episode rewards is -112.92637634277344
eval average episode rewards of agent: -122.23352984869447
eval success rate: 1.0

 Scenario simple_spread Algo rmappo Exp reference_20260925T185133Z_2dfd2f_ippo_w128_seed3 updates 4530/6250 episodes, total num timesteps 14499200/20000000, FPS 9834.

average episode rewards is -111.60614776611328

 Scenario simple_spread Algo rmappo Exp reference_20260925T185133Z_2dfd2f_ippo_w128_seed3 updates 4535/6250 episodes, total num timesteps 14515200/20000000, FPS 9834.

average episode rewards is -110.47297668457031

 Scenario simple_spread Algo rmappo Exp reference_20260925T185133Z_2dfd2f_ippo_w128_seed3 updates 4540/6250 episodes, total num timesteps 14531200/20000000, FPS 9834.

average episode rewards is -111.91829681396484

 Scenario simple_spread Algo rmappo Exp reference_20260925T185133Z_2dfd2f_ippo_w128_seed3 updates 4545/6250 episodes, total num timesteps 14547200/20000000, FPS 9834.

average episode rewards is -112.98211669921875

 Scenario simple_spread Algo rmappo Exp reference_20260925T185133Z_2dfd2f_ippo_w128_seed3 updates 4550/6250 episodes, total num timesteps 14563200/20000000, FPS 9835.

average episode rewards is -111.75291442871094
eval average episode rewards of agent: -114.35212448838242
eval success rate: 0.95

 Scenario simple_spread Algo rmappo Exp reference_20260925T185133Z_2dfd2f_ippo_w128_seed3 updates 4555/6250 episodes, total num timesteps 14579200/20000000, FPS 9834.

average episode rewards is -113.50091552734375

 Scenario simple_spread Algo rmappo Exp reference_20260925T185133Z_2dfd2f_ippo_w128_seed3 updates 4560/6250 episodes, total num timesteps 14595200/20000000, FPS 9834.

average episode rewards is -112.8356704711914

 Scenario simple_spread Algo rmappo Exp reference_20260925T185133Z_2dfd2f_ippo_w128_seed3 updates 4565/6250 episodes, total num timesteps 14611200/20000000, FPS 9834.

average episode rewards is -114.52820587158203

 Scenario simple_spread Algo rmappo Exp reference_20260925T185133Z_2dfd2f_ippo_w128_seed3 updates 4570/6250 episodes, total num timesteps 14627200/20000000, FPS 9834.

average episode rewards is -114.35567474365234

 Scenario simple_spread Algo rmappo Exp reference_20260925T185133Z_2dfd2f_ippo_w128_seed3 updates 4575/6250 episodes, total num timesteps 14643200/20000000, FPS 9834.

average episode rewards is -113.1392593383789
eval average episode rewards of agent: -112.50034880910992
eval success rate: 0.85

 Scenario simple_spread Algo rmappo Exp reference_20260925T185133Z_2dfd2f_ippo_w128_seed3 updates 4580/6250 episodes, total num timesteps 14659200/20000000, FPS 9834.

average episode rewards is -114.1576919555664

 Scenario simple_spread Algo rmappo Exp reference_20260925T185133Z_2dfd2f_ippo_w128_seed3 updates 4585/6250 episodes, total num timesteps 14675200/20000000, FPS 9834.

average episode rewards is -114.25279235839844

 Scenario simple_spread Algo rmappo Exp reference_20260925T185133Z_2dfd2f_ippo_w128_seed3 updates 4590/6250 episodes, total num timesteps 14691200/20000000, FPS 9833.

average episode rewards is -110.2970962524414

 Scenario simple_spread Algo rmappo Exp reference_20260925T185133Z_2dfd2f_ippo_w128_seed3 updates 4595/6250 episodes, total num timesteps 14707200/20000000, FPS 9833.

average episode rewards is -114.71754455566406

 Scenario simple_spread Algo rmappo Exp reference_20260925T185133Z_2dfd2f_ippo_w128_seed3 updates 4600/6250 episodes, total num timesteps 14723200/20000000, FPS 9833.

average episode rewards is -114.13178253173828
eval average episode rewards of agent: -107.69822458425874
eval success rate: 1.0

 Scenario simple_spread Algo rmappo Exp reference_20260925T185133Z_2dfd2f_ippo_w128_seed3 updates 4605/6250 episodes, total num timesteps 14739200/20000000, FPS 9833.

average episode rewards is -113.83401489257812

 Scenario simple_spread Algo rmappo Exp reference_20260925T185133Z_2dfd2f_ippo_w128_seed3 updates 4610/6250 episodes, total num timesteps 14755200/20000000, FPS 9834.

average episode rewards is -113.6891098022461

 Scenario simple_spread Algo rmappo Exp reference_20260925T185133Z_2dfd2f_ippo_w128_seed3 updates 4615/6250 episodes, total num timesteps 14771200/20000000, FPS 9834.

average episode rewards is -112.34419250488281

 Scenario simple_spread Algo rmappo Exp reference_20260925T185133Z_2dfd2f_ippo_w128_seed3 updates 4620/6250 episodes, total num timesteps 14787200/20000000, FPS 9834.

average episode rewards is -111.2315444946289

 Scenario simple_spread Algo rmappo Exp reference_20260925T185133Z_2dfd2f_ippo_w128_seed3 updates 4625/6250 episodes, total num timesteps 14803200/20000000, FPS 9834.

average episode rewards is -113.23897552490234
eval average episode rewards of agent: -106.54521093422235
eval success rate: 0.95

 Scenario simple_spread Algo rmappo Exp reference_20260925T185133Z_2dfd2f_ippo_w128_seed3 updates 4630/6250 episodes, total num timesteps 14819200/20000000, FPS 9834.

average episode rewards is -113.02507019042969

 Scenario simple_spread Algo rmappo Exp reference_20260925T185133Z_2dfd2f_ippo_w128_seed3 updates 4635/6250 episodes, total num timesteps 14835200/20000000, FPS 9834.

average episode rewards is -113.37256622314453

 Scenario simple_spread Algo rmappo Exp reference_20260925T185133Z_2dfd2f_ippo_w128_seed3 updates 4640/6250 episodes, total num timesteps 14851200/20000000, FPS 9834.

average episode rewards is -113.7079086303711

 Scenario simple_spread Algo rmappo Exp reference_20260925T185133Z_2dfd2f_ippo_w128_seed3 updates 4645/6250 episodes, total num timesteps 14867200/20000000, FPS 9834.

average episode rewards is -114.13792419433594

 Scenario simple_spread Algo rmappo Exp reference_20260925T185133Z_2dfd2f_ippo_w128_seed3 updates 4650/6250 episodes, total num timesteps 14883200/20000000, FPS 9834.

average episode rewards is -114.95147705078125
eval average episode rewards of agent: -108.16962357532243
eval success rate: 1.0

 Scenario simple_spread Algo rmappo Exp reference_20260925T185133Z_2dfd2f_ippo_w128_seed3 updates 4655/6250 episodes, total num timesteps 14899200/20000000, FPS 9834.

average episode rewards is -113.98811340332031

 Scenario simple_spread Algo rmappo Exp reference_20260925T185133Z_2dfd2f_ippo_w128_seed3 updates 4660/6250 episodes, total num timesteps 14915200/20000000, FPS 9834.

average episode rewards is -111.66504669189453

 Scenario simple_spread Algo rmappo Exp reference_20260925T185133Z_2dfd2f_ippo_w128_seed3 updates 4665/6250 episodes, total num timesteps 14931200/20000000, FPS 9834.

average episode rewards is -114.82009887695312

 Scenario simple_spread Algo rmappo Exp reference_20260925T185133Z_2dfd2f_ippo_w128_seed3 updates 4670/6250 episodes, total num timesteps 14947200/20000000, FPS 9834.

average episode rewards is -112.14535522460938

 Scenario simple_spread Algo rmappo Exp reference_20260925T185133Z_2dfd2f_ippo_w128_seed3 updates 4675/6250 episodes, total num timesteps 14963200/20000000, FPS 9834.

average episode rewards is -113.91033172607422
eval average episode rewards of agent: -107.15134674901567
eval success rate: 1.0

 Scenario simple_spread Algo rmappo Exp reference_20260925T185133Z_2dfd2f_ippo_w128_seed3 updates 4680/6250 episodes, total num timesteps 14979200/20000000, FPS 9834.

average episode rewards is -115.27581024169922

 Scenario simple_spread Algo rmappo Exp reference_20260925T185133Z_2dfd2f_ippo_w128_seed3 updates 4685/6250 episodes, total num timesteps 14995200/20000000, FPS 9834.

average episode rewards is -114.6514892578125

 Scenario simple_spread Algo rmappo Exp reference_20260925T185133Z_2dfd2f_ippo_w128_seed3 updates 4690/6250 episodes, total num timesteps 15011200/20000000, FPS 9834.

average episode rewards is -113.3020248413086

 Scenario simple_spread Algo rmappo Exp reference_20260925T185133Z_2dfd2f_ippo_w128_seed3 updates 4695/6250 episodes, total num timesteps 15027200/20000000, FPS 9834.

average episode rewards is -116.48088836669922

 Scenario simple_spread Algo rmappo Exp reference_20260925T185133Z_2dfd2f_ippo_w128_seed3 updates 4700/6250 episodes, total num timesteps 15043200/20000000, FPS 9834.

average episode rewards is -110.15188598632812
eval average episode rewards of agent: -115.87060521646146
eval success rate: 0.9

 Scenario simple_spread Algo rmappo Exp reference_20260925T185133Z_2dfd2f_ippo_w128_seed3 updates 4705/6250 episodes, total num timesteps 15059200/20000000, FPS 9834.

average episode rewards is -114.14926147460938

 Scenario simple_spread Algo rmappo Exp reference_20260925T185133Z_2dfd2f_ippo_w128_seed3 updates 4710/6250 episodes, total num timesteps 15075200/20000000, FPS 9833.

average episode rewards is -113.36920166015625

 Scenario simple_spread Algo rmappo Exp reference_20260925T185133Z_2dfd2f_ippo_w128_seed3 updates 4715/6250 episodes, total num timesteps 15091200/20000000, FPS 9834.

average episode rewards is -111.517333984375

 Scenario simple_spread Algo rmappo Exp reference_20260925T185133Z_2dfd2f_ippo_w128_seed3 updates 4720/6250 episodes, total num timesteps 15107200/20000000, FPS 9834.

average episode rewards is -113.27122497558594

 Scenario simple_spread Algo rmappo Exp reference_20260925T185133Z_2dfd2f_ippo_w128_seed3 updates 4725/6250 episodes, total num timesteps 15123200/20000000, FPS 9834.

average episode rewards is -113.47105407714844
eval average episode rewards of agent: -113.6712931708767
eval success rate: 1.0

 Scenario simple_spread Algo rmappo Exp reference_20260925T185133Z_2dfd2f_ippo_w128_seed3 updates 4730/6250 episodes, total num timesteps 15139200/20000000, FPS 9833.

average episode rewards is -111.75028991699219

 Scenario simple_spread Algo rmappo Exp reference_20260925T185133Z_2dfd2f_ippo_w128_seed3 updates 4735/6250 episodes, total num timesteps 15155200/20000000, FPS 9834.

average episode rewards is -113.51224517822266

 Scenario simple_spread Algo rmappo Exp reference_20260925T185133Z_2dfd2f_ippo_w128_seed3 updates 4740/6250 episodes, total num timesteps 15171200/20000000, FPS 9834.

average episode rewards is -114.59954071044922

 Scenario simple_spread Algo rmappo Exp reference_20260925T185133Z_2dfd2f_ippo_w128_seed3 updates 4745/6250 episodes, total num timesteps 15187200/20000000, FPS 9834.

average episode rewards is -111.89969635009766

 Scenario simple_spread Algo rmappo Exp reference_20260925T185133Z_2dfd2f_ippo_w128_seed3 updates 4750/6250 episodes, total num timesteps 15203200/20000000, FPS 9834.

average episode rewards is -112.12995910644531
eval average episode rewards of agent: -110.31332619774032
eval success rate: 1.0

 Scenario simple_spread Algo rmappo Exp reference_20260925T185133Z_2dfd2f_ippo_w128_seed3 updates 4755/6250 episodes, total num timesteps 15219200/20000000, FPS 9834.

average episode rewards is -113.36956024169922

 Scenario simple_spread Algo rmappo Exp reference_20260925T185133Z_2dfd2f_ippo_w128_seed3 updates 4760/6250 episodes, total num timesteps 15235200/20000000, FPS 9834.

average episode rewards is -112.5829849243164

 Scenario simple_spread Algo rmappo Exp reference_20260925T185133Z_2dfd2f_ippo_w128_seed3 updates 4765/6250 episodes, total num timesteps 15251200/20000000, FPS 9834.

average episode rewards is -115.25334167480469

 Scenario simple_spread Algo rmappo Exp reference_20260925T185133Z_2dfd2f_ippo_w128_seed3 updates 4770/6250 episodes, total num timesteps 15267200/20000000, FPS 9834.

average episode rewards is -112.28677368164062

 Scenario simple_spread Algo rmappo Exp reference_20260925T185133Z_2dfd2f_ippo_w128_seed3 updates 4775/6250 episodes, total num timesteps 15283200/20000000, FPS 9834.

average episode rewards is -110.58402252197266
eval average episode rewards of agent: -112.0301898007203
eval success rate: 0.95

 Scenario simple_spread Algo rmappo Exp reference_20260925T185133Z_2dfd2f_ippo_w128_seed3 updates 4780/6250 episodes, total num timesteps 15299200/20000000, FPS 9834.

average episode rewards is -111.58870697021484

 Scenario simple_spread Algo rmappo Exp reference_20260925T185133Z_2dfd2f_ippo_w128_seed3 updates 4785/6250 episodes, total num timesteps 15315200/20000000, FPS 9834.

average episode rewards is -113.19464111328125

 Scenario simple_spread Algo rmappo Exp reference_20260925T185133Z_2dfd2f_ippo_w128_seed3 updates 4790/6250 episodes, total num timesteps 15331200/20000000, FPS 9834.

average episode rewards is -114.53009033203125

 Scenario simple_spread Algo rmappo Exp reference_20260925T185133Z_2dfd2f_ippo_w128_seed3 updates 4795/6250 episodes, total num timesteps 15347200/20000000, FPS 9834.

average episode rewards is -114.01553344726562

 Scenario simple_spread Algo rmappo Exp reference_20260925T185133Z_2dfd2f_ippo_w128_seed3 updates 4800/6250 episodes, total num timesteps 15363200/20000000, FPS 9834.

average episode rewards is -114.00841522216797
eval average episode rewards of agent: -115.43322046249376
eval success rate: 0.95

 Scenario simple_spread Algo rmappo Exp reference_20260925T185133Z_2dfd2f_ippo_w128_seed3 updates 4805/6250 episodes, total num timesteps 15379200/20000000, FPS 9834.

average episode rewards is -112.42790222167969

 Scenario simple_spread Algo rmappo Exp reference_20260925T185133Z_2dfd2f_ippo_w128_seed3 updates 4810/6250 episodes, total num timesteps 15395200/20000000, FPS 9834.

average episode rewards is -114.1834487915039

 Scenario simple_spread Algo rmappo Exp reference_20260925T185133Z_2dfd2f_ippo_w128_seed3 updates 4815/6250 episodes, total num timesteps 15411200/20000000, FPS 9834.

average episode rewards is -112.72773742675781

 Scenario simple_spread Algo rmappo Exp reference_20260925T185133Z_2dfd2f_ippo_w128_seed3 updates 4820/6250 episodes, total num timesteps 15427200/20000000, FPS 9834.

average episode rewards is -114.07904815673828

 Scenario simple_spread Algo rmappo Exp reference_20260925T185133Z_2dfd2f_ippo_w128_seed3 updates 4825/6250 episodes, total num timesteps 15443200/20000000, FPS 9834.

average episode rewards is -111.3027114868164
eval average episode rewards of agent: -113.02861782213094
eval success rate: 0.95

 Scenario simple_spread Algo rmappo Exp reference_20260925T185133Z_2dfd2f_ippo_w128_seed3 updates 4830/6250 episodes, total num timesteps 15459200/20000000, FPS 9833.

average episode rewards is -112.23543548583984

 Scenario simple_spread Algo rmappo Exp reference_20260925T185133Z_2dfd2f_ippo_w128_seed3 updates 4835/6250 episodes, total num timesteps 15475200/20000000, FPS 9833.

average episode rewards is -113.98690032958984

 Scenario simple_spread Algo rmappo Exp reference_20260925T185133Z_2dfd2f_ippo_w128_seed3 updates 4840/6250 episodes, total num timesteps 15491200/20000000, FPS 9833.

average episode rewards is -112.92306518554688

 Scenario simple_spread Algo rmappo Exp reference_20260925T185133Z_2dfd2f_ippo_w128_seed3 updates 4845/6250 episodes, total num timesteps 15507200/20000000, FPS 9833.

average episode rewards is -113.58734130859375

 Scenario simple_spread Algo rmappo Exp reference_20260925T185133Z_2dfd2f_ippo_w128_seed3 updates 4850/6250 episodes, total num timesteps 15523200/20000000, FPS 9833.

average episode rewards is -112.02505493164062
eval average episode rewards of agent: -114.24215145386249
eval success rate: 1.0

 Scenario simple_spread Algo rmappo Exp reference_20260925T185133Z_2dfd2f_ippo_w128_seed3 updates 4855/6250 episodes, total num timesteps 15539200/20000000, FPS 9833.

average episode rewards is -109.75780487060547

 Scenario simple_spread Algo rmappo Exp reference_20260925T185133Z_2dfd2f_ippo_w128_seed3 updates 4860/6250 episodes, total num timesteps 15555200/20000000, FPS 9833.

average episode rewards is -116.19239807128906

 Scenario simple_spread Algo rmappo Exp reference_20260925T185133Z_2dfd2f_ippo_w128_seed3 updates 4865/6250 episodes, total num timesteps 15571200/20000000, FPS 9833.

average episode rewards is -113.36119079589844

 Scenario simple_spread Algo rmappo Exp reference_20260925T185133Z_2dfd2f_ippo_w128_seed3 updates 4870/6250 episodes, total num timesteps 15587200/20000000, FPS 9834.

average episode rewards is -112.91300201416016

 Scenario simple_spread Algo rmappo Exp reference_20260925T185133Z_2dfd2f_ippo_w128_seed3 updates 4875/6250 episodes, total num timesteps 15603200/20000000, FPS 9834.

average episode rewards is -115.32915496826172
eval average episode rewards of agent: -113.09688721674686
eval success rate: 0.9

 Scenario simple_spread Algo rmappo Exp reference_20260925T185133Z_2dfd2f_ippo_w128_seed3 updates 4880/6250 episodes, total num timesteps 15619200/20000000, FPS 9833.

average episode rewards is -114.54522705078125

 Scenario simple_spread Algo rmappo Exp reference_20260925T185133Z_2dfd2f_ippo_w128_seed3 updates 4885/6250 episodes, total num timesteps 15635200/20000000, FPS 9834.

average episode rewards is -113.06586456298828

 Scenario simple_spread Algo rmappo Exp reference_20260925T185133Z_2dfd2f_ippo_w128_seed3 updates 4890/6250 episodes, total num timesteps 15651200/20000000, FPS 9833.

average episode rewards is -112.63253784179688

 Scenario simple_spread Algo rmappo Exp reference_20260925T185133Z_2dfd2f_ippo_w128_seed3 updates 4895/6250 episodes, total num timesteps 15667200/20000000, FPS 9833.

average episode rewards is -114.1927261352539

 Scenario simple_spread Algo rmappo Exp reference_20260925T185133Z_2dfd2f_ippo_w128_seed3 updates 4900/6250 episodes, total num timesteps 15683200/20000000, FPS 9833.

average episode rewards is -110.49781799316406
eval average episode rewards of agent: -109.70112397340691
eval success rate: 0.8

 Scenario simple_spread Algo rmappo Exp reference_20260925T185133Z_2dfd2f_ippo_w128_seed3 updates 4905/6250 episodes, total num timesteps 15699200/20000000, FPS 9833.

average episode rewards is -113.10992431640625

 Scenario simple_spread Algo rmappo Exp reference_20260925T185133Z_2dfd2f_ippo_w128_seed3 updates 4910/6250 episodes, total num timesteps 15715200/20000000, FPS 9833.

average episode rewards is -113.51030731201172

 Scenario simple_spread Algo rmappo Exp reference_20260925T185133Z_2dfd2f_ippo_w128_seed3 updates 4915/6250 episodes, total num timesteps 15731200/20000000, FPS 9833.

average episode rewards is -114.26519012451172

 Scenario simple_spread Algo rmappo Exp reference_20260925T185133Z_2dfd2f_ippo_w128_seed3 updates 4920/6250 episodes, total num timesteps 15747200/20000000, FPS 9833.

average episode rewards is -112.53975677490234

 Scenario simple_spread Algo rmappo Exp reference_20260925T185133Z_2dfd2f_ippo_w128_seed3 updates 4925/6250 episodes, total num timesteps 15763200/20000000, FPS 9834.

average episode rewards is -112.98423767089844
eval average episode rewards of agent: -109.64156517313278
eval success rate: 0.85

 Scenario simple_spread Algo rmappo Exp reference_20260925T185133Z_2dfd2f_ippo_w128_seed3 updates 4930/6250 episodes, total num timesteps 15779200/20000000, FPS 9834.

average episode rewards is -111.96636962890625

 Scenario simple_spread Algo rmappo Exp reference_20260925T185133Z_2dfd2f_ippo_w128_seed3 updates 4935/6250 episodes, total num timesteps 15795200/20000000, FPS 9834.

average episode rewards is -113.54547882080078

 Scenario simple_spread Algo rmappo Exp reference_20260925T185133Z_2dfd2f_ippo_w128_seed3 updates 4940/6250 episodes, total num timesteps 15811200/20000000, FPS 9834.

average episode rewards is -111.60933685302734

 Scenario simple_spread Algo rmappo Exp reference_20260925T185133Z_2dfd2f_ippo_w128_seed3 updates 4945/6250 episodes, total num timesteps 15827200/20000000, FPS 9834.

average episode rewards is -109.501220703125

 Scenario simple_spread Algo rmappo Exp reference_20260925T185133Z_2dfd2f_ippo_w128_seed3 updates 4950/6250 episodes, total num timesteps 15843200/20000000, FPS 9833.

average episode rewards is -111.91902160644531
eval average episode rewards of agent: -116.93889771622818
eval success rate: 0.9

 Scenario simple_spread Algo rmappo Exp reference_20260925T185133Z_2dfd2f_ippo_w128_seed3 updates 4955/6250 episodes, total num timesteps 15859200/20000000, FPS 9833.

average episode rewards is -112.80758666992188

 Scenario simple_spread Algo rmappo Exp reference_20260925T185133Z_2dfd2f_ippo_w128_seed3 updates 4960/6250 episodes, total num timesteps 15875200/20000000, FPS 9833.

average episode rewards is -114.05908966064453

 Scenario simple_spread Algo rmappo Exp reference_20260925T185133Z_2dfd2f_ippo_w128_seed3 updates 4965/6250 episodes, total num timesteps 15891200/20000000, FPS 9833.

average episode rewards is -113.43852233886719

 Scenario simple_spread Algo rmappo Exp reference_20260925T185133Z_2dfd2f_ippo_w128_seed3 updates 4970/6250 episodes, total num timesteps 15907200/20000000, FPS 9833.

average episode rewards is -113.03482055664062

 Scenario simple_spread Algo rmappo Exp reference_20260925T185133Z_2dfd2f_ippo_w128_seed3 updates 4975/6250 episodes, total num timesteps 15923200/20000000, FPS 9833.

average episode rewards is -114.29730987548828
eval average episode rewards of agent: -106.54165979610762
eval success rate: 1.0

 Scenario simple_spread Algo rmappo Exp reference_20260925T185133Z_2dfd2f_ippo_w128_seed3 updates 4980/6250 episodes, total num timesteps 15939200/20000000, FPS 9833.

average episode rewards is -111.20893096923828

 Scenario simple_spread Algo rmappo Exp reference_20260925T185133Z_2dfd2f_ippo_w128_seed3 updates 4985/6250 episodes, total num timesteps 15955200/20000000, FPS 9833.

average episode rewards is -114.1346206665039

 Scenario simple_spread Algo rmappo Exp reference_20260925T185133Z_2dfd2f_ippo_w128_seed3 updates 4990/6250 episodes, total num timesteps 15971200/20000000, FPS 9833.

average episode rewards is -110.74383544921875

 Scenario simple_spread Algo rmappo Exp reference_20260925T185133Z_2dfd2f_ippo_w128_seed3 updates 4995/6250 episodes, total num timesteps 15987200/20000000, FPS 9834.

average episode rewards is -114.2319107055664

 Scenario simple_spread Algo rmappo Exp reference_20260925T185133Z_2dfd2f_ippo_w128_seed3 updates 5000/6250 episodes, total num timesteps 16003200/20000000, FPS 9834.

average episode rewards is -109.9456558227539
eval average episode rewards of agent: -109.31527218632272
eval success rate: 0.9

 Scenario simple_spread Algo rmappo Exp reference_20260925T185133Z_2dfd2f_ippo_w128_seed3 updates 5005/6250 episodes, total num timesteps 16019200/20000000, FPS 9833.

average episode rewards is -113.02096557617188

 Scenario simple_spread Algo rmappo Exp reference_20260925T185133Z_2dfd2f_ippo_w128_seed3 updates 5010/6250 episodes, total num timesteps 16035200/20000000, FPS 9833.

average episode rewards is -113.37602233886719

 Scenario simple_spread Algo rmappo Exp reference_20260925T185133Z_2dfd2f_ippo_w128_seed3 updates 5015/6250 episodes, total num timesteps 16051200/20000000, FPS 9833.

average episode rewards is -113.56205749511719

 Scenario simple_spread Algo rmappo Exp reference_20260925T185133Z_2dfd2f_ippo_w128_seed3 updates 5020/6250 episodes, total num timesteps 16067200/20000000, FPS 9833.

average episode rewards is -113.86962890625

 Scenario simple_spread Algo rmappo Exp reference_20260925T185133Z_2dfd2f_ippo_w128_seed3 updates 5025/6250 episodes, total num timesteps 16083200/20000000, FPS 9833.

average episode rewards is -115.17134857177734
eval average episode rewards of agent: -109.9438424402622
eval success rate: 0.95

 Scenario simple_spread Algo rmappo Exp reference_20260925T185133Z_2dfd2f_ippo_w128_seed3 updates 5030/6250 episodes, total num timesteps 16099200/20000000, FPS 9833.

average episode rewards is -111.8472671508789

 Scenario simple_spread Algo rmappo Exp reference_20260925T185133Z_2dfd2f_ippo_w128_seed3 updates 5035/6250 episodes, total num timesteps 16115200/20000000, FPS 9833.

average episode rewards is -113.85580444335938

 Scenario simple_spread Algo rmappo Exp reference_20260925T185133Z_2dfd2f_ippo_w128_seed3 updates 5040/6250 episodes, total num timesteps 16131200/20000000, FPS 9834.

average episode rewards is -113.16927337646484

 Scenario simple_spread Algo rmappo Exp reference_20260925T185133Z_2dfd2f_ippo_w128_seed3 updates 5045/6250 episodes, total num timesteps 16147200/20000000, FPS 9834.

average episode rewards is -112.29418182373047

 Scenario simple_spread Algo rmappo Exp reference_20260925T185133Z_2dfd2f_ippo_w128_seed3 updates 5050/6250 episodes, total num timesteps 16163200/20000000, FPS 9834.

average episode rewards is -112.78731536865234
eval average episode rewards of agent: -115.15386629702387
eval success rate: 0.9

 Scenario simple_spread Algo rmappo Exp reference_20260925T185133Z_2dfd2f_ippo_w128_seed3 updates 5055/6250 episodes, total num timesteps 16179200/20000000, FPS 9833.

average episode rewards is -112.22288513183594

 Scenario simple_spread Algo rmappo Exp reference_20260925T185133Z_2dfd2f_ippo_w128_seed3 updates 5060/6250 episodes, total num timesteps 16195200/20000000, FPS 9834.

average episode rewards is -111.98365783691406

 Scenario simple_spread Algo rmappo Exp reference_20260925T185133Z_2dfd2f_ippo_w128_seed3 updates 5065/6250 episodes, total num timesteps 16211200/20000000, FPS 9834.

average episode rewards is -110.80985260009766

 Scenario simple_spread Algo rmappo Exp reference_20260925T185133Z_2dfd2f_ippo_w128_seed3 updates 5070/6250 episodes, total num timesteps 16227200/20000000, FPS 9833.

average episode rewards is -111.3753662109375

 Scenario simple_spread Algo rmappo Exp reference_20260925T185133Z_2dfd2f_ippo_w128_seed3 updates 5075/6250 episodes, total num timesteps 16243200/20000000, FPS 9833.

average episode rewards is -111.13558959960938
eval average episode rewards of agent: -117.06272454274612
eval success rate: 0.95

 Scenario simple_spread Algo rmappo Exp reference_20260925T185133Z_2dfd2f_ippo_w128_seed3 updates 5080/6250 episodes, total num timesteps 16259200/20000000, FPS 9833.

average episode rewards is -112.38846588134766

 Scenario simple_spread Algo rmappo Exp reference_20260925T185133Z_2dfd2f_ippo_w128_seed3 updates 5085/6250 episodes, total num timesteps 16275200/20000000, FPS 9833.

average episode rewards is -114.75038146972656

 Scenario simple_spread Algo rmappo Exp reference_20260925T185133Z_2dfd2f_ippo_w128_seed3 updates 5090/6250 episodes, total num timesteps 16291200/20000000, FPS 9833.

average episode rewards is -114.02685546875

 Scenario simple_spread Algo rmappo Exp reference_20260925T185133Z_2dfd2f_ippo_w128_seed3 updates 5095/6250 episodes, total num timesteps 16307200/20000000, FPS 9834.

average episode rewards is -111.67342376708984

 Scenario simple_spread Algo rmappo Exp reference_20260925T185133Z_2dfd2f_ippo_w128_seed3 updates 5100/6250 episodes, total num timesteps 16323200/20000000, FPS 9834.

average episode rewards is -109.83494567871094
eval average episode rewards of agent: -114.96083579728118
eval success rate: 0.8

 Scenario simple_spread Algo rmappo Exp reference_20260925T185133Z_2dfd2f_ippo_w128_seed3 updates 5105/6250 episodes, total num timesteps 16339200/20000000, FPS 9834.

average episode rewards is -111.63789367675781

 Scenario simple_spread Algo rmappo Exp reference_20260925T185133Z_2dfd2f_ippo_w128_seed3 updates 5110/6250 episodes, total num timesteps 16355200/20000000, FPS 9834.

average episode rewards is -112.86494445800781

 Scenario simple_spread Algo rmappo Exp reference_20260925T185133Z_2dfd2f_ippo_w128_seed3 updates 5115/6250 episodes, total num timesteps 16371200/20000000, FPS 9834.

average episode rewards is -112.8027114868164

 Scenario simple_spread Algo rmappo Exp reference_20260925T185133Z_2dfd2f_ippo_w128_seed3 updates 5120/6250 episodes, total num timesteps 16387200/20000000, FPS 9834.

average episode rewards is -111.0345687866211

 Scenario simple_spread Algo rmappo Exp reference_20260925T185133Z_2dfd2f_ippo_w128_seed3 updates 5125/6250 episodes, total num timesteps 16403200/20000000, FPS 9835.

average episode rewards is -110.01739501953125
eval average episode rewards of agent: -116.56471806797589
eval success rate: 0.95

 Scenario simple_spread Algo rmappo Exp reference_20260925T185133Z_2dfd2f_ippo_w128_seed3 updates 5130/6250 episodes, total num timesteps 16419200/20000000, FPS 9834.

average episode rewards is -113.54068756103516

 Scenario simple_spread Algo rmappo Exp reference_20260925T185133Z_2dfd2f_ippo_w128_seed3 updates 5135/6250 episodes, total num timesteps 16435200/20000000, FPS 9834.

average episode rewards is -110.9685287475586

 Scenario simple_spread Algo rmappo Exp reference_20260925T185133Z_2dfd2f_ippo_w128_seed3 updates 5140/6250 episodes, total num timesteps 16451200/20000000, FPS 9834.

average episode rewards is -111.06184387207031

 Scenario simple_spread Algo rmappo Exp reference_20260925T185133Z_2dfd2f_ippo_w128_seed3 updates 5145/6250 episodes, total num timesteps 16467200/20000000, FPS 9834.

average episode rewards is -108.61958312988281

 Scenario simple_spread Algo rmappo Exp reference_20260925T185133Z_2dfd2f_ippo_w128_seed3 updates 5150/6250 episodes, total num timesteps 16483200/20000000, FPS 9834.

average episode rewards is -112.94969177246094
eval average episode rewards of agent: -113.76480553434119
eval success rate: 0.95

 Scenario simple_spread Algo rmappo Exp reference_20260925T185133Z_2dfd2f_ippo_w128_seed3 updates 5155/6250 episodes, total num timesteps 16499200/20000000, FPS 9834.

average episode rewards is -111.29419708251953

 Scenario simple_spread Algo rmappo Exp reference_20260925T185133Z_2dfd2f_ippo_w128_seed3 updates 5160/6250 episodes, total num timesteps 16515200/20000000, FPS 9834.

average episode rewards is -113.31787109375

 Scenario simple_spread Algo rmappo Exp reference_20260925T185133Z_2dfd2f_ippo_w128_seed3 updates 5165/6250 episodes, total num timesteps 16531200/20000000, FPS 9834.

average episode rewards is -113.15555572509766

 Scenario simple_spread Algo rmappo Exp reference_20260925T185133Z_2dfd2f_ippo_w128_seed3 updates 5170/6250 episodes, total num timesteps 16547200/20000000, FPS 9835.

average episode rewards is -114.01746368408203

 Scenario simple_spread Algo rmappo Exp reference_20260925T185133Z_2dfd2f_ippo_w128_seed3 updates 5175/6250 episodes, total num timesteps 16563200/20000000, FPS 9835.

average episode rewards is -112.96818542480469
eval average episode rewards of agent: -114.12502859916172
eval success rate: 0.85

 Scenario simple_spread Algo rmappo Exp reference_20260925T185133Z_2dfd2f_ippo_w128_seed3 updates 5180/6250 episodes, total num timesteps 16579200/20000000, FPS 9835.

average episode rewards is -113.54954528808594

 Scenario simple_spread Algo rmappo Exp reference_20260925T185133Z_2dfd2f_ippo_w128_seed3 updates 5185/6250 episodes, total num timesteps 16595200/20000000, FPS 9835.

average episode rewards is -112.61638641357422

 Scenario simple_spread Algo rmappo Exp reference_20260925T185133Z_2dfd2f_ippo_w128_seed3 updates 5190/6250 episodes, total num timesteps 16611200/20000000, FPS 9836.

average episode rewards is -111.35340881347656

 Scenario simple_spread Algo rmappo Exp reference_20260925T185133Z_2dfd2f_ippo_w128_seed3 updates 5195/6250 episodes, total num timesteps 16627200/20000000, FPS 9835.

average episode rewards is -113.5285873413086

 Scenario simple_spread Algo rmappo Exp reference_20260925T185133Z_2dfd2f_ippo_w128_seed3 updates 5200/6250 episodes, total num timesteps 16643200/20000000, FPS 9835.

average episode rewards is -110.86056518554688
eval average episode rewards of agent: -117.9865122094121
eval success rate: 0.8

 Scenario simple_spread Algo rmappo Exp reference_20260925T185133Z_2dfd2f_ippo_w128_seed3 updates 5205/6250 episodes, total num timesteps 16659200/20000000, FPS 9835.

average episode rewards is -113.12415313720703

 Scenario simple_spread Algo rmappo Exp reference_20260925T185133Z_2dfd2f_ippo_w128_seed3 updates 5210/6250 episodes, total num timesteps 16675200/20000000, FPS 9835.

average episode rewards is -111.89134979248047

 Scenario simple_spread Algo rmappo Exp reference_20260925T185133Z_2dfd2f_ippo_w128_seed3 updates 5215/6250 episodes, total num timesteps 16691200/20000000, FPS 9835.

average episode rewards is -112.88761901855469

 Scenario simple_spread Algo rmappo Exp reference_20260925T185133Z_2dfd2f_ippo_w128_seed3 updates 5220/6250 episodes, total num timesteps 16707200/20000000, FPS 9835.

average episode rewards is -112.30777740478516

 Scenario simple_spread Algo rmappo Exp reference_20260925T185133Z_2dfd2f_ippo_w128_seed3 updates 5225/6250 episodes, total num timesteps 16723200/20000000, FPS 9835.

average episode rewards is -113.30621337890625
eval average episode rewards of agent: -113.34335927273966
eval success rate: 0.95

 Scenario simple_spread Algo rmappo Exp reference_20260925T185133Z_2dfd2f_ippo_w128_seed3 updates 5230/6250 episodes, total num timesteps 16739200/20000000, FPS 9835.

average episode rewards is -110.8265380859375

 Scenario simple_spread Algo rmappo Exp reference_20260925T185133Z_2dfd2f_ippo_w128_seed3 updates 5235/6250 episodes, total num timesteps 16755200/20000000, FPS 9835.

average episode rewards is -112.62584686279297

 Scenario simple_spread Algo rmappo Exp reference_20260925T185133Z_2dfd2f_ippo_w128_seed3 updates 5240/6250 episodes, total num timesteps 16771200/20000000, FPS 9835.

average episode rewards is -110.234619140625

 Scenario simple_spread Algo rmappo Exp reference_20260925T185133Z_2dfd2f_ippo_w128_seed3 updates 5245/6250 episodes, total num timesteps 16787200/20000000, FPS 9836.

average episode rewards is -111.64775848388672

 Scenario simple_spread Algo rmappo Exp reference_20260925T185133Z_2dfd2f_ippo_w128_seed3 updates 5250/6250 episodes, total num timesteps 16803200/20000000, FPS 9836.

average episode rewards is -113.3162841796875
eval average episode rewards of agent: -110.77821386204299
eval success rate: 0.95

 Scenario simple_spread Algo rmappo Exp reference_20260925T185133Z_2dfd2f_ippo_w128_seed3 updates 5255/6250 episodes, total num timesteps 16819200/20000000, FPS 9835.

average episode rewards is -112.4834213256836

 Scenario simple_spread Algo rmappo Exp reference_20260925T185133Z_2dfd2f_ippo_w128_seed3 updates 5260/6250 episodes, total num timesteps 16835200/20000000, FPS 9835.

average episode rewards is -112.04823303222656

 Scenario simple_spread Algo rmappo Exp reference_20260925T185133Z_2dfd2f_ippo_w128_seed3 updates 5265/6250 episodes, total num timesteps 16851200/20000000, FPS 9835.

average episode rewards is -112.01554870605469

 Scenario simple_spread Algo rmappo Exp reference_20260925T185133Z_2dfd2f_ippo_w128_seed3 updates 5270/6250 episodes, total num timesteps 16867200/20000000, FPS 9835.

average episode rewards is -115.31219482421875

 Scenario simple_spread Algo rmappo Exp reference_20260925T185133Z_2dfd2f_ippo_w128_seed3 updates 5275/6250 episodes, total num timesteps 16883200/20000000, FPS 9835.

average episode rewards is -113.0660629272461
eval average episode rewards of agent: -109.70887105819924
eval success rate: 0.95

 Scenario simple_spread Algo rmappo Exp reference_20260925T185133Z_2dfd2f_ippo_w128_seed3 updates 5280/6250 episodes, total num timesteps 16899200/20000000, FPS 9835.

average episode rewards is -113.20796203613281

 Scenario simple_spread Algo rmappo Exp reference_20260925T185133Z_2dfd2f_ippo_w128_seed3 updates 5285/6250 episodes, total num timesteps 16915200/20000000, FPS 9835.

average episode rewards is -114.38151550292969

 Scenario simple_spread Algo rmappo Exp reference_20260925T185133Z_2dfd2f_ippo_w128_seed3 updates 5290/6250 episodes, total num timesteps 16931200/20000000, FPS 9836.

average episode rewards is -114.01668548583984

 Scenario simple_spread Algo rmappo Exp reference_20260925T185133Z_2dfd2f_ippo_w128_seed3 updates 5295/6250 episodes, total num timesteps 16947200/20000000, FPS 9836.

average episode rewards is -113.38861846923828

 Scenario simple_spread Algo rmappo Exp reference_20260925T185133Z_2dfd2f_ippo_w128_seed3 updates 5300/6250 episodes, total num timesteps 16963200/20000000, FPS 9836.

average episode rewards is -110.72200775146484
eval average episode rewards of agent: -118.60465138821317
eval success rate: 0.85

 Scenario simple_spread Algo rmappo Exp reference_20260925T185133Z_2dfd2f_ippo_w128_seed3 updates 5305/6250 episodes, total num timesteps 16979200/20000000, FPS 9836.

average episode rewards is -113.24541473388672

 Scenario simple_spread Algo rmappo Exp reference_20260925T185133Z_2dfd2f_ippo_w128_seed3 updates 5310/6250 episodes, total num timesteps 16995200/20000000, FPS 9836.

average episode rewards is -110.6276626586914

 Scenario simple_spread Algo rmappo Exp reference_20260925T185133Z_2dfd2f_ippo_w128_seed3 updates 5315/6250 episodes, total num timesteps 17011200/20000000, FPS 9835.

average episode rewards is -111.6871109008789

 Scenario simple_spread Algo rmappo Exp reference_20260925T185133Z_2dfd2f_ippo_w128_seed3 updates 5320/6250 episodes, total num timesteps 17027200/20000000, FPS 9835.

average episode rewards is -110.66263580322266

 Scenario simple_spread Algo rmappo Exp reference_20260925T185133Z_2dfd2f_ippo_w128_seed3 updates 5325/6250 episodes, total num timesteps 17043200/20000000, FPS 9835.

average episode rewards is -112.55546569824219
eval average episode rewards of agent: -116.48414648852984
eval success rate: 0.9

 Scenario simple_spread Algo rmappo Exp reference_20260925T185133Z_2dfd2f_ippo_w128_seed3 updates 5330/6250 episodes, total num timesteps 17059200/20000000, FPS 9835.

average episode rewards is -113.42292022705078

 Scenario simple_spread Algo rmappo Exp reference_20260925T185133Z_2dfd2f_ippo_w128_seed3 updates 5335/6250 episodes, total num timesteps 17075200/20000000, FPS 9835.

average episode rewards is -111.65071868896484

 Scenario simple_spread Algo rmappo Exp reference_20260925T185133Z_2dfd2f_ippo_w128_seed3 updates 5340/6250 episodes, total num timesteps 17091200/20000000, FPS 9835.

average episode rewards is -111.04727935791016

 Scenario simple_spread Algo rmappo Exp reference_20260925T185133Z_2dfd2f_ippo_w128_seed3 updates 5345/6250 episodes, total num timesteps 17107200/20000000, FPS 9836.

average episode rewards is -111.78826141357422

 Scenario simple_spread Algo rmappo Exp reference_20260925T185133Z_2dfd2f_ippo_w128_seed3 updates 5350/6250 episodes, total num timesteps 17123200/20000000, FPS 9836.

average episode rewards is -112.66309356689453
eval average episode rewards of agent: -110.52223209434113
eval success rate: 1.0

 Scenario simple_spread Algo rmappo Exp reference_20260925T185133Z_2dfd2f_ippo_w128_seed3 updates 5355/6250 episodes, total num timesteps 17139200/20000000, FPS 9836.

average episode rewards is -116.2833480834961

 Scenario simple_spread Algo rmappo Exp reference_20260925T185133Z_2dfd2f_ippo_w128_seed3 updates 5360/6250 episodes, total num timesteps 17155200/20000000, FPS 9835.

average episode rewards is -112.29627990722656

 Scenario simple_spread Algo rmappo Exp reference_20260925T185133Z_2dfd2f_ippo_w128_seed3 updates 5365/6250 episodes, total num timesteps 17171200/20000000, FPS 9836.

average episode rewards is -110.50238800048828

 Scenario simple_spread Algo rmappo Exp reference_20260925T185133Z_2dfd2f_ippo_w128_seed3 updates 5370/6250 episodes, total num timesteps 17187200/20000000, FPS 9836.

average episode rewards is -113.74537658691406

 Scenario simple_spread Algo rmappo Exp reference_20260925T185133Z_2dfd2f_ippo_w128_seed3 updates 5375/6250 episodes, total num timesteps 17203200/20000000, FPS 9835.

average episode rewards is -112.24210357666016
eval average episode rewards of agent: -106.8045798274214
eval success rate: 0.9

 Scenario simple_spread Algo rmappo Exp reference_20260925T185133Z_2dfd2f_ippo_w128_seed3 updates 5380/6250 episodes, total num timesteps 17219200/20000000, FPS 9835.

average episode rewards is -112.40216827392578

 Scenario simple_spread Algo rmappo Exp reference_20260925T185133Z_2dfd2f_ippo_w128_seed3 updates 5385/6250 episodes, total num timesteps 17235200/20000000, FPS 9835.

average episode rewards is -110.5427017211914

 Scenario simple_spread Algo rmappo Exp reference_20260925T185133Z_2dfd2f_ippo_w128_seed3 updates 5390/6250 episodes, total num timesteps 17251200/20000000, FPS 9835.

average episode rewards is -112.51009368896484

 Scenario simple_spread Algo rmappo Exp reference_20260925T185133Z_2dfd2f_ippo_w128_seed3 updates 5395/6250 episodes, total num timesteps 17267200/20000000, FPS 9835.

average episode rewards is -109.9964370727539

 Scenario simple_spread Algo rmappo Exp reference_20260925T185133Z_2dfd2f_ippo_w128_seed3 updates 5400/6250 episodes, total num timesteps 17283200/20000000, FPS 9835.

average episode rewards is -112.52616882324219
eval average episode rewards of agent: -114.10916206368475
eval success rate: 0.95

 Scenario simple_spread Algo rmappo Exp reference_20260925T185133Z_2dfd2f_ippo_w128_seed3 updates 5405/6250 episodes, total num timesteps 17299200/20000000, FPS 9835.

average episode rewards is -113.39727783203125

 Scenario simple_spread Algo rmappo Exp reference_20260925T185133Z_2dfd2f_ippo_w128_seed3 updates 5410/6250 episodes, total num timesteps 17315200/20000000, FPS 9835.

average episode rewards is -109.957275390625

 Scenario simple_spread Algo rmappo Exp reference_20260925T185133Z_2dfd2f_ippo_w128_seed3 updates 5415/6250 episodes, total num timesteps 17331200/20000000, FPS 9835.

average episode rewards is -115.055908203125

 Scenario simple_spread Algo rmappo Exp reference_20260925T185133Z_2dfd2f_ippo_w128_seed3 updates 5420/6250 episodes, total num timesteps 17347200/20000000, FPS 9835.

average episode rewards is -114.3299789428711

 Scenario simple_spread Algo rmappo Exp reference_20260925T185133Z_2dfd2f_ippo_w128_seed3 updates 5425/6250 episodes, total num timesteps 17363200/20000000, FPS 9835.

average episode rewards is -112.17884063720703
eval average episode rewards of agent: -117.27606740040976
eval success rate: 0.9

 Scenario simple_spread Algo rmappo Exp reference_20260925T185133Z_2dfd2f_ippo_w128_seed3 updates 5430/6250 episodes, total num timesteps 17379200/20000000, FPS 9835.

average episode rewards is -112.76602935791016

 Scenario simple_spread Algo rmappo Exp reference_20260925T185133Z_2dfd2f_ippo_w128_seed3 updates 5435/6250 episodes, total num timesteps 17395200/20000000, FPS 9834.

average episode rewards is -110.3641128540039

 Scenario simple_spread Algo rmappo Exp reference_20260925T185133Z_2dfd2f_ippo_w128_seed3 updates 5440/6250 episodes, total num timesteps 17411200/20000000, FPS 9834.

average episode rewards is -113.19296264648438

 Scenario simple_spread Algo rmappo Exp reference_20260925T185133Z_2dfd2f_ippo_w128_seed3 updates 5445/6250 episodes, total num timesteps 17427200/20000000, FPS 9835.

average episode rewards is -111.52812194824219

 Scenario simple_spread Algo rmappo Exp reference_20260925T185133Z_2dfd2f_ippo_w128_seed3 updates 5450/6250 episodes, total num timesteps 17443200/20000000, FPS 9835.

average episode rewards is -114.65227508544922
eval average episode rewards of agent: -107.44651828651176
eval success rate: 0.9

 Scenario simple_spread Algo rmappo Exp reference_20260925T185133Z_2dfd2f_ippo_w128_seed3 updates 5455/6250 episodes, total num timesteps 17459200/20000000, FPS 9835.

average episode rewards is -112.04672241210938

 Scenario simple_spread Algo rmappo Exp reference_20260925T185133Z_2dfd2f_ippo_w128_seed3 updates 5460/6250 episodes, total num timesteps 17475200/20000000, FPS 9835.

average episode rewards is -112.48619842529297

 Scenario simple_spread Algo rmappo Exp reference_20260925T185133Z_2dfd2f_ippo_w128_seed3 updates 5465/6250 episodes, total num timesteps 17491200/20000000, FPS 9835.

average episode rewards is -112.89838409423828

 Scenario simple_spread Algo rmappo Exp reference_20260925T185133Z_2dfd2f_ippo_w128_seed3 updates 5470/6250 episodes, total num timesteps 17507200/20000000, FPS 9835.

average episode rewards is -115.01384735107422

 Scenario simple_spread Algo rmappo Exp reference_20260925T185133Z_2dfd2f_ippo_w128_seed3 updates 5475/6250 episodes, total num timesteps 17523200/20000000, FPS 9835.

average episode rewards is -111.57919311523438
eval average episode rewards of agent: -113.31449860495037
eval success rate: 0.95

 Scenario simple_spread Algo rmappo Exp reference_20260925T185133Z_2dfd2f_ippo_w128_seed3 updates 5480/6250 episodes, total num timesteps 17539200/20000000, FPS 9835.

average episode rewards is -114.28829193115234

 Scenario simple_spread Algo rmappo Exp reference_20260925T185133Z_2dfd2f_ippo_w128_seed3 updates 5485/6250 episodes, total num timesteps 17555200/20000000, FPS 9835.

average episode rewards is -109.88301086425781

 Scenario simple_spread Algo rmappo Exp reference_20260925T185133Z_2dfd2f_ippo_w128_seed3 updates 5490/6250 episodes, total num timesteps 17571200/20000000, FPS 9835.

average episode rewards is -111.59666442871094

 Scenario simple_spread Algo rmappo Exp reference_20260925T185133Z_2dfd2f_ippo_w128_seed3 updates 5495/6250 episodes, total num timesteps 17587200/20000000, FPS 9834.

average episode rewards is -113.34556579589844

 Scenario simple_spread Algo rmappo Exp reference_20260925T185133Z_2dfd2f_ippo_w128_seed3 updates 5500/6250 episodes, total num timesteps 17603200/20000000, FPS 9834.

average episode rewards is -112.09320068359375
eval average episode rewards of agent: -112.23123476524196
eval success rate: 0.95

 Scenario simple_spread Algo rmappo Exp reference_20260925T185133Z_2dfd2f_ippo_w128_seed3 updates 5505/6250 episodes, total num timesteps 17619200/20000000, FPS 9834.

average episode rewards is -112.08927917480469

 Scenario simple_spread Algo rmappo Exp reference_20260925T185133Z_2dfd2f_ippo_w128_seed3 updates 5510/6250 episodes, total num timesteps 17635200/20000000, FPS 9834.

average episode rewards is -113.57572937011719

 Scenario simple_spread Algo rmappo Exp reference_20260925T185133Z_2dfd2f_ippo_w128_seed3 updates 5515/6250 episodes, total num timesteps 17651200/20000000, FPS 9834.

average episode rewards is -113.7796859741211

 Scenario simple_spread Algo rmappo Exp reference_20260925T185133Z_2dfd2f_ippo_w128_seed3 updates 5520/6250 episodes, total num timesteps 17667200/20000000, FPS 9834.

average episode rewards is -112.45989990234375

 Scenario simple_spread Algo rmappo Exp reference_20260925T185133Z_2dfd2f_ippo_w128_seed3 updates 5525/6250 episodes, total num timesteps 17683200/20000000, FPS 9834.

average episode rewards is -114.00932312011719
eval average episode rewards of agent: -106.55800021392088
eval success rate: 0.85

 Scenario simple_spread Algo rmappo Exp reference_20260925T185133Z_2dfd2f_ippo_w128_seed3 updates 5530/6250 episodes, total num timesteps 17699200/20000000, FPS 9834.

average episode rewards is -110.97212982177734

 Scenario simple_spread Algo rmappo Exp reference_20260925T185133Z_2dfd2f_ippo_w128_seed3 updates 5535/6250 episodes, total num timesteps 17715200/20000000, FPS 9834.

average episode rewards is -112.99796295166016

 Scenario simple_spread Algo rmappo Exp reference_20260925T185133Z_2dfd2f_ippo_w128_seed3 updates 5540/6250 episodes, total num timesteps 17731200/20000000, FPS 9834.

average episode rewards is -110.72330474853516

 Scenario simple_spread Algo rmappo Exp reference_20260925T185133Z_2dfd2f_ippo_w128_seed3 updates 5545/6250 episodes, total num timesteps 17747200/20000000, FPS 9834.

average episode rewards is -114.33863830566406

 Scenario simple_spread Algo rmappo Exp reference_20260925T185133Z_2dfd2f_ippo_w128_seed3 updates 5550/6250 episodes, total num timesteps 17763200/20000000, FPS 9834.

average episode rewards is -109.67754364013672
eval average episode rewards of agent: -109.75098958120702
eval success rate: 0.95

 Scenario simple_spread Algo rmappo Exp reference_20260925T185133Z_2dfd2f_ippo_w128_seed3 updates 5555/6250 episodes, total num timesteps 17779200/20000000, FPS 9833.

average episode rewards is -110.87298583984375

 Scenario simple_spread Algo rmappo Exp reference_20260925T185133Z_2dfd2f_ippo_w128_seed3 updates 5560/6250 episodes, total num timesteps 17795200/20000000, FPS 9833.

average episode rewards is -112.79046630859375

 Scenario simple_spread Algo rmappo Exp reference_20260925T185133Z_2dfd2f_ippo_w128_seed3 updates 5565/6250 episodes, total num timesteps 17811200/20000000, FPS 9833.

average episode rewards is -112.95954895019531

 Scenario simple_spread Algo rmappo Exp reference_20260925T185133Z_2dfd2f_ippo_w128_seed3 updates 5570/6250 episodes, total num timesteps 17827200/20000000, FPS 9833.

average episode rewards is -114.6587142944336

 Scenario simple_spread Algo rmappo Exp reference_20260925T185133Z_2dfd2f_ippo_w128_seed3 updates 5575/6250 episodes, total num timesteps 17843200/20000000, FPS 9833.

average episode rewards is -111.57661437988281
eval average episode rewards of agent: -113.11169994522447
eval success rate: 0.85

 Scenario simple_spread Algo rmappo Exp reference_20260925T185133Z_2dfd2f_ippo_w128_seed3 updates 5580/6250 episodes, total num timesteps 17859200/20000000, FPS 9833.

average episode rewards is -113.02445983886719

 Scenario simple_spread Algo rmappo Exp reference_20260925T185133Z_2dfd2f_ippo_w128_seed3 updates 5585/6250 episodes, total num timesteps 17875200/20000000, FPS 9833.

average episode rewards is -113.26246643066406

 Scenario simple_spread Algo rmappo Exp reference_20260925T185133Z_2dfd2f_ippo_w128_seed3 updates 5590/6250 episodes, total num timesteps 17891200/20000000, FPS 9833.

average episode rewards is -111.91130065917969

 Scenario simple_spread Algo rmappo Exp reference_20260925T185133Z_2dfd2f_ippo_w128_seed3 updates 5595/6250 episodes, total num timesteps 17907200/20000000, FPS 9833.

average episode rewards is -113.29132080078125

 Scenario simple_spread Algo rmappo Exp reference_20260925T185133Z_2dfd2f_ippo_w128_seed3 updates 5600/6250 episodes, total num timesteps 17923200/20000000, FPS 9833.

average episode rewards is -112.23021697998047
eval average episode rewards of agent: -106.77719278892855
eval success rate: 0.95

 Scenario simple_spread Algo rmappo Exp reference_20260925T185133Z_2dfd2f_ippo_w128_seed3 updates 5605/6250 episodes, total num timesteps 17939200/20000000, FPS 9832.

average episode rewards is -112.6318130493164

 Scenario simple_spread Algo rmappo Exp reference_20260925T185133Z_2dfd2f_ippo_w128_seed3 updates 5610/6250 episodes, total num timesteps 17955200/20000000, FPS 9832.

average episode rewards is -113.71532440185547

 Scenario simple_spread Algo rmappo Exp reference_20260925T185133Z_2dfd2f_ippo_w128_seed3 updates 5615/6250 episodes, total num timesteps 17971200/20000000, FPS 9832.

average episode rewards is -113.46289825439453

 Scenario simple_spread Algo rmappo Exp reference_20260925T185133Z_2dfd2f_ippo_w128_seed3 updates 5620/6250 episodes, total num timesteps 17987200/20000000, FPS 9832.

average episode rewards is -112.8663330078125

 Scenario simple_spread Algo rmappo Exp reference_20260925T185133Z_2dfd2f_ippo_w128_seed3 updates 5625/6250 episodes, total num timesteps 18003200/20000000, FPS 9832.

average episode rewards is -111.12650299072266
eval average episode rewards of agent: -107.62698806921097
eval success rate: 1.0

 Scenario simple_spread Algo rmappo Exp reference_20260925T185133Z_2dfd2f_ippo_w128_seed3 updates 5630/6250 episodes, total num timesteps 18019200/20000000, FPS 9832.

average episode rewards is -114.0944595336914

 Scenario simple_spread Algo rmappo Exp reference_20260925T185133Z_2dfd2f_ippo_w128_seed3 updates 5635/6250 episodes, total num timesteps 18035200/20000000, FPS 9832.

average episode rewards is -112.34192657470703

 Scenario simple_spread Algo rmappo Exp reference_20260925T185133Z_2dfd2f_ippo_w128_seed3 updates 5640/6250 episodes, total num timesteps 18051200/20000000, FPS 9832.

average episode rewards is -111.87260437011719

 Scenario simple_spread Algo rmappo Exp reference_20260925T185133Z_2dfd2f_ippo_w128_seed3 updates 5645/6250 episodes, total num timesteps 18067200/20000000, FPS 9833.

average episode rewards is -113.1179428100586

 Scenario simple_spread Algo rmappo Exp reference_20260925T185133Z_2dfd2f_ippo_w128_seed3 updates 5650/6250 episodes, total num timesteps 18083200/20000000, FPS 9832.

average episode rewards is -110.68418884277344
eval average episode rewards of agent: -112.60538009624209
eval success rate: 0.65

 Scenario simple_spread Algo rmappo Exp reference_20260925T185133Z_2dfd2f_ippo_w128_seed3 updates 5655/6250 episodes, total num timesteps 18099200/20000000, FPS 9832.

average episode rewards is -113.10453796386719

 Scenario simple_spread Algo rmappo Exp reference_20260925T185133Z_2dfd2f_ippo_w128_seed3 updates 5660/6250 episodes, total num timesteps 18115200/20000000, FPS 9832.

average episode rewards is -111.69917297363281

 Scenario simple_spread Algo rmappo Exp reference_20260925T185133Z_2dfd2f_ippo_w128_seed3 updates 5665/6250 episodes, total num timesteps 18131200/20000000, FPS 9832.

average episode rewards is -110.40228271484375

 Scenario simple_spread Algo rmappo Exp reference_20260925T185133Z_2dfd2f_ippo_w128_seed3 updates 5670/6250 episodes, total num timesteps 18147200/20000000, FPS 9832.

average episode rewards is -114.83255767822266

 Scenario simple_spread Algo rmappo Exp reference_20260925T185133Z_2dfd2f_ippo_w128_seed3 updates 5675/6250 episodes, total num timesteps 18163200/20000000, FPS 9831.

average episode rewards is -113.18090057373047
eval average episode rewards of agent: -110.73173181344958
eval success rate: 0.95

 Scenario simple_spread Algo rmappo Exp reference_20260925T185133Z_2dfd2f_ippo_w128_seed3 updates 5680/6250 episodes, total num timesteps 18179200/20000000, FPS 9831.

average episode rewards is -113.39801788330078

 Scenario simple_spread Algo rmappo Exp reference_20260925T185133Z_2dfd2f_ippo_w128_seed3 updates 5685/6250 episodes, total num timesteps 18195200/20000000, FPS 9831.

average episode rewards is -114.08604431152344

 Scenario simple_spread Algo rmappo Exp reference_20260925T185133Z_2dfd2f_ippo_w128_seed3 updates 5690/6250 episodes, total num timesteps 18211200/20000000, FPS 9831.

average episode rewards is -114.28954315185547

 Scenario simple_spread Algo rmappo Exp reference_20260925T185133Z_2dfd2f_ippo_w128_seed3 updates 5695/6250 episodes, total num timesteps 18227200/20000000, FPS 9831.

average episode rewards is -111.24925231933594

 Scenario simple_spread Algo rmappo Exp reference_20260925T185133Z_2dfd2f_ippo_w128_seed3 updates 5700/6250 episodes, total num timesteps 18243200/20000000, FPS 9831.

average episode rewards is -111.98247528076172
eval average episode rewards of agent: -113.01173007689016
eval success rate: 0.95

 Scenario simple_spread Algo rmappo Exp reference_20260925T185133Z_2dfd2f_ippo_w128_seed3 updates 5705/6250 episodes, total num timesteps 18259200/20000000, FPS 9831.

average episode rewards is -113.37161254882812

 Scenario simple_spread Algo rmappo Exp reference_20260925T185133Z_2dfd2f_ippo_w128_seed3 updates 5710/6250 episodes, total num timesteps 18275200/20000000, FPS 9831.

average episode rewards is -112.27010345458984

 Scenario simple_spread Algo rmappo Exp reference_20260925T185133Z_2dfd2f_ippo_w128_seed3 updates 5715/6250 episodes, total num timesteps 18291200/20000000, FPS 9831.

average episode rewards is -111.28202819824219

 Scenario simple_spread Algo rmappo Exp reference_20260925T185133Z_2dfd2f_ippo_w128_seed3 updates 5720/6250 episodes, total num timesteps 18307200/20000000, FPS 9831.

average episode rewards is -110.3190689086914

 Scenario simple_spread Algo rmappo Exp reference_20260925T185133Z_2dfd2f_ippo_w128_seed3 updates 5725/6250 episodes, total num timesteps 18323200/20000000, FPS 9831.

average episode rewards is -112.57511138916016
eval average episode rewards of agent: -113.5704537762326
eval success rate: 0.95

 Scenario simple_spread Algo rmappo Exp reference_20260925T185133Z_2dfd2f_ippo_w128_seed3 updates 5730/6250 episodes, total num timesteps 18339200/20000000, FPS 9831.

average episode rewards is -112.4638900756836

 Scenario simple_spread Algo rmappo Exp reference_20260925T185133Z_2dfd2f_ippo_w128_seed3 updates 5735/6250 episodes, total num timesteps 18355200/20000000, FPS 9831.

average episode rewards is -113.1231460571289

 Scenario simple_spread Algo rmappo Exp reference_20260925T185133Z_2dfd2f_ippo_w128_seed3 updates 5740/6250 episodes, total num timesteps 18371200/20000000, FPS 9831.

average episode rewards is -112.76737213134766

 Scenario simple_spread Algo rmappo Exp reference_20260925T185133Z_2dfd2f_ippo_w128_seed3 updates 5745/6250 episodes, total num timesteps 18387200/20000000, FPS 9831.

average episode rewards is -111.32744598388672

 Scenario simple_spread Algo rmappo Exp reference_20260925T185133Z_2dfd2f_ippo_w128_seed3 updates 5750/6250 episodes, total num timesteps 18403200/20000000, FPS 9831.

average episode rewards is -112.05889129638672
eval average episode rewards of agent: -110.97900625704591
eval success rate: 0.95

 Scenario simple_spread Algo rmappo Exp reference_20260925T185133Z_2dfd2f_ippo_w128_seed3 updates 5755/6250 episodes, total num timesteps 18419200/20000000, FPS 9831.

average episode rewards is -113.4281997680664

 Scenario simple_spread Algo rmappo Exp reference_20260925T185133Z_2dfd2f_ippo_w128_seed3 updates 5760/6250 episodes, total num timesteps 18435200/20000000, FPS 9831.

average episode rewards is -112.8733139038086

 Scenario simple_spread Algo rmappo Exp reference_20260925T185133Z_2dfd2f_ippo_w128_seed3 updates 5765/6250 episodes, total num timesteps 18451200/20000000, FPS 9831.

average episode rewards is -112.27240753173828

 Scenario simple_spread Algo rmappo Exp reference_20260925T185133Z_2dfd2f_ippo_w128_seed3 updates 5770/6250 episodes, total num timesteps 18467200/20000000, FPS 9831.

average episode rewards is -114.69110107421875

 Scenario simple_spread Algo rmappo Exp reference_20260925T185133Z_2dfd2f_ippo_w128_seed3 updates 5775/6250 episodes, total num timesteps 18483200/20000000, FPS 9831.

average episode rewards is -112.51737213134766
eval average episode rewards of agent: -115.05546498970001
eval success rate: 0.95

 Scenario simple_spread Algo rmappo Exp reference_20260925T185133Z_2dfd2f_ippo_w128_seed3 updates 5780/6250 episodes, total num timesteps 18499200/20000000, FPS 9831.

average episode rewards is -112.84750366210938

 Scenario simple_spread Algo rmappo Exp reference_20260925T185133Z_2dfd2f_ippo_w128_seed3 updates 5785/6250 episodes, total num timesteps 18515200/20000000, FPS 9831.

average episode rewards is -109.6980209350586

 Scenario simple_spread Algo rmappo Exp reference_20260925T185133Z_2dfd2f_ippo_w128_seed3 updates 5790/6250 episodes, total num timesteps 18531200/20000000, FPS 9831.

average episode rewards is -114.08292388916016

 Scenario simple_spread Algo rmappo Exp reference_20260925T185133Z_2dfd2f_ippo_w128_seed3 updates 5795/6250 episodes, total num timesteps 18547200/20000000, FPS 9831.

average episode rewards is -113.37970733642578

 Scenario simple_spread Algo rmappo Exp reference_20260925T185133Z_2dfd2f_ippo_w128_seed3 updates 5800/6250 episodes, total num timesteps 18563200/20000000, FPS 9831.

average episode rewards is -111.1770248413086
eval average episode rewards of agent: -108.2434843766557
eval success rate: 0.9

 Scenario simple_spread Algo rmappo Exp reference_20260925T185133Z_2dfd2f_ippo_w128_seed3 updates 5805/6250 episodes, total num timesteps 18579200/20000000, FPS 9831.

average episode rewards is -110.91984558105469

 Scenario simple_spread Algo rmappo Exp reference_20260925T185133Z_2dfd2f_ippo_w128_seed3 updates 5810/6250 episodes, total num timesteps 18595200/20000000, FPS 9831.

average episode rewards is -111.86634063720703

 Scenario simple_spread Algo rmappo Exp reference_20260925T185133Z_2dfd2f_ippo_w128_seed3 updates 5815/6250 episodes, total num timesteps 18611200/20000000, FPS 9831.

average episode rewards is -115.09471893310547

 Scenario simple_spread Algo rmappo Exp reference_20260925T185133Z_2dfd2f_ippo_w128_seed3 updates 5820/6250 episodes, total num timesteps 18627200/20000000, FPS 9831.

average episode rewards is -111.79798889160156

 Scenario simple_spread Algo rmappo Exp reference_20260925T185133Z_2dfd2f_ippo_w128_seed3 updates 5825/6250 episodes, total num timesteps 18643200/20000000, FPS 9831.

average episode rewards is -111.712646484375
eval average episode rewards of agent: -108.16436614271673
eval success rate: 0.9

 Scenario simple_spread Algo rmappo Exp reference_20260925T185133Z_2dfd2f_ippo_w128_seed3 updates 5830/6250 episodes, total num timesteps 18659200/20000000, FPS 9831.

average episode rewards is -113.75174713134766

 Scenario simple_spread Algo rmappo Exp reference_20260925T185133Z_2dfd2f_ippo_w128_seed3 updates 5835/6250 episodes, total num timesteps 18675200/20000000, FPS 9831.

average episode rewards is -111.75857543945312

 Scenario simple_spread Algo rmappo Exp reference_20260925T185133Z_2dfd2f_ippo_w128_seed3 updates 5840/6250 episodes, total num timesteps 18691200/20000000, FPS 9831.

average episode rewards is -112.55181884765625

 Scenario simple_spread Algo rmappo Exp reference_20260925T185133Z_2dfd2f_ippo_w128_seed3 updates 5845/6250 episodes, total num timesteps 18707200/20000000, FPS 9831.

average episode rewards is -113.57447052001953

 Scenario simple_spread Algo rmappo Exp reference_20260925T185133Z_2dfd2f_ippo_w128_seed3 updates 5850/6250 episodes, total num timesteps 18723200/20000000, FPS 9831.

average episode rewards is -114.0180435180664
eval average episode rewards of agent: -109.81727125954804
eval success rate: 0.95

 Scenario simple_spread Algo rmappo Exp reference_20260925T185133Z_2dfd2f_ippo_w128_seed3 updates 5855/6250 episodes, total num timesteps 18739200/20000000, FPS 9831.

average episode rewards is -113.69408416748047

 Scenario simple_spread Algo rmappo Exp reference_20260925T185133Z_2dfd2f_ippo_w128_seed3 updates 5860/6250 episodes, total num timesteps 18755200/20000000, FPS 9830.

average episode rewards is -114.21044158935547

 Scenario simple_spread Algo rmappo Exp reference_20260925T185133Z_2dfd2f_ippo_w128_seed3 updates 5865/6250 episodes, total num timesteps 18771200/20000000, FPS 9830.

average episode rewards is -111.18748474121094

 Scenario simple_spread Algo rmappo Exp reference_20260925T185133Z_2dfd2f_ippo_w128_seed3 updates 5870/6250 episodes, total num timesteps 18787200/20000000, FPS 9830.

average episode rewards is -111.84773254394531

 Scenario simple_spread Algo rmappo Exp reference_20260925T185133Z_2dfd2f_ippo_w128_seed3 updates 5875/6250 episodes, total num timesteps 18803200/20000000, FPS 9830.

average episode rewards is -111.87223052978516
eval average episode rewards of agent: -117.29201265742086
eval success rate: 0.95

 Scenario simple_spread Algo rmappo Exp reference_20260925T185133Z_2dfd2f_ippo_w128_seed3 updates 5880/6250 episodes, total num timesteps 18819200/20000000, FPS 9830.

average episode rewards is -110.88336944580078

 Scenario simple_spread Algo rmappo Exp reference_20260925T185133Z_2dfd2f_ippo_w128_seed3 updates 5885/6250 episodes, total num timesteps 18835200/20000000, FPS 9830.

average episode rewards is -113.38227844238281

 Scenario simple_spread Algo rmappo Exp reference_20260925T185133Z_2dfd2f_ippo_w128_seed3 updates 5890/6250 episodes, total num timesteps 18851200/20000000, FPS 9830.

average episode rewards is -111.88592529296875

 Scenario simple_spread Algo rmappo Exp reference_20260925T185133Z_2dfd2f_ippo_w128_seed3 updates 5895/6250 episodes, total num timesteps 18867200/20000000, FPS 9830.

average episode rewards is -111.9984359741211

 Scenario simple_spread Algo rmappo Exp reference_20260925T185133Z_2dfd2f_ippo_w128_seed3 updates 5900/6250 episodes, total num timesteps 18883200/20000000, FPS 9830.

average episode rewards is -111.92234802246094
eval average episode rewards of agent: -109.8292883643517
eval success rate: 1.0

 Scenario simple_spread Algo rmappo Exp reference_20260925T185133Z_2dfd2f_ippo_w128_seed3 updates 5905/6250 episodes, total num timesteps 18899200/20000000, FPS 9830.

average episode rewards is -111.30535888671875

 Scenario simple_spread Algo rmappo Exp reference_20260925T185133Z_2dfd2f_ippo_w128_seed3 updates 5910/6250 episodes, total num timesteps 18915200/20000000, FPS 9830.

average episode rewards is -114.85478973388672

 Scenario simple_spread Algo rmappo Exp reference_20260925T185133Z_2dfd2f_ippo_w128_seed3 updates 5915/6250 episodes, total num timesteps 18931200/20000000, FPS 9830.

average episode rewards is -111.12552642822266

 Scenario simple_spread Algo rmappo Exp reference_20260925T185133Z_2dfd2f_ippo_w128_seed3 updates 5920/6250 episodes, total num timesteps 18947200/20000000, FPS 9830.

average episode rewards is -111.49811553955078

 Scenario simple_spread Algo rmappo Exp reference_20260925T185133Z_2dfd2f_ippo_w128_seed3 updates 5925/6250 episodes, total num timesteps 18963200/20000000, FPS 9830.

average episode rewards is -111.61421203613281
eval average episode rewards of agent: -112.77671311360622
eval success rate: 0.95

 Scenario simple_spread Algo rmappo Exp reference_20260925T185133Z_2dfd2f_ippo_w128_seed3 updates 5930/6250 episodes, total num timesteps 18979200/20000000, FPS 9830.

average episode rewards is -111.92034149169922

 Scenario simple_spread Algo rmappo Exp reference_20260925T185133Z_2dfd2f_ippo_w128_seed3 updates 5935/6250 episodes, total num timesteps 18995200/20000000, FPS 9830.

average episode rewards is -113.70304870605469

 Scenario simple_spread Algo rmappo Exp reference_20260925T185133Z_2dfd2f_ippo_w128_seed3 updates 5940/6250 episodes, total num timesteps 19011200/20000000, FPS 9830.

average episode rewards is -112.80500793457031

 Scenario simple_spread Algo rmappo Exp reference_20260925T185133Z_2dfd2f_ippo_w128_seed3 updates 5945/6250 episodes, total num timesteps 19027200/20000000, FPS 9830.

average episode rewards is -109.34808349609375

 Scenario simple_spread Algo rmappo Exp reference_20260925T185133Z_2dfd2f_ippo_w128_seed3 updates 5950/6250 episodes, total num timesteps 19043200/20000000, FPS 9830.

average episode rewards is -114.03474426269531
eval average episode rewards of agent: -114.07872064580619
eval success rate: 0.95

 Scenario simple_spread Algo rmappo Exp reference_20260925T185133Z_2dfd2f_ippo_w128_seed3 updates 5955/6250 episodes, total num timesteps 19059200/20000000, FPS 9830.

average episode rewards is -114.24189758300781

 Scenario simple_spread Algo rmappo Exp reference_20260925T185133Z_2dfd2f_ippo_w128_seed3 updates 5960/6250 episodes, total num timesteps 19075200/20000000, FPS 9830.

average episode rewards is -111.56655883789062

 Scenario simple_spread Algo rmappo Exp reference_20260925T185133Z_2dfd2f_ippo_w128_seed3 updates 5965/6250 episodes, total num timesteps 19091200/20000000, FPS 9830.

average episode rewards is -112.76535034179688

 Scenario simple_spread Algo rmappo Exp reference_20260925T185133Z_2dfd2f_ippo_w128_seed3 updates 5970/6250 episodes, total num timesteps 19107200/20000000, FPS 9829.

average episode rewards is -112.27794647216797

 Scenario simple_spread Algo rmappo Exp reference_20260925T185133Z_2dfd2f_ippo_w128_seed3 updates 5975/6250 episodes, total num timesteps 19123200/20000000, FPS 9830.

average episode rewards is -111.81455993652344
eval average episode rewards of agent: -106.11573034919161
eval success rate: 1.0

 Scenario simple_spread Algo rmappo Exp reference_20260925T185133Z_2dfd2f_ippo_w128_seed3 updates 5980/6250 episodes, total num timesteps 19139200/20000000, FPS 9829.

average episode rewards is -111.98626708984375

 Scenario simple_spread Algo rmappo Exp reference_20260925T185133Z_2dfd2f_ippo_w128_seed3 updates 5985/6250 episodes, total num timesteps 19155200/20000000, FPS 9829.

average episode rewards is -112.88782501220703

 Scenario simple_spread Algo rmappo Exp reference_20260925T185133Z_2dfd2f_ippo_w128_seed3 updates 5990/6250 episodes, total num timesteps 19171200/20000000, FPS 9829.

average episode rewards is -113.09464263916016

 Scenario simple_spread Algo rmappo Exp reference_20260925T185133Z_2dfd2f_ippo_w128_seed3 updates 5995/6250 episodes, total num timesteps 19187200/20000000, FPS 9829.

average episode rewards is -114.10594940185547

 Scenario simple_spread Algo rmappo Exp reference_20260925T185133Z_2dfd2f_ippo_w128_seed3 updates 6000/6250 episodes, total num timesteps 19203200/20000000, FPS 9830.

average episode rewards is -111.48049926757812
eval average episode rewards of agent: -117.40536853327784
eval success rate: 0.9

 Scenario simple_spread Algo rmappo Exp reference_20260925T185133Z_2dfd2f_ippo_w128_seed3 updates 6005/6250 episodes, total num timesteps 19219200/20000000, FPS 9829.

average episode rewards is -112.76300811767578

 Scenario simple_spread Algo rmappo Exp reference_20260925T185133Z_2dfd2f_ippo_w128_seed3 updates 6010/6250 episodes, total num timesteps 19235200/20000000, FPS 9829.

average episode rewards is -109.99823760986328

 Scenario simple_spread Algo rmappo Exp reference_20260925T185133Z_2dfd2f_ippo_w128_seed3 updates 6015/6250 episodes, total num timesteps 19251200/20000000, FPS 9829.

average episode rewards is -110.9832534790039

 Scenario simple_spread Algo rmappo Exp reference_20260925T185133Z_2dfd2f_ippo_w128_seed3 updates 6020/6250 episodes, total num timesteps 19267200/20000000, FPS 9829.

average episode rewards is -112.91715240478516

 Scenario simple_spread Algo rmappo Exp reference_20260925T185133Z_2dfd2f_ippo_w128_seed3 updates 6025/6250 episodes, total num timesteps 19283200/20000000, FPS 9829.

average episode rewards is -113.02354431152344
eval average episode rewards of agent: -108.82624574673312
eval success rate: 1.0

 Scenario simple_spread Algo rmappo Exp reference_20260925T185133Z_2dfd2f_ippo_w128_seed3 updates 6030/6250 episodes, total num timesteps 19299200/20000000, FPS 9829.

average episode rewards is -113.53791046142578

 Scenario simple_spread Algo rmappo Exp reference_20260925T185133Z_2dfd2f_ippo_w128_seed3 updates 6035/6250 episodes, total num timesteps 19315200/20000000, FPS 9829.

average episode rewards is -112.77843475341797

 Scenario simple_spread Algo rmappo Exp reference_20260925T185133Z_2dfd2f_ippo_w128_seed3 updates 6040/6250 episodes, total num timesteps 19331200/20000000, FPS 9829.

average episode rewards is -109.98117065429688

 Scenario simple_spread Algo rmappo Exp reference_20260925T185133Z_2dfd2f_ippo_w128_seed3 updates 6045/6250 episodes, total num timesteps 19347200/20000000, FPS 9829.

average episode rewards is -110.25871276855469

 Scenario simple_spread Algo rmappo Exp reference_20260925T185133Z_2dfd2f_ippo_w128_seed3 updates 6050/6250 episodes, total num timesteps 19363200/20000000, FPS 9829.

average episode rewards is -112.50294494628906
eval average episode rewards of agent: -116.02916218711354
eval success rate: 1.0

 Scenario simple_spread Algo rmappo Exp reference_20260925T185133Z_2dfd2f_ippo_w128_seed3 updates 6055/6250 episodes, total num timesteps 19379200/20000000, FPS 9829.

average episode rewards is -111.73008728027344

 Scenario simple_spread Algo rmappo Exp reference_20260925T185133Z_2dfd2f_ippo_w128_seed3 updates 6060/6250 episodes, total num timesteps 19395200/20000000, FPS 9829.

average episode rewards is -114.36653137207031

 Scenario simple_spread Algo rmappo Exp reference_20260925T185133Z_2dfd2f_ippo_w128_seed3 updates 6065/6250 episodes, total num timesteps 19411200/20000000, FPS 9829.

average episode rewards is -111.3150863647461

 Scenario simple_spread Algo rmappo Exp reference_20260925T185133Z_2dfd2f_ippo_w128_seed3 updates 6070/6250 episodes, total num timesteps 19427200/20000000, FPS 9829.

average episode rewards is -112.01640319824219

 Scenario simple_spread Algo rmappo Exp reference_20260925T185133Z_2dfd2f_ippo_w128_seed3 updates 6075/6250 episodes, total num timesteps 19443200/20000000, FPS 9829.

average episode rewards is -112.68148803710938
eval average episode rewards of agent: -114.01088217995016
eval success rate: 0.85

 Scenario simple_spread Algo rmappo Exp reference_20260925T185133Z_2dfd2f_ippo_w128_seed3 updates 6080/6250 episodes, total num timesteps 19459200/20000000, FPS 9829.

average episode rewards is -113.1032943725586

 Scenario simple_spread Algo rmappo Exp reference_20260925T185133Z_2dfd2f_ippo_w128_seed3 updates 6085/6250 episodes, total num timesteps 19475200/20000000, FPS 9829.

average episode rewards is -112.07747650146484

 Scenario simple_spread Algo rmappo Exp reference_20260925T185133Z_2dfd2f_ippo_w128_seed3 updates 6090/6250 episodes, total num timesteps 19491200/20000000, FPS 9829.

average episode rewards is -114.5055160522461

 Scenario simple_spread Algo rmappo Exp reference_20260925T185133Z_2dfd2f_ippo_w128_seed3 updates 6095/6250 episodes, total num timesteps 19507200/20000000, FPS 9829.

average episode rewards is -110.78946685791016

 Scenario simple_spread Algo rmappo Exp reference_20260925T185133Z_2dfd2f_ippo_w128_seed3 updates 6100/6250 episodes, total num timesteps 19523200/20000000, FPS 9829.

average episode rewards is -114.75423431396484
eval average episode rewards of agent: -115.7696911739927
eval success rate: 0.9

 Scenario simple_spread Algo rmappo Exp reference_20260925T185133Z_2dfd2f_ippo_w128_seed3 updates 6105/6250 episodes, total num timesteps 19539200/20000000, FPS 9829.

average episode rewards is -111.06848907470703

 Scenario simple_spread Algo rmappo Exp reference_20260925T185133Z_2dfd2f_ippo_w128_seed3 updates 6110/6250 episodes, total num timesteps 19555200/20000000, FPS 9828.

average episode rewards is -110.68496704101562

 Scenario simple_spread Algo rmappo Exp reference_20260925T185133Z_2dfd2f_ippo_w128_seed3 updates 6115/6250 episodes, total num timesteps 19571200/20000000, FPS 9829.

average episode rewards is -112.5189208984375

 Scenario simple_spread Algo rmappo Exp reference_20260925T185133Z_2dfd2f_ippo_w128_seed3 updates 6120/6250 episodes, total num timesteps 19587200/20000000, FPS 9829.

average episode rewards is -111.8155517578125

 Scenario simple_spread Algo rmappo Exp reference_20260925T185133Z_2dfd2f_ippo_w128_seed3 updates 6125/6250 episodes, total num timesteps 19603200/20000000, FPS 9829.

average episode rewards is -113.73157501220703
eval average episode rewards of agent: -109.55289622004325
eval success rate: 0.85

 Scenario simple_spread Algo rmappo Exp reference_20260925T185133Z_2dfd2f_ippo_w128_seed3 updates 6130/6250 episodes, total num timesteps 19619200/20000000, FPS 9828.

average episode rewards is -110.76850891113281

 Scenario simple_spread Algo rmappo Exp reference_20260925T185133Z_2dfd2f_ippo_w128_seed3 updates 6135/6250 episodes, total num timesteps 19635200/20000000, FPS 9828.

average episode rewards is -110.9675064086914

 Scenario simple_spread Algo rmappo Exp reference_20260925T185133Z_2dfd2f_ippo_w128_seed3 updates 6140/6250 episodes, total num timesteps 19651200/20000000, FPS 9828.

average episode rewards is -111.61713409423828

 Scenario simple_spread Algo rmappo Exp reference_20260925T185133Z_2dfd2f_ippo_w128_seed3 updates 6145/6250 episodes, total num timesteps 19667200/20000000, FPS 9828.

average episode rewards is -109.32144927978516

 Scenario simple_spread Algo rmappo Exp reference_20260925T185133Z_2dfd2f_ippo_w128_seed3 updates 6150/6250 episodes, total num timesteps 19683200/20000000, FPS 9829.

average episode rewards is -110.50639343261719
eval average episode rewards of agent: -107.21663730952893
eval success rate: 1.0

 Scenario simple_spread Algo rmappo Exp reference_20260925T185133Z_2dfd2f_ippo_w128_seed3 updates 6155/6250 episodes, total num timesteps 19699200/20000000, FPS 9828.

average episode rewards is -112.06597137451172

 Scenario simple_spread Algo rmappo Exp reference_20260925T185133Z_2dfd2f_ippo_w128_seed3 updates 6160/6250 episodes, total num timesteps 19715200/20000000, FPS 9828.

average episode rewards is -110.8754653930664

 Scenario simple_spread Algo rmappo Exp reference_20260925T185133Z_2dfd2f_ippo_w128_seed3 updates 6165/6250 episodes, total num timesteps 19731200/20000000, FPS 9828.

average episode rewards is -112.6257553100586

 Scenario simple_spread Algo rmappo Exp reference_20260925T185133Z_2dfd2f_ippo_w128_seed3 updates 6170/6250 episodes, total num timesteps 19747200/20000000, FPS 9828.

average episode rewards is -109.3342056274414

 Scenario simple_spread Algo rmappo Exp reference_20260925T185133Z_2dfd2f_ippo_w128_seed3 updates 6175/6250 episodes, total num timesteps 19763200/20000000, FPS 9828.

average episode rewards is -111.44852447509766
eval average episode rewards of agent: -111.29237638737773
eval success rate: 0.95

 Scenario simple_spread Algo rmappo Exp reference_20260925T185133Z_2dfd2f_ippo_w128_seed3 updates 6180/6250 episodes, total num timesteps 19779200/20000000, FPS 9828.

average episode rewards is -112.79644012451172

 Scenario simple_spread Algo rmappo Exp reference_20260925T185133Z_2dfd2f_ippo_w128_seed3 updates 6185/6250 episodes, total num timesteps 19795200/20000000, FPS 9828.

average episode rewards is -111.6652603149414

 Scenario simple_spread Algo rmappo Exp reference_20260925T185133Z_2dfd2f_ippo_w128_seed3 updates 6190/6250 episodes, total num timesteps 19811200/20000000, FPS 9828.

average episode rewards is -110.5444107055664

 Scenario simple_spread Algo rmappo Exp reference_20260925T185133Z_2dfd2f_ippo_w128_seed3 updates 6195/6250 episodes, total num timesteps 19827200/20000000, FPS 9828.

average episode rewards is -111.89309692382812

 Scenario simple_spread Algo rmappo Exp reference_20260925T185133Z_2dfd2f_ippo_w128_seed3 updates 6200/6250 episodes, total num timesteps 19843200/20000000, FPS 9828.

average episode rewards is -110.84886932373047
eval average episode rewards of agent: -106.45837181307762
eval success rate: 0.95

 Scenario simple_spread Algo rmappo Exp reference_20260925T185133Z_2dfd2f_ippo_w128_seed3 updates 6205/6250 episodes, total num timesteps 19859200/20000000, FPS 9828.

average episode rewards is -113.46630859375

 Scenario simple_spread Algo rmappo Exp reference_20260925T185133Z_2dfd2f_ippo_w128_seed3 updates 6210/6250 episodes, total num timesteps 19875200/20000000, FPS 9828.

average episode rewards is -111.34713745117188

 Scenario simple_spread Algo rmappo Exp reference_20260925T185133Z_2dfd2f_ippo_w128_seed3 updates 6215/6250 episodes, total num timesteps 19891200/20000000, FPS 9828.

average episode rewards is -111.61613464355469

 Scenario simple_spread Algo rmappo Exp reference_20260925T185133Z_2dfd2f_ippo_w128_seed3 updates 6220/6250 episodes, total num timesteps 19907200/20000000, FPS 9828.

average episode rewards is -112.4548110961914

 Scenario simple_spread Algo rmappo Exp reference_20260925T185133Z_2dfd2f_ippo_w128_seed3 updates 6225/6250 episodes, total num timesteps 19923200/20000000, FPS 9828.

average episode rewards is -113.53575897216797
eval average episode rewards of agent: -107.61341728479611
eval success rate: 0.9

 Scenario simple_spread Algo rmappo Exp reference_20260925T185133Z_2dfd2f_ippo_w128_seed3 updates 6230/6250 episodes, total num timesteps 19939200/20000000, FPS 9827.

average episode rewards is -111.94273376464844

 Scenario simple_spread Algo rmappo Exp reference_20260925T185133Z_2dfd2f_ippo_w128_seed3 updates 6235/6250 episodes, total num timesteps 19955200/20000000, FPS 9827.

average episode rewards is -112.68363952636719

 Scenario simple_spread Algo rmappo Exp reference_20260925T185133Z_2dfd2f_ippo_w128_seed3 updates 6240/6250 episodes, total num timesteps 19971200/20000000, FPS 9828.

average episode rewards is -111.13410186767578

 Scenario simple_spread Algo rmappo Exp reference_20260925T185133Z_2dfd2f_ippo_w128_seed3 updates 6245/6250 episodes, total num timesteps 19987200/20000000, FPS 9828.

average episode rewards is -111.1337661743164
