u are choosing to use rmappo, we set use_recurrent_policy to be True
choose to use gpu...
obs_space:  [Box([-inf -inf -inf -inf -inf -inf -inf -inf -inf -inf -inf -inf -inf -inf
 -inf -inf -inf -inf], [inf inf inf inf inf inf inf inf inf inf inf inf inf inf inf inf inf inf], (18,), float32), Box([-inf -inf -inf -inf -inf -inf -inf -inf -inf -inf -inf -inf -inf -inf
 -inf -inf -inf -inf], [inf inf inf inf inf inf inf inf inf inf inf inf inf inf inf inf inf inf], (18,), float32), Box([-inf -inf -inf -inf -inf -inf -inf -inf -inf -inf -inf -inf -inf -inf
 -inf -inf -inf -inf], [inf inf inf inf inf inf inf inf inf inf inf inf inf inf inf inf inf inf], (18,), float32)]
share_obs_space:  [Box([-inf -inf -inf -inf -inf -inf -inf -inf -inf -inf -inf -inf -inf -inf
 -inf -inf -inf -inf -inf -inf -inf -inf -inf -inf -inf -inf -inf -inf
 -inf -inf -inf -inf -inf -inf -inf -inf -inf -inf -inf -inf -inf -inf
 -inf -inf -inf -inf -inf -inf -inf -inf -inf -inf -inf -inf], [inf inf inf inf inf inf inf inf inf inf inf inf inf inf inf inf inf inf
 inf inf inf inf inf inf inf inf inf inf inf inf inf inf inf inf inf inf
 inf inf inf inf inf inf inf inf inf inf inf inf inf inf inf inf inf inf], (54,), float32), Box([-inf -inf -inf -inf -inf -inf -inf -inf -inf -inf -inf -inf -inf -inf
 -inf -inf -inf -inf -inf -inf -inf -inf -inf -inf -inf -inf -inf -inf
 -inf -inf -inf -inf -inf -inf -inf -inf -inf -inf -inf -inf -inf -inf
 -inf -inf -inf -inf -inf -inf -inf -inf -inf -inf -inf -inf], [inf inf inf inf inf inf inf inf inf inf inf inf inf inf inf inf inf inf
 inf inf inf inf inf inf inf inf inf inf inf inf inf inf inf inf inf inf
 inf inf inf inf inf inf inf inf inf inf inf inf inf inf inf inf inf inf], (54,), float32), Box([-inf -inf -inf -inf -inf -inf -inf -inf -inf -inf -inf -inf -inf -inf
 -inf -inf -inf -inf -inf -inf -inf -inf -inf -inf -inf -inf -inf -inf
 -inf -inf -inf -inf -inf -inf -inf -inf -inf -inf -inf -inf -inf -inf
 -inf -inf -inf -inf -inf -inf -inf -inf -inf -inf -inf -inf], [inf inf inf inf inf inf inf inf inf inf inf inf inf inf inf inf inf inf
 inf inf inf inf inf inf inf inf inf inf inf inf inf inf inf inf inf inf
 inf inf inf inf inf inf inf inf inf inf inf inf inf inf inf inf inf inf], (54,), float32)]
act_space:  [Discrete(5), Discrete(5), Discrete(5)]

 Scenario simple_spread Algo rmappo Exp reference_20260925T173510Z_880afb_mappo_w128_seed1 updates 0/6250 episodes, total num timesteps 3200/20000000, FPS 5842.

average episode rewards is -224.0366973876953
eval average episode rewards of agent: -190.10662625041115
eval success rate: 0.05

 Scenario simple_spread Algo rmappo Exp reference_20260925T173510Z_880afb_mappo_w128_seed1 updates 5/6250 episodes, total num timesteps 19200/20000000, FPS 8240.

average episode rewards is -192.77940368652344

 Scenario simple_spread Algo rmappo Exp reference_20260925T173510Z_880afb_mappo_w128_seed1 updates 10/6250 episodes, total num timesteps 35200/20000000, FPS 8956.

average episode rewards is -184.19247436523438

 Scenario simple_spread Algo rmappo Exp reference_20260925T173510Z_880afb_mappo_w128_seed1 updates 15/6250 episodes, total num timesteps 51200/20000000, FPS 9312.

average episode rewards is -177.38768005371094

 Scenario simple_spread Algo rmappo Exp reference_20260925T173510Z_880afb_mappo_w128_seed1 updates 20/6250 episodes, total num timesteps 67200/20000000, FPS 9427.

average episode rewards is -186.48341369628906

 Scenario simple_spread Algo rmappo Exp reference_20260925T173510Z_880afb_mappo_w128_seed1 updates 25/6250 episodes, total num timesteps 83200/20000000, FPS 9471.

average episode rewards is -175.1192169189453
eval average episode rewards of agent: -161.06143261649422
eval success rate: 0.0

 Scenario simple_spread Algo rmappo Exp reference_20260925T173510Z_880afb_mappo_w128_seed1 updates 30/6250 episodes, total num timesteps 99200/20000000, FPS 9471.

average episode rewards is -174.5526580810547

 Scenario simple_spread Algo rmappo Exp reference_20260925T173510Z_880afb_mappo_w128_seed1 updates 35/6250 episodes, total num timesteps 115200/20000000, FPS 9477.

average episode rewards is -173.6612548828125

 Scenario simple_spread Algo rmappo Exp reference_20260925T173510Z_880afb_mappo_w128_seed1 updates 40/6250 episodes, total num timesteps 131200/20000000, FPS 9476.

average episode rewards is -173.7755889892578

 Scenario simple_spread Algo rmappo Exp reference_20260925T173510Z_880afb_mappo_w128_seed1 updates 45/6250 episodes, total num timesteps 147200/20000000, FPS 9488.

average episode rewards is -172.06544494628906

 Scenario simple_spread Algo rmappo Exp reference_20260925T173510Z_880afb_mappo_w128_seed1 updates 50/6250 episodes, total num timesteps 163200/20000000, FPS 9517.

average episode rewards is -167.86875915527344
eval average episode rewards of agent: -173.4365699502112
eval success rate: 0.0

 Scenario simple_spread Algo rmappo Exp reference_20260925T173510Z_880afb_mappo_w128_seed1 updates 55/6250 episodes, total num timesteps 179200/20000000, FPS 9483.

average episode rewards is -165.80906677246094

 Scenario simple_spread Algo rmappo Exp reference_20260925T173510Z_880afb_mappo_w128_seed1 updates 60/6250 episodes, total num timesteps 195200/20000000, FPS 9494.

average episode rewards is -166.02354431152344

 Scenario simple_spread Algo rmappo Exp reference_20260925T173510Z_880afb_mappo_w128_seed1 updates 65/6250 episodes, total num timesteps 211200/20000000, FPS 9435.

average episode rewards is -164.11068725585938

 Scenario simple_spread Algo rmappo Exp reference_20260925T173510Z_880afb_mappo_w128_seed1 updates 70/6250 episodes, total num timesteps 227200/20000000, FPS 9432.

average episode rewards is -163.07945251464844

 Scenario simple_spread Algo rmappo Exp reference_20260925T173510Z_880afb_mappo_w128_seed1 updates 75/6250 episodes, total num timesteps 243200/20000000, FPS 9428.

average episode rewards is -159.78384399414062
eval average episode rewards of agent: -152.7899791266572
eval success rate: 0.0

 Scenario simple_spread Algo rmappo Exp reference_20260925T173510Z_880afb_mappo_w128_seed1 updates 80/6250 episodes, total num timesteps 259200/20000000, FPS 9410.

average episode rewards is -160.29244995117188

 Scenario simple_spread Algo rmappo Exp reference_20260925T173510Z_880afb_mappo_w128_seed1 updates 85/6250 episodes, total num timesteps 275200/20000000, FPS 9417.

average episode rewards is -159.49945068359375

 Scenario simple_spread Algo rmappo Exp reference_20260925T173510Z_880afb_mappo_w128_seed1 updates 90/6250 episodes, total num timesteps 291200/20000000, FPS 9412.

average episode rewards is -154.31768798828125

 Scenario simple_spread Algo rmappo Exp reference_20260925T173510Z_880afb_mappo_w128_seed1 updates 95/6250 episodes, total num timesteps 307200/20000000, FPS 9418.

average episode rewards is -158.51950073242188

 Scenario simple_spread Algo rmappo Exp reference_20260925T173510Z_880afb_mappo_w128_seed1 updates 100/6250 episodes, total num timesteps 323200/20000000, FPS 9420.

average episode rewards is -151.38674926757812
eval average episode rewards of agent: -151.38707745240157
eval success rate: 0.0

 Scenario simple_spread Algo rmappo Exp reference_20260925T173510Z_880afb_mappo_w128_seed1 updates 105/6250 episodes, total num timesteps 339200/20000000, FPS 9410.

average episode rewards is -152.24307250976562

 Scenario simple_spread Algo rmappo Exp reference_20260925T173510Z_880afb_mappo_w128_seed1 updates 110/6250 episodes, total num timesteps 355200/20000000, FPS 9408.

average episode rewards is -151.06753540039062

 Scenario simple_spread Algo rmappo Exp reference_20260925T173510Z_880afb_mappo_w128_seed1 updates 115/6250 episodes, total num timesteps 371200/20000000, FPS 9419.

average episode rewards is -154.58953857421875

 Scenario simple_spread Algo rmappo Exp reference_20260925T173510Z_880afb_mappo_w128_seed1 updates 120/6250 episodes, total num timesteps 387200/20000000, FPS 9418.

average episode rewards is -154.04107666015625

 Scenario simple_spread Algo rmappo Exp reference_20260925T173510Z_880afb_mappo_w128_seed1 updates 125/6250 episodes, total num timesteps 403200/20000000, FPS 9390.

average episode rewards is -150.74610900878906
eval average episode rewards of agent: -143.64921601103
eval success rate: 0.0

 Scenario simple_spread Algo rmappo Exp reference_20260925T173510Z_880afb_mappo_w128_seed1 updates 130/6250 episodes, total num timesteps 419200/20000000, FPS 9384.

average episode rewards is -151.25770568847656

 Scenario simple_spread Algo rmappo Exp reference_20260925T173510Z_880afb_mappo_w128_seed1 updates 135/6250 episodes, total num timesteps 435200/20000000, FPS 9389.

average episode rewards is -150.5476531982422

 Scenario simple_spread Algo rmappo Exp reference_20260925T173510Z_880afb_mappo_w128_seed1 updates 140/6250 episodes, total num timesteps 451200/20000000, FPS 9393.

average episode rewards is -148.70419311523438

 Scenario simple_spread Algo rmappo Exp reference_20260925T173510Z_880afb_mappo_w128_seed1 updates 145/6250 episodes, total num timesteps 467200/20000000, FPS 9391.

average episode rewards is -147.9169158935547

 Scenario simple_spread Algo rmappo Exp reference_20260925T173510Z_880afb_mappo_w128_seed1 updates 150/6250 episodes, total num timesteps 483200/20000000, FPS 9388.

average episode rewards is -147.31649780273438
eval average episode rewards of agent: -145.33644757929062
eval success rate: 0.0

 Scenario simple_spread Algo rmappo Exp reference_20260925T173510Z_880afb_mappo_w128_seed1 updates 155/6250 episodes, total num timesteps 499200/20000000, FPS 9381.

average episode rewards is -147.3722686767578

 Scenario simple_spread Algo rmappo Exp reference_20260925T173510Z_880afb_mappo_w128_seed1 updates 160/6250 episodes, total num timesteps 515200/20000000, FPS 9380.

average episode rewards is -146.03741455078125

 Scenario simple_spread Algo rmappo Exp reference_20260925T173510Z_880afb_mappo_w128_seed1 updates 165/6250 episodes, total num timesteps 531200/20000000, FPS 9380.

average episode rewards is -145.8111114501953

 Scenario simple_spread Algo rmappo Exp reference_20260925T173510Z_880afb_mappo_w128_seed1 updates 170/6250 episodes, total num timesteps 547200/20000000, FPS 9390.

average episode rewards is -147.70408630371094

 Scenario simple_spread Algo rmappo Exp reference_20260925T173510Z_880afb_mappo_w128_seed1 updates 175/6250 episodes, total num timesteps 563200/20000000, FPS 9396.

average episode rewards is -144.7913818359375
eval average episode rewards of agent: -144.62610836361839
eval success rate: 0.1

 Scenario simple_spread Algo rmappo Exp reference_20260925T173510Z_880afb_mappo_w128_seed1 updates 180/6250 episodes, total num timesteps 579200/20000000, FPS 9375.

average episode rewards is -143.95042419433594

 Scenario simple_spread Algo rmappo Exp reference_20260925T173510Z_880afb_mappo_w128_seed1 updates 185/6250 episodes, total num timesteps 595200/20000000, FPS 9373.

average episode rewards is -143.6034393310547

 Scenario simple_spread Algo rmappo Exp reference_20260925T173510Z_880afb_mappo_w128_seed1 updates 190/6250 episodes, total num timesteps 611200/20000000, FPS 9376.

average episode rewards is -140.06507873535156

 Scenario simple_spread Algo rmappo Exp reference_20260925T173510Z_880afb_mappo_w128_seed1 updates 195/6250 episodes, total num timesteps 627200/20000000, FPS 9380.

average episode rewards is -141.96649169921875

 Scenario simple_spread Algo rmappo Exp reference_20260925T173510Z_880afb_mappo_w128_seed1 updates 200/6250 episodes, total num timesteps 643200/20000000, FPS 9381.

average episode rewards is -141.75440979003906
eval average episode rewards of agent: -138.05637183409263
eval success rate: 0.1

 Scenario simple_spread Algo rmappo Exp reference_20260925T173510Z_880afb_mappo_w128_seed1 updates 205/6250 episodes, total num timesteps 659200/20000000, FPS 9377.

average episode rewards is -142.9693603515625

 Scenario simple_spread Algo rmappo Exp reference_20260925T173510Z_880afb_mappo_w128_seed1 updates 210/6250 episodes, total num timesteps 675200/20000000, FPS 9380.

average episode rewards is -139.4530487060547

 Scenario simple_spread Algo rmappo Exp reference_20260925T173510Z_880afb_mappo_w128_seed1 updates 215/6250 episodes, total num timesteps 691200/20000000, FPS 9380.

average episode rewards is -137.8979949951172

 Scenario simple_spread Algo rmappo Exp reference_20260925T173510Z_880afb_mappo_w128_seed1 updates 220/6250 episodes, total num timesteps 707200/20000000, FPS 9380.

average episode rewards is -141.22532653808594

 Scenario simple_spread Algo rmappo Exp reference_20260925T173510Z_880afb_mappo_w128_seed1 updates 225/6250 episodes, total num timesteps 723200/20000000, FPS 9385.

average episode rewards is -137.59315490722656
eval average episode rewards of agent: -134.10154248635303
eval success rate: 0.1

 Scenario simple_spread Algo rmappo Exp reference_20260925T173510Z_880afb_mappo_w128_seed1 updates 230/6250 episodes, total num timesteps 739200/20000000, FPS 9383.

average episode rewards is -138.73550415039062

 Scenario simple_spread Algo rmappo Exp reference_20260925T173510Z_880afb_mappo_w128_seed1 updates 235/6250 episodes, total num timesteps 755200/20000000, FPS 9384.

average episode rewards is -139.98818969726562

 Scenario simple_spread Algo rmappo Exp reference_20260925T173510Z_880afb_mappo_w128_seed1 updates 240/6250 episodes, total num timesteps 771200/20000000, FPS 9370.

average episode rewards is -137.7136688232422

 Scenario simple_spread Algo rmappo Exp reference_20260925T173510Z_880afb_mappo_w128_seed1 updates 245/6250 episodes, total num timesteps 787200/20000000, FPS 9374.

average episode rewards is -140.20462036132812

 Scenario simple_spread Algo rmappo Exp reference_20260925T173510Z_880afb_mappo_w128_seed1 updates 250/6250 episodes, total num timesteps 803200/20000000, FPS 9374.

average episode rewards is -136.20187377929688
eval average episode rewards of agent: -139.89972575044922
eval success rate: 0.05

 Scenario simple_spread Algo rmappo Exp reference_20260925T173510Z_880afb_mappo_w128_seed1 updates 255/6250 episodes, total num timesteps 819200/20000000, FPS 9371.

average episode rewards is -140.1572723388672

 Scenario simple_spread Algo rmappo Exp reference_20260925T173510Z_880afb_mappo_w128_seed1 updates 260/6250 episodes, total num timesteps 835200/20000000, FPS 9371.

average episode rewards is -138.5575714111328

 Scenario simple_spread Algo rmappo Exp reference_20260925T173510Z_880afb_mappo_w128_seed1 updates 265/6250 episodes, total num timesteps 851200/20000000, FPS 9372.

average episode rewards is -136.18663024902344

 Scenario simple_spread Algo rmappo Exp reference_20260925T173510Z_880afb_mappo_w128_seed1 updates 270/6250 episodes, total num timesteps 867200/20000000, FPS 9371.

average episode rewards is -137.19871520996094

 Scenario simple_spread Algo rmappo Exp reference_20260925T173510Z_880afb_mappo_w128_seed1 updates 275/6250 episodes, total num timesteps 883200/20000000, FPS 9374.

average episode rewards is -135.5798797607422
eval average episode rewards of agent: -128.90292843474455
eval success rate: 0.2

 Scenario simple_spread Algo rmappo Exp reference_20260925T173510Z_880afb_mappo_w128_seed1 updates 280/6250 episodes, total num timesteps 899200/20000000, FPS 9370.

average episode rewards is -136.6755828857422

 Scenario simple_spread Algo rmappo Exp reference_20260925T173510Z_880afb_mappo_w128_seed1 updates 285/6250 episodes, total num timesteps 915200/20000000, FPS 9372.

average episode rewards is -137.0908966064453

 Scenario simple_spread Algo rmappo Exp reference_20260925T173510Z_880afb_mappo_w128_seed1 updates 290/6250 episodes, total num timesteps 931200/20000000, FPS 9375.

average episode rewards is -136.7709503173828

 Scenario simple_spread Algo rmappo Exp reference_20260925T173510Z_880afb_mappo_w128_seed1 updates 295/6250 episodes, total num timesteps 947200/20000000, FPS 9374.

average episode rewards is -135.70469665527344

 Scenario simple_spread Algo rmappo Exp reference_20260925T173510Z_880afb_mappo_w128_seed1 updates 300/6250 episodes, total num timesteps 963200/20000000, FPS 9363.

average episode rewards is -132.93536376953125
eval average episode rewards of agent: -130.5891366361025
eval success rate: 0.35

 Scenario simple_spread Algo rmappo Exp reference_20260925T173510Z_880afb_mappo_w128_seed1 updates 305/6250 episodes, total num timesteps 979200/20000000, FPS 9356.

average episode rewards is -133.13345336914062

 Scenario simple_spread Algo rmappo Exp reference_20260925T173510Z_880afb_mappo_w128_seed1 updates 310/6250 episodes, total num timesteps 995200/20000000, FPS 9360.

average episode rewards is -130.3076171875

 Scenario simple_spread Algo rmappo Exp reference_20260925T173510Z_880afb_mappo_w128_seed1 updates 315/6250 episodes, total num timesteps 1011200/20000000, FPS 9363.

average episode rewards is -132.4928436279297

 Scenario simple_spread Algo rmappo Exp reference_20260925T173510Z_880afb_mappo_w128_seed1 updates 320/6250 episodes, total num timesteps 1027200/20000000, FPS 9362.

average episode rewards is -131.5079345703125

 Scenario simple_spread Algo rmappo Exp reference_20260925T173510Z_880afb_mappo_w128_seed1 updates 325/6250 episodes, total num timesteps 1043200/20000000, FPS 9361.

average episode rewards is -133.7909393310547
eval average episode rewards of agent: -129.58108733291562
eval success rate: 0.2

 Scenario simple_spread Algo rmappo Exp reference_20260925T173510Z_880afb_mappo_w128_seed1 updates 330/6250 episodes, total num timesteps 1059200/20000000, FPS 9357.

average episode rewards is -130.04220581054688

 Scenario simple_spread Algo rmappo Exp reference_20260925T173510Z_880afb_mappo_w128_seed1 updates 335/6250 episodes, total num timesteps 1075200/20000000, FPS 9360.

average episode rewards is -131.92239379882812

 Scenario simple_spread Algo rmappo Exp reference_20260925T173510Z_880afb_mappo_w128_seed1 updates 340/6250 episodes, total num timesteps 1091200/20000000, FPS 9362.

average episode rewards is -134.05780029296875

 Scenario simple_spread Algo rmappo Exp reference_20260925T173510Z_880afb_mappo_w128_seed1 updates 345/6250 episodes, total num timesteps 1107200/20000000, FPS 9365.

average episode rewards is -130.47422790527344

 Scenario simple_spread Algo rmappo Exp reference_20260925T173510Z_880afb_mappo_w128_seed1 updates 350/6250 episodes, total num timesteps 1123200/20000000, FPS 9363.

average episode rewards is -131.38790893554688
eval average episode rewards of agent: -128.12654972565363
eval success rate: 0.25

 Scenario simple_spread Algo rmappo Exp reference_20260925T173510Z_880afb_mappo_w128_seed1 updates 355/6250 episodes, total num timesteps 1139200/20000000, FPS 9359.

average episode rewards is -131.74024963378906

 Scenario simple_spread Algo rmappo Exp reference_20260925T173510Z_880afb_mappo_w128_seed1 updates 360/6250 episodes, total num timesteps 1155200/20000000, FPS 9352.

average episode rewards is -129.69871520996094

 Scenario simple_spread Algo rmappo Exp reference_20260925T173510Z_880afb_mappo_w128_seed1 updates 365/6250 episodes, total num timesteps 1171200/20000000, FPS 9351.

average episode rewards is -129.34671020507812

 Scenario simple_spread Algo rmappo Exp reference_20260925T173510Z_880afb_mappo_w128_seed1 updates 370/6250 episodes, total num timesteps 1187200/20000000, FPS 9351.

average episode rewards is -127.17665100097656

 Scenario simple_spread Algo rmappo Exp reference_20260925T173510Z_880afb_mappo_w128_seed1 updates 375/6250 episodes, total num timesteps 1203200/20000000, FPS 9350.

average episode rewards is -129.61492919921875
eval average episode rewards of agent: -122.28095900193334
eval success rate: 0.3

 Scenario simple_spread Algo rmappo Exp reference_20260925T173510Z_880afb_mappo_w128_seed1 updates 380/6250 episodes, total num timesteps 1219200/20000000, FPS 9348.

average episode rewards is -130.06736755371094

 Scenario simple_spread Algo rmappo Exp reference_20260925T173510Z_880afb_mappo_w128_seed1 updates 385/6250 episodes, total num timesteps 1235200/20000000, FPS 9349.

average episode rewards is -128.332275390625

 Scenario simple_spread Algo rmappo Exp reference_20260925T173510Z_880afb_mappo_w128_seed1 updates 390/6250 episodes, total num timesteps 1251200/20000000, FPS 9349.

average episode rewards is -129.88771057128906

 Scenario simple_spread Algo rmappo Exp reference_20260925T173510Z_880afb_mappo_w128_seed1 updates 395/6250 episodes, total num timesteps 1267200/20000000, FPS 9350.

average episode rewards is -129.00039672851562

 Scenario simple_spread Algo rmappo Exp reference_20260925T173510Z_880afb_mappo_w128_seed1 updates 400/6250 episodes, total num timesteps 1283200/20000000, FPS 9349.

average episode rewards is -127.7917709350586
eval average episode rewards of agent: -128.54769629236358
eval success rate: 0.4

 Scenario simple_spread Algo rmappo Exp reference_20260925T173510Z_880afb_mappo_w128_seed1 updates 405/6250 episodes, total num timesteps 1299200/20000000, FPS 9347.

average episode rewards is -129.15892028808594

 Scenario simple_spread Algo rmappo Exp reference_20260925T173510Z_880afb_mappo_w128_seed1 updates 410/6250 episodes, total num timesteps 1315200/20000000, FPS 9349.

average episode rewards is -131.76393127441406

 Scenario simple_spread Algo rmappo Exp reference_20260925T173510Z_880afb_mappo_w128_seed1 updates 415/6250 episodes, total num timesteps 1331200/20000000, FPS 9348.

average episode rewards is -126.53978729248047

 Scenario simple_spread Algo rmappo Exp reference_20260925T173510Z_880afb_mappo_w128_seed1 updates 420/6250 episodes, total num timesteps 1347200/20000000, FPS 9341.

average episode rewards is -126.43311309814453

 Scenario simple_spread Algo rmappo Exp reference_20260925T173510Z_880afb_mappo_w128_seed1 updates 425/6250 episodes, total num timesteps 1363200/20000000, FPS 9342.

average episode rewards is -129.75279235839844
eval average episode rewards of agent: -136.0247499594855
eval success rate: 0.3

 Scenario simple_spread Algo rmappo Exp reference_20260925T173510Z_880afb_mappo_w128_seed1 updates 430/6250 episodes, total num timesteps 1379200/20000000, FPS 9339.

average episode rewards is -126.78865051269531

 Scenario simple_spread Algo rmappo Exp reference_20260925T173510Z_880afb_mappo_w128_seed1 updates 435/6250 episodes, total num timesteps 1395200/20000000, FPS 9343.

average episode rewards is -127.85722351074219

 Scenario simple_spread Algo rmappo Exp reference_20260925T173510Z_880afb_mappo_w128_seed1 updates 440/6250 episodes, total num timesteps 1411200/20000000, FPS 9345.

average episode rewards is -128.3977813720703

 Scenario simple_spread Algo rmappo Exp reference_20260925T173510Z_880afb_mappo_w128_seed1 updates 445/6250 episodes, total num timesteps 1427200/20000000, FPS 9344.

average episode rewards is -128.4964141845703

 Scenario simple_spread Algo rmappo Exp reference_20260925T173510Z_880afb_mappo_w128_seed1 updates 450/6250 episodes, total num timesteps 1443200/20000000, FPS 9346.

average episode rewards is -126.85834503173828
eval average episode rewards of agent: -126.93825633017416
eval success rate: 0.45

 Scenario simple_spread Algo rmappo Exp reference_20260925T173510Z_880afb_mappo_w128_seed1 updates 455/6250 episodes, total num timesteps 1459200/20000000, FPS 9343.

average episode rewards is -128.72154235839844

 Scenario simple_spread Algo rmappo Exp reference_20260925T173510Z_880afb_mappo_w128_seed1 updates 460/6250 episodes, total num timesteps 1475200/20000000, FPS 9343.

average episode rewards is -124.86882019042969

 Scenario simple_spread Algo rmappo Exp reference_20260925T173510Z_880afb_mappo_w128_seed1 updates 465/6250 episodes, total num timesteps 1491200/20000000, FPS 9347.

average episode rewards is -123.50135040283203

 Scenario simple_spread Algo rmappo Exp reference_20260925T173510Z_880afb_mappo_w128_seed1 updates 470/6250 episodes, total num timesteps 1507200/20000000, FPS 9347.

average episode rewards is -125.0391616821289

 Scenario simple_spread Algo rmappo Exp reference_20260925T173510Z_880afb_mappo_w128_seed1 updates 475/6250 episodes, total num timesteps 1523200/20000000, FPS 9347.

average episode rewards is -127.00409698486328
eval average episode rewards of agent: -120.06097115255199
eval success rate: 0.6

 Scenario simple_spread Algo rmappo Exp reference_20260925T173510Z_880afb_mappo_w128_seed1 updates 480/6250 episodes, total num timesteps 1539200/20000000, FPS 9337.

average episode rewards is -126.89912414550781

 Scenario simple_spread Algo rmappo Exp reference_20260925T173510Z_880afb_mappo_w128_seed1 updates 485/6250 episodes, total num timesteps 1555200/20000000, FPS 9338.

average episode rewards is -127.72916412353516

 Scenario simple_spread Algo rmappo Exp reference_20260925T173510Z_880afb_mappo_w128_seed1 updates 490/6250 episodes, total num timesteps 1571200/20000000, FPS 9339.

average episode rewards is -125.83998107910156

 Scenario simple_spread Algo rmappo Exp reference_20260925T173510Z_880afb_mappo_w128_seed1 updates 495/6250 episodes, total num timesteps 1587200/20000000, FPS 9340.

average episode rewards is -125.65796661376953

 Scenario simple_spread Algo rmappo Exp reference_20260925T173510Z_880afb_mappo_w128_seed1 updates 500/6250 episodes, total num timesteps 1603200/20000000, FPS 9341.

average episode rewards is -126.29363250732422
eval average episode rewards of agent: -121.32317341470447
eval success rate: 0.5

 Scenario simple_spread Algo rmappo Exp reference_20260925T173510Z_880afb_mappo_w128_seed1 updates 505/6250 episodes, total num timesteps 1619200/20000000, FPS 9337.

average episode rewards is -127.80267333984375

 Scenario simple_spread Algo rmappo Exp reference_20260925T173510Z_880afb_mappo_w128_seed1 updates 510/6250 episodes, total num timesteps 1635200/20000000, FPS 9338.

average episode rewards is -125.02801513671875

 Scenario simple_spread Algo rmappo Exp reference_20260925T173510Z_880afb_mappo_w128_seed1 updates 515/6250 episodes, total num timesteps 1651200/20000000, FPS 9338.

average episode rewards is -122.2411880493164

 Scenario simple_spread Algo rmappo Exp reference_20260925T173510Z_880afb_mappo_w128_seed1 updates 520/6250 episodes, total num timesteps 1667200/20000000, FPS 9341.

average episode rewards is -127.5558853149414

 Scenario simple_spread Algo rmappo Exp reference_20260925T173510Z_880afb_mappo_w128_seed1 updates 525/6250 episodes, total num timesteps 1683200/20000000, FPS 9344.

average episode rewards is -126.35506439208984
eval average episode rewards of agent: -124.67999073116138
eval success rate: 0.65

 Scenario simple_spread Algo rmappo Exp reference_20260925T173510Z_880afb_mappo_w128_seed1 updates 530/6250 episodes, total num timesteps 1699200/20000000, FPS 9343.

average episode rewards is -125.3188705444336

 Scenario simple_spread Algo rmappo Exp reference_20260925T173510Z_880afb_mappo_w128_seed1 updates 535/6250 episodes, total num timesteps 1715200/20000000, FPS 9337.

average episode rewards is -122.38093566894531

 Scenario simple_spread Algo rmappo Exp reference_20260925T173510Z_880afb_mappo_w128_seed1 updates 540/6250 episodes, total num timesteps 1731200/20000000, FPS 9338.

average episode rewards is -125.18399810791016

 Scenario simple_spread Algo rmappo Exp reference_20260925T173510Z_880afb_mappo_w128_seed1 updates 545/6250 episodes, total num timesteps 1747200/20000000, FPS 9338.

average episode rewards is -123.59440612792969

 Scenario simple_spread Algo rmappo Exp reference_20260925T173510Z_880afb_mappo_w128_seed1 updates 550/6250 episodes, total num timesteps 1763200/20000000, FPS 9338.

average episode rewards is -125.150634765625
eval average episode rewards of agent: -124.63664030407539
eval success rate: 0.5

 Scenario simple_spread Algo rmappo Exp reference_20260925T173510Z_880afb_mappo_w128_seed1 updates 555/6250 episodes, total num timesteps 1779200/20000000, FPS 9337.

average episode rewards is -123.93913269042969

 Scenario simple_spread Algo rmappo Exp reference_20260925T173510Z_880afb_mappo_w128_seed1 updates 560/6250 episodes, total num timesteps 1795200/20000000, FPS 9335.

average episode rewards is -123.7545394897461

 Scenario simple_spread Algo rmappo Exp reference_20260925T173510Z_880afb_mappo_w128_seed1 updates 565/6250 episodes, total num timesteps 1811200/20000000, FPS 9336.

average episode rewards is -123.62203979492188

 Scenario simple_spread Algo rmappo Exp reference_20260925T173510Z_880afb_mappo_w128_seed1 updates 570/6250 episodes, total num timesteps 1827200/20000000, FPS 9337.

average episode rewards is -122.0540771484375

 Scenario simple_spread Algo rmappo Exp reference_20260925T173510Z_880afb_mappo_w128_seed1 updates 575/6250 episodes, total num timesteps 1843200/20000000, FPS 9337.

average episode rewards is -124.898193359375
eval average episode rewards of agent: -120.921629987084
eval success rate: 0.7

 Scenario simple_spread Algo rmappo Exp reference_20260925T173510Z_880afb_mappo_w128_seed1 updates 580/6250 episodes, total num timesteps 1859200/20000000, FPS 9336.

average episode rewards is -125.37915802001953

 Scenario simple_spread Algo rmappo Exp reference_20260925T173510Z_880afb_mappo_w128_seed1 updates 585/6250 episodes, total num timesteps 1875200/20000000, FPS 9336.

average episode rewards is -122.28115844726562

 Scenario simple_spread Algo rmappo Exp reference_20260925T173510Z_880afb_mappo_w128_seed1 updates 590/6250 episodes, total num timesteps 1891200/20000000, FPS 9335.

average episode rewards is -125.19622039794922

 Scenario simple_spread Algo rmappo Exp reference_20260925T173510Z_880afb_mappo_w128_seed1 updates 595/6250 episodes, total num timesteps 1907200/20000000, FPS 9330.

average episode rewards is -122.04821014404297

 Scenario simple_spread Algo rmappo Exp reference_20260925T173510Z_880afb_mappo_w128_seed1 updates 600/6250 episodes, total num timesteps 1923200/20000000, FPS 9330.

average episode rewards is -124.22927856445312
eval average episode rewards of agent: -117.28176879093992
eval success rate: 0.7

 Scenario simple_spread Algo rmappo Exp reference_20260925T173510Z_880afb_mappo_w128_seed1 updates 605/6250 episodes, total num timesteps 1939200/20000000, FPS 9328.

average episode rewards is -124.31874084472656

 Scenario simple_spread Algo rmappo Exp reference_20260925T173510Z_880afb_mappo_w128_seed1 updates 610/6250 episodes, total num timesteps 1955200/20000000, FPS 9329.

average episode rewards is -123.629150390625

 Scenario simple_spread Algo rmappo Exp reference_20260925T173510Z_880afb_mappo_w128_seed1 updates 615/6250 episodes, total num timesteps 1971200/20000000, FPS 9329.

average episode rewards is -123.02632141113281

 Scenario simple_spread Algo rmappo Exp reference_20260925T173510Z_880afb_mappo_w128_seed1 updates 620/6250 episodes, total num timesteps 1987200/20000000, FPS 9330.

average episode rewards is -124.75944519042969

 Scenario simple_spread Algo rmappo Exp reference_20260925T173510Z_880afb_mappo_w128_seed1 updates 625/6250 episodes, total num timesteps 2003200/20000000, FPS 9330.

average episode rewards is -121.30826568603516
eval average episode rewards of agent: -121.3876250791397
eval success rate: 0.6

 Scenario simple_spread Algo rmappo Exp reference_20260925T173510Z_880afb_mappo_w128_seed1 updates 630/6250 episodes, total num timesteps 2019200/20000000, FPS 9329.

average episode rewards is -123.56388854980469

 Scenario simple_spread Algo rmappo Exp reference_20260925T173510Z_880afb_mappo_w128_seed1 updates 635/6250 episodes, total num timesteps 2035200/20000000, FPS 9330.

average episode rewards is -123.96826934814453

 Scenario simple_spread Algo rmappo Exp reference_20260925T173510Z_880afb_mappo_w128_seed1 updates 640/6250 episodes, total num timesteps 2051200/20000000, FPS 9331.

average episode rewards is -123.79425811767578

 Scenario simple_spread Algo rmappo Exp reference_20260925T173510Z_880afb_mappo_w128_seed1 updates 645/6250 episodes, total num timesteps 2067200/20000000, FPS 9332.

average episode rewards is -121.4569091796875

 Scenario simple_spread Algo rmappo Exp reference_20260925T173510Z_880afb_mappo_w128_seed1 updates 650/6250 episodes, total num timesteps 2083200/20000000, FPS 9333.

average episode rewards is -120.01895904541016
eval average episode rewards of agent: -123.039263544411
eval success rate: 0.85

 Scenario simple_spread Algo rmappo Exp reference_20260925T173510Z_880afb_mappo_w128_seed1 updates 655/6250 episodes, total num timesteps 2099200/20000000, FPS 9327.

average episode rewards is -123.62276458740234

 Scenario simple_spread Algo rmappo Exp reference_20260925T173510Z_880afb_mappo_w128_seed1 updates 660/6250 episodes, total num timesteps 2115200/20000000, FPS 9328.

average episode rewards is -122.88326263427734

 Scenario simple_spread Algo rmappo Exp reference_20260925T173510Z_880afb_mappo_w128_seed1 updates 665/6250 episodes, total num timesteps 2131200/20000000, FPS 9328.

average episode rewards is -121.82787322998047

 Scenario simple_spread Algo rmappo Exp reference_20260925T173510Z_880afb_mappo_w128_seed1 updates 670/6250 episodes, total num timesteps 2147200/20000000, FPS 9328.

average episode rewards is -124.35794830322266

 Scenario simple_spread Algo rmappo Exp reference_20260925T173510Z_880afb_mappo_w128_seed1 updates 675/6250 episodes, total num timesteps 2163200/20000000, FPS 9329.

average episode rewards is -122.57347106933594
eval average episode rewards of agent: -117.24178164212088
eval success rate: 0.55

 Scenario simple_spread Algo rmappo Exp reference_20260925T173510Z_880afb_mappo_w128_seed1 updates 680/6250 episodes, total num timesteps 2179200/20000000, FPS 9327.

average episode rewards is -122.31212615966797

 Scenario simple_spread Algo rmappo Exp reference_20260925T173510Z_880afb_mappo_w128_seed1 updates 685/6250 episodes, total num timesteps 2195200/20000000, FPS 9327.

average episode rewards is -123.50273132324219

 Scenario simple_spread Algo rmappo Exp reference_20260925T173510Z_880afb_mappo_w128_seed1 updates 690/6250 episodes, total num timesteps 2211200/20000000, FPS 9328.

average episode rewards is -123.41339874267578

 Scenario simple_spread Algo rmappo Exp reference_20260925T173510Z_880afb_mappo_w128_seed1 updates 695/6250 episodes, total num timesteps 2227200/20000000, FPS 9329.

average episode rewards is -120.94700622558594

 Scenario simple_spread Algo rmappo Exp reference_20260925T173510Z_880afb_mappo_w128_seed1 updates 700/6250 episodes, total num timesteps 2243200/20000000, FPS 9329.

average episode rewards is -120.59413146972656
eval average episode rewards of agent: -124.12269481473678
eval success rate: 0.7

 Scenario simple_spread Algo rmappo Exp reference_20260925T173510Z_880afb_mappo_w128_seed1 updates 705/6250 episodes, total num timesteps 2259200/20000000, FPS 9328.

average episode rewards is -123.09481048583984

 Scenario simple_spread Algo rmappo Exp reference_20260925T173510Z_880afb_mappo_w128_seed1 updates 710/6250 episodes, total num timesteps 2275200/20000000, FPS 9329.

average episode rewards is -124.0418930053711

 Scenario simple_spread Algo rmappo Exp reference_20260925T173510Z_880afb_mappo_w128_seed1 updates 715/6250 episodes, total num timesteps 2291200/20000000, FPS 9324.

average episode rewards is -121.6686019897461

 Scenario simple_spread Algo rmappo Exp reference_20260925T173510Z_880afb_mappo_w128_seed1 updates 720/6250 episodes, total num timesteps 2307200/20000000, FPS 9325.

average episode rewards is -123.76533508300781

 Scenario simple_spread Algo rmappo Exp reference_20260925T173510Z_880afb_mappo_w128_seed1 updates 725/6250 episodes, total num timesteps 2323200/20000000, FPS 9326.

average episode rewards is -121.08689880371094
eval average episode rewards of agent: -126.99609141470937
eval success rate: 0.5

 Scenario simple_spread Algo rmappo Exp reference_20260925T173510Z_880afb_mappo_w128_seed1 updates 730/6250 episodes, total num timesteps 2339200/20000000, FPS 9325.

average episode rewards is -124.40003967285156

 Scenario simple_spread Algo rmappo Exp reference_20260925T173510Z_880afb_mappo_w128_seed1 updates 735/6250 episodes, total num timesteps 2355200/20000000, FPS 9326.

average episode rewards is -121.87641906738281

 Scenario simple_spread Algo rmappo Exp reference_20260925T173510Z_880afb_mappo_w128_seed1 updates 740/6250 episodes, total num timesteps 2371200/20000000, FPS 9326.

average episode rewards is -122.54059600830078

 Scenario simple_spread Algo rmappo Exp reference_20260925T173510Z_880afb_mappo_w128_seed1 updates 745/6250 episodes, total num timesteps 2387200/20000000, FPS 9327.

average episode rewards is -121.70127868652344

 Scenario simple_spread Algo rmappo Exp reference_20260925T173510Z_880afb_mappo_w128_seed1 updates 750/6250 episodes, total num timesteps 2403200/20000000, FPS 9326.

average episode rewards is -123.95341491699219
eval average episode rewards of agent: -118.81251282428808
eval success rate: 0.7

 Scenario simple_spread Algo rmappo Exp reference_20260925T173510Z_880afb_mappo_w128_seed1 updates 755/6250 episodes, total num timesteps 2419200/20000000, FPS 9325.

average episode rewards is -122.4619140625

 Scenario simple_spread Algo rmappo Exp reference_20260925T173510Z_880afb_mappo_w128_seed1 updates 760/6250 episodes, total num timesteps 2435200/20000000, FPS 9326.

average episode rewards is -122.28743743896484

 Scenario simple_spread Algo rmappo Exp reference_20260925T173510Z_880afb_mappo_w128_seed1 updates 765/6250 episodes, total num timesteps 2451200/20000000, FPS 9327.

average episode rewards is -120.58221435546875

 Scenario simple_spread Algo rmappo Exp reference_20260925T173510Z_880afb_mappo_w128_seed1 updates 770/6250 episodes, total num timesteps 2467200/20000000, FPS 9326.

average episode rewards is -122.61746978759766

 Scenario simple_spread Algo rmappo Exp reference_20260925T173510Z_880afb_mappo_w128_seed1 updates 775/6250 episodes, total num timesteps 2483200/20000000, FPS 9322.

average episode rewards is -121.2733154296875
eval average episode rewards of agent: -117.57042159687066
eval success rate: 0.7

 Scenario simple_spread Algo rmappo Exp reference_20260925T173510Z_880afb_mappo_w128_seed1 updates 780/6250 episodes, total num timesteps 2499200/20000000, FPS 9321.

average episode rewards is -120.69002532958984

 Scenario simple_spread Algo rmappo Exp reference_20260925T173510Z_880afb_mappo_w128_seed1 updates 785/6250 episodes, total num timesteps 2515200/20000000, FPS 9323.

average episode rewards is -120.87894439697266

 Scenario simple_spread Algo rmappo Exp reference_20260925T173510Z_880afb_mappo_w128_seed1 updates 790/6250 episodes, total num timesteps 2531200/20000000, FPS 9324.

average episode rewards is -121.82278442382812

 Scenario simple_spread Algo rmappo Exp reference_20260925T173510Z_880afb_mappo_w128_seed1 updates 795/6250 episodes, total num timesteps 2547200/20000000, FPS 9326.

average episode rewards is -121.0246810913086

 Scenario simple_spread Algo rmappo Exp reference_20260925T173510Z_880afb_mappo_w128_seed1 updates 800/6250 episodes, total num timesteps 2563200/20000000, FPS 9326.

average episode rewards is -119.04742431640625
eval average episode rewards of agent: -125.1694534544095
eval success rate: 0.6

 Scenario simple_spread Algo rmappo Exp reference_20260925T173510Z_880afb_mappo_w128_seed1 updates 805/6250 episodes, total num timesteps 2579200/20000000, FPS 9325.

average episode rewards is -123.6366958618164

 Scenario simple_spread Algo rmappo Exp reference_20260925T173510Z_880afb_mappo_w128_seed1 updates 810/6250 episodes, total num timesteps 2595200/20000000, FPS 9326.

average episode rewards is -120.84937286376953

 Scenario simple_spread Algo rmappo Exp reference_20260925T173510Z_880afb_mappo_w128_seed1 updates 815/6250 episodes, total num timesteps 2611200/20000000, FPS 9328.

average episode rewards is -120.6668701171875

 Scenario simple_spread Algo rmappo Exp reference_20260925T173510Z_880afb_mappo_w128_seed1 updates 820/6250 episodes, total num timesteps 2627200/20000000, FPS 9327.

average episode rewards is -121.98994445800781

 Scenario simple_spread Algo rmappo Exp reference_20260925T173510Z_880afb_mappo_w128_seed1 updates 825/6250 episodes, total num timesteps 2643200/20000000, FPS 9328.

average episode rewards is -121.15825653076172
eval average episode rewards of agent: -119.59809043336742
eval success rate: 0.75

 Scenario simple_spread Algo rmappo Exp reference_20260925T173510Z_880afb_mappo_w128_seed1 updates 830/6250 episodes, total num timesteps 2659200/20000000, FPS 9324.

average episode rewards is -118.02679443359375

 Scenario simple_spread Algo rmappo Exp reference_20260925T173510Z_880afb_mappo_w128_seed1 updates 835/6250 episodes, total num timesteps 2675200/20000000, FPS 9326.

average episode rewards is -121.12049865722656

 Scenario simple_spread Algo rmappo Exp reference_20260925T173510Z_880afb_mappo_w128_seed1 updates 840/6250 episodes, total num timesteps 2691200/20000000, FPS 9327.

average episode rewards is -121.91117095947266

 Scenario simple_spread Algo rmappo Exp reference_20260925T173510Z_880afb_mappo_w128_seed1 updates 845/6250 episodes, total num timesteps 2707200/20000000, FPS 9328.

average episode rewards is -120.20516204833984

 Scenario simple_spread Algo rmappo Exp reference_20260925T173510Z_880afb_mappo_w128_seed1 updates 850/6250 episodes, total num timesteps 2723200/20000000, FPS 9330.

average episode rewards is -118.8263168334961
eval average episode rewards of agent: -126.36866534186696
eval success rate: 0.7

 Scenario simple_spread Algo rmappo Exp reference_20260925T173510Z_880afb_mappo_w128_seed1 updates 855/6250 episodes, total num timesteps 2739200/20000000, FPS 9328.

average episode rewards is -118.65189361572266

 Scenario simple_spread Algo rmappo Exp reference_20260925T173510Z_880afb_mappo_w128_seed1 updates 860/6250 episodes, total num timesteps 2755200/20000000, FPS 9329.

average episode rewards is -118.65345001220703

 Scenario simple_spread Algo rmappo Exp reference_20260925T173510Z_880afb_mappo_w128_seed1 updates 865/6250 episodes, total num timesteps 2771200/20000000, FPS 9331.

average episode rewards is -120.70439147949219

 Scenario simple_spread Algo rmappo Exp reference_20260925T173510Z_880afb_mappo_w128_seed1 updates 870/6250 episodes, total num timesteps 2787200/20000000, FPS 9330.

average episode rewards is -122.0846176147461

 Scenario simple_spread Algo rmappo Exp reference_20260925T173510Z_880afb_mappo_w128_seed1 updates 875/6250 episodes, total num timesteps 2803200/20000000, FPS 9331.

average episode rewards is -119.38021087646484
eval average episode rewards of agent: -123.88660245510249
eval success rate: 0.6

 Scenario simple_spread Algo rmappo Exp reference_20260925T173510Z_880afb_mappo_w128_seed1 updates 880/6250 episodes, total num timesteps 2819200/20000000, FPS 9330.

average episode rewards is -119.91649627685547

 Scenario simple_spread Algo rmappo Exp reference_20260925T173510Z_880afb_mappo_w128_seed1 updates 885/6250 episodes, total num timesteps 2835200/20000000, FPS 9330.

average episode rewards is -121.73235321044922

 Scenario simple_spread Algo rmappo Exp reference_20260925T173510Z_880afb_mappo_w128_seed1 updates 890/6250 episodes, total num timesteps 2851200/20000000, FPS 9327.

average episode rewards is -120.59510803222656

 Scenario simple_spread Algo rmappo Exp reference_20260925T173510Z_880afb_mappo_w128_seed1 updates 895/6250 episodes, total num timesteps 2867200/20000000, FPS 9327.

average episode rewards is -121.39458465576172

 Scenario simple_spread Algo rmappo Exp reference_20260925T173510Z_880afb_mappo_w128_seed1 updates 900/6250 episodes, total num timesteps 2883200/20000000, FPS 9328.

average episode rewards is -119.59319305419922
eval average episode rewards of agent: -116.05979716447713
eval success rate: 0.85

 Scenario simple_spread Algo rmappo Exp reference_20260925T173510Z_880afb_mappo_w128_seed1 updates 905/6250 episodes, total num timesteps 2899200/20000000, FPS 9327.

average episode rewards is -120.75860595703125

 Scenario simple_spread Algo rmappo Exp reference_20260925T173510Z_880afb_mappo_w128_seed1 updates 910/6250 episodes, total num timesteps 2915200/20000000, FPS 9327.

average episode rewards is -120.97756958007812

 Scenario simple_spread Algo rmappo Exp reference_20260925T173510Z_880afb_mappo_w128_seed1 updates 915/6250 episodes, total num timesteps 2931200/20000000, FPS 9328.

average episode rewards is -117.4491195678711

 Scenario simple_spread Algo rmappo Exp reference_20260925T173510Z_880afb_mappo_w128_seed1 updates 920/6250 episodes, total num timesteps 2947200/20000000, FPS 9329.

average episode rewards is -119.3416976928711

 Scenario simple_spread Algo rmappo Exp reference_20260925T173510Z_880afb_mappo_w128_seed1 updates 925/6250 episodes, total num timesteps 2963200/20000000, FPS 9329.

average episode rewards is -121.46157836914062
eval average episode rewards of agent: -122.6748675441619
eval success rate: 0.7

 Scenario simple_spread Algo rmappo Exp reference_20260925T173510Z_880afb_mappo_w128_seed1 updates 930/6250 episodes, total num timesteps 2979200/20000000, FPS 9328.

average episode rewards is -121.88790893554688

 Scenario simple_spread Algo rmappo Exp reference_20260925T173510Z_880afb_mappo_w128_seed1 updates 935/6250 episodes, total num timesteps 2995200/20000000, FPS 9329.

average episode rewards is -118.46244049072266

 Scenario simple_spread Algo rmappo Exp reference_20260925T173510Z_880afb_mappo_w128_seed1 updates 940/6250 episodes, total num timesteps 3011200/20000000, FPS 9329.

average episode rewards is -120.77314758300781

 Scenario simple_spread Algo rmappo Exp reference_20260925T173510Z_880afb_mappo_w128_seed1 updates 945/6250 episodes, total num timesteps 3027200/20000000, FPS 9330.

average episode rewards is -122.8544921875

 Scenario simple_spread Algo rmappo Exp reference_20260925T173510Z_880afb_mappo_w128_seed1 updates 950/6250 episodes, total num timesteps 3043200/20000000, FPS 9328.

average episode rewards is -122.43546295166016
eval average episode rewards of agent: -121.89646309769515
eval success rate: 0.75

 Scenario simple_spread Algo rmappo Exp reference_20260925T173510Z_880afb_mappo_w128_seed1 updates 955/6250 episodes, total num timesteps 3059200/20000000, FPS 9327.

average episode rewards is -119.14154052734375

 Scenario simple_spread Algo rmappo Exp reference_20260925T173510Z_880afb_mappo_w128_seed1 updates 960/6250 episodes, total num timesteps 3075200/20000000, FPS 9327.

average episode rewards is -121.58090209960938

 Scenario simple_spread Algo rmappo Exp reference_20260925T173510Z_880afb_mappo_w128_seed1 updates 965/6250 episodes, total num timesteps 3091200/20000000, FPS 9328.

average episode rewards is -119.65423583984375

 Scenario simple_spread Algo rmappo Exp reference_20260925T173510Z_880afb_mappo_w128_seed1 updates 970/6250 episodes, total num timesteps 3107200/20000000, FPS 9329.

average episode rewards is -121.44976806640625

 Scenario simple_spread Algo rmappo Exp reference_20260925T173510Z_880afb_mappo_w128_seed1 updates 975/6250 episodes, total num timesteps 3123200/20000000, FPS 9330.

average episode rewards is -120.50978088378906
eval average episode rewards of agent: -116.65430442429634
eval success rate: 0.75

 Scenario simple_spread Algo rmappo Exp reference_20260925T173510Z_880afb_mappo_w128_seed1 updates 980/6250 episodes, total num timesteps 3139200/20000000, FPS 9329.

average episode rewards is -117.4144058227539

 Scenario simple_spread Algo rmappo Exp reference_20260925T173510Z_880afb_mappo_w128_seed1 updates 985/6250 episodes, total num timesteps 3155200/20000000, FPS 9330.

average episode rewards is -119.53575897216797

 Scenario simple_spread Algo rmappo Exp reference_20260925T173510Z_880afb_mappo_w128_seed1 updates 990/6250 episodes, total num timesteps 3171200/20000000, FPS 9331.

average episode rewards is -118.0665283203125

 Scenario simple_spread Algo rmappo Exp reference_20260925T173510Z_880afb_mappo_w128_seed1 updates 995/6250 episodes, total num timesteps 3187200/20000000, FPS 9332.

average episode rewards is -118.13212585449219

 Scenario simple_spread Algo rmappo Exp reference_20260925T173510Z_880afb_mappo_w128_seed1 updates 1000/6250 episodes, total num timesteps 3203200/20000000, FPS 9332.

average episode rewards is -120.24978637695312
eval average episode rewards of agent: -120.44796462735336
eval success rate: 0.8

 Scenario simple_spread Algo rmappo Exp reference_20260925T173510Z_880afb_mappo_w128_seed1 updates 1005/6250 episodes, total num timesteps 3219200/20000000, FPS 9332.

average episode rewards is -119.86366271972656

 Scenario simple_spread Algo rmappo Exp reference_20260925T173510Z_880afb_mappo_w128_seed1 updates 1010/6250 episodes, total num timesteps 3235200/20000000, FPS 9330.

average episode rewards is -118.15348815917969

 Scenario simple_spread Algo rmappo Exp reference_20260925T173510Z_880afb_mappo_w128_seed1 updates 1015/6250 episodes, total num timesteps 3251200/20000000, FPS 9330.

average episode rewards is -118.86314392089844

 Scenario simple_spread Algo rmappo Exp reference_20260925T173510Z_880afb_mappo_w128_seed1 updates 1020/6250 episodes, total num timesteps 3267200/20000000, FPS 9331.

average episode rewards is -119.07393646240234

 Scenario simple_spread Algo rmappo Exp reference_20260925T173510Z_880afb_mappo_w128_seed1 updates 1025/6250 episodes, total num timesteps 3283200/20000000, FPS 9333.

average episode rewards is -119.14051818847656
eval average episode rewards of agent: -114.46094884191115
eval success rate: 0.75

 Scenario simple_spread Algo rmappo Exp reference_20260925T173510Z_880afb_mappo_w128_seed1 updates 1030/6250 episodes, total num timesteps 3299200/20000000, FPS 9332.

average episode rewards is -120.62525939941406

 Scenario simple_spread Algo rmappo Exp reference_20260925T173510Z_880afb_mappo_w128_seed1 updates 1035/6250 episodes, total num timesteps 3315200/20000000, FPS 9332.

average episode rewards is -118.96046447753906

 Scenario simple_spread Algo rmappo Exp reference_20260925T173510Z_880afb_mappo_w128_seed1 updates 1040/6250 episodes, total num timesteps 3331200/20000000, FPS 9333.

average episode rewards is -118.50228118896484

 Scenario simple_spread Algo rmappo Exp reference_20260925T173510Z_880afb_mappo_w128_seed1 updates 1045/6250 episodes, total num timesteps 3347200/20000000, FPS 9334.

average episode rewards is -120.25733184814453

 Scenario simple_spread Algo rmappo Exp reference_20260925T173510Z_880afb_mappo_w128_seed1 updates 1050/6250 episodes, total num timesteps 3363200/20000000, FPS 9335.

average episode rewards is -118.35643005371094
eval average episode rewards of agent: -115.10501422668706
eval success rate: 0.85

 Scenario simple_spread Algo rmappo Exp reference_20260925T173510Z_880afb_mappo_w128_seed1 updates 1055/6250 episodes, total num timesteps 3379200/20000000, FPS 9334.

average episode rewards is -118.21473693847656

 Scenario simple_spread Algo rmappo Exp reference_20260925T173510Z_880afb_mappo_w128_seed1 updates 1060/6250 episodes, total num timesteps 3395200/20000000, FPS 9336.

average episode rewards is -120.81974792480469

 Scenario simple_spread Algo rmappo Exp reference_20260925T173510Z_880afb_mappo_w128_seed1 updates 1065/6250 episodes, total num timesteps 3411200/20000000, FPS 9336.

average episode rewards is -120.34034729003906

 Scenario simple_spread Algo rmappo Exp reference_20260925T173510Z_880afb_mappo_w128_seed1 updates 1070/6250 episodes, total num timesteps 3427200/20000000, FPS 9334.

average episode rewards is -118.1177978515625

 Scenario simple_spread Algo rmappo Exp reference_20260925T173510Z_880afb_mappo_w128_seed1 updates 1075/6250 episodes, total num timesteps 3443200/20000000, FPS 9334.

average episode rewards is -119.33606719970703
eval average episode rewards of agent: -110.89751055385197
eval success rate: 0.85

 Scenario simple_spread Algo rmappo Exp reference_20260925T173510Z_880afb_mappo_w128_seed1 updates 1080/6250 episodes, total num timesteps 3459200/20000000, FPS 9333.

average episode rewards is -118.24625396728516

 Scenario simple_spread Algo rmappo Exp reference_20260925T173510Z_880afb_mappo_w128_seed1 updates 1085/6250 episodes, total num timesteps 3475200/20000000, FPS 9334.

average episode rewards is -118.5494155883789

 Scenario simple_spread Algo rmappo Exp reference_20260925T173510Z_880afb_mappo_w128_seed1 updates 1090/6250 episodes, total num timesteps 3491200/20000000, FPS 9334.

average episode rewards is -120.79398345947266

 Scenario simple_spread Algo rmappo Exp reference_20260925T173510Z_880afb_mappo_w128_seed1 updates 1095/6250 episodes, total num timesteps 3507200/20000000, FPS 9335.

average episode rewards is -119.13916778564453

 Scenario simple_spread Algo rmappo Exp reference_20260925T173510Z_880afb_mappo_w128_seed1 updates 1100/6250 episodes, total num timesteps 3523200/20000000, FPS 9336.

average episode rewards is -119.5276870727539
eval average episode rewards of agent: -113.00909783315912
eval success rate: 0.9

 Scenario simple_spread Algo rmappo Exp reference_20260925T173510Z_880afb_mappo_w128_seed1 updates 1105/6250 episodes, total num timesteps 3539200/20000000, FPS 9335.

average episode rewards is -117.5435791015625

 Scenario simple_spread Algo rmappo Exp reference_20260925T173510Z_880afb_mappo_w128_seed1 updates 1110/6250 episodes, total num timesteps 3555200/20000000, FPS 9336.

average episode rewards is -116.88919067382812

 Scenario simple_spread Algo rmappo Exp reference_20260925T173510Z_880afb_mappo_w128_seed1 updates 1115/6250 episodes, total num timesteps 3571200/20000000, FPS 9337.

average episode rewards is -116.12992095947266

 Scenario simple_spread Algo rmappo Exp reference_20260925T173510Z_880afb_mappo_w128_seed1 updates 1120/6250 episodes, total num timesteps 3587200/20000000, FPS 9338.

average episode rewards is -118.59197998046875

 Scenario simple_spread Algo rmappo Exp reference_20260925T173510Z_880afb_mappo_w128_seed1 updates 1125/6250 episodes, total num timesteps 3603200/20000000, FPS 9337.

average episode rewards is -119.52173614501953
eval average episode rewards of agent: -117.15690769484544
eval success rate: 0.85

 Scenario simple_spread Algo rmappo Exp reference_20260925T173510Z_880afb_mappo_w128_seed1 updates 1130/6250 episodes, total num timesteps 3619200/20000000, FPS 9336.

average episode rewards is -116.74691772460938

 Scenario simple_spread Algo rmappo Exp reference_20260925T173510Z_880afb_mappo_w128_seed1 updates 1135/6250 episodes, total num timesteps 3635200/20000000, FPS 9337.

average episode rewards is -116.72406005859375

 Scenario simple_spread Algo rmappo Exp reference_20260925T173510Z_880afb_mappo_w128_seed1 updates 1140/6250 episodes, total num timesteps 3651200/20000000, FPS 9337.

average episode rewards is -119.12769317626953

 Scenario simple_spread Algo rmappo Exp reference_20260925T173510Z_880afb_mappo_w128_seed1 updates 1145/6250 episodes, total num timesteps 3667200/20000000, FPS 9337.

average episode rewards is -117.51830291748047

 Scenario simple_spread Algo rmappo Exp reference_20260925T173510Z_880afb_mappo_w128_seed1 updates 1150/6250 episodes, total num timesteps 3683200/20000000, FPS 9337.

average episode rewards is -116.12271118164062
eval average episode rewards of agent: -122.32902337405035
eval success rate: 0.8

 Scenario simple_spread Algo rmappo Exp reference_20260925T173510Z_880afb_mappo_w128_seed1 updates 1155/6250 episodes, total num timesteps 3699200/20000000, FPS 9336.

average episode rewards is -123.24683380126953

 Scenario simple_spread Algo rmappo Exp reference_20260925T173510Z_880afb_mappo_w128_seed1 updates 1160/6250 episodes, total num timesteps 3715200/20000000, FPS 9337.

average episode rewards is -121.34654235839844

 Scenario simple_spread Algo rmappo Exp reference_20260925T173510Z_880afb_mappo_w128_seed1 updates 1165/6250 episodes, total num timesteps 3731200/20000000, FPS 9338.

average episode rewards is -120.2889404296875

 Scenario simple_spread Algo rmappo Exp reference_20260925T173510Z_880afb_mappo_w128_seed1 updates 1170/6250 episodes, total num timesteps 3747200/20000000, FPS 9339.

average episode rewards is -119.4200668334961

 Scenario simple_spread Algo rmappo Exp reference_20260925T173510Z_880afb_mappo_w128_seed1 updates 1175/6250 episodes, total num timesteps 3763200/20000000, FPS 9340.

average episode rewards is -120.69734191894531
eval average episode rewards of agent: -117.60533250422557
eval success rate: 0.9

 Scenario simple_spread Algo rmappo Exp reference_20260925T173510Z_880afb_mappo_w128_seed1 updates 1180/6250 episodes, total num timesteps 3779200/20000000, FPS 9340.

average episode rewards is -120.0746078491211

 Scenario simple_spread Algo rmappo Exp reference_20260925T173510Z_880afb_mappo_w128_seed1 updates 1185/6250 episodes, total num timesteps 3795200/20000000, FPS 9338.

average episode rewards is -121.20299530029297

 Scenario simple_spread Algo rmappo Exp reference_20260925T173510Z_880afb_mappo_w128_seed1 updates 1190/6250 episodes, total num timesteps 3811200/20000000, FPS 9339.

average episode rewards is -118.56339263916016

 Scenario simple_spread Algo rmappo Exp reference_20260925T173510Z_880afb_mappo_w128_seed1 updates 1195/6250 episodes, total num timesteps 3827200/20000000, FPS 9339.

average episode rewards is -117.41024017333984

 Scenario simple_spread Algo rmappo Exp reference_20260925T173510Z_880afb_mappo_w128_seed1 updates 1200/6250 episodes, total num timesteps 3843200/20000000, FPS 9339.

average episode rewards is -117.5242691040039
eval average episode rewards of agent: -119.41278531434847
eval success rate: 0.65

 Scenario simple_spread Algo rmappo Exp reference_20260925T173510Z_880afb_mappo_w128_seed1 updates 1205/6250 episodes, total num timesteps 3859200/20000000, FPS 9340.

average episode rewards is -119.50401306152344

 Scenario simple_spread Algo rmappo Exp reference_20260925T173510Z_880afb_mappo_w128_seed1 updates 1210/6250 episodes, total num timesteps 3875200/20000000, FPS 9341.

average episode rewards is -121.14901733398438

 Scenario simple_spread Algo rmappo Exp reference_20260925T173510Z_880afb_mappo_w128_seed1 updates 1215/6250 episodes, total num timesteps 3891200/20000000, FPS 9341.

average episode rewards is -116.91819763183594

 Scenario simple_spread Algo rmappo Exp reference_20260925T173510Z_880afb_mappo_w128_seed1 updates 1220/6250 episodes, total num timesteps 3907200/20000000, FPS 9342.

average episode rewards is -117.50869750976562

 Scenario simple_spread Algo rmappo Exp reference_20260925T173510Z_880afb_mappo_w128_seed1 updates 1225/6250 episodes, total num timesteps 3923200/20000000, FPS 9343.

average episode rewards is -117.4152603149414
eval average episode rewards of agent: -121.1376096409215
eval success rate: 0.8

 Scenario simple_spread Algo rmappo Exp reference_20260925T173510Z_880afb_mappo_w128_seed1 updates 1230/6250 episodes, total num timesteps 3939200/20000000, FPS 9342.

average episode rewards is -118.35464477539062

 Scenario simple_spread Algo rmappo Exp reference_20260925T173510Z_880afb_mappo_w128_seed1 updates 1235/6250 episodes, total num timesteps 3955200/20000000, FPS 9342.

average episode rewards is -119.84819030761719

 Scenario simple_spread Algo rmappo Exp reference_20260925T173510Z_880afb_mappo_w128_seed1 updates 1240/6250 episodes, total num timesteps 3971200/20000000, FPS 9343.

average episode rewards is -119.59417724609375

 Scenario simple_spread Algo rmappo Exp reference_20260925T173510Z_880afb_mappo_w128_seed1 updates 1245/6250 episodes, total num timesteps 3987200/20000000, FPS 9341.

average episode rewards is -120.73695373535156

 Scenario simple_spread Algo rmappo Exp reference_20260925T173510Z_880afb_mappo_w128_seed1 updates 1250/6250 episodes, total num timesteps 4003200/20000000, FPS 9342.

average episode rewards is -116.9613037109375
eval average episode rewards of agent: -120.20490907986944
eval success rate: 0.8

 Scenario simple_spread Algo rmappo Exp reference_20260925T173510Z_880afb_mappo_w128_seed1 updates 1255/6250 episodes, total num timesteps 4019200/20000000, FPS 9342.

average episode rewards is -119.80677795410156

 Scenario simple_spread Algo rmappo Exp reference_20260925T173510Z_880afb_mappo_w128_seed1 updates 1260/6250 episodes, total num timesteps 4035200/20000000, FPS 9342.

average episode rewards is -116.9911880493164

 Scenario simple_spread Algo rmappo Exp reference_20260925T173510Z_880afb_mappo_w128_seed1 updates 1265/6250 episodes, total num timesteps 4051200/20000000, FPS 9343.

average episode rewards is -115.73075103759766

 Scenario simple_spread Algo rmappo Exp reference_20260925T173510Z_880afb_mappo_w128_seed1 updates 1270/6250 episodes, total num timesteps 4067200/20000000, FPS 9344.

average episode rewards is -117.96746063232422

 Scenario simple_spread Algo rmappo Exp reference_20260925T173510Z_880afb_mappo_w128_seed1 updates 1275/6250 episodes, total num timesteps 4083200/20000000, FPS 9345.

average episode rewards is -118.03766632080078
eval average episode rewards of agent: -115.9599410877869
eval success rate: 0.9

 Scenario simple_spread Algo rmappo Exp reference_20260925T173510Z_880afb_mappo_w128_seed1 updates 1280/6250 episodes, total num timesteps 4099200/20000000, FPS 9344.

average episode rewards is -119.73216247558594

 Scenario simple_spread Algo rmappo Exp reference_20260925T173510Z_880afb_mappo_w128_seed1 updates 1285/6250 episodes, total num timesteps 4115200/20000000, FPS 9345.

average episode rewards is -116.51384735107422

 Scenario simple_spread Algo rmappo Exp reference_20260925T173510Z_880afb_mappo_w128_seed1 updates 1290/6250 episodes, total num timesteps 4131200/20000000, FPS 9345.

average episode rewards is -117.95628356933594

 Scenario simple_spread Algo rmappo Exp reference_20260925T173510Z_880afb_mappo_w128_seed1 updates 1295/6250 episodes, total num timesteps 4147200/20000000, FPS 9346.

average episode rewards is -117.12689208984375

 Scenario simple_spread Algo rmappo Exp reference_20260925T173510Z_880afb_mappo_w128_seed1 updates 1300/6250 episodes, total num timesteps 4163200/20000000, FPS 9347.

average episode rewards is -120.33008575439453
eval average episode rewards of agent: -121.46903262679568
eval success rate: 0.9

 Scenario simple_spread Algo rmappo Exp reference_20260925T173510Z_880afb_mappo_w128_seed1 updates 1305/6250 episodes, total num timesteps 4179200/20000000, FPS 9344.

average episode rewards is -119.56356811523438

 Scenario simple_spread Algo rmappo Exp reference_20260925T173510Z_880afb_mappo_w128_seed1 updates 1310/6250 episodes, total num timesteps 4195200/20000000, FPS 9346.

average episode rewards is -117.81195068359375

 Scenario simple_spread Algo rmappo Exp reference_20260925T173510Z_880afb_mappo_w128_seed1 updates 1315/6250 episodes, total num timesteps 4211200/20000000, FPS 9346.

average episode rewards is -114.68336486816406

 Scenario simple_spread Algo rmappo Exp reference_20260925T173510Z_880afb_mappo_w128_seed1 updates 1320/6250 episodes, total num timesteps 4227200/20000000, FPS 9347.

average episode rewards is -117.05419921875

 Scenario simple_spread Algo rmappo Exp reference_20260925T173510Z_880afb_mappo_w128_seed1 updates 1325/6250 episodes, total num timesteps 4243200/20000000, FPS 9347.

average episode rewards is -116.66089630126953
eval average episode rewards of agent: -115.48170191449718
eval success rate: 0.95

 Scenario simple_spread Algo rmappo Exp reference_20260925T173510Z_880afb_mappo_w128_seed1 updates 1330/6250 episodes, total num timesteps 4259200/20000000, FPS 9346.

average episode rewards is -118.65811157226562

 Scenario simple_spread Algo rmappo Exp reference_20260925T173510Z_880afb_mappo_w128_seed1 updates 1335/6250 episodes, total num timesteps 4275200/20000000, FPS 9347.

average episode rewards is -118.36537170410156

 Scenario simple_spread Algo rmappo Exp reference_20260925T173510Z_880afb_mappo_w128_seed1 updates 1340/6250 episodes, total num timesteps 4291200/20000000, FPS 9347.

average episode rewards is -117.94124603271484

 Scenario simple_spread Algo rmappo Exp reference_20260925T173510Z_880afb_mappo_w128_seed1 updates 1345/6250 episodes, total num timesteps 4307200/20000000, FPS 9348.

average episode rewards is -117.66541290283203

 Scenario simple_spread Algo rmappo Exp reference_20260925T173510Z_880afb_mappo_w128_seed1 updates 1350/6250 episodes, total num timesteps 4323200/20000000, FPS 9349.

average episode rewards is -116.45878601074219
eval average episode rewards of agent: -118.0456168831657
eval success rate: 1.0

 Scenario simple_spread Algo rmappo Exp reference_20260925T173510Z_880afb_mappo_w128_seed1 updates 1355/6250 episodes, total num timesteps 4339200/20000000, FPS 9349.

average episode rewards is -119.34420776367188

 Scenario simple_spread Algo rmappo Exp reference_20260925T173510Z_880afb_mappo_w128_seed1 updates 1360/6250 episodes, total num timesteps 4355200/20000000, FPS 9350.

average episode rewards is -117.1523666381836

 Scenario simple_spread Algo rmappo Exp reference_20260925T173510Z_880afb_mappo_w128_seed1 updates 1365/6250 episodes, total num timesteps 4371200/20000000, FPS 9349.

average episode rewards is -119.43672943115234

 Scenario simple_spread Algo rmappo Exp reference_20260925T173510Z_880afb_mappo_w128_seed1 updates 1370/6250 episodes, total num timesteps 4387200/20000000, FPS 9350.

average episode rewards is -116.70063781738281

 Scenario simple_spread Algo rmappo Exp reference_20260925T173510Z_880afb_mappo_w128_seed1 updates 1375/6250 episodes, total num timesteps 4403200/20000000, FPS 9350.

average episode rewards is -117.9101791381836
eval average episode rewards of agent: -117.16314858491339
eval success rate: 0.85

 Scenario simple_spread Algo rmappo Exp reference_20260925T173510Z_880afb_mappo_w128_seed1 updates 1380/6250 episodes, total num timesteps 4419200/20000000, FPS 9348.

average episode rewards is -117.77886199951172

 Scenario simple_spread Algo rmappo Exp reference_20260925T173510Z_880afb_mappo_w128_seed1 updates 1385/6250 episodes, total num timesteps 4435200/20000000, FPS 9350.

average episode rewards is -117.999755859375

 Scenario simple_spread Algo rmappo Exp reference_20260925T173510Z_880afb_mappo_w128_seed1 updates 1390/6250 episodes, total num timesteps 4451200/20000000, FPS 9351.

average episode rewards is -119.63446044921875

 Scenario simple_spread Algo rmappo Exp reference_20260925T173510Z_880afb_mappo_w128_seed1 updates 1395/6250 episodes, total num timesteps 4467200/20000000, FPS 9351.

average episode rewards is -117.2343978881836

 Scenario simple_spread Algo rmappo Exp reference_20260925T173510Z_880afb_mappo_w128_seed1 updates 1400/6250 episodes, total num timesteps 4483200/20000000, FPS 9352.

average episode rewards is -116.87481689453125
eval average episode rewards of agent: -115.42270620689321
eval success rate: 0.9

 Scenario simple_spread Algo rmappo Exp reference_20260925T173510Z_880afb_mappo_w128_seed1 updates 1405/6250 episodes, total num timesteps 4499200/20000000, FPS 9352.

average episode rewards is -118.25375366210938

 Scenario simple_spread Algo rmappo Exp reference_20260925T173510Z_880afb_mappo_w128_seed1 updates 1410/6250 episodes, total num timesteps 4515200/20000000, FPS 9352.

average episode rewards is -117.66081237792969

 Scenario simple_spread Algo rmappo Exp reference_20260925T173510Z_880afb_mappo_w128_seed1 updates 1415/6250 episodes, total num timesteps 4531200/20000000, FPS 9353.

average episode rewards is -117.61557006835938

 Scenario simple_spread Algo rmappo Exp reference_20260925T173510Z_880afb_mappo_w128_seed1 updates 1420/6250 episodes, total num timesteps 4547200/20000000, FPS 9353.

average episode rewards is -114.80835723876953

 Scenario simple_spread Algo rmappo Exp reference_20260925T173510Z_880afb_mappo_w128_seed1 updates 1425/6250 episodes, total num timesteps 4563200/20000000, FPS 9352.

average episode rewards is -117.77525329589844
eval average episode rewards of agent: -117.31089065450905
eval success rate: 0.85

 Scenario simple_spread Algo rmappo Exp reference_20260925T173510Z_880afb_mappo_w128_seed1 updates 1430/6250 episodes, total num timesteps 4579200/20000000, FPS 9351.

average episode rewards is -117.55746459960938

 Scenario simple_spread Algo rmappo Exp reference_20260925T173510Z_880afb_mappo_w128_seed1 updates 1435/6250 episodes, total num timesteps 4595200/20000000, FPS 9351.

average episode rewards is -117.30159759521484

 Scenario simple_spread Algo rmappo Exp reference_20260925T173510Z_880afb_mappo_w128_seed1 updates 1440/6250 episodes, total num timesteps 4611200/20000000, FPS 9351.

average episode rewards is -117.00304412841797

 Scenario simple_spread Algo rmappo Exp reference_20260925T173510Z_880afb_mappo_w128_seed1 updates 1445/6250 episodes, total num timesteps 4627200/20000000, FPS 9352.

average episode rewards is -117.23152160644531

 Scenario simple_spread Algo rmappo Exp reference_20260925T173510Z_880afb_mappo_w128_seed1 updates 1450/6250 episodes, total num timesteps 4643200/20000000, FPS 9353.

average episode rewards is -117.05635833740234
eval average episode rewards of agent: -122.32162784402784
eval success rate: 0.9

 Scenario simple_spread Algo rmappo Exp reference_20260925T173510Z_880afb_mappo_w128_seed1 updates 1455/6250 episodes, total num timesteps 4659200/20000000, FPS 9352.

average episode rewards is -117.15717315673828

 Scenario simple_spread Algo rmappo Exp reference_20260925T173510Z_880afb_mappo_w128_seed1 updates 1460/6250 episodes, total num timesteps 4675200/20000000, FPS 9353.

average episode rewards is -117.653564453125

 Scenario simple_spread Algo rmappo Exp reference_20260925T173510Z_880afb_mappo_w128_seed1 updates 1465/6250 episodes, total num timesteps 4691200/20000000, FPS 9353.

average episode rewards is -115.4995346069336

 Scenario simple_spread Algo rmappo Exp reference_20260925T173510Z_880afb_mappo_w128_seed1 updates 1470/6250 episodes, total num timesteps 4707200/20000000, FPS 9354.

average episode rewards is -117.56053161621094

 Scenario simple_spread Algo rmappo Exp reference_20260925T173510Z_880afb_mappo_w128_seed1 updates 1475/6250 episodes, total num timesteps 4723200/20000000, FPS 9355.

average episode rewards is -116.82310485839844
eval average episode rewards of agent: -110.48472817387044
eval success rate: 1.0

 Scenario simple_spread Algo rmappo Exp reference_20260925T173510Z_880afb_mappo_w128_seed1 updates 1480/6250 episodes, total num timesteps 4739200/20000000, FPS 9352.

average episode rewards is -117.87545776367188

 Scenario simple_spread Algo rmappo Exp reference_20260925T173510Z_880afb_mappo_w128_seed1 updates 1485/6250 episodes, total num timesteps 4755200/20000000, FPS 9352.

average episode rewards is -116.21481323242188

 Scenario simple_spread Algo rmappo Exp reference_20260925T173510Z_880afb_mappo_w128_seed1 updates 1490/6250 episodes, total num timesteps 4771200/20000000, FPS 9353.

average episode rewards is -116.09149169921875

 Scenario simple_spread Algo rmappo Exp reference_20260925T173510Z_880afb_mappo_w128_seed1 updates 1495/6250 episodes, total num timesteps 4787200/20000000, FPS 9353.

average episode rewards is -116.06172180175781

 Scenario simple_spread Algo rmappo Exp reference_20260925T173510Z_880afb_mappo_w128_seed1 updates 1500/6250 episodes, total num timesteps 4803200/20000000, FPS 9353.

average episode rewards is -116.99501037597656
eval average episode rewards of agent: -118.95582183638133
eval success rate: 0.9

 Scenario simple_spread Algo rmappo Exp reference_20260925T173510Z_880afb_mappo_w128_seed1 updates 1505/6250 episodes, total num timesteps 4819200/20000000, FPS 9352.

average episode rewards is -118.38673400878906

 Scenario simple_spread Algo rmappo Exp reference_20260925T173510Z_880afb_mappo_w128_seed1 updates 1510/6250 episodes, total num timesteps 4835200/20000000, FPS 9353.

average episode rewards is -117.98627471923828

 Scenario simple_spread Algo rmappo Exp reference_20260925T173510Z_880afb_mappo_w128_seed1 updates 1515/6250 episodes, total num timesteps 4851200/20000000, FPS 9353.

average episode rewards is -115.98591613769531

 Scenario simple_spread Algo rmappo Exp reference_20260925T173510Z_880afb_mappo_w128_seed1 updates 1520/6250 episodes, total num timesteps 4867200/20000000, FPS 9354.

average episode rewards is -117.27324676513672

 Scenario simple_spread Algo rmappo Exp reference_20260925T173510Z_880afb_mappo_w128_seed1 updates 1525/6250 episodes, total num timesteps 4883200/20000000, FPS 9354.

average episode rewards is -117.80308532714844
eval average episode rewards of agent: -111.03581598516534
eval success rate: 0.85

 Scenario simple_spread Algo rmappo Exp reference_20260925T173510Z_880afb_mappo_w128_seed1 updates 1530/6250 episodes, total num timesteps 4899200/20000000, FPS 9354.

average episode rewards is -116.40824127197266

 Scenario simple_spread Algo rmappo Exp reference_20260925T173510Z_880afb_mappo_w128_seed1 updates 1535/6250 episodes, total num timesteps 4915200/20000000, FPS 9354.

average episode rewards is -114.79911804199219

 Scenario simple_spread Algo rmappo Exp reference_20260925T173510Z_880afb_mappo_w128_seed1 updates 1540/6250 episodes, total num timesteps 4931200/20000000, FPS 9352.

average episode rewards is -116.47866821289062

 Scenario simple_spread Algo rmappo Exp reference_20260925T173510Z_880afb_mappo_w128_seed1 updates 1545/6250 episodes, total num timesteps 4947200/20000000, FPS 9353.

average episode rewards is -116.88713836669922

 Scenario simple_spread Algo rmappo Exp reference_20260925T173510Z_880afb_mappo_w128_seed1 updates 1550/6250 episodes, total num timesteps 4963200/20000000, FPS 9353.

average episode rewards is -115.24009704589844
eval average episode rewards of agent: -114.39450818228501
eval success rate: 0.9

 Scenario simple_spread Algo rmappo Exp reference_20260925T173510Z_880afb_mappo_w128_seed1 updates 1555/6250 episodes, total num timesteps 4979200/20000000, FPS 9353.

average episode rewards is -114.08610534667969

 Scenario simple_spread Algo rmappo Exp reference_20260925T173510Z_880afb_mappo_w128_seed1 updates 1560/6250 episodes, total num timesteps 4995200/20000000, FPS 9354.

average episode rewards is -117.17407989501953

 Scenario simple_spread Algo rmappo Exp reference_20260925T173510Z_880afb_mappo_w128_seed1 updates 1565/6250 episodes, total num timesteps 5011200/20000000, FPS 9354.

average episode rewards is -114.76425170898438

 Scenario simple_spread Algo rmappo Exp reference_20260925T173510Z_880afb_mappo_w128_seed1 updates 1570/6250 episodes, total num timesteps 5027200/20000000, FPS 9354.

average episode rewards is -115.65174102783203

 Scenario simple_spread Algo rmappo Exp reference_20260925T173510Z_880afb_mappo_w128_seed1 updates 1575/6250 episodes, total num timesteps 5043200/20000000, FPS 9355.

average episode rewards is -117.341552734375
eval average episode rewards of agent: -111.82692079743323
eval success rate: 0.85

 Scenario simple_spread Algo rmappo Exp reference_20260925T173510Z_880afb_mappo_w128_seed1 updates 1580/6250 episodes, total num timesteps 5059200/20000000, FPS 9354.

average episode rewards is -116.06369018554688

 Scenario simple_spread Algo rmappo Exp reference_20260925T173510Z_880afb_mappo_w128_seed1 updates 1585/6250 episodes, total num timesteps 5075200/20000000, FPS 9355.

average episode rewards is -117.83341217041016

 Scenario simple_spread Algo rmappo Exp reference_20260925T173510Z_880afb_mappo_w128_seed1 updates 1590/6250 episodes, total num timesteps 5091200/20000000, FPS 9355.

average episode rewards is -117.50414276123047

 Scenario simple_spread Algo rmappo Exp reference_20260925T173510Z_880afb_mappo_w128_seed1 updates 1595/6250 episodes, total num timesteps 5107200/20000000, FPS 9356.

average episode rewards is -115.98589324951172

 Scenario simple_spread Algo rmappo Exp reference_20260925T173510Z_880afb_mappo_w128_seed1 updates 1600/6250 episodes, total num timesteps 5123200/20000000, FPS 9354.

average episode rewards is -119.0237045288086
eval average episode rewards of agent: -109.30976110211239
eval success rate: 0.95

 Scenario simple_spread Algo rmappo Exp reference_20260925T173510Z_880afb_mappo_w128_seed1 updates 1605/6250 episodes, total num timesteps 5139200/20000000, FPS 9353.

average episode rewards is -115.89493560791016

 Scenario simple_spread Algo rmappo Exp reference_20260925T173510Z_880afb_mappo_w128_seed1 updates 1610/6250 episodes, total num timesteps 5155200/20000000, FPS 9353.

average episode rewards is -116.6244888305664

 Scenario simple_spread Algo rmappo Exp reference_20260925T173510Z_880afb_mappo_w128_seed1 updates 1615/6250 episodes, total num timesteps 5171200/20000000, FPS 9354.

average episode rewards is -117.16010284423828

 Scenario simple_spread Algo rmappo Exp reference_20260925T173510Z_880afb_mappo_w128_seed1 updates 1620/6250 episodes, total num timesteps 5187200/20000000, FPS 9354.

average episode rewards is -118.05659484863281

 Scenario simple_spread Algo rmappo Exp reference_20260925T173510Z_880afb_mappo_w128_seed1 updates 1625/6250 episodes, total num timesteps 5203200/20000000, FPS 9354.

average episode rewards is -118.85371398925781
eval average episode rewards of agent: -114.86993033930911
eval success rate: 0.9

 Scenario simple_spread Algo rmappo Exp reference_20260925T173510Z_880afb_mappo_w128_seed1 updates 1630/6250 episodes, total num timesteps 5219200/20000000, FPS 9355.

average episode rewards is -117.269287109375

 Scenario simple_spread Algo rmappo Exp reference_20260925T173510Z_880afb_mappo_w128_seed1 updates 1635/6250 episodes, total num timesteps 5235200/20000000, FPS 9355.

average episode rewards is -116.73905944824219

 Scenario simple_spread Algo rmappo Exp reference_20260925T173510Z_880afb_mappo_w128_seed1 updates 1640/6250 episodes, total num timesteps 5251200/20000000, FPS 9355.

average episode rewards is -114.6559829711914

 Scenario simple_spread Algo rmappo Exp reference_20260925T173510Z_880afb_mappo_w128_seed1 updates 1645/6250 episodes, total num timesteps 5267200/20000000, FPS 9356.

average episode rewards is -116.83342742919922

 Scenario simple_spread Algo rmappo Exp reference_20260925T173510Z_880afb_mappo_w128_seed1 updates 1650/6250 episodes, total num timesteps 5283200/20000000, FPS 9356.

average episode rewards is -117.33120727539062
eval average episode rewards of agent: -116.10705679529966
eval success rate: 0.95

 Scenario simple_spread Algo rmappo Exp reference_20260925T173510Z_880afb_mappo_w128_seed1 updates 1655/6250 episodes, total num timesteps 5299200/20000000, FPS 9356.

average episode rewards is -118.0628890991211

 Scenario simple_spread Algo rmappo Exp reference_20260925T173510Z_880afb_mappo_w128_seed1 updates 1660/6250 episodes, total num timesteps 5315200/20000000, FPS 9354.

average episode rewards is -116.23492431640625

 Scenario simple_spread Algo rmappo Exp reference_20260925T173510Z_880afb_mappo_w128_seed1 updates 1665/6250 episodes, total num timesteps 5331200/20000000, FPS 9355.

average episode rewards is -117.61443328857422

 Scenario simple_spread Algo rmappo Exp reference_20260925T173510Z_880afb_mappo_w128_seed1 updates 1670/6250 episodes, total num timesteps 5347200/20000000, FPS 9355.

average episode rewards is -121.92784881591797

 Scenario simple_spread Algo rmappo Exp reference_20260925T173510Z_880afb_mappo_w128_seed1 updates 1675/6250 episodes, total num timesteps 5363200/20000000, FPS 9355.

average episode rewards is -117.57545471191406
eval average episode rewards of agent: -114.3075242330413
eval success rate: 1.0

 Scenario simple_spread Algo rmappo Exp reference_20260925T173510Z_880afb_mappo_w128_seed1 updates 1680/6250 episodes, total num timesteps 5379200/20000000, FPS 9355.

average episode rewards is -117.32796478271484

 Scenario simple_spread Algo rmappo Exp reference_20260925T173510Z_880afb_mappo_w128_seed1 updates 1685/6250 episodes, total num timesteps 5395200/20000000, FPS 9355.

average episode rewards is -116.48555755615234

 Scenario simple_spread Algo rmappo Exp reference_20260925T173510Z_880afb_mappo_w128_seed1 updates 1690/6250 episodes, total num timesteps 5411200/20000000, FPS 9356.

average episode rewards is -117.31825256347656

 Scenario simple_spread Algo rmappo Exp reference_20260925T173510Z_880afb_mappo_w128_seed1 updates 1695/6250 episodes, total num timesteps 5427200/20000000, FPS 9356.

average episode rewards is -116.1108627319336

 Scenario simple_spread Algo rmappo Exp reference_20260925T173510Z_880afb_mappo_w128_seed1 updates 1700/6250 episodes, total num timesteps 5443200/20000000, FPS 9356.

average episode rewards is -117.63072967529297
eval average episode rewards of agent: -113.9225477369156
eval success rate: 0.8

 Scenario simple_spread Algo rmappo Exp reference_20260925T173510Z_880afb_mappo_w128_seed1 updates 1705/6250 episodes, total num timesteps 5459200/20000000, FPS 9356.

average episode rewards is -118.53743743896484

 Scenario simple_spread Algo rmappo Exp reference_20260925T173510Z_880afb_mappo_w128_seed1 updates 1710/6250 episodes, total num timesteps 5475200/20000000, FPS 9356.

average episode rewards is -115.98046875

 Scenario simple_spread Algo rmappo Exp reference_20260925T173510Z_880afb_mappo_w128_seed1 updates 1715/6250 episodes, total num timesteps 5491200/20000000, FPS 9356.

average episode rewards is -116.37580108642578

 Scenario simple_spread Algo rmappo Exp reference_20260925T173510Z_880afb_mappo_w128_seed1 updates 1720/6250 episodes, total num timesteps 5507200/20000000, FPS 9355.

average episode rewards is -116.75044250488281

 Scenario simple_spread Algo rmappo Exp reference_20260925T173510Z_880afb_mappo_w128_seed1 updates 1725/6250 episodes, total num timesteps 5523200/20000000, FPS 9355.

average episode rewards is -117.18537902832031
eval average episode rewards of agent: -117.8178010783725
eval success rate: 0.8

 Scenario simple_spread Algo rmappo Exp reference_20260925T173510Z_880afb_mappo_w128_seed1 updates 1730/6250 episodes, total num timesteps 5539200/20000000, FPS 9355.

average episode rewards is -117.35211944580078

 Scenario simple_spread Algo rmappo Exp reference_20260925T173510Z_880afb_mappo_w128_seed1 updates 1735/6250 episodes, total num timesteps 5555200/20000000, FPS 9355.

average episode rewards is -117.51034545898438

 Scenario simple_spread Algo rmappo Exp reference_20260925T173510Z_880afb_mappo_w128_seed1 updates 1740/6250 episodes, total num timesteps 5571200/20000000, FPS 9356.

average episode rewards is -113.93836975097656

 Scenario simple_spread Algo rmappo Exp reference_20260925T173510Z_880afb_mappo_w128_seed1 updates 1745/6250 episodes, total num timesteps 5587200/20000000, FPS 9356.

average episode rewards is -116.58141326904297

 Scenario simple_spread Algo rmappo Exp reference_20260925T173510Z_880afb_mappo_w128_seed1 updates 1750/6250 episodes, total num timesteps 5603200/20000000, FPS 9356.

average episode rewards is -118.5418930053711
eval average episode rewards of agent: -118.36918493003037
eval success rate: 0.9

 Scenario simple_spread Algo rmappo Exp reference_20260925T173510Z_880afb_mappo_w128_seed1 updates 1755/6250 episodes, total num timesteps 5619200/20000000, FPS 9356.

average episode rewards is -118.12821960449219

 Scenario simple_spread Algo rmappo Exp reference_20260925T173510Z_880afb_mappo_w128_seed1 updates 1760/6250 episodes, total num timesteps 5635200/20000000, FPS 9356.

average episode rewards is -119.37033081054688

 Scenario simple_spread Algo rmappo Exp reference_20260925T173510Z_880afb_mappo_w128_seed1 updates 1765/6250 episodes, total num timesteps 5651200/20000000, FPS 9356.

average episode rewards is -116.07371520996094

 Scenario simple_spread Algo rmappo Exp reference_20260925T173510Z_880afb_mappo_w128_seed1 updates 1770/6250 episodes, total num timesteps 5667200/20000000, FPS 9357.

average episode rewards is -118.91262817382812

 Scenario simple_spread Algo rmappo Exp reference_20260925T173510Z_880afb_mappo_w128_seed1 updates 1775/6250 episodes, total num timesteps 5683200/20000000, FPS 9357.

average episode rewards is -117.05858612060547
eval average episode rewards of agent: -122.25648793547627
eval success rate: 0.85

 Scenario simple_spread Algo rmappo Exp reference_20260925T173510Z_880afb_mappo_w128_seed1 updates 1780/6250 episodes, total num timesteps 5699200/20000000, FPS 9355.

average episode rewards is -114.55626678466797

 Scenario simple_spread Algo rmappo Exp reference_20260925T173510Z_880afb_mappo_w128_seed1 updates 1785/6250 episodes, total num timesteps 5715200/20000000, FPS 9356.

average episode rewards is -121.32515716552734

 Scenario simple_spread Algo rmappo Exp reference_20260925T173510Z_880afb_mappo_w128_seed1 updates 1790/6250 episodes, total num timesteps 5731200/20000000, FPS 9356.

average episode rewards is -116.35246276855469

 Scenario simple_spread Algo rmappo Exp reference_20260925T173510Z_880afb_mappo_w128_seed1 updates 1795/6250 episodes, total num timesteps 5747200/20000000, FPS 9356.

average episode rewards is -117.8117904663086

 Scenario simple_spread Algo rmappo Exp reference_20260925T173510Z_880afb_mappo_w128_seed1 updates 1800/6250 episodes, total num timesteps 5763200/20000000, FPS 9357.

average episode rewards is -113.85235595703125
eval average episode rewards of agent: -116.74769256137
eval success rate: 0.85

 Scenario simple_spread Algo rmappo Exp reference_20260925T173510Z_880afb_mappo_w128_seed1 updates 1805/6250 episodes, total num timesteps 5779200/20000000, FPS 9357.

average episode rewards is -114.25030517578125

 Scenario simple_spread Algo rmappo Exp reference_20260925T173510Z_880afb_mappo_w128_seed1 updates 1810/6250 episodes, total num timesteps 5795200/20000000, FPS 9357.

average episode rewards is -117.71222686767578

 Scenario simple_spread Algo rmappo Exp reference_20260925T173510Z_880afb_mappo_w128_seed1 updates 1815/6250 episodes, total num timesteps 5811200/20000000, FPS 9357.

average episode rewards is -115.043212890625

 Scenario simple_spread Algo rmappo Exp reference_20260925T173510Z_880afb_mappo_w128_seed1 updates 1820/6250 episodes, total num timesteps 5827200/20000000, FPS 9358.

average episode rewards is -115.68881225585938

 Scenario simple_spread Algo rmappo Exp reference_20260925T173510Z_880afb_mappo_w128_seed1 updates 1825/6250 episodes, total num timesteps 5843200/20000000, FPS 9359.

average episode rewards is -118.45221710205078
eval average episode rewards of agent: -110.43388676474554
eval success rate: 0.9

 Scenario simple_spread Algo rmappo Exp reference_20260925T173510Z_880afb_mappo_w128_seed1 updates 1830/6250 episodes, total num timesteps 5859200/20000000, FPS 9358.

average episode rewards is -117.23238372802734

 Scenario simple_spread Algo rmappo Exp reference_20260925T173510Z_880afb_mappo_w128_seed1 updates 1835/6250 episodes, total num timesteps 5875200/20000000, FPS 9358.

average episode rewards is -116.48434448242188

 Scenario simple_spread Algo rmappo Exp reference_20260925T173510Z_880afb_mappo_w128_seed1 updates 1840/6250 episodes, total num timesteps 5891200/20000000, FPS 9356.

average episode rewards is -117.23596954345703

 Scenario simple_spread Algo rmappo Exp reference_20260925T173510Z_880afb_mappo_w128_seed1 updates 1845/6250 episodes, total num timesteps 5907200/20000000, FPS 9356.

average episode rewards is -118.49445343017578

 Scenario simple_spread Algo rmappo Exp reference_20260925T173510Z_880afb_mappo_w128_seed1 updates 1850/6250 episodes, total num timesteps 5923200/20000000, FPS 9356.

average episode rewards is -118.31932067871094
eval average episode rewards of agent: -112.3498404369866
eval success rate: 0.9

 Scenario simple_spread Algo rmappo Exp reference_20260925T173510Z_880afb_mappo_w128_seed1 updates 1855/6250 episodes, total num timesteps 5939200/20000000, FPS 9356.

average episode rewards is -117.19612884521484

 Scenario simple_spread Algo rmappo Exp reference_20260925T173510Z_880afb_mappo_w128_seed1 updates 1860/6250 episodes, total num timesteps 5955200/20000000, FPS 9357.

average episode rewards is -114.57191467285156

 Scenario simple_spread Algo rmappo Exp reference_20260925T173510Z_880afb_mappo_w128_seed1 updates 1865/6250 episodes, total num timesteps 5971200/20000000, FPS 9357.

average episode rewards is -115.67919158935547

 Scenario simple_spread Algo rmappo Exp reference_20260925T173510Z_880afb_mappo_w128_seed1 updates 1870/6250 episodes, total num timesteps 5987200/20000000, FPS 9357.

average episode rewards is -117.40443420410156

 Scenario simple_spread Algo rmappo Exp reference_20260925T173510Z_880afb_mappo_w128_seed1 updates 1875/6250 episodes, total num timesteps 6003200/20000000, FPS 9357.

average episode rewards is -116.71965026855469
eval average episode rewards of agent: -115.03436201045106
eval success rate: 0.95

 Scenario simple_spread Algo rmappo Exp reference_20260925T173510Z_880afb_mappo_w128_seed1 updates 1880/6250 episodes, total num timesteps 6019200/20000000, FPS 9357.

average episode rewards is -118.01444244384766

 Scenario simple_spread Algo rmappo Exp reference_20260925T173510Z_880afb_mappo_w128_seed1 updates 1885/6250 episodes, total num timesteps 6035200/20000000, FPS 9357.

average episode rewards is -115.1138687133789

 Scenario simple_spread Algo rmappo Exp reference_20260925T173510Z_880afb_mappo_w128_seed1 updates 1890/6250 episodes, total num timesteps 6051200/20000000, FPS 9357.

average episode rewards is -116.8660659790039

 Scenario simple_spread Algo rmappo Exp reference_20260925T173510Z_880afb_mappo_w128_seed1 updates 1895/6250 episodes, total num timesteps 6067200/20000000, FPS 9358.

average episode rewards is -113.66194152832031

 Scenario simple_spread Algo rmappo Exp reference_20260925T173510Z_880afb_mappo_w128_seed1 updates 1900/6250 episodes, total num timesteps 6083200/20000000, FPS 9356.

average episode rewards is -117.62201690673828
eval average episode rewards of agent: -112.81819463841403
eval success rate: 0.95

 Scenario simple_spread Algo rmappo Exp reference_20260925T173510Z_880afb_mappo_w128_seed1 updates 1905/6250 episodes, total num timesteps 6099200/20000000, FPS 9356.

average episode rewards is -118.3211669921875

 Scenario simple_spread Algo rmappo Exp reference_20260925T173510Z_880afb_mappo_w128_seed1 updates 1910/6250 episodes, total num timesteps 6115200/20000000, FPS 9356.

average episode rewards is -118.12555694580078

 Scenario simple_spread Algo rmappo Exp reference_20260925T173510Z_880afb_mappo_w128_seed1 updates 1915/6250 episodes, total num timesteps 6131200/20000000, FPS 9356.

average episode rewards is -115.11511993408203

 Scenario simple_spread Algo rmappo Exp reference_20260925T173510Z_880afb_mappo_w128_seed1 updates 1920/6250 episodes, total num timesteps 6147200/20000000, FPS 9356.

average episode rewards is -115.5384521484375

 Scenario simple_spread Algo rmappo Exp reference_20260925T173510Z_880afb_mappo_w128_seed1 updates 1925/6250 episodes, total num timesteps 6163200/20000000, FPS 9356.

average episode rewards is -118.74150085449219
eval average episode rewards of agent: -115.85578940252303
eval success rate: 0.9

 Scenario simple_spread Algo rmappo Exp reference_20260925T173510Z_880afb_mappo_w128_seed1 updates 1930/6250 episodes, total num timesteps 6179200/20000000, FPS 9356.

average episode rewards is -114.02272033691406

 Scenario simple_spread Algo rmappo Exp reference_20260925T173510Z_880afb_mappo_w128_seed1 updates 1935/6250 episodes, total num timesteps 6195200/20000000, FPS 9356.

average episode rewards is -119.21570587158203

 Scenario simple_spread Algo rmappo Exp reference_20260925T173510Z_880afb_mappo_w128_seed1 updates 1940/6250 episodes, total num timesteps 6211200/20000000, FPS 9356.

average episode rewards is -114.73467254638672

 Scenario simple_spread Algo rmappo Exp reference_20260925T173510Z_880afb_mappo_w128_seed1 updates 1945/6250 episodes, total num timesteps 6227200/20000000, FPS 9357.

average episode rewards is -113.84427642822266

 Scenario simple_spread Algo rmappo Exp reference_20260925T173510Z_880afb_mappo_w128_seed1 updates 1950/6250 episodes, total num timesteps 6243200/20000000, FPS 9357.

average episode rewards is -113.43023681640625
eval average episode rewards of agent: -110.37133579212446
eval success rate: 0.9

 Scenario simple_spread Algo rmappo Exp reference_20260925T173510Z_880afb_mappo_w128_seed1 updates 1955/6250 episodes, total num timesteps 6259200/20000000, FPS 9355.

average episode rewards is -115.83769226074219

 Scenario simple_spread Algo rmappo Exp reference_20260925T173510Z_880afb_mappo_w128_seed1 updates 1960/6250 episodes, total num timesteps 6275200/20000000, FPS 9355.

average episode rewards is -115.23591613769531

 Scenario simple_spread Algo rmappo Exp reference_20260925T173510Z_880afb_mappo_w128_seed1 updates 1965/6250 episodes, total num timesteps 6291200/20000000, FPS 9355.

average episode rewards is -115.05144500732422

 Scenario simple_spread Algo rmappo Exp reference_20260925T173510Z_880afb_mappo_w128_seed1 updates 1970/6250 episodes, total num timesteps 6307200/20000000, FPS 9356.

average episode rewards is -116.46636962890625

 Scenario simple_spread Algo rmappo Exp reference_20260925T173510Z_880afb_mappo_w128_seed1 updates 1975/6250 episodes, total num timesteps 6323200/20000000, FPS 9356.

average episode rewards is -115.55258178710938
eval average episode rewards of agent: -119.79585166461273
eval success rate: 0.9

 Scenario simple_spread Algo rmappo Exp reference_20260925T173510Z_880afb_mappo_w128_seed1 updates 1980/6250 episodes, total num timesteps 6339200/20000000, FPS 9356.

average episode rewards is -116.548095703125

 Scenario simple_spread Algo rmappo Exp reference_20260925T173510Z_880afb_mappo_w128_seed1 updates 1985/6250 episodes, total num timesteps 6355200/20000000, FPS 9357.

average episode rewards is -116.3977279663086

 Scenario simple_spread Algo rmappo Exp reference_20260925T173510Z_880afb_mappo_w128_seed1 updates 1990/6250 episodes, total num timesteps 6371200/20000000, FPS 9357.

average episode rewards is -115.09547424316406

 Scenario simple_spread Algo rmappo Exp reference_20260925T173510Z_880afb_mappo_w128_seed1 updates 1995/6250 episodes, total num timesteps 6387200/20000000, FPS 9357.

average episode rewards is -117.74917602539062

 Scenario simple_spread Algo rmappo Exp reference_20260925T173510Z_880afb_mappo_w128_seed1 updates 2000/6250 episodes, total num timesteps 6403200/20000000, FPS 9357.

average episode rewards is -113.8128433227539
eval average episode rewards of agent: -116.02345366790517
eval success rate: 0.9

 Scenario simple_spread Algo rmappo Exp reference_20260925T173510Z_880afb_mappo_w128_seed1 updates 2005/6250 episodes, total num timesteps 6419200/20000000, FPS 9356.

average episode rewards is -115.95548248291016

 Scenario simple_spread Algo rmappo Exp reference_20260925T173510Z_880afb_mappo_w128_seed1 updates 2010/6250 episodes, total num timesteps 6435200/20000000, FPS 9356.

average episode rewards is -113.19723510742188

 Scenario simple_spread Algo rmappo Exp reference_20260925T173510Z_880afb_mappo_w128_seed1 updates 2015/6250 episodes, total num timesteps 6451200/20000000, FPS 9355.

average episode rewards is -115.39253997802734

 Scenario simple_spread Algo rmappo Exp reference_20260925T173510Z_880afb_mappo_w128_seed1 updates 2020/6250 episodes, total num timesteps 6467200/20000000, FPS 9355.

average episode rewards is -116.343017578125

 Scenario simple_spread Algo rmappo Exp reference_20260925T173510Z_880afb_mappo_w128_seed1 updates 2025/6250 episodes, total num timesteps 6483200/20000000, FPS 9355.

average episode rewards is -116.79541778564453
eval average episode rewards of agent: -113.10599562925262
eval success rate: 1.0

 Scenario simple_spread Algo rmappo Exp reference_20260925T173510Z_880afb_mappo_w128_seed1 updates 2030/6250 episodes, total num timesteps 6499200/20000000, FPS 9355.

average episode rewards is -116.22343444824219

 Scenario simple_spread Algo rmappo Exp reference_20260925T173510Z_880afb_mappo_w128_seed1 updates 2035/6250 episodes, total num timesteps 6515200/20000000, FPS 9355.

average episode rewards is -116.9952163696289

 Scenario simple_spread Algo rmappo Exp reference_20260925T173510Z_880afb_mappo_w128_seed1 updates 2040/6250 episodes, total num timesteps 6531200/20000000, FPS 9355.

average episode rewards is -115.49873352050781

 Scenario simple_spread Algo rmappo Exp reference_20260925T173510Z_880afb_mappo_w128_seed1 updates 2045/6250 episodes, total num timesteps 6547200/20000000, FPS 9355.

average episode rewards is -117.9212417602539

 Scenario simple_spread Algo rmappo Exp reference_20260925T173510Z_880afb_mappo_w128_seed1 updates 2050/6250 episodes, total num timesteps 6563200/20000000, FPS 9356.

average episode rewards is -116.88090515136719
eval average episode rewards of agent: -110.96255832377456
eval success rate: 1.0

 Scenario simple_spread Algo rmappo Exp reference_20260925T173510Z_880afb_mappo_w128_seed1 updates 2055/6250 episodes, total num timesteps 6579200/20000000, FPS 9355.

average episode rewards is -115.96185302734375

 Scenario simple_spread Algo rmappo Exp reference_20260925T173510Z_880afb_mappo_w128_seed1 updates 2060/6250 episodes, total num timesteps 6595200/20000000, FPS 9356.

average episode rewards is -116.4659652709961

 Scenario simple_spread Algo rmappo Exp reference_20260925T173510Z_880afb_mappo_w128_seed1 updates 2065/6250 episodes, total num timesteps 6611200/20000000, FPS 9356.

average episode rewards is -113.1362075805664

 Scenario simple_spread Algo rmappo Exp reference_20260925T173510Z_880afb_mappo_w128_seed1 updates 2070/6250 episodes, total num timesteps 6627200/20000000, FPS 9357.

average episode rewards is -115.94036865234375

 Scenario simple_spread Algo rmappo Exp reference_20260925T173510Z_880afb_mappo_w128_seed1 updates 2075/6250 episodes, total num timesteps 6643200/20000000, FPS 9356.

average episode rewards is -115.7669906616211
eval average episode rewards of agent: -117.57300134488779
eval success rate: 0.75

 Scenario simple_spread Algo rmappo Exp reference_20260925T173510Z_880afb_mappo_w128_seed1 updates 2080/6250 episodes, total num timesteps 6659200/20000000, FPS 9355.

average episode rewards is -115.34732818603516

 Scenario simple_spread Algo rmappo Exp reference_20260925T173510Z_880afb_mappo_w128_seed1 updates 2085/6250 episodes, total num timesteps 6675200/20000000, FPS 9356.

average episode rewards is -116.5869140625

 Scenario simple_spread Algo rmappo Exp reference_20260925T173510Z_880afb_mappo_w128_seed1 updates 2090/6250 episodes, total num timesteps 6691200/20000000, FPS 9356.

average episode rewards is -116.7594223022461

 Scenario simple_spread Algo rmappo Exp reference_20260925T173510Z_880afb_mappo_w128_seed1 updates 2095/6250 episodes, total num timesteps 6707200/20000000, FPS 9356.

average episode rewards is -116.23551940917969

 Scenario simple_spread Algo rmappo Exp reference_20260925T173510Z_880afb_mappo_w128_seed1 updates 2100/6250 episodes, total num timesteps 6723200/20000000, FPS 9357.

average episode rewards is -115.08335876464844
eval average episode rewards of agent: -111.38157793576217
eval success rate: 1.0

 Scenario simple_spread Algo rmappo Exp reference_20260925T173510Z_880afb_mappo_w128_seed1 updates 2105/6250 episodes, total num timesteps 6739200/20000000, FPS 9356.

average episode rewards is -118.46400451660156

 Scenario simple_spread Algo rmappo Exp reference_20260925T173510Z_880afb_mappo_w128_seed1 updates 2110/6250 episodes, total num timesteps 6755200/20000000, FPS 9356.

average episode rewards is -114.88578033447266

 Scenario simple_spread Algo rmappo Exp reference_20260925T173510Z_880afb_mappo_w128_seed1 updates 2115/6250 episodes, total num timesteps 6771200/20000000, FPS 9357.

average episode rewards is -116.22216796875

 Scenario simple_spread Algo rmappo Exp reference_20260925T173510Z_880afb_mappo_w128_seed1 updates 2120/6250 episodes, total num timesteps 6787200/20000000, FPS 9357.

average episode rewards is -118.02306365966797

 Scenario simple_spread Algo rmappo Exp reference_20260925T173510Z_880afb_mappo_w128_seed1 updates 2125/6250 episodes, total num timesteps 6803200/20000000, FPS 9358.

average episode rewards is -117.69512939453125
eval average episode rewards of agent: -116.40822059916329
eval success rate: 0.95

 Scenario simple_spread Algo rmappo Exp reference_20260925T173510Z_880afb_mappo_w128_seed1 updates 2130/6250 episodes, total num timesteps 6819200/20000000, FPS 9357.

average episode rewards is -113.83699035644531

 Scenario simple_spread Algo rmappo Exp reference_20260925T173510Z_880afb_mappo_w128_seed1 updates 2135/6250 episodes, total num timesteps 6835200/20000000, FPS 9356.

average episode rewards is -115.328125

 Scenario simple_spread Algo rmappo Exp reference_20260925T173510Z_880afb_mappo_w128_seed1 updates 2140/6250 episodes, total num timesteps 6851200/20000000, FPS 9356.

average episode rewards is -113.27668762207031

 Scenario simple_spread Algo rmappo Exp reference_20260925T173510Z_880afb_mappo_w128_seed1 updates 2145/6250 episodes, total num timesteps 6867200/20000000, FPS 9356.

average episode rewards is -116.06149291992188

 Scenario simple_spread Algo rmappo Exp reference_20260925T173510Z_880afb_mappo_w128_seed1 updates 2150/6250 episodes, total num timesteps 6883200/20000000, FPS 9356.

average episode rewards is -116.79574584960938
eval average episode rewards of agent: -115.52798070154509
eval success rate: 0.9

 Scenario simple_spread Algo rmappo Exp reference_20260925T173510Z_880afb_mappo_w128_seed1 updates 2155/6250 episodes, total num timesteps 6899200/20000000, FPS 9356.

average episode rewards is -116.51815032958984

 Scenario simple_spread Algo rmappo Exp reference_20260925T173510Z_880afb_mappo_w128_seed1 updates 2160/6250 episodes, total num timesteps 6915200/20000000, FPS 9356.

average episode rewards is -115.1021957397461

 Scenario simple_spread Algo rmappo Exp reference_20260925T173510Z_880afb_mappo_w128_seed1 updates 2165/6250 episodes, total num timesteps 6931200/20000000, FPS 9356.

average episode rewards is -113.51044464111328

 Scenario simple_spread Algo rmappo Exp reference_20260925T173510Z_880afb_mappo_w128_seed1 updates 2170/6250 episodes, total num timesteps 6947200/20000000, FPS 9357.

average episode rewards is -116.24330139160156

 Scenario simple_spread Algo rmappo Exp reference_20260925T173510Z_880afb_mappo_w128_seed1 updates 2175/6250 episodes, total num timesteps 6963200/20000000, FPS 9357.

average episode rewards is -114.70179748535156
eval average episode rewards of agent: -114.070119604577
eval success rate: 0.85

 Scenario simple_spread Algo rmappo Exp reference_20260925T173510Z_880afb_mappo_w128_seed1 updates 2180/6250 episodes, total num timesteps 6979200/20000000, FPS 9356.

average episode rewards is -116.20689392089844

 Scenario simple_spread Algo rmappo Exp reference_20260925T173510Z_880afb_mappo_w128_seed1 updates 2185/6250 episodes, total num timesteps 6995200/20000000, FPS 9357.

average episode rewards is -115.86334991455078

 Scenario simple_spread Algo rmappo Exp reference_20260925T173510Z_880afb_mappo_w128_seed1 updates 2190/6250 episodes, total num timesteps 7011200/20000000, FPS 9357.

average episode rewards is -115.62982940673828

 Scenario simple_spread Algo rmappo Exp reference_20260925T173510Z_880afb_mappo_w128_seed1 updates 2195/6250 episodes, total num timesteps 7027200/20000000, FPS 9356.

average episode rewards is -115.89128112792969

 Scenario simple_spread Algo rmappo Exp reference_20260925T173510Z_880afb_mappo_w128_seed1 updates 2200/6250 episodes, total num timesteps 7043200/20000000, FPS 9356.

average episode rewards is -114.78076934814453
eval average episode rewards of agent: -113.75638146162188
eval success rate: 0.9

 Scenario simple_spread Algo rmappo Exp reference_20260925T173510Z_880afb_mappo_w128_seed1 updates 2205/6250 episodes, total num timesteps 7059200/20000000, FPS 9356.

average episode rewards is -115.80482482910156

 Scenario simple_spread Algo rmappo Exp reference_20260925T173510Z_880afb_mappo_w128_seed1 updates 2210/6250 episodes, total num timesteps 7075200/20000000, FPS 9356.

average episode rewards is -117.85049438476562

 Scenario simple_spread Algo rmappo Exp reference_20260925T173510Z_880afb_mappo_w128_seed1 updates 2215/6250 episodes, total num timesteps 7091200/20000000, FPS 9356.

average episode rewards is -117.10429382324219

 Scenario simple_spread Algo rmappo Exp reference_20260925T173510Z_880afb_mappo_w128_seed1 updates 2220/6250 episodes, total num timesteps 7107200/20000000, FPS 9356.

average episode rewards is -114.0936050415039

 Scenario simple_spread Algo rmappo Exp reference_20260925T173510Z_880afb_mappo_w128_seed1 updates 2225/6250 episodes, total num timesteps 7123200/20000000, FPS 9357.

average episode rewards is -114.10368347167969
eval average episode rewards of agent: -108.15138587676157
eval success rate: 0.9

 Scenario simple_spread Algo rmappo Exp reference_20260925T173510Z_880afb_mappo_w128_seed1 updates 2230/6250 episodes, total num timesteps 7139200/20000000, FPS 9356.

average episode rewards is -114.4710693359375

 Scenario simple_spread Algo rmappo Exp reference_20260925T173510Z_880afb_mappo_w128_seed1 updates 2235/6250 episodes, total num timesteps 7155200/20000000, FPS 9357.

average episode rewards is -119.48371124267578

 Scenario simple_spread Algo rmappo Exp reference_20260925T173510Z_880afb_mappo_w128_seed1 updates 2240/6250 episodes, total num timesteps 7171200/20000000, FPS 9357.

average episode rewards is -113.71951293945312

 Scenario simple_spread Algo rmappo Exp reference_20260925T173510Z_880afb_mappo_w128_seed1 updates 2245/6250 episodes, total num timesteps 7187200/20000000, FPS 9357.

average episode rewards is -118.72298431396484

 Scenario simple_spread Algo rmappo Exp reference_20260925T173510Z_880afb_mappo_w128_seed1 updates 2250/6250 episodes, total num timesteps 7203200/20000000, FPS 9358.

average episode rewards is -117.08939361572266
eval average episode rewards of agent: -116.05118460115814
eval success rate: 0.75

 Scenario simple_spread Algo rmappo Exp reference_20260925T173510Z_880afb_mappo_w128_seed1 updates 2255/6250 episodes, total num timesteps 7219200/20000000, FPS 9356.

average episode rewards is -116.8278579711914

 Scenario simple_spread Algo rmappo Exp reference_20260925T173510Z_880afb_mappo_w128_seed1 updates 2260/6250 episodes, total num timesteps 7235200/20000000, FPS 9356.

average episode rewards is -116.61685943603516

 Scenario simple_spread Algo rmappo Exp reference_20260925T173510Z_880afb_mappo_w128_seed1 updates 2265/6250 episodes, total num timesteps 7251200/20000000, FPS 9356.

average episode rewards is -111.6109619140625

 Scenario simple_spread Algo rmappo Exp reference_20260925T173510Z_880afb_mappo_w128_seed1 updates 2270/6250 episodes, total num timesteps 7267200/20000000, FPS 9356.

average episode rewards is -117.10237121582031

 Scenario simple_spread Algo rmappo Exp reference_20260925T173510Z_880afb_mappo_w128_seed1 updates 2275/6250 episodes, total num timesteps 7283200/20000000, FPS 9356.

average episode rewards is -113.59063720703125
eval average episode rewards of agent: -120.26503557131377
eval success rate: 1.0

 Scenario simple_spread Algo rmappo Exp reference_20260925T173510Z_880afb_mappo_w128_seed1 updates 2280/6250 episodes, total num timesteps 7299200/20000000, FPS 9356.

average episode rewards is -116.38760375976562

 Scenario simple_spread Algo rmappo Exp reference_20260925T173510Z_880afb_mappo_w128_seed1 updates 2285/6250 episodes, total num timesteps 7315200/20000000, FPS 9356.

average episode rewards is -112.8986587524414

 Scenario simple_spread Algo rmappo Exp reference_20260925T173510Z_880afb_mappo_w128_seed1 updates 2290/6250 episodes, total num timesteps 7331200/20000000, FPS 9356.

average episode rewards is -112.16981506347656

 Scenario simple_spread Algo rmappo Exp reference_20260925T173510Z_880afb_mappo_w128_seed1 updates 2295/6250 episodes, total num timesteps 7347200/20000000, FPS 9357.

average episode rewards is -115.30047607421875

 Scenario simple_spread Algo rmappo Exp reference_20260925T173510Z_880afb_mappo_w128_seed1 updates 2300/6250 episodes, total num timesteps 7363200/20000000, FPS 9357.

average episode rewards is -114.12728881835938
eval average episode rewards of agent: -113.26893177373323
eval success rate: 0.9

 Scenario simple_spread Algo rmappo Exp reference_20260925T173510Z_880afb_mappo_w128_seed1 updates 2305/6250 episodes, total num timesteps 7379200/20000000, FPS 9357.

average episode rewards is -115.07666015625

 Scenario simple_spread Algo rmappo Exp reference_20260925T173510Z_880afb_mappo_w128_seed1 updates 2310/6250 episodes, total num timesteps 7395200/20000000, FPS 9357.

average episode rewards is -115.3487777709961

 Scenario simple_spread Algo rmappo Exp reference_20260925T173510Z_880afb_mappo_w128_seed1 updates 2315/6250 episodes, total num timesteps 7411200/20000000, FPS 9355.

average episode rewards is -118.10742950439453

 Scenario simple_spread Algo rmappo Exp reference_20260925T173510Z_880afb_mappo_w128_seed1 updates 2320/6250 episodes, total num timesteps 7427200/20000000, FPS 9355.

average episode rewards is -113.29744720458984

 Scenario simple_spread Algo rmappo Exp reference_20260925T173510Z_880afb_mappo_w128_seed1 updates 2325/6250 episodes, total num timesteps 7443200/20000000, FPS 9355.

average episode rewards is -115.8685302734375
eval average episode rewards of agent: -116.88822534791923
eval success rate: 0.95

 Scenario simple_spread Algo rmappo Exp reference_20260925T173510Z_880afb_mappo_w128_seed1 updates 2330/6250 episodes, total num timesteps 7459200/20000000, FPS 9355.

average episode rewards is -113.63822174072266

 Scenario simple_spread Algo rmappo Exp reference_20260925T173510Z_880afb_mappo_w128_seed1 updates 2335/6250 episodes, total num timesteps 7475200/20000000, FPS 9355.

average episode rewards is -115.03031158447266

 Scenario simple_spread Algo rmappo Exp reference_20260925T173510Z_880afb_mappo_w128_seed1 updates 2340/6250 episodes, total num timesteps 7491200/20000000, FPS 9355.

average episode rewards is -114.8025131225586

 Scenario simple_spread Algo rmappo Exp reference_20260925T173510Z_880afb_mappo_w128_seed1 updates 2345/6250 episodes, total num timesteps 7507200/20000000, FPS 9356.

average episode rewards is -115.89811706542969

 Scenario simple_spread Algo rmappo Exp reference_20260925T173510Z_880afb_mappo_w128_seed1 updates 2350/6250 episodes, total num timesteps 7523200/20000000, FPS 9356.

average episode rewards is -115.36530303955078
eval average episode rewards of agent: -109.72923118303073
eval success rate: 0.85

 Scenario simple_spread Algo rmappo Exp reference_20260925T173510Z_880afb_mappo_w128_seed1 updates 2355/6250 episodes, total num timesteps 7539200/20000000, FPS 9355.

average episode rewards is -115.29080963134766

 Scenario simple_spread Algo rmappo Exp reference_20260925T173510Z_880afb_mappo_w128_seed1 updates 2360/6250 episodes, total num timesteps 7555200/20000000, FPS 9356.

average episode rewards is -115.83536529541016

 Scenario simple_spread Algo rmappo Exp reference_20260925T173510Z_880afb_mappo_w128_seed1 updates 2365/6250 episodes, total num timesteps 7571200/20000000, FPS 9356.

average episode rewards is -115.61688232421875

 Scenario simple_spread Algo rmappo Exp reference_20260925T173510Z_880afb_mappo_w128_seed1 updates 2370/6250 episodes, total num timesteps 7587200/20000000, FPS 9356.

average episode rewards is -117.53266906738281

 Scenario simple_spread Algo rmappo Exp reference_20260925T173510Z_880afb_mappo_w128_seed1 updates 2375/6250 episodes, total num timesteps 7603200/20000000, FPS 9355.

average episode rewards is -117.13487243652344
eval average episode rewards of agent: -116.94984186958476
eval success rate: 0.85

 Scenario simple_spread Algo rmappo Exp reference_20260925T173510Z_880afb_mappo_w128_seed1 updates 2380/6250 episodes, total num timesteps 7619200/20000000, FPS 9355.

average episode rewards is -116.15409851074219

 Scenario simple_spread Algo rmappo Exp reference_20260925T173510Z_880afb_mappo_w128_seed1 updates 2385/6250 episodes, total num timesteps 7635200/20000000, FPS 9355.

average episode rewards is -115.92203521728516

 Scenario simple_spread Algo rmappo Exp reference_20260925T173510Z_880afb_mappo_w128_seed1 updates 2390/6250 episodes, total num timesteps 7651200/20000000, FPS 9355.

average episode rewards is -115.57780456542969

 Scenario simple_spread Algo rmappo Exp reference_20260925T173510Z_880afb_mappo_w128_seed1 updates 2395/6250 episodes, total num timesteps 7667200/20000000, FPS 9355.

average episode rewards is -115.77718353271484

 Scenario simple_spread Algo rmappo Exp reference_20260925T173510Z_880afb_mappo_w128_seed1 updates 2400/6250 episodes, total num timesteps 7683200/20000000, FPS 9355.

average episode rewards is -116.86939239501953
eval average episode rewards of agent: -111.45669648945841
eval success rate: 0.9

 Scenario simple_spread Algo rmappo Exp reference_20260925T173510Z_880afb_mappo_w128_seed1 updates 2405/6250 episodes, total num timesteps 7699200/20000000, FPS 9355.

average episode rewards is -117.50418853759766

 Scenario simple_spread Algo rmappo Exp reference_20260925T173510Z_880afb_mappo_w128_seed1 updates 2410/6250 episodes, total num timesteps 7715200/20000000, FPS 9355.

average episode rewards is -116.49784088134766

 Scenario simple_spread Algo rmappo Exp reference_20260925T173510Z_880afb_mappo_w128_seed1 updates 2415/6250 episodes, total num timesteps 7731200/20000000, FPS 9355.

average episode rewards is -117.61356353759766

 Scenario simple_spread Algo rmappo Exp reference_20260925T173510Z_880afb_mappo_w128_seed1 updates 2420/6250 episodes, total num timesteps 7747200/20000000, FPS 9356.

average episode rewards is -115.63936614990234

 Scenario simple_spread Algo rmappo Exp reference_20260925T173510Z_880afb_mappo_w128_seed1 updates 2425/6250 episodes, total num timesteps 7763200/20000000, FPS 9356.

average episode rewards is -114.427734375
eval average episode rewards of agent: -115.37691882089254
eval success rate: 1.0

 Scenario simple_spread Algo rmappo Exp reference_20260925T173510Z_880afb_mappo_w128_seed1 updates 2430/6250 episodes, total num timesteps 7779200/20000000, FPS 9356.

average episode rewards is -115.55663299560547

 Scenario simple_spread Algo rmappo Exp reference_20260925T173510Z_880afb_mappo_w128_seed1 updates 2435/6250 episodes, total num timesteps 7795200/20000000, FPS 9355.

average episode rewards is -115.62596893310547

 Scenario simple_spread Algo rmappo Exp reference_20260925T173510Z_880afb_mappo_w128_seed1 updates 2440/6250 episodes, total num timesteps 7811200/20000000, FPS 9355.

average episode rewards is -117.28816223144531

 Scenario simple_spread Algo rmappo Exp reference_20260925T173510Z_880afb_mappo_w128_seed1 updates 2445/6250 episodes, total num timesteps 7827200/20000000, FPS 9355.

average episode rewards is -115.72441101074219

 Scenario simple_spread Algo rmappo Exp reference_20260925T173510Z_880afb_mappo_w128_seed1 updates 2450/6250 episodes, total num timesteps 7843200/20000000, FPS 9355.

average episode rewards is -115.59358978271484
eval average episode rewards of agent: -112.38612813975958
eval success rate: 0.9

 Scenario simple_spread Algo rmappo Exp reference_20260925T173510Z_880afb_mappo_w128_seed1 updates 2455/6250 episodes, total num timesteps 7859200/20000000, FPS 9355.

average episode rewards is -115.8529052734375

 Scenario simple_spread Algo rmappo Exp reference_20260925T173510Z_880afb_mappo_w128_seed1 updates 2460/6250 episodes, total num timesteps 7875200/20000000, FPS 9355.

average episode rewards is -116.63871002197266

 Scenario simple_spread Algo rmappo Exp reference_20260925T173510Z_880afb_mappo_w128_seed1 updates 2465/6250 episodes, total num timesteps 7891200/20000000, FPS 9355.

average episode rewards is -115.5145034790039

 Scenario simple_spread Algo rmappo Exp reference_20260925T173510Z_880afb_mappo_w128_seed1 updates 2470/6250 episodes, total num timesteps 7907200/20000000, FPS 9355.

average episode rewards is -115.9067611694336

 Scenario simple_spread Algo rmappo Exp reference_20260925T173510Z_880afb_mappo_w128_seed1 updates 2475/6250 episodes, total num timesteps 7923200/20000000, FPS 9356.

average episode rewards is -116.74269104003906
eval average episode rewards of agent: -110.97537776796207
eval success rate: 1.0

 Scenario simple_spread Algo rmappo Exp reference_20260925T173510Z_880afb_mappo_w128_seed1 updates 2480/6250 episodes, total num timesteps 7939200/20000000, FPS 9356.

average episode rewards is -115.41114807128906

 Scenario simple_spread Algo rmappo Exp reference_20260925T173510Z_880afb_mappo_w128_seed1 updates 2485/6250 episodes, total num timesteps 7955200/20000000, FPS 9356.

average episode rewards is -115.542724609375

 Scenario simple_spread Algo rmappo Exp reference_20260925T173510Z_880afb_mappo_w128_seed1 updates 2490/6250 episodes, total num timesteps 7971200/20000000, FPS 9356.

average episode rewards is -117.02781677246094

 Scenario simple_spread Algo rmappo Exp reference_20260925T173510Z_880afb_mappo_w128_seed1 updates 2495/6250 episodes, total num timesteps 7987200/20000000, FPS 9355.

average episode rewards is -115.12271118164062

 Scenario simple_spread Algo rmappo Exp reference_20260925T173510Z_880afb_mappo_w128_seed1 updates 2500/6250 episodes, total num timesteps 8003200/20000000, FPS 9355.

average episode rewards is -115.33084106445312
eval average episode rewards of agent: -117.43790736203475
eval success rate: 0.8

 Scenario simple_spread Algo rmappo Exp reference_20260925T173510Z_880afb_mappo_w128_seed1 updates 2505/6250 episodes, total num timesteps 8019200/20000000, FPS 9354.

average episode rewards is -112.6717300415039

 Scenario simple_spread Algo rmappo Exp reference_20260925T173510Z_880afb_mappo_w128_seed1 updates 2510/6250 episodes, total num timesteps 8035200/20000000, FPS 9354.

average episode rewards is -116.2779541015625

 Scenario simple_spread Algo rmappo Exp reference_20260925T173510Z_880afb_mappo_w128_seed1 updates 2515/6250 episodes, total num timesteps 8051200/20000000, FPS 9355.

average episode rewards is -117.06710052490234

 Scenario simple_spread Algo rmappo Exp reference_20260925T173510Z_880afb_mappo_w128_seed1 updates 2520/6250 episodes, total num timesteps 8067200/20000000, FPS 9355.

average episode rewards is -115.77207946777344

 Scenario simple_spread Algo rmappo Exp reference_20260925T173510Z_880afb_mappo_w128_seed1 updates 2525/6250 episodes, total num timesteps 8083200/20000000, FPS 9355.

average episode rewards is -117.88211822509766
eval average episode rewards of agent: -115.04518332033012
eval success rate: 0.85

 Scenario simple_spread Algo rmappo Exp reference_20260925T173510Z_880afb_mappo_w128_seed1 updates 2530/6250 episodes, total num timesteps 8099200/20000000, FPS 9355.

average episode rewards is -116.93701934814453

 Scenario simple_spread Algo rmappo Exp reference_20260925T173510Z_880afb_mappo_w128_seed1 updates 2535/6250 episodes, total num timesteps 8115200/20000000, FPS 9355.

average episode rewards is -115.62678527832031

 Scenario simple_spread Algo rmappo Exp reference_20260925T173510Z_880afb_mappo_w128_seed1 updates 2540/6250 episodes, total num timesteps 8131200/20000000, FPS 9355.

average episode rewards is -116.52899169921875

 Scenario simple_spread Algo rmappo Exp reference_20260925T173510Z_880afb_mappo_w128_seed1 updates 2545/6250 episodes, total num timesteps 8147200/20000000, FPS 9355.

average episode rewards is -117.45672607421875

 Scenario simple_spread Algo rmappo Exp reference_20260925T173510Z_880afb_mappo_w128_seed1 updates 2550/6250 episodes, total num timesteps 8163200/20000000, FPS 9356.

average episode rewards is -114.76384735107422
eval average episode rewards of agent: -114.32091967487106
eval success rate: 0.9

 Scenario simple_spread Algo rmappo Exp reference_20260925T173510Z_880afb_mappo_w128_seed1 updates 2555/6250 episodes, total num timesteps 8179200/20000000, FPS 9354.

average episode rewards is -113.90128326416016

 Scenario simple_spread Algo rmappo Exp reference_20260925T173510Z_880afb_mappo_w128_seed1 updates 2560/6250 episodes, total num timesteps 8195200/20000000, FPS 9355.

average episode rewards is -116.02667236328125

 Scenario simple_spread Algo rmappo Exp reference_20260925T173510Z_880afb_mappo_w128_seed1 updates 2565/6250 episodes, total num timesteps 8211200/20000000, FPS 9355.

average episode rewards is -115.34632110595703

 Scenario simple_spread Algo rmappo Exp reference_20260925T173510Z_880afb_mappo_w128_seed1 updates 2570/6250 episodes, total num timesteps 8227200/20000000, FPS 9355.

average episode rewards is -115.20118713378906

 Scenario simple_spread Algo rmappo Exp reference_20260925T173510Z_880afb_mappo_w128_seed1 updates 2575/6250 episodes, total num timesteps 8243200/20000000, FPS 9355.

average episode rewards is -116.3844223022461
eval average episode rewards of agent: -111.34792267522737
eval success rate: 0.95

 Scenario simple_spread Algo rmappo Exp reference_20260925T173510Z_880afb_mappo_w128_seed1 updates 2580/6250 episodes, total num timesteps 8259200/20000000, FPS 9355.

average episode rewards is -115.21978759765625

 Scenario simple_spread Algo rmappo Exp reference_20260925T173510Z_880afb_mappo_w128_seed1 updates 2585/6250 episodes, total num timesteps 8275200/20000000, FPS 9355.

average episode rewards is -115.5702133178711

 Scenario simple_spread Algo rmappo Exp reference_20260925T173510Z_880afb_mappo_w128_seed1 updates 2590/6250 episodes, total num timesteps 8291200/20000000, FPS 9355.

average episode rewards is -113.3535385131836

 Scenario simple_spread Algo rmappo Exp reference_20260925T173510Z_880afb_mappo_w128_seed1 updates 2595/6250 episodes, total num timesteps 8307200/20000000, FPS 9355.

average episode rewards is -114.52598571777344

 Scenario simple_spread Algo rmappo Exp reference_20260925T173510Z_880afb_mappo_w128_seed1 updates 2600/6250 episodes, total num timesteps 8323200/20000000, FPS 9355.

average episode rewards is -114.93790435791016
eval average episode rewards of agent: -107.2473321627221
eval success rate: 1.0

 Scenario simple_spread Algo rmappo Exp reference_20260925T173510Z_880afb_mappo_w128_seed1 updates 2605/6250 episodes, total num timesteps 8339200/20000000, FPS 9355.

average episode rewards is -116.19802856445312

 Scenario simple_spread Algo rmappo Exp reference_20260925T173510Z_880afb_mappo_w128_seed1 updates 2610/6250 episodes, total num timesteps 8355200/20000000, FPS 9355.

average episode rewards is -116.33661651611328

 Scenario simple_spread Algo rmappo Exp reference_20260925T173510Z_880afb_mappo_w128_seed1 updates 2615/6250 episodes, total num timesteps 8371200/20000000, FPS 9354.

average episode rewards is -116.0191650390625

 Scenario simple_spread Algo rmappo Exp reference_20260925T173510Z_880afb_mappo_w128_seed1 updates 2620/6250 episodes, total num timesteps 8387200/20000000, FPS 9354.

average episode rewards is -114.6587142944336

 Scenario simple_spread Algo rmappo Exp reference_20260925T173510Z_880afb_mappo_w128_seed1 updates 2625/6250 episodes, total num timesteps 8403200/20000000, FPS 9354.

average episode rewards is -113.57586669921875
eval average episode rewards of agent: -114.08445653024172
eval success rate: 0.95

 Scenario simple_spread Algo rmappo Exp reference_20260925T173510Z_880afb_mappo_w128_seed1 updates 2630/6250 episodes, total num timesteps 8419200/20000000, FPS 9354.

average episode rewards is -114.68276977539062

 Scenario simple_spread Algo rmappo Exp reference_20260925T173510Z_880afb_mappo_w128_seed1 updates 2635/6250 episodes, total num timesteps 8435200/20000000, FPS 9354.

average episode rewards is -114.31813049316406

 Scenario simple_spread Algo rmappo Exp reference_20260925T173510Z_880afb_mappo_w128_seed1 updates 2640/6250 episodes, total num timesteps 8451200/20000000, FPS 9354.

average episode rewards is -113.83453369140625

 Scenario simple_spread Algo rmappo Exp reference_20260925T173510Z_880afb_mappo_w128_seed1 updates 2645/6250 episodes, total num timesteps 8467200/20000000, FPS 9355.

average episode rewards is -113.72598266601562

 Scenario simple_spread Algo rmappo Exp reference_20260925T173510Z_880afb_mappo_w128_seed1 updates 2650/6250 episodes, total num timesteps 8483200/20000000, FPS 9355.

average episode rewards is -117.22582244873047
eval average episode rewards of agent: -114.54076487280605
eval success rate: 0.9

 Scenario simple_spread Algo rmappo Exp reference_20260925T173510Z_880afb_mappo_w128_seed1 updates 2655/6250 episodes, total num timesteps 8499200/20000000, FPS 9355.

average episode rewards is -113.81257629394531

 Scenario simple_spread Algo rmappo Exp reference_20260925T173510Z_880afb_mappo_w128_seed1 updates 2660/6250 episodes, total num timesteps 8515200/20000000, FPS 9355.

average episode rewards is -115.44520568847656

 Scenario simple_spread Algo rmappo Exp reference_20260925T173510Z_880afb_mappo_w128_seed1 updates 2665/6250 episodes, total num timesteps 8531200/20000000, FPS 9355.

average episode rewards is -114.95711517333984

 Scenario simple_spread Algo rmappo Exp reference_20260925T173510Z_880afb_mappo_w128_seed1 updates 2670/6250 episodes, total num timesteps 8547200/20000000, FPS 9354.

average episode rewards is -115.89331817626953

 Scenario simple_spread Algo rmappo Exp reference_20260925T173510Z_880afb_mappo_w128_seed1 updates 2675/6250 episodes, total num timesteps 8563200/20000000, FPS 9354.

average episode rewards is -115.65415954589844
eval average episode rewards of agent: -118.02827825138868
eval success rate: 0.95

 Scenario simple_spread Algo rmappo Exp reference_20260925T173510Z_880afb_mappo_w128_seed1 updates 2680/6250 episodes, total num timesteps 8579200/20000000, FPS 9354.

average episode rewards is -116.37675476074219

 Scenario simple_spread Algo rmappo Exp reference_20260925T173510Z_880afb_mappo_w128_seed1 updates 2685/6250 episodes, total num timesteps 8595200/20000000, FPS 9354.

average episode rewards is -117.72174835205078

 Scenario simple_spread Algo rmappo Exp reference_20260925T173510Z_880afb_mappo_w128_seed1 updates 2690/6250 episodes, total num timesteps 8611200/20000000, FPS 9354.

average episode rewards is -116.05796813964844

 Scenario simple_spread Algo rmappo Exp reference_20260925T173510Z_880afb_mappo_w128_seed1 updates 2695/6250 episodes, total num timesteps 8627200/20000000, FPS 9355.

average episode rewards is -116.01158142089844

 Scenario simple_spread Algo rmappo Exp reference_20260925T173510Z_880afb_mappo_w128_seed1 updates 2700/6250 episodes, total num timesteps 8643200/20000000, FPS 9355.

average episode rewards is -116.52363586425781
eval average episode rewards of agent: -114.83284962067287
eval success rate: 0.85

 Scenario simple_spread Algo rmappo Exp reference_20260925T173510Z_880afb_mappo_w128_seed1 updates 2705/6250 episodes, total num timesteps 8659200/20000000, FPS 9355.

average episode rewards is -115.8563232421875

 Scenario simple_spread Algo rmappo Exp reference_20260925T173510Z_880afb_mappo_w128_seed1 updates 2710/6250 episodes, total num timesteps 8675200/20000000, FPS 9355.

average episode rewards is -115.604248046875

 Scenario simple_spread Algo rmappo Exp reference_20260925T173510Z_880afb_mappo_w128_seed1 updates 2715/6250 episodes, total num timesteps 8691200/20000000, FPS 9355.

average episode rewards is -114.3133544921875

 Scenario simple_spread Algo rmappo Exp reference_20260925T173510Z_880afb_mappo_w128_seed1 updates 2720/6250 episodes, total num timesteps 8707200/20000000, FPS 9356.

average episode rewards is -113.14936828613281

 Scenario simple_spread Algo rmappo Exp reference_20260925T173510Z_880afb_mappo_w128_seed1 updates 2725/6250 episodes, total num timesteps 8723200/20000000, FPS 9356.

average episode rewards is -113.23214721679688
eval average episode rewards of agent: -114.48826183179337
eval success rate: 0.95

 Scenario simple_spread Algo rmappo Exp reference_20260925T173510Z_880afb_mappo_w128_seed1 updates 2730/6250 episodes, total num timesteps 8739200/20000000, FPS 9354.

average episode rewards is -115.8929672241211

 Scenario simple_spread Algo rmappo Exp reference_20260925T173510Z_880afb_mappo_w128_seed1 updates 2735/6250 episodes, total num timesteps 8755200/20000000, FPS 9355.

average episode rewards is -114.88318634033203

 Scenario simple_spread Algo rmappo Exp reference_20260925T173510Z_880afb_mappo_w128_seed1 updates 2740/6250 episodes, total num timesteps 8771200/20000000, FPS 9355.

average episode rewards is -112.9205551147461

 Scenario simple_spread Algo rmappo Exp reference_20260925T173510Z_880afb_mappo_w128_seed1 updates 2745/6250 episodes, total num timesteps 8787200/20000000, FPS 9355.

average episode rewards is -114.34868621826172

 Scenario simple_spread Algo rmappo Exp reference_20260925T173510Z_880afb_mappo_w128_seed1 updates 2750/6250 episodes, total num timesteps 8803200/20000000, FPS 9355.

average episode rewards is -114.99934387207031
eval average episode rewards of agent: -114.69138529781267
eval success rate: 1.0

 Scenario simple_spread Algo rmappo Exp reference_20260925T173510Z_880afb_mappo_w128_seed1 updates 2755/6250 episodes, total num timesteps 8819200/20000000, FPS 9356.

average episode rewards is -116.0135726928711

 Scenario simple_spread Algo rmappo Exp reference_20260925T173510Z_880afb_mappo_w128_seed1 updates 2760/6250 episodes, total num timesteps 8835200/20000000, FPS 9356.

average episode rewards is -114.27755737304688

 Scenario simple_spread Algo rmappo Exp reference_20260925T173510Z_880afb_mappo_w128_seed1 updates 2765/6250 episodes, total num timesteps 8851200/20000000, FPS 9356.

average episode rewards is -114.8711929321289

 Scenario simple_spread Algo rmappo Exp reference_20260925T173510Z_880afb_mappo_w128_seed1 updates 2770/6250 episodes, total num timesteps 8867200/20000000, FPS 9356.

average episode rewards is -114.03634643554688

 Scenario simple_spread Algo rmappo Exp reference_20260925T173510Z_880afb_mappo_w128_seed1 updates 2775/6250 episodes, total num timesteps 8883200/20000000, FPS 9356.

average episode rewards is -113.84080505371094
eval average episode rewards of agent: -112.56463630724569
eval success rate: 0.9

 Scenario simple_spread Algo rmappo Exp reference_20260925T173510Z_880afb_mappo_w128_seed1 updates 2780/6250 episodes, total num timesteps 8899200/20000000, FPS 9356.

average episode rewards is -117.67643737792969

 Scenario simple_spread Algo rmappo Exp reference_20260925T173510Z_880afb_mappo_w128_seed1 updates 2785/6250 episodes, total num timesteps 8915200/20000000, FPS 9356.

average episode rewards is -113.4789810180664

 Scenario simple_spread Algo rmappo Exp reference_20260925T173510Z_880afb_mappo_w128_seed1 updates 2790/6250 episodes, total num timesteps 8931200/20000000, FPS 9355.

average episode rewards is -116.06947326660156

 Scenario simple_spread Algo rmappo Exp reference_20260925T173510Z_880afb_mappo_w128_seed1 updates 2795/6250 episodes, total num timesteps 8947200/20000000, FPS 9355.

average episode rewards is -116.1468276977539

 Scenario simple_spread Algo rmappo Exp reference_20260925T173510Z_880afb_mappo_w128_seed1 updates 2800/6250 episodes, total num timesteps 8963200/20000000, FPS 9355.

average episode rewards is -113.78926086425781
eval average episode rewards of agent: -109.37552368936478
eval success rate: 0.95

 Scenario simple_spread Algo rmappo Exp reference_20260925T173510Z_880afb_mappo_w128_seed1 updates 2805/6250 episodes, total num timesteps 8979200/20000000, FPS 9355.

average episode rewards is -114.35314178466797

 Scenario simple_spread Algo rmappo Exp reference_20260925T173510Z_880afb_mappo_w128_seed1 updates 2810/6250 episodes, total num timesteps 8995200/20000000, FPS 9355.

average episode rewards is -115.7939224243164

 Scenario simple_spread Algo rmappo Exp reference_20260925T173510Z_880afb_mappo_w128_seed1 updates 2815/6250 episodes, total num timesteps 9011200/20000000, FPS 9356.

average episode rewards is -114.36451721191406

 Scenario simple_spread Algo rmappo Exp reference_20260925T173510Z_880afb_mappo_w128_seed1 updates 2820/6250 episodes, total num timesteps 9027200/20000000, FPS 9356.

average episode rewards is -115.00084686279297

 Scenario simple_spread Algo rmappo Exp reference_20260925T173510Z_880afb_mappo_w128_seed1 updates 2825/6250 episodes, total num timesteps 9043200/20000000, FPS 9356.

average episode rewards is -114.4058837890625
eval average episode rewards of agent: -114.81817169447159
eval success rate: 0.85

 Scenario simple_spread Algo rmappo Exp reference_20260925T173510Z_880afb_mappo_w128_seed1 updates 2830/6250 episodes, total num timesteps 9059200/20000000, FPS 9356.

average episode rewards is -114.83726501464844

 Scenario simple_spread Algo rmappo Exp reference_20260925T173510Z_880afb_mappo_w128_seed1 updates 2835/6250 episodes, total num timesteps 9075200/20000000, FPS 9356.

average episode rewards is -117.22843933105469

 Scenario simple_spread Algo rmappo Exp reference_20260925T173510Z_880afb_mappo_w128_seed1 updates 2840/6250 episodes, total num timesteps 9091200/20000000, FPS 9355.

average episode rewards is -114.3605728149414

 Scenario simple_spread Algo rmappo Exp reference_20260925T173510Z_880afb_mappo_w128_seed1 updates 2845/6250 episodes, total num timesteps 9107200/20000000, FPS 9356.

average episode rewards is -115.61289978027344

 Scenario simple_spread Algo rmappo Exp reference_20260925T173510Z_880afb_mappo_w128_seed1 updates 2850/6250 episodes, total num timesteps 9123200/20000000, FPS 9355.

average episode rewards is -117.0149917602539
eval average episode rewards of agent: -111.79977134503338
eval success rate: 0.9

 Scenario simple_spread Algo rmappo Exp reference_20260925T173510Z_880afb_mappo_w128_seed1 updates 2855/6250 episodes, total num timesteps 9139200/20000000, FPS 9355.

average episode rewards is -113.98128509521484

 Scenario simple_spread Algo rmappo Exp reference_20260925T173510Z_880afb_mappo_w128_seed1 updates 2860/6250 episodes, total num timesteps 9155200/20000000, FPS 9355.

average episode rewards is -115.45809173583984

 Scenario simple_spread Algo rmappo Exp reference_20260925T173510Z_880afb_mappo_w128_seed1 updates 2865/6250 episodes, total num timesteps 9171200/20000000, FPS 9355.

average episode rewards is -112.72758483886719

 Scenario simple_spread Algo rmappo Exp reference_20260925T173510Z_880afb_mappo_w128_seed1 updates 2870/6250 episodes, total num timesteps 9187200/20000000, FPS 9355.

average episode rewards is -113.82713317871094

 Scenario simple_spread Algo rmappo Exp reference_20260925T173510Z_880afb_mappo_w128_seed1 updates 2875/6250 episodes, total num timesteps 9203200/20000000, FPS 9355.

average episode rewards is -116.50269317626953
eval average episode rewards of agent: -112.4233314645471
eval success rate: 0.9

 Scenario simple_spread Algo rmappo Exp reference_20260925T173510Z_880afb_mappo_w128_seed1 updates 2880/6250 episodes, total num timesteps 9219200/20000000, FPS 9355.

average episode rewards is -114.5450210571289

 Scenario simple_spread Algo rmappo Exp reference_20260925T173510Z_880afb_mappo_w128_seed1 updates 2885/6250 episodes, total num timesteps 9235200/20000000, FPS 9355.

average episode rewards is -115.33395385742188

 Scenario simple_spread Algo rmappo Exp reference_20260925T173510Z_880afb_mappo_w128_seed1 updates 2890/6250 episodes, total num timesteps 9251200/20000000, FPS 9355.

average episode rewards is -114.6032943725586

 Scenario simple_spread Algo rmappo Exp reference_20260925T173510Z_880afb_mappo_w128_seed1 updates 2895/6250 episodes, total num timesteps 9267200/20000000, FPS 9356.

average episode rewards is -117.50978088378906

 Scenario simple_spread Algo rmappo Exp reference_20260925T173510Z_880afb_mappo_w128_seed1 updates 2900/6250 episodes, total num timesteps 9283200/20000000, FPS 9356.

average episode rewards is -113.58573150634766
eval average episode rewards of agent: -112.00501978790474
eval success rate: 0.95

 Scenario simple_spread Algo rmappo Exp reference_20260925T173510Z_880afb_mappo_w128_seed1 updates 2905/6250 episodes, total num timesteps 9299200/20000000, FPS 9356.

average episode rewards is -115.01506805419922

 Scenario simple_spread Algo rmappo Exp reference_20260925T173510Z_880afb_mappo_w128_seed1 updates 2910/6250 episodes, total num timesteps 9315200/20000000, FPS 9354.

average episode rewards is -117.61473083496094

 Scenario simple_spread Algo rmappo Exp reference_20260925T173510Z_880afb_mappo_w128_seed1 updates 2915/6250 episodes, total num timesteps 9331200/20000000, FPS 9354.

average episode rewards is -117.52183532714844

 Scenario simple_spread Algo rmappo Exp reference_20260925T173510Z_880afb_mappo_w128_seed1 updates 2920/6250 episodes, total num timesteps 9347200/20000000, FPS 9355.

average episode rewards is -116.59840393066406

 Scenario simple_spread Algo rmappo Exp reference_20260925T173510Z_880afb_mappo_w128_seed1 updates 2925/6250 episodes, total num timesteps 9363200/20000000, FPS 9355.

average episode rewards is -113.69414520263672
eval average episode rewards of agent: -111.65663755726317
eval success rate: 1.0

 Scenario simple_spread Algo rmappo Exp reference_20260925T173510Z_880afb_mappo_w128_seed1 updates 2930/6250 episodes, total num timesteps 9379200/20000000, FPS 9354.

average episode rewards is -113.06410217285156

 Scenario simple_spread Algo rmappo Exp reference_20260925T173510Z_880afb_mappo_w128_seed1 updates 2935/6250 episodes, total num timesteps 9395200/20000000, FPS 9355.

average episode rewards is -115.42487335205078

 Scenario simple_spread Algo rmappo Exp reference_20260925T173510Z_880afb_mappo_w128_seed1 updates 2940/6250 episodes, total num timesteps 9411200/20000000, FPS 9355.

average episode rewards is -115.10836029052734

 Scenario simple_spread Algo rmappo Exp reference_20260925T173510Z_880afb_mappo_w128_seed1 updates 2945/6250 episodes, total num timesteps 9427200/20000000, FPS 9355.

average episode rewards is -114.17481994628906

 Scenario simple_spread Algo rmappo Exp reference_20260925T173510Z_880afb_mappo_w128_seed1 updates 2950/6250 episodes, total num timesteps 9443200/20000000, FPS 9355.

average episode rewards is -114.40391540527344
eval average episode rewards of agent: -116.13985381864873
eval success rate: 0.95

 Scenario simple_spread Algo rmappo Exp reference_20260925T173510Z_880afb_mappo_w128_seed1 updates 2955/6250 episodes, total num timesteps 9459200/20000000, FPS 9355.

average episode rewards is -113.90635681152344

 Scenario simple_spread Algo rmappo Exp reference_20260925T173510Z_880afb_mappo_w128_seed1 updates 2960/6250 episodes, total num timesteps 9475200/20000000, FPS 9355.

average episode rewards is -117.16520690917969

 Scenario simple_spread Algo rmappo Exp reference_20260925T173510Z_880afb_mappo_w128_seed1 updates 2965/6250 episodes, total num timesteps 9491200/20000000, FPS 9355.

average episode rewards is -115.41173553466797

 Scenario simple_spread Algo rmappo Exp reference_20260925T173510Z_880afb_mappo_w128_seed1 updates 2970/6250 episodes, total num timesteps 9507200/20000000, FPS 9354.

average episode rewards is -117.22569274902344

 Scenario simple_spread Algo rmappo Exp reference_20260925T173510Z_880afb_mappo_w128_seed1 updates 2975/6250 episodes, total num timesteps 9523200/20000000, FPS 9354.

average episode rewards is -113.56121063232422
eval average episode rewards of agent: -113.55076787767705
eval success rate: 0.95

 Scenario simple_spread Algo rmappo Exp reference_20260925T173510Z_880afb_mappo_w128_seed1 updates 2980/6250 episodes, total num timesteps 9539200/20000000, FPS 9354.

average episode rewards is -114.94747161865234

 Scenario simple_spread Algo rmappo Exp reference_20260925T173510Z_880afb_mappo_w128_seed1 updates 2985/6250 episodes, total num timesteps 9555200/20000000, FPS 9354.

average episode rewards is -115.93888092041016

 Scenario simple_spread Algo rmappo Exp reference_20260925T173510Z_880afb_mappo_w128_seed1 updates 2990/6250 episodes, total num timesteps 9571200/20000000, FPS 9355.

average episode rewards is -115.7556381225586

 Scenario simple_spread Algo rmappo Exp reference_20260925T173510Z_880afb_mappo_w128_seed1 updates 2995/6250 episodes, total num timesteps 9587200/20000000, FPS 9355.

average episode rewards is -115.4342269897461

 Scenario simple_spread Algo rmappo Exp reference_20260925T173510Z_880afb_mappo_w128_seed1 updates 3000/6250 episodes, total num timesteps 9603200/20000000, FPS 9355.

average episode rewards is -113.54670715332031
eval average episode rewards of agent: -115.45742345227235
eval success rate: 1.0

 Scenario simple_spread Algo rmappo Exp reference_20260925T173510Z_880afb_mappo_w128_seed1 updates 3005/6250 episodes, total num timesteps 9619200/20000000, FPS 9355.

average episode rewards is -115.57763671875

 Scenario simple_spread Algo rmappo Exp reference_20260925T173510Z_880afb_mappo_w128_seed1 updates 3010/6250 episodes, total num timesteps 9635200/20000000, FPS 9355.

average episode rewards is -114.9149169921875

 Scenario simple_spread Algo rmappo Exp reference_20260925T173510Z_880afb_mappo_w128_seed1 updates 3015/6250 episodes, total num timesteps 9651200/20000000, FPS 9355.

average episode rewards is -115.0528335571289

 Scenario simple_spread Algo rmappo Exp reference_20260925T173510Z_880afb_mappo_w128_seed1 updates 3020/6250 episodes, total num timesteps 9667200/20000000, FPS 9355.

average episode rewards is -112.78902435302734

 Scenario simple_spread Algo rmappo Exp reference_20260925T173510Z_880afb_mappo_w128_seed1 updates 3025/6250 episodes, total num timesteps 9683200/20000000, FPS 9355.

average episode rewards is -113.4627914428711
eval average episode rewards of agent: -115.42231248683076
eval success rate: 0.9

 Scenario simple_spread Algo rmappo Exp reference_20260925T173510Z_880afb_mappo_w128_seed1 updates 3030/6250 episodes, total num timesteps 9699200/20000000, FPS 9354.

average episode rewards is -115.69036102294922

 Scenario simple_spread Algo rmappo Exp reference_20260925T173510Z_880afb_mappo_w128_seed1 updates 3035/6250 episodes, total num timesteps 9715200/20000000, FPS 9354.

average episode rewards is -112.9318618774414

 Scenario simple_spread Algo rmappo Exp reference_20260925T173510Z_880afb_mappo_w128_seed1 updates 3040/6250 episodes, total num timesteps 9731200/20000000, FPS 9354.

average episode rewards is -112.60409545898438

 Scenario simple_spread Algo rmappo Exp reference_20260925T173510Z_880afb_mappo_w128_seed1 updates 3045/6250 episodes, total num timesteps 9747200/20000000, FPS 9354.

average episode rewards is -114.7690200805664

 Scenario simple_spread Algo rmappo Exp reference_20260925T173510Z_880afb_mappo_w128_seed1 updates 3050/6250 episodes, total num timesteps 9763200/20000000, FPS 9354.

average episode rewards is -115.364013671875
eval average episode rewards of agent: -113.21617147246778
eval success rate: 0.9

 Scenario simple_spread Algo rmappo Exp reference_20260925T173510Z_880afb_mappo_w128_seed1 updates 3055/6250 episodes, total num timesteps 9779200/20000000, FPS 9354.

average episode rewards is -115.9835433959961

 Scenario simple_spread Algo rmappo Exp reference_20260925T173510Z_880afb_mappo_w128_seed1 updates 3060/6250 episodes, total num timesteps 9795200/20000000, FPS 9355.

average episode rewards is -113.88533020019531

 Scenario simple_spread Algo rmappo Exp reference_20260925T173510Z_880afb_mappo_w128_seed1 updates 3065/6250 episodes, total num timesteps 9811200/20000000, FPS 9355.

average episode rewards is -115.10033416748047

 Scenario simple_spread Algo rmappo Exp reference_20260925T173510Z_880afb_mappo_w128_seed1 updates 3070/6250 episodes, total num timesteps 9827200/20000000, FPS 9355.

average episode rewards is -114.07286834716797

 Scenario simple_spread Algo rmappo Exp reference_20260925T173510Z_880afb_mappo_w128_seed1 updates 3075/6250 episodes, total num timesteps 9843200/20000000, FPS 9355.

average episode rewards is -115.18963623046875
eval average episode rewards of agent: -112.84689803041489
eval success rate: 0.9

 Scenario simple_spread Algo rmappo Exp reference_20260925T173510Z_880afb_mappo_w128_seed1 updates 3080/6250 episodes, total num timesteps 9859200/20000000, FPS 9355.

average episode rewards is -116.48694610595703

 Scenario simple_spread Algo rmappo Exp reference_20260925T173510Z_880afb_mappo_w128_seed1 updates 3085/6250 episodes, total num timesteps 9875200/20000000, FPS 9355.

average episode rewards is -114.86576843261719

 Scenario simple_spread Algo rmappo Exp reference_20260925T173510Z_880afb_mappo_w128_seed1 updates 3090/6250 episodes, total num timesteps 9891200/20000000, FPS 9354.

average episode rewards is -113.69828796386719

 Scenario simple_spread Algo rmappo Exp reference_20260925T173510Z_880afb_mappo_w128_seed1 updates 3095/6250 episodes, total num timesteps 9907200/20000000, FPS 9354.

average episode rewards is -112.3489990234375

 Scenario simple_spread Algo rmappo Exp reference_20260925T173510Z_880afb_mappo_w128_seed1 updates 3100/6250 episodes, total num timesteps 9923200/20000000, FPS 9354.

average episode rewards is -116.21269989013672
eval average episode rewards of agent: -108.42132044345225
eval success rate: 1.0

 Scenario simple_spread Algo rmappo Exp reference_20260925T173510Z_880afb_mappo_w128_seed1 updates 3105/6250 episodes, total num timesteps 9939200/20000000, FPS 9354.

average episode rewards is -113.52145385742188

 Scenario simple_spread Algo rmappo Exp reference_20260925T173510Z_880afb_mappo_w128_seed1 updates 3110/6250 episodes, total num timesteps 9955200/20000000, FPS 9354.

average episode rewards is -113.6296615600586

 Scenario simple_spread Algo rmappo Exp reference_20260925T173510Z_880afb_mappo_w128_seed1 updates 3115/6250 episodes, total num timesteps 9971200/20000000, FPS 9355.

average episode rewards is -115.71626281738281

 Scenario simple_spread Algo rmappo Exp reference_20260925T173510Z_880afb_mappo_w128_seed1 updates 3120/6250 episodes, total num timesteps 9987200/20000000, FPS 9354.

average episode rewards is -115.00350189208984

 Scenario simple_spread Algo rmappo Exp reference_20260925T173510Z_880afb_mappo_w128_seed1 updates 3125/6250 episodes, total num timesteps 10003200/20000000, FPS 9355.

average episode rewards is -116.04561614990234
eval average episode rewards of agent: -115.85411608256808
eval success rate: 1.0

 Scenario simple_spread Algo rmappo Exp reference_20260925T173510Z_880afb_mappo_w128_seed1 updates 3130/6250 episodes, total num timesteps 10019200/20000000, FPS 9354.

average episode rewards is -116.56500244140625

 Scenario simple_spread Algo rmappo Exp reference_20260925T173510Z_880afb_mappo_w128_seed1 updates 3135/6250 episodes, total num timesteps 10035200/20000000, FPS 9354.

average episode rewards is -115.53582763671875

 Scenario simple_spread Algo rmappo Exp reference_20260925T173510Z_880afb_mappo_w128_seed1 updates 3140/6250 episodes, total num timesteps 10051200/20000000, FPS 9355.

average episode rewards is -115.91139221191406

 Scenario simple_spread Algo rmappo Exp reference_20260925T173510Z_880afb_mappo_w128_seed1 updates 3145/6250 episodes, total num timesteps 10067200/20000000, FPS 9355.

average episode rewards is -115.01239776611328

 Scenario simple_spread Algo rmappo Exp reference_20260925T173510Z_880afb_mappo_w128_seed1 updates 3150/6250 episodes, total num timesteps 10083200/20000000, FPS 9354.

average episode rewards is -115.71394348144531
eval average episode rewards of agent: -112.9837044931508
eval success rate: 0.95

 Scenario simple_spread Algo rmappo Exp reference_20260925T173510Z_880afb_mappo_w128_seed1 updates 3155/6250 episodes, total num timesteps 10099200/20000000, FPS 9354.

average episode rewards is -116.21073150634766

 Scenario simple_spread Algo rmappo Exp reference_20260925T173510Z_880afb_mappo_w128_seed1 updates 3160/6250 episodes, total num timesteps 10115200/20000000, FPS 9354.

average episode rewards is -115.573486328125

 Scenario simple_spread Algo rmappo Exp reference_20260925T173510Z_880afb_mappo_w128_seed1 updates 3165/6250 episodes, total num timesteps 10131200/20000000, FPS 9354.

average episode rewards is -114.68156433105469

 Scenario simple_spread Algo rmappo Exp reference_20260925T173510Z_880afb_mappo_w128_seed1 updates 3170/6250 episodes, total num timesteps 10147200/20000000, FPS 9354.

average episode rewards is -118.79022216796875

 Scenario simple_spread Algo rmappo Exp reference_20260925T173510Z_880afb_mappo_w128_seed1 updates 3175/6250 episodes, total num timesteps 10163200/20000000, FPS 9355.

average episode rewards is -117.47759246826172
eval average episode rewards of agent: -112.5205356078205
eval success rate: 0.9

 Scenario simple_spread Algo rmappo Exp reference_20260925T173510Z_880afb_mappo_w128_seed1 updates 3180/6250 episodes, total num timesteps 10179200/20000000, FPS 9354.

average episode rewards is -114.66587829589844

 Scenario simple_spread Algo rmappo Exp reference_20260925T173510Z_880afb_mappo_w128_seed1 updates 3185/6250 episodes, total num timesteps 10195200/20000000, FPS 9355.

average episode rewards is -115.53427124023438

 Scenario simple_spread Algo rmappo Exp reference_20260925T173510Z_880afb_mappo_w128_seed1 updates 3190/6250 episodes, total num timesteps 10211200/20000000, FPS 9355.

average episode rewards is -115.7202377319336

 Scenario simple_spread Algo rmappo Exp reference_20260925T173510Z_880afb_mappo_w128_seed1 updates 3195/6250 episodes, total num timesteps 10227200/20000000, FPS 9355.

average episode rewards is -114.32144927978516

 Scenario simple_spread Algo rmappo Exp reference_20260925T173510Z_880afb_mappo_w128_seed1 updates 3200/6250 episodes, total num timesteps 10243200/20000000, FPS 9355.

average episode rewards is -115.66435241699219
eval average episode rewards of agent: -110.34376028518861
eval success rate: 0.85

 Scenario simple_spread Algo rmappo Exp reference_20260925T173510Z_880afb_mappo_w128_seed1 updates 3205/6250 episodes, total num timesteps 10259200/20000000, FPS 9354.

average episode rewards is -117.33267211914062

 Scenario simple_spread Algo rmappo Exp reference_20260925T173510Z_880afb_mappo_w128_seed1 updates 3210/6250 episodes, total num timesteps 10275200/20000000, FPS 9354.

average episode rewards is -113.79156494140625

 Scenario simple_spread Algo rmappo Exp reference_20260925T173510Z_880afb_mappo_w128_seed1 updates 3215/6250 episodes, total num timesteps 10291200/20000000, FPS 9354.

average episode rewards is -113.41561889648438

 Scenario simple_spread Algo rmappo Exp reference_20260925T173510Z_880afb_mappo_w128_seed1 updates 3220/6250 episodes, total num timesteps 10307200/20000000, FPS 9354.

average episode rewards is -113.12133026123047

 Scenario simple_spread Algo rmappo Exp reference_20260925T173510Z_880afb_mappo_w128_seed1 updates 3225/6250 episodes, total num timesteps 10323200/20000000, FPS 9354.

average episode rewards is -115.13421630859375
eval average episode rewards of agent: -108.94401319806228
eval success rate: 0.95

 Scenario simple_spread Algo rmappo Exp reference_20260925T173510Z_880afb_mappo_w128_seed1 updates 3230/6250 episodes, total num timesteps 10339200/20000000, FPS 9354.

average episode rewards is -117.60917663574219

 Scenario simple_spread Algo rmappo Exp reference_20260925T173510Z_880afb_mappo_w128_seed1 updates 3235/6250 episodes, total num timesteps 10355200/20000000, FPS 9354.

average episode rewards is -114.53722381591797

 Scenario simple_spread Algo rmappo Exp reference_20260925T173510Z_880afb_mappo_w128_seed1 updates 3240/6250 episodes, total num timesteps 10371200/20000000, FPS 9355.

average episode rewards is -113.63803100585938

 Scenario simple_spread Algo rmappo Exp reference_20260925T173510Z_880afb_mappo_w128_seed1 updates 3245/6250 episodes, total num timesteps 10387200/20000000, FPS 9355.

average episode rewards is -112.38538360595703

 Scenario simple_spread Algo rmappo Exp reference_20260925T173510Z_880afb_mappo_w128_seed1 updates 3250/6250 episodes, total num timesteps 10403200/20000000, FPS 9355.

average episode rewards is -115.34719848632812
eval average episode rewards of agent: -113.70863774540263
eval success rate: 0.9

 Scenario simple_spread Algo rmappo Exp reference_20260925T173510Z_880afb_mappo_w128_seed1 updates 3255/6250 episodes, total num timesteps 10419200/20000000, FPS 9354.

average episode rewards is -114.20738983154297

 Scenario simple_spread Algo rmappo Exp reference_20260925T173510Z_880afb_mappo_w128_seed1 updates 3260/6250 episodes, total num timesteps 10435200/20000000, FPS 9355.

average episode rewards is -113.67391204833984

 Scenario simple_spread Algo rmappo Exp reference_20260925T173510Z_880afb_mappo_w128_seed1 updates 3265/6250 episodes, total num timesteps 10451200/20000000, FPS 9355.

average episode rewards is -112.99773406982422

 Scenario simple_spread Algo rmappo Exp reference_20260925T173510Z_880afb_mappo_w128_seed1 updates 3270/6250 episodes, total num timesteps 10467200/20000000, FPS 9355.

average episode rewards is -114.90738677978516

 Scenario simple_spread Algo rmappo Exp reference_20260925T173510Z_880afb_mappo_w128_seed1 updates 3275/6250 episodes, total num timesteps 10483200/20000000, FPS 9355.

average episode rewards is -114.05169677734375
eval average episode rewards of agent: -108.35508471242929
eval success rate: 0.95

 Scenario simple_spread Algo rmappo Exp reference_20260925T173510Z_880afb_mappo_w128_seed1 updates 3280/6250 episodes, total num timesteps 10499200/20000000, FPS 9354.

average episode rewards is -114.15400695800781

 Scenario simple_spread Algo rmappo Exp reference_20260925T173510Z_880afb_mappo_w128_seed1 updates 3285/6250 episodes, total num timesteps 10515200/20000000, FPS 9355.

average episode rewards is -116.34561157226562

 Scenario simple_spread Algo rmappo Exp reference_20260925T173510Z_880afb_mappo_w128_seed1 updates 3290/6250 episodes, total num timesteps 10531200/20000000, FPS 9355.

average episode rewards is -115.59832000732422

 Scenario simple_spread Algo rmappo Exp reference_20260925T173510Z_880afb_mappo_w128_seed1 updates 3295/6250 episodes, total num timesteps 10547200/20000000, FPS 9355.

average episode rewards is -113.98658752441406

 Scenario simple_spread Algo rmappo Exp reference_20260925T173510Z_880afb_mappo_w128_seed1 updates 3300/6250 episodes, total num timesteps 10563200/20000000, FPS 9355.

average episode rewards is -115.52717590332031
eval average episode rewards of agent: -120.13061001398682
eval success rate: 0.9

 Scenario simple_spread Algo rmappo Exp reference_20260925T173510Z_880afb_mappo_w128_seed1 updates 3305/6250 episodes, total num timesteps 10579200/20000000, FPS 9355.

average episode rewards is -116.23410034179688

 Scenario simple_spread Algo rmappo Exp reference_20260925T173510Z_880afb_mappo_w128_seed1 updates 3310/6250 episodes, total num timesteps 10595200/20000000, FPS 9355.

average episode rewards is -115.52035522460938

 Scenario simple_spread Algo rmappo Exp reference_20260925T173510Z_880afb_mappo_w128_seed1 updates 3315/6250 episodes, total num timesteps 10611200/20000000, FPS 9355.

average episode rewards is -112.61160278320312

 Scenario simple_spread Algo rmappo Exp reference_20260925T173510Z_880afb_mappo_w128_seed1 updates 3320/6250 episodes, total num timesteps 10627200/20000000, FPS 9355.

average episode rewards is -113.28712463378906

 Scenario simple_spread Algo rmappo Exp reference_20260925T173510Z_880afb_mappo_w128_seed1 updates 3325/6250 episodes, total num timesteps 10643200/20000000, FPS 9356.

average episode rewards is -117.72644805908203
eval average episode rewards of agent: -114.47731775263968
eval success rate: 0.85

 Scenario simple_spread Algo rmappo Exp reference_20260925T173510Z_880afb_mappo_w128_seed1 updates 3330/6250 episodes, total num timesteps 10659200/20000000, FPS 9355.

average episode rewards is -112.23320007324219

 Scenario simple_spread Algo rmappo Exp reference_20260925T173510Z_880afb_mappo_w128_seed1 updates 3335/6250 episodes, total num timesteps 10675200/20000000, FPS 9355.

average episode rewards is -114.60575866699219

 Scenario simple_spread Algo rmappo Exp reference_20260925T173510Z_880afb_mappo_w128_seed1 updates 3340/6250 episodes, total num timesteps 10691200/20000000, FPS 9355.

average episode rewards is -113.54232788085938

 Scenario simple_spread Algo rmappo Exp reference_20260925T173510Z_880afb_mappo_w128_seed1 updates 3345/6250 episodes, total num timesteps 10707200/20000000, FPS 9355.

average episode rewards is -116.34303283691406

 Scenario simple_spread Algo rmappo Exp reference_20260925T173510Z_880afb_mappo_w128_seed1 updates 3350/6250 episodes, total num timesteps 10723200/20000000, FPS 9355.

average episode rewards is -113.92152404785156
eval average episode rewards of agent: -112.88161946626464
eval success rate: 0.95

 Scenario simple_spread Algo rmappo Exp reference_20260925T173510Z_880afb_mappo_w128_seed1 updates 3355/6250 episodes, total num timesteps 10739200/20000000, FPS 9355.

average episode rewards is -113.73518371582031

 Scenario simple_spread Algo rmappo Exp reference_20260925T173510Z_880afb_mappo_w128_seed1 updates 3360/6250 episodes, total num timesteps 10755200/20000000, FPS 9355.

average episode rewards is -115.68802642822266

 Scenario simple_spread Algo rmappo Exp reference_20260925T173510Z_880afb_mappo_w128_seed1 updates 3365/6250 episodes, total num timesteps 10771200/20000000, FPS 9355.

average episode rewards is -114.02880859375

 Scenario simple_spread Algo rmappo Exp reference_20260925T173510Z_880afb_mappo_w128_seed1 updates 3370/6250 episodes, total num timesteps 10787200/20000000, FPS 9355.

average episode rewards is -116.98085021972656

 Scenario simple_spread Algo rmappo Exp reference_20260925T173510Z_880afb_mappo_w128_seed1 updates 3375/6250 episodes, total num timesteps 10803200/20000000, FPS 9356.

average episode rewards is -113.80744934082031
eval average episode rewards of agent: -115.44893100161009
eval success rate: 0.9

 Scenario simple_spread Algo rmappo Exp reference_20260925T173510Z_880afb_mappo_w128_seed1 updates 3380/6250 episodes, total num timesteps 10819200/20000000, FPS 9356.

average episode rewards is -114.71692657470703

 Scenario simple_spread Algo rmappo Exp reference_20260925T173510Z_880afb_mappo_w128_seed1 updates 3385/6250 episodes, total num timesteps 10835200/20000000, FPS 9356.

average episode rewards is -114.81730651855469

 Scenario simple_spread Algo rmappo Exp reference_20260925T173510Z_880afb_mappo_w128_seed1 updates 3390/6250 episodes, total num timesteps 10851200/20000000, FPS 9355.

average episode rewards is -114.86705780029297

 Scenario simple_spread Algo rmappo Exp reference_20260925T173510Z_880afb_mappo_w128_seed1 updates 3395/6250 episodes, total num timesteps 10867200/20000000, FPS 9355.

average episode rewards is -113.93265533447266

 Scenario simple_spread Algo rmappo Exp reference_20260925T173510Z_880afb_mappo_w128_seed1 updates 3400/6250 episodes, total num timesteps 10883200/20000000, FPS 9355.

average episode rewards is -114.96022033691406
eval average episode rewards of agent: -115.28659181202049
eval success rate: 0.85

 Scenario simple_spread Algo rmappo Exp reference_20260925T173510Z_880afb_mappo_w128_seed1 updates 3405/6250 episodes, total num timesteps 10899200/20000000, FPS 9355.

average episode rewards is -112.49107360839844

 Scenario simple_spread Algo rmappo Exp reference_20260925T173510Z_880afb_mappo_w128_seed1 updates 3410/6250 episodes, total num timesteps 10915200/20000000, FPS 9355.

average episode rewards is -114.06927490234375

 Scenario simple_spread Algo rmappo Exp reference_20260925T173510Z_880afb_mappo_w128_seed1 updates 3415/6250 episodes, total num timesteps 10931200/20000000, FPS 9355.

average episode rewards is -116.35382080078125

 Scenario simple_spread Algo rmappo Exp reference_20260925T173510Z_880afb_mappo_w128_seed1 updates 3420/6250 episodes, total num timesteps 10947200/20000000, FPS 9356.

average episode rewards is -116.55313873291016

 Scenario simple_spread Algo rmappo Exp reference_20260925T173510Z_880afb_mappo_w128_seed1 updates 3425/6250 episodes, total num timesteps 10963200/20000000, FPS 9356.

average episode rewards is -115.48993682861328
eval average episode rewards of agent: -111.07047310494228
eval success rate: 0.95

 Scenario simple_spread Algo rmappo Exp reference_20260925T173510Z_880afb_mappo_w128_seed1 updates 3430/6250 episodes, total num timesteps 10979200/20000000, FPS 9356.

average episode rewards is -113.2303237915039

 Scenario simple_spread Algo rmappo Exp reference_20260925T173510Z_880afb_mappo_w128_seed1 updates 3435/6250 episodes, total num timesteps 10995200/20000000, FPS 9356.

average episode rewards is -115.74531555175781

 Scenario simple_spread Algo rmappo Exp reference_20260925T173510Z_880afb_mappo_w128_seed1 updates 3440/6250 episodes, total num timesteps 11011200/20000000, FPS 9356.

average episode rewards is -114.77326202392578

 Scenario simple_spread Algo rmappo Exp reference_20260925T173510Z_880afb_mappo_w128_seed1 updates 3445/6250 episodes, total num timesteps 11027200/20000000, FPS 9356.

average episode rewards is -114.29693603515625

 Scenario simple_spread Algo rmappo Exp reference_20260925T173510Z_880afb_mappo_w128_seed1 updates 3450/6250 episodes, total num timesteps 11043200/20000000, FPS 9355.

average episode rewards is -116.5811996459961
eval average episode rewards of agent: -111.80617390697809
eval success rate: 1.0

 Scenario simple_spread Algo rmappo Exp reference_20260925T173510Z_880afb_mappo_w128_seed1 updates 3455/6250 episodes, total num timesteps 11059200/20000000, FPS 9355.

average episode rewards is -113.95541381835938

 Scenario simple_spread Algo rmappo Exp reference_20260925T173510Z_880afb_mappo_w128_seed1 updates 3460/6250 episodes, total num timesteps 11075200/20000000, FPS 9355.

average episode rewards is -114.52196502685547

 Scenario simple_spread Algo rmappo Exp reference_20260925T173510Z_880afb_mappo_w128_seed1 updates 3465/6250 episodes, total num timesteps 11091200/20000000, FPS 9355.

average episode rewards is -114.67054748535156

 Scenario simple_spread Algo rmappo Exp reference_20260925T173510Z_880afb_mappo_w128_seed1 updates 3470/6250 episodes, total num timesteps 11107200/20000000, FPS 9355.

average episode rewards is -112.90287017822266

 Scenario simple_spread Algo rmappo Exp reference_20260925T173510Z_880afb_mappo_w128_seed1 updates 3475/6250 episodes, total num timesteps 11123200/20000000, FPS 9356.

average episode rewards is -116.00384521484375
eval average episode rewards of agent: -110.86477156215706
eval success rate: 0.95

 Scenario simple_spread Algo rmappo Exp reference_20260925T173510Z_880afb_mappo_w128_seed1 updates 3480/6250 episodes, total num timesteps 11139200/20000000, FPS 9355.

average episode rewards is -117.24456787109375

 Scenario simple_spread Algo rmappo Exp reference_20260925T173510Z_880afb_mappo_w128_seed1 updates 3485/6250 episodes, total num timesteps 11155200/20000000, FPS 9355.

average episode rewards is -115.94285583496094

 Scenario simple_spread Algo rmappo Exp reference_20260925T173510Z_880afb_mappo_w128_seed1 updates 3490/6250 episodes, total num timesteps 11171200/20000000, FPS 9356.

average episode rewards is -115.82293701171875

 Scenario simple_spread Algo rmappo Exp reference_20260925T173510Z_880afb_mappo_w128_seed1 updates 3495/6250 episodes, total num timesteps 11187200/20000000, FPS 9356.

average episode rewards is -115.26480865478516

 Scenario simple_spread Algo rmappo Exp reference_20260925T173510Z_880afb_mappo_w128_seed1 updates 3500/6250 episodes, total num timesteps 11203200/20000000, FPS 9356.

average episode rewards is -115.3511734008789
eval average episode rewards of agent: -113.27403402002555
eval success rate: 0.9

 Scenario simple_spread Algo rmappo Exp reference_20260925T173510Z_880afb_mappo_w128_seed1 updates 3505/6250 episodes, total num timesteps 11219200/20000000, FPS 9356.

average episode rewards is -113.07695007324219

 Scenario simple_spread Algo rmappo Exp reference_20260925T173510Z_880afb_mappo_w128_seed1 updates 3510/6250 episodes, total num timesteps 11235200/20000000, FPS 9355.

average episode rewards is -112.69497680664062

 Scenario simple_spread Algo rmappo Exp reference_20260925T173510Z_880afb_mappo_w128_seed1 updates 3515/6250 episodes, total num timesteps 11251200/20000000, FPS 9355.

average episode rewards is -116.43204498291016

 Scenario simple_spread Algo rmappo Exp reference_20260925T173510Z_880afb_mappo_w128_seed1 updates 3520/6250 episodes, total num timesteps 11267200/20000000, FPS 9355.

average episode rewards is -113.35015106201172

 Scenario simple_spread Algo rmappo Exp reference_20260925T173510Z_880afb_mappo_w128_seed1 updates 3525/6250 episodes, total num timesteps 11283200/20000000, FPS 9355.

average episode rewards is -114.11490631103516
eval average episode rewards of agent: -115.00391529696002
eval success rate: 0.95

 Scenario simple_spread Algo rmappo Exp reference_20260925T173510Z_880afb_mappo_w128_seed1 updates 3530/6250 episodes, total num timesteps 11299200/20000000, FPS 9355.

average episode rewards is -112.45819091796875

 Scenario simple_spread Algo rmappo Exp reference_20260925T173510Z_880afb_mappo_w128_seed1 updates 3535/6250 episodes, total num timesteps 11315200/20000000, FPS 9354.

average episode rewards is -114.85321807861328

 Scenario simple_spread Algo rmappo Exp reference_20260925T173510Z_880afb_mappo_w128_seed1 updates 3540/6250 episodes, total num timesteps 11331200/20000000, FPS 9355.

average episode rewards is -112.29053497314453

 Scenario simple_spread Algo rmappo Exp reference_20260925T173510Z_880afb_mappo_w128_seed1 updates 3545/6250 episodes, total num timesteps 11347200/20000000, FPS 9355.

average episode rewards is -115.78363037109375

 Scenario simple_spread Algo rmappo Exp reference_20260925T173510Z_880afb_mappo_w128_seed1 updates 3550/6250 episodes, total num timesteps 11363200/20000000, FPS 9355.

average episode rewards is -111.24977111816406
eval average episode rewards of agent: -114.13687906109635
eval success rate: 0.95

 Scenario simple_spread Algo rmappo Exp reference_20260925T173510Z_880afb_mappo_w128_seed1 updates 3555/6250 episodes, total num timesteps 11379200/20000000, FPS 9355.

average episode rewards is -117.66139221191406

 Scenario simple_spread Algo rmappo Exp reference_20260925T173510Z_880afb_mappo_w128_seed1 updates 3560/6250 episodes, total num timesteps 11395200/20000000, FPS 9355.

average episode rewards is -116.83992004394531

 Scenario simple_spread Algo rmappo Exp reference_20260925T173510Z_880afb_mappo_w128_seed1 updates 3565/6250 episodes, total num timesteps 11411200/20000000, FPS 9355.

average episode rewards is -113.29460144042969

 Scenario simple_spread Algo rmappo Exp reference_20260925T173510Z_880afb_mappo_w128_seed1 updates 3570/6250 episodes, total num timesteps 11427200/20000000, FPS 9355.

average episode rewards is -114.7572250366211

 Scenario simple_spread Algo rmappo Exp reference_20260925T173510Z_880afb_mappo_w128_seed1 updates 3575/6250 episodes, total num timesteps 11443200/20000000, FPS 9355.

average episode rewards is -114.29611206054688
eval average episode rewards of agent: -113.87350300162801
eval success rate: 1.0

 Scenario simple_spread Algo rmappo Exp reference_20260925T173510Z_880afb_mappo_w128_seed1 updates 3580/6250 episodes, total num timesteps 11459200/20000000, FPS 9354.

average episode rewards is -113.03926849365234

 Scenario simple_spread Algo rmappo Exp reference_20260925T173510Z_880afb_mappo_w128_seed1 updates 3585/6250 episodes, total num timesteps 11475200/20000000, FPS 9354.

average episode rewards is -113.20072174072266

 Scenario simple_spread Algo rmappo Exp reference_20260925T173510Z_880afb_mappo_w128_seed1 updates 3590/6250 episodes, total num timesteps 11491200/20000000, FPS 9355.

average episode rewards is -114.7915267944336

 Scenario simple_spread Algo rmappo Exp reference_20260925T173510Z_880afb_mappo_w128_seed1 updates 3595/6250 episodes, total num timesteps 11507200/20000000, FPS 9355.

average episode rewards is -114.443603515625

 Scenario simple_spread Algo rmappo Exp reference_20260925T173510Z_880afb_mappo_w128_seed1 updates 3600/6250 episodes, total num timesteps 11523200/20000000, FPS 9355.

average episode rewards is -116.67756652832031
eval average episode rewards of agent: -113.72851750192457
eval success rate: 0.9

 Scenario simple_spread Algo rmappo Exp reference_20260925T173510Z_880afb_mappo_w128_seed1 updates 3605/6250 episodes, total num timesteps 11539200/20000000, FPS 9355.

average episode rewards is -115.77259063720703

 Scenario simple_spread Algo rmappo Exp reference_20260925T173510Z_880afb_mappo_w128_seed1 updates 3610/6250 episodes, total num timesteps 11555200/20000000, FPS 9355.

average episode rewards is -112.95592498779297

 Scenario simple_spread Algo rmappo Exp reference_20260925T173510Z_880afb_mappo_w128_seed1 updates 3615/6250 episodes, total num timesteps 11571200/20000000, FPS 9355.

average episode rewards is -114.47425079345703

 Scenario simple_spread Algo rmappo Exp reference_20260925T173510Z_880afb_mappo_w128_seed1 updates 3620/6250 episodes, total num timesteps 11587200/20000000, FPS 9355.

average episode rewards is -116.60758209228516

 Scenario simple_spread Algo rmappo Exp reference_20260925T173510Z_880afb_mappo_w128_seed1 updates 3625/6250 episodes, total num timesteps 11603200/20000000, FPS 9355.

average episode rewards is -112.49529266357422
eval average episode rewards of agent: -115.06034035567563
eval success rate: 0.9

 Scenario simple_spread Algo rmappo Exp reference_20260925T173510Z_880afb_mappo_w128_seed1 updates 3630/6250 episodes, total num timesteps 11619200/20000000, FPS 9354.

average episode rewards is -112.03994750976562

 Scenario simple_spread Algo rmappo Exp reference_20260925T173510Z_880afb_mappo_w128_seed1 updates 3635/6250 episodes, total num timesteps 11635200/20000000, FPS 9354.

average episode rewards is -113.07866668701172

 Scenario simple_spread Algo rmappo Exp reference_20260925T173510Z_880afb_mappo_w128_seed1 updates 3640/6250 episodes, total num timesteps 11651200/20000000, FPS 9354.

average episode rewards is -112.95015716552734

 Scenario simple_spread Algo rmappo Exp reference_20260925T173510Z_880afb_mappo_w128_seed1 updates 3645/6250 episodes, total num timesteps 11667200/20000000, FPS 9354.

average episode rewards is -118.0058364868164

 Scenario simple_spread Algo rmappo Exp reference_20260925T173510Z_880afb_mappo_w128_seed1 updates 3650/6250 episodes, total num timesteps 11683200/20000000, FPS 9354.

average episode rewards is -113.53753662109375
eval average episode rewards of agent: -117.73918666248518
eval success rate: 0.95

 Scenario simple_spread Algo rmappo Exp reference_20260925T173510Z_880afb_mappo_w128_seed1 updates 3655/6250 episodes, total num timesteps 11699200/20000000, FPS 9354.

average episode rewards is -114.85911560058594

 Scenario simple_spread Algo rmappo Exp reference_20260925T173510Z_880afb_mappo_w128_seed1 updates 3660/6250 episodes, total num timesteps 11715200/20000000, FPS 9355.

average episode rewards is -114.47149658203125

 Scenario simple_spread Algo rmappo Exp reference_20260925T173510Z_880afb_mappo_w128_seed1 updates 3665/6250 episodes, total num timesteps 11731200/20000000, FPS 9355.

average episode rewards is -114.59505462646484

 Scenario simple_spread Algo rmappo Exp reference_20260925T173510Z_880afb_mappo_w128_seed1 updates 3670/6250 episodes, total num timesteps 11747200/20000000, FPS 9355.

average episode rewards is -113.22213745117188

 Scenario simple_spread Algo rmappo Exp reference_20260925T173510Z_880afb_mappo_w128_seed1 updates 3675/6250 episodes, total num timesteps 11763200/20000000, FPS 9355.

average episode rewards is -113.01275634765625
eval average episode rewards of agent: -112.29445021716056
eval success rate: 0.9

 Scenario simple_spread Algo rmappo Exp reference_20260925T173510Z_880afb_mappo_w128_seed1 updates 3680/6250 episodes, total num timesteps 11779200/20000000, FPS 9355.

average episode rewards is -111.80072021484375

 Scenario simple_spread Algo rmappo Exp reference_20260925T173510Z_880afb_mappo_w128_seed1 updates 3685/6250 episodes, total num timesteps 11795200/20000000, FPS 9355.

average episode rewards is -115.0755386352539

 Scenario simple_spread Algo rmappo Exp reference_20260925T173510Z_880afb_mappo_w128_seed1 updates 3690/6250 episodes, total num timesteps 11811200/20000000, FPS 9354.

average episode rewards is -113.07014465332031

 Scenario simple_spread Algo rmappo Exp reference_20260925T173510Z_880afb_mappo_w128_seed1 updates 3695/6250 episodes, total num timesteps 11827200/20000000, FPS 9354.

average episode rewards is -113.5072250366211

 Scenario simple_spread Algo rmappo Exp reference_20260925T173510Z_880afb_mappo_w128_seed1 updates 3700/6250 episodes, total num timesteps 11843200/20000000, FPS 9354.

average episode rewards is -114.62210083007812
eval average episode rewards of agent: -117.81236485090916
eval success rate: 0.8

 Scenario simple_spread Algo rmappo Exp reference_20260925T173510Z_880afb_mappo_w128_seed1 updates 3705/6250 episodes, total num timesteps 11859200/20000000, FPS 9354.

average episode rewards is -114.1316146850586

 Scenario simple_spread Algo rmappo Exp reference_20260925T173510Z_880afb_mappo_w128_seed1 updates 3710/6250 episodes, total num timesteps 11875200/20000000, FPS 9354.

average episode rewards is -116.24105834960938

 Scenario simple_spread Algo rmappo Exp reference_20260925T173510Z_880afb_mappo_w128_seed1 updates 3715/6250 episodes, total num timesteps 11891200/20000000, FPS 9354.

average episode rewards is -115.12010955810547

 Scenario simple_spread Algo rmappo Exp reference_20260925T173510Z_880afb_mappo_w128_seed1 updates 3720/6250 episodes, total num timesteps 11907200/20000000, FPS 9355.

average episode rewards is -112.79676818847656

 Scenario simple_spread Algo rmappo Exp reference_20260925T173510Z_880afb_mappo_w128_seed1 updates 3725/6250 episodes, total num timesteps 11923200/20000000, FPS 9355.

average episode rewards is -112.68092346191406
eval average episode rewards of agent: -113.91206652611133
eval success rate: 0.85

 Scenario simple_spread Algo rmappo Exp reference_20260925T173510Z_880afb_mappo_w128_seed1 updates 3730/6250 episodes, total num timesteps 11939200/20000000, FPS 9355.

average episode rewards is -112.53138732910156

 Scenario simple_spread Algo rmappo Exp reference_20260925T173510Z_880afb_mappo_w128_seed1 updates 3735/6250 episodes, total num timesteps 11955200/20000000, FPS 9355.

average episode rewards is -112.96502685546875

 Scenario simple_spread Algo rmappo Exp reference_20260925T173510Z_880afb_mappo_w128_seed1 updates 3740/6250 episodes, total num timesteps 11971200/20000000, FPS 9355.

average episode rewards is -112.03121948242188

 Scenario simple_spread Algo rmappo Exp reference_20260925T173510Z_880afb_mappo_w128_seed1 updates 3745/6250 episodes, total num timesteps 11987200/20000000, FPS 9355.

average episode rewards is -116.1310043334961

 Scenario simple_spread Algo rmappo Exp reference_20260925T173510Z_880afb_mappo_w128_seed1 updates 3750/6250 episodes, total num timesteps 12003200/20000000, FPS 9354.

average episode rewards is -112.35489654541016
eval average episode rewards of agent: -113.18226774660117
eval success rate: 0.85

 Scenario simple_spread Algo rmappo Exp reference_20260925T173510Z_880afb_mappo_w128_seed1 updates 3755/6250 episodes, total num timesteps 12019200/20000000, FPS 9354.

average episode rewards is -112.8601303100586

 Scenario simple_spread Algo rmappo Exp reference_20260925T173510Z_880afb_mappo_w128_seed1 updates 3760/6250 episodes, total num timesteps 12035200/20000000, FPS 9354.

average episode rewards is -115.3513412475586

 Scenario simple_spread Algo rmappo Exp reference_20260925T173510Z_880afb_mappo_w128_seed1 updates 3765/6250 episodes, total num timesteps 12051200/20000000, FPS 9354.

average episode rewards is -111.23258209228516

 Scenario simple_spread Algo rmappo Exp reference_20260925T173510Z_880afb_mappo_w128_seed1 updates 3770/6250 episodes, total num timesteps 12067200/20000000, FPS 9354.

average episode rewards is -113.95628356933594

 Scenario simple_spread Algo rmappo Exp reference_20260925T173510Z_880afb_mappo_w128_seed1 updates 3775/6250 episodes, total num timesteps 12083200/20000000, FPS 9355.

average episode rewards is -116.89754486083984
eval average episode rewards of agent: -114.06521858588381
eval success rate: 0.9

 Scenario simple_spread Algo rmappo Exp reference_20260925T173510Z_880afb_mappo_w128_seed1 updates 3780/6250 episodes, total num timesteps 12099200/20000000, FPS 9354.

average episode rewards is -114.592529296875

 Scenario simple_spread Algo rmappo Exp reference_20260925T173510Z_880afb_mappo_w128_seed1 updates 3785/6250 episodes, total num timesteps 12115200/20000000, FPS 9354.

average episode rewards is -114.65950012207031

 Scenario simple_spread Algo rmappo Exp reference_20260925T173510Z_880afb_mappo_w128_seed1 updates 3790/6250 episodes, total num timesteps 12131200/20000000, FPS 9354.

average episode rewards is -113.0944595336914

 Scenario simple_spread Algo rmappo Exp reference_20260925T173510Z_880afb_mappo_w128_seed1 updates 3795/6250 episodes, total num timesteps 12147200/20000000, FPS 9355.

average episode rewards is -115.09539031982422

 Scenario simple_spread Algo rmappo Exp reference_20260925T173510Z_880afb_mappo_w128_seed1 updates 3800/6250 episodes, total num timesteps 12163200/20000000, FPS 9355.

average episode rewards is -114.78422546386719
eval average episode rewards of agent: -116.27574038953944
eval success rate: 0.9

 Scenario simple_spread Algo rmappo Exp reference_20260925T173510Z_880afb_mappo_w128_seed1 updates 3805/6250 episodes, total num timesteps 12179200/20000000, FPS 9355.

average episode rewards is -115.2872314453125

 Scenario simple_spread Algo rmappo Exp reference_20260925T173510Z_880afb_mappo_w128_seed1 updates 3810/6250 episodes, total num timesteps 12195200/20000000, FPS 9354.

average episode rewards is -112.66434478759766

 Scenario simple_spread Algo rmappo Exp reference_20260925T173510Z_880afb_mappo_w128_seed1 updates 3815/6250 episodes, total num timesteps 12211200/20000000, FPS 9354.

average episode rewards is -113.6632308959961

 Scenario simple_spread Algo rmappo Exp reference_20260925T173510Z_880afb_mappo_w128_seed1 updates 3820/6250 episodes, total num timesteps 12227200/20000000, FPS 9354.

average episode rewards is -113.08191680908203

 Scenario simple_spread Algo rmappo Exp reference_20260925T173510Z_880afb_mappo_w128_seed1 updates 3825/6250 episodes, total num timesteps 12243200/20000000, FPS 9354.

average episode rewards is -115.25788116455078
eval average episode rewards of agent: -110.85903621400298
eval success rate: 1.0

 Scenario simple_spread Algo rmappo Exp reference_20260925T173510Z_880afb_mappo_w128_seed1 updates 3830/6250 episodes, total num timesteps 12259200/20000000, FPS 9354.

average episode rewards is -115.35791015625

 Scenario simple_spread Algo rmappo Exp reference_20260925T173510Z_880afb_mappo_w128_seed1 updates 3835/6250 episodes, total num timesteps 12275200/20000000, FPS 9354.

average episode rewards is -115.16291809082031

 Scenario simple_spread Algo rmappo Exp reference_20260925T173510Z_880afb_mappo_w128_seed1 updates 3840/6250 episodes, total num timesteps 12291200/20000000, FPS 9354.

average episode rewards is -114.89654541015625

 Scenario simple_spread Algo rmappo Exp reference_20260925T173510Z_880afb_mappo_w128_seed1 updates 3845/6250 episodes, total num timesteps 12307200/20000000, FPS 9354.

average episode rewards is -115.31414031982422

 Scenario simple_spread Algo rmappo Exp reference_20260925T173510Z_880afb_mappo_w128_seed1 updates 3850/6250 episodes, total num timesteps 12323200/20000000, FPS 9354.

average episode rewards is -114.27278137207031
eval average episode rewards of agent: -110.6930838262332
eval success rate: 1.0

 Scenario simple_spread Algo rmappo Exp reference_20260925T173510Z_880afb_mappo_w128_seed1 updates 3855/6250 episodes, total num timesteps 12339200/20000000, FPS 9354.

average episode rewards is -114.0329818725586

 Scenario simple_spread Algo rmappo Exp reference_20260925T173510Z_880afb_mappo_w128_seed1 updates 3860/6250 episodes, total num timesteps 12355200/20000000, FPS 9354.

average episode rewards is -116.02937316894531

 Scenario simple_spread Algo rmappo Exp reference_20260925T173510Z_880afb_mappo_w128_seed1 updates 3865/6250 episodes, total num timesteps 12371200/20000000, FPS 9355.

average episode rewards is -112.17901611328125

 Scenario simple_spread Algo rmappo Exp reference_20260925T173510Z_880afb_mappo_w128_seed1 updates 3870/6250 episodes, total num timesteps 12387200/20000000, FPS 9354.

average episode rewards is -112.65164947509766

 Scenario simple_spread Algo rmappo Exp reference_20260925T173510Z_880afb_mappo_w128_seed1 updates 3875/6250 episodes, total num timesteps 12403200/20000000, FPS 9354.

average episode rewards is -116.29998779296875
eval average episode rewards of agent: -114.98891779064849
eval success rate: 0.8

 Scenario simple_spread Algo rmappo Exp reference_20260925T173510Z_880afb_mappo_w128_seed1 updates 3880/6250 episodes, total num timesteps 12419200/20000000, FPS 9354.

average episode rewards is -115.58348846435547

 Scenario simple_spread Algo rmappo Exp reference_20260925T173510Z_880afb_mappo_w128_seed1 updates 3885/6250 episodes, total num timesteps 12435200/20000000, FPS 9354.

average episode rewards is -117.85282897949219

 Scenario simple_spread Algo rmappo Exp reference_20260925T173510Z_880afb_mappo_w128_seed1 updates 3890/6250 episodes, total num timesteps 12451200/20000000, FPS 9354.

average episode rewards is -116.37373352050781

 Scenario simple_spread Algo rmappo Exp reference_20260925T173510Z_880afb_mappo_w128_seed1 updates 3895/6250 episodes, total num timesteps 12467200/20000000, FPS 9355.

average episode rewards is -115.24410247802734

 Scenario simple_spread Algo rmappo Exp reference_20260925T173510Z_880afb_mappo_w128_seed1 updates 3900/6250 episodes, total num timesteps 12483200/20000000, FPS 9355.

average episode rewards is -113.0448226928711
eval average episode rewards of agent: -112.54757701659311
eval success rate: 0.9

 Scenario simple_spread Algo rmappo Exp reference_20260925T173510Z_880afb_mappo_w128_seed1 updates 3905/6250 episodes, total num timesteps 12499200/20000000, FPS 9355.

average episode rewards is -113.16967010498047

 Scenario simple_spread Algo rmappo Exp reference_20260925T173510Z_880afb_mappo_w128_seed1 updates 3910/6250 episodes, total num timesteps 12515200/20000000, FPS 9355.

average episode rewards is -115.3335189819336

 Scenario simple_spread Algo rmappo Exp reference_20260925T173510Z_880afb_mappo_w128_seed1 updates 3915/6250 episodes, total num timesteps 12531200/20000000, FPS 9355.

average episode rewards is -115.18585968017578

 Scenario simple_spread Algo rmappo Exp reference_20260925T173510Z_880afb_mappo_w128_seed1 updates 3920/6250 episodes, total num timesteps 12547200/20000000, FPS 9355.

average episode rewards is -114.3299789428711

 Scenario simple_spread Algo rmappo Exp reference_20260925T173510Z_880afb_mappo_w128_seed1 updates 3925/6250 episodes, total num timesteps 12563200/20000000, FPS 9355.

average episode rewards is -114.53675079345703
eval average episode rewards of agent: -118.28505300647753
eval success rate: 0.8

 Scenario simple_spread Algo rmappo Exp reference_20260925T173510Z_880afb_mappo_w128_seed1 updates 3930/6250 episodes, total num timesteps 12579200/20000000, FPS 9354.

average episode rewards is -113.7685775756836

 Scenario simple_spread Algo rmappo Exp reference_20260925T173510Z_880afb_mappo_w128_seed1 updates 3935/6250 episodes, total num timesteps 12595200/20000000, FPS 9354.

average episode rewards is -113.91297912597656

 Scenario simple_spread Algo rmappo Exp reference_20260925T173510Z_880afb_mappo_w128_seed1 updates 3940/6250 episodes, total num timesteps 12611200/20000000, FPS 9354.

average episode rewards is -114.03255462646484

 Scenario simple_spread Algo rmappo Exp reference_20260925T173510Z_880afb_mappo_w128_seed1 updates 3945/6250 episodes, total num timesteps 12627200/20000000, FPS 9354.

average episode rewards is -116.09130859375

 Scenario simple_spread Algo rmappo Exp reference_20260925T173510Z_880afb_mappo_w128_seed1 updates 3950/6250 episodes, total num timesteps 12643200/20000000, FPS 9354.

average episode rewards is -110.86925506591797
eval average episode rewards of agent: -115.44245755474168
eval success rate: 1.0

 Scenario simple_spread Algo rmappo Exp reference_20260925T173510Z_880afb_mappo_w128_seed1 updates 3955/6250 episodes, total num timesteps 12659200/20000000, FPS 9354.

average episode rewards is -115.87320709228516

 Scenario simple_spread Algo rmappo Exp reference_20260925T173510Z_880afb_mappo_w128_seed1 updates 3960/6250 episodes, total num timesteps 12675200/20000000, FPS 9354.

average episode rewards is -114.817138671875

 Scenario simple_spread Algo rmappo Exp reference_20260925T173510Z_880afb_mappo_w128_seed1 updates 3965/6250 episodes, total num timesteps 12691200/20000000, FPS 9355.

average episode rewards is -114.46871948242188

 Scenario simple_spread Algo rmappo Exp reference_20260925T173510Z_880afb_mappo_w128_seed1 updates 3970/6250 episodes, total num timesteps 12707200/20000000, FPS 9355.

average episode rewards is -115.44634246826172

 Scenario simple_spread Algo rmappo Exp reference_20260925T173510Z_880afb_mappo_w128_seed1 updates 3975/6250 episodes, total num timesteps 12723200/20000000, FPS 9355.

average episode rewards is -115.20838928222656
eval average episode rewards of agent: -110.1621792258142
eval success rate: 0.9

 Scenario simple_spread Algo rmappo Exp reference_20260925T173510Z_880afb_mappo_w128_seed1 updates 3980/6250 episodes, total num timesteps 12739200/20000000, FPS 9355.

average episode rewards is -112.11285400390625

 Scenario simple_spread Algo rmappo Exp reference_20260925T173510Z_880afb_mappo_w128_seed1 updates 3985/6250 episodes, total num timesteps 12755200/20000000, FPS 9355.

average episode rewards is -112.07709503173828

 Scenario simple_spread Algo rmappo Exp reference_20260925T173510Z_880afb_mappo_w128_seed1 updates 3990/6250 episodes, total num timesteps 12771200/20000000, FPS 9354.

average episode rewards is -113.70726776123047

 Scenario simple_spread Algo rmappo Exp reference_20260925T173510Z_880afb_mappo_w128_seed1 updates 3995/6250 episodes, total num timesteps 12787200/20000000, FPS 9354.

average episode rewards is -113.76783752441406

 Scenario simple_spread Algo rmappo Exp reference_20260925T173510Z_880afb_mappo_w128_seed1 updates 4000/6250 episodes, total num timesteps 12803200/20000000, FPS 9354.

average episode rewards is -112.13999938964844
eval average episode rewards of agent: -115.28300721942436
eval success rate: 0.9

 Scenario simple_spread Algo rmappo Exp reference_20260925T173510Z_880afb_mappo_w128_seed1 updates 4005/6250 episodes, total num timesteps 12819200/20000000, FPS 9354.

average episode rewards is -114.77962493896484

 Scenario simple_spread Algo rmappo Exp reference_20260925T173510Z_880afb_mappo_w128_seed1 updates 4010/6250 episodes, total num timesteps 12835200/20000000, FPS 9354.

average episode rewards is -113.67804718017578

 Scenario simple_spread Algo rmappo Exp reference_20260925T173510Z_880afb_mappo_w128_seed1 updates 4015/6250 episodes, total num timesteps 12851200/20000000, FPS 9354.

average episode rewards is -113.03944396972656

 Scenario simple_spread Algo rmappo Exp reference_20260925T173510Z_880afb_mappo_w128_seed1 updates 4020/6250 episodes, total num timesteps 12867200/20000000, FPS 9354.

average episode rewards is -115.6988296508789

 Scenario simple_spread Algo rmappo Exp reference_20260925T173510Z_880afb_mappo_w128_seed1 updates 4025/6250 episodes, total num timesteps 12883200/20000000, FPS 9354.

average episode rewards is -113.30840301513672
eval average episode rewards of agent: -113.4128906519484
eval success rate: 0.95

 Scenario simple_spread Algo rmappo Exp reference_20260925T173510Z_880afb_mappo_w128_seed1 updates 4030/6250 episodes, total num timesteps 12899200/20000000, FPS 9354.

average episode rewards is -112.6683578491211

 Scenario simple_spread Algo rmappo Exp reference_20260925T173510Z_880afb_mappo_w128_seed1 updates 4035/6250 episodes, total num timesteps 12915200/20000000, FPS 9354.

average episode rewards is -113.73188781738281

 Scenario simple_spread Algo rmappo Exp reference_20260925T173510Z_880afb_mappo_w128_seed1 updates 4040/6250 episodes, total num timesteps 12931200/20000000, FPS 9354.

average episode rewards is -113.06777954101562

 Scenario simple_spread Algo rmappo Exp reference_20260925T173510Z_880afb_mappo_w128_seed1 updates 4045/6250 episodes, total num timesteps 12947200/20000000, FPS 9354.

average episode rewards is -114.87449645996094

 Scenario simple_spread Algo rmappo Exp reference_20260925T173510Z_880afb_mappo_w128_seed1 updates 4050/6250 episodes, total num timesteps 12963200/20000000, FPS 9354.

average episode rewards is -115.70079040527344
eval average episode rewards of agent: -117.06653259547778
eval success rate: 0.8

 Scenario simple_spread Algo rmappo Exp reference_20260925T173510Z_880afb_mappo_w128_seed1 updates 4055/6250 episodes, total num timesteps 12979200/20000000, FPS 9354.

average episode rewards is -113.65538787841797

 Scenario simple_spread Algo rmappo Exp reference_20260925T173510Z_880afb_mappo_w128_seed1 updates 4060/6250 episodes, total num timesteps 12995200/20000000, FPS 9354.

average episode rewards is -117.50314331054688

 Scenario simple_spread Algo rmappo Exp reference_20260925T173510Z_880afb_mappo_w128_seed1 updates 4065/6250 episodes, total num timesteps 13011200/20000000, FPS 9354.

average episode rewards is -116.10194396972656

 Scenario simple_spread Algo rmappo Exp reference_20260925T173510Z_880afb_mappo_w128_seed1 updates 4070/6250 episodes, total num timesteps 13027200/20000000, FPS 9354.

average episode rewards is -113.94468688964844

 Scenario simple_spread Algo rmappo Exp reference_20260925T173510Z_880afb_mappo_w128_seed1 updates 4075/6250 episodes, total num timesteps 13043200/20000000, FPS 9354.

average episode rewards is -113.88545989990234
eval average episode rewards of agent: -111.10486098635228
eval success rate: 0.9

 Scenario simple_spread Algo rmappo Exp reference_20260925T173510Z_880afb_mappo_w128_seed1 updates 4080/6250 episodes, total num timesteps 13059200/20000000, FPS 9354.

average episode rewards is -114.03695678710938

 Scenario simple_spread Algo rmappo Exp reference_20260925T173510Z_880afb_mappo_w128_seed1 updates 4085/6250 episodes, total num timesteps 13075200/20000000, FPS 9354.

average episode rewards is -112.7665023803711

 Scenario simple_spread Algo rmappo Exp reference_20260925T173510Z_880afb_mappo_w128_seed1 updates 4090/6250 episodes, total num timesteps 13091200/20000000, FPS 9354.

average episode rewards is -114.19622802734375

 Scenario simple_spread Algo rmappo Exp reference_20260925T173510Z_880afb_mappo_w128_seed1 updates 4095/6250 episodes, total num timesteps 13107200/20000000, FPS 9354.

average episode rewards is -115.87085723876953

 Scenario simple_spread Algo rmappo Exp reference_20260925T173510Z_880afb_mappo_w128_seed1 updates 4100/6250 episodes, total num timesteps 13123200/20000000, FPS 9355.

average episode rewards is -115.45988464355469
eval average episode rewards of agent: -114.74346785413096
eval success rate: 0.85

 Scenario simple_spread Algo rmappo Exp reference_20260925T173510Z_880afb_mappo_w128_seed1 updates 4105/6250 episodes, total num timesteps 13139200/20000000, FPS 9354.

average episode rewards is -114.5811767578125

 Scenario simple_spread Algo rmappo Exp reference_20260925T173510Z_880afb_mappo_w128_seed1 updates 4110/6250 episodes, total num timesteps 13155200/20000000, FPS 9354.

average episode rewards is -116.0539779663086

 Scenario simple_spread Algo rmappo Exp reference_20260925T173510Z_880afb_mappo_w128_seed1 updates 4115/6250 episodes, total num timesteps 13171200/20000000, FPS 9354.

average episode rewards is -114.5943374633789

 Scenario simple_spread Algo rmappo Exp reference_20260925T173510Z_880afb_mappo_w128_seed1 updates 4120/6250 episodes, total num timesteps 13187200/20000000, FPS 9354.

average episode rewards is -114.13606262207031

 Scenario simple_spread Algo rmappo Exp reference_20260925T173510Z_880afb_mappo_w128_seed1 updates 4125/6250 episodes, total num timesteps 13203200/20000000, FPS 9355.

average episode rewards is -114.27608489990234
eval average episode rewards of agent: -114.42641099701596
eval success rate: 0.9

 Scenario simple_spread Algo rmappo Exp reference_20260925T173510Z_880afb_mappo_w128_seed1 updates 4130/6250 episodes, total num timesteps 13219200/20000000, FPS 9354.

average episode rewards is -114.46908569335938

 Scenario simple_spread Algo rmappo Exp reference_20260925T173510Z_880afb_mappo_w128_seed1 updates 4135/6250 episodes, total num timesteps 13235200/20000000, FPS 9354.

average episode rewards is -113.41241455078125

 Scenario simple_spread Algo rmappo Exp reference_20260925T173510Z_880afb_mappo_w128_seed1 updates 4140/6250 episodes, total num timesteps 13251200/20000000, FPS 9354.

average episode rewards is -114.46266174316406

 Scenario simple_spread Algo rmappo Exp reference_20260925T173510Z_880afb_mappo_w128_seed1 updates 4145/6250 episodes, total num timesteps 13267200/20000000, FPS 9354.

average episode rewards is -113.33304595947266

 Scenario simple_spread Algo rmappo Exp reference_20260925T173510Z_880afb_mappo_w128_seed1 updates 4150/6250 episodes, total num timesteps 13283200/20000000, FPS 9355.

average episode rewards is -114.79768371582031
eval average episode rewards of agent: -113.04254643099917
eval success rate: 0.9

 Scenario simple_spread Algo rmappo Exp reference_20260925T173510Z_880afb_mappo_w128_seed1 updates 4155/6250 episodes, total num timesteps 13299200/20000000, FPS 9354.

average episode rewards is -113.37983703613281

 Scenario simple_spread Algo rmappo Exp reference_20260925T173510Z_880afb_mappo_w128_seed1 updates 4160/6250 episodes, total num timesteps 13315200/20000000, FPS 9354.

average episode rewards is -111.93247985839844

 Scenario simple_spread Algo rmappo Exp reference_20260925T173510Z_880afb_mappo_w128_seed1 updates 4165/6250 episodes, total num timesteps 13331200/20000000, FPS 9355.

average episode rewards is -115.7333755493164

 Scenario simple_spread Algo rmappo Exp reference_20260925T173510Z_880afb_mappo_w128_seed1 updates 4170/6250 episodes, total num timesteps 13347200/20000000, FPS 9354.

average episode rewards is -114.05391693115234

 Scenario simple_spread Algo rmappo Exp reference_20260925T173510Z_880afb_mappo_w128_seed1 updates 4175/6250 episodes, total num timesteps 13363200/20000000, FPS 9354.

average episode rewards is -112.26753234863281
eval average episode rewards of agent: -116.15364814225919
eval success rate: 0.95

 Scenario simple_spread Algo rmappo Exp reference_20260925T173510Z_880afb_mappo_w128_seed1 updates 4180/6250 episodes, total num timesteps 13379200/20000000, FPS 9354.

average episode rewards is -113.17903137207031

 Scenario simple_spread Algo rmappo Exp reference_20260925T173510Z_880afb_mappo_w128_seed1 updates 4185/6250 episodes, total num timesteps 13395200/20000000, FPS 9354.

average episode rewards is -112.08125305175781

 Scenario simple_spread Algo rmappo Exp reference_20260925T173510Z_880afb_mappo_w128_seed1 updates 4190/6250 episodes, total num timesteps 13411200/20000000, FPS 9355.

average episode rewards is -113.6885986328125

 Scenario simple_spread Algo rmappo Exp reference_20260925T173510Z_880afb_mappo_w128_seed1 updates 4195/6250 episodes, total num timesteps 13427200/20000000, FPS 9355.

average episode rewards is -112.3238525390625

 Scenario simple_spread Algo rmappo Exp reference_20260925T173510Z_880afb_mappo_w128_seed1 updates 4200/6250 episodes, total num timesteps 13443200/20000000, FPS 9355.

average episode rewards is -116.92000579833984
eval average episode rewards of agent: -108.84355881885685
eval success rate: 0.95

 Scenario simple_spread Algo rmappo Exp reference_20260925T173510Z_880afb_mappo_w128_seed1 updates 4205/6250 episodes, total num timesteps 13459200/20000000, FPS 9355.

average episode rewards is -114.25906372070312

 Scenario simple_spread Algo rmappo Exp reference_20260925T173510Z_880afb_mappo_w128_seed1 updates 4210/6250 episodes, total num timesteps 13475200/20000000, FPS 9355.

average episode rewards is -109.6557388305664

 Scenario simple_spread Algo rmappo Exp reference_20260925T173510Z_880afb_mappo_w128_seed1 updates 4215/6250 episodes, total num timesteps 13491200/20000000, FPS 9355.

average episode rewards is -112.91754150390625

 Scenario simple_spread Algo rmappo Exp reference_20260925T173510Z_880afb_mappo_w128_seed1 updates 4220/6250 episodes, total num timesteps 13507200/20000000, FPS 9355.

average episode rewards is -112.8951416015625

 Scenario simple_spread Algo rmappo Exp reference_20260925T173510Z_880afb_mappo_w128_seed1 updates 4225/6250 episodes, total num timesteps 13523200/20000000, FPS 9355.

average episode rewards is -114.97827911376953
eval average episode rewards of agent: -110.20494896035048
eval success rate: 1.0

 Scenario simple_spread Algo rmappo Exp reference_20260925T173510Z_880afb_mappo_w128_seed1 updates 4230/6250 episodes, total num timesteps 13539200/20000000, FPS 9354.

average episode rewards is -114.81745147705078

 Scenario simple_spread Algo rmappo Exp reference_20260925T173510Z_880afb_mappo_w128_seed1 updates 4235/6250 episodes, total num timesteps 13555200/20000000, FPS 9355.

average episode rewards is -114.08673858642578

 Scenario simple_spread Algo rmappo Exp reference_20260925T173510Z_880afb_mappo_w128_seed1 updates 4240/6250 episodes, total num timesteps 13571200/20000000, FPS 9355.

average episode rewards is -113.24627685546875

 Scenario simple_spread Algo rmappo Exp reference_20260925T173510Z_880afb_mappo_w128_seed1 updates 4245/6250 episodes, total num timesteps 13587200/20000000, FPS 9355.

average episode rewards is -115.54236602783203

 Scenario simple_spread Algo rmappo Exp reference_20260925T173510Z_880afb_mappo_w128_seed1 updates 4250/6250 episodes, total num timesteps 13603200/20000000, FPS 9355.

average episode rewards is -114.38109588623047
eval average episode rewards of agent: -120.1653628295583
eval success rate: 1.0

 Scenario simple_spread Algo rmappo Exp reference_20260925T173510Z_880afb_mappo_w128_seed1 updates 4255/6250 episodes, total num timesteps 13619200/20000000, FPS 9355.

average episode rewards is -112.37747955322266

 Scenario simple_spread Algo rmappo Exp reference_20260925T173510Z_880afb_mappo_w128_seed1 updates 4260/6250 episodes, total num timesteps 13635200/20000000, FPS 9355.

average episode rewards is -113.54788208007812

 Scenario simple_spread Algo rmappo Exp reference_20260925T173510Z_880afb_mappo_w128_seed1 updates 4265/6250 episodes, total num timesteps 13651200/20000000, FPS 9355.

average episode rewards is -114.85478973388672

 Scenario simple_spread Algo rmappo Exp reference_20260925T173510Z_880afb_mappo_w128_seed1 updates 4270/6250 episodes, total num timesteps 13667200/20000000, FPS 9355.

average episode rewards is -113.92057037353516

 Scenario simple_spread Algo rmappo Exp reference_20260925T173510Z_880afb_mappo_w128_seed1 updates 4275/6250 episodes, total num timesteps 13683200/20000000, FPS 9356.

average episode rewards is -114.25041961669922
eval average episode rewards of agent: -110.44684655654912
eval success rate: 0.95

 Scenario simple_spread Algo rmappo Exp reference_20260925T173510Z_880afb_mappo_w128_seed1 updates 4280/6250 episodes, total num timesteps 13699200/20000000, FPS 9355.

average episode rewards is -114.2612075805664

 Scenario simple_spread Algo rmappo Exp reference_20260925T173510Z_880afb_mappo_w128_seed1 updates 4285/6250 episodes, total num timesteps 13715200/20000000, FPS 9355.

average episode rewards is -113.59619903564453

 Scenario simple_spread Algo rmappo Exp reference_20260925T173510Z_880afb_mappo_w128_seed1 updates 4290/6250 episodes, total num timesteps 13731200/20000000, FPS 9355.

average episode rewards is -114.75872039794922

 Scenario simple_spread Algo rmappo Exp reference_20260925T173510Z_880afb_mappo_w128_seed1 updates 4295/6250 episodes, total num timesteps 13747200/20000000, FPS 9355.

average episode rewards is -115.08187103271484

 Scenario simple_spread Algo rmappo Exp reference_20260925T173510Z_880afb_mappo_w128_seed1 updates 4300/6250 episodes, total num timesteps 13763200/20000000, FPS 9355.

average episode rewards is -113.71428680419922
eval average episode rewards of agent: -112.90473847964402
eval success rate: 0.95

 Scenario simple_spread Algo rmappo Exp reference_20260925T173510Z_880afb_mappo_w128_seed1 updates 4305/6250 episodes, total num timesteps 13779200/20000000, FPS 9355.

average episode rewards is -112.34127044677734

 Scenario simple_spread Algo rmappo Exp reference_20260925T173510Z_880afb_mappo_w128_seed1 updates 4310/6250 episodes, total num timesteps 13795200/20000000, FPS 9355.

average episode rewards is -113.52998352050781

 Scenario simple_spread Algo rmappo Exp reference_20260925T173510Z_880afb_mappo_w128_seed1 updates 4315/6250 episodes, total num timesteps 13811200/20000000, FPS 9356.

average episode rewards is -112.57249450683594

 Scenario simple_spread Algo rmappo Exp reference_20260925T173510Z_880afb_mappo_w128_seed1 updates 4320/6250 episodes, total num timesteps 13827200/20000000, FPS 9356.

average episode rewards is -114.9561538696289

 Scenario simple_spread Algo rmappo Exp reference_20260925T173510Z_880afb_mappo_w128_seed1 updates 4325/6250 episodes, total num timesteps 13843200/20000000, FPS 9356.

average episode rewards is -113.2027587890625
eval average episode rewards of agent: -114.59474780214687
eval success rate: 0.9

 Scenario simple_spread Algo rmappo Exp reference_20260925T173510Z_880afb_mappo_w128_seed1 updates 4330/6250 episodes, total num timesteps 13859200/20000000, FPS 9356.

average episode rewards is -114.77373504638672

 Scenario simple_spread Algo rmappo Exp reference_20260925T173510Z_880afb_mappo_w128_seed1 updates 4335/6250 episodes, total num timesteps 13875200/20000000, FPS 9356.

average episode rewards is -114.5954818725586

 Scenario simple_spread Algo rmappo Exp reference_20260925T173510Z_880afb_mappo_w128_seed1 updates 4340/6250 episodes, total num timesteps 13891200/20000000, FPS 9356.

average episode rewards is -114.66410064697266

 Scenario simple_spread Algo rmappo Exp reference_20260925T173510Z_880afb_mappo_w128_seed1 updates 4345/6250 episodes, total num timesteps 13907200/20000000, FPS 9356.

average episode rewards is -113.2950668334961

 Scenario simple_spread Algo rmappo Exp reference_20260925T173510Z_880afb_mappo_w128_seed1 updates 4350/6250 episodes, total num timesteps 13923200/20000000, FPS 9356.

average episode rewards is -114.51087188720703
eval average episode rewards of agent: -117.83068970815498
eval success rate: 0.8

 Scenario simple_spread Algo rmappo Exp reference_20260925T173510Z_880afb_mappo_w128_seed1 updates 4355/6250 episodes, total num timesteps 13939200/20000000, FPS 9356.

average episode rewards is -113.22808074951172

 Scenario simple_spread Algo rmappo Exp reference_20260925T173510Z_880afb_mappo_w128_seed1 updates 4360/6250 episodes, total num timesteps 13955200/20000000, FPS 9356.

average episode rewards is -113.1476058959961

 Scenario simple_spread Algo rmappo Exp reference_20260925T173510Z_880afb_mappo_w128_seed1 updates 4365/6250 episodes, total num timesteps 13971200/20000000, FPS 9356.

average episode rewards is -116.04769134521484

 Scenario simple_spread Algo rmappo Exp reference_20260925T173510Z_880afb_mappo_w128_seed1 updates 4370/6250 episodes, total num timesteps 13987200/20000000, FPS 9356.

average episode rewards is -116.07917785644531

 Scenario simple_spread Algo rmappo Exp reference_20260925T173510Z_880afb_mappo_w128_seed1 updates 4375/6250 episodes, total num timesteps 14003200/20000000, FPS 9356.

average episode rewards is -114.4232406616211
eval average episode rewards of agent: -117.44435380259469
eval success rate: 0.9

 Scenario simple_spread Algo rmappo Exp reference_20260925T173510Z_880afb_mappo_w128_seed1 updates 4380/6250 episodes, total num timesteps 14019200/20000000, FPS 9356.

average episode rewards is -113.14437103271484

 Scenario simple_spread Algo rmappo Exp reference_20260925T173510Z_880afb_mappo_w128_seed1 updates 4385/6250 episodes, total num timesteps 14035200/20000000, FPS 9356.

average episode rewards is -113.94381713867188

 Scenario simple_spread Algo rmappo Exp reference_20260925T173510Z_880afb_mappo_w128_seed1 updates 4390/6250 episodes, total num timesteps 14051200/20000000, FPS 9357.

average episode rewards is -114.73218536376953

 Scenario simple_spread Algo rmappo Exp reference_20260925T173510Z_880afb_mappo_w128_seed1 updates 4395/6250 episodes, total num timesteps 14067200/20000000, FPS 9357.

average episode rewards is -114.73062896728516

 Scenario simple_spread Algo rmappo Exp reference_20260925T173510Z_880afb_mappo_w128_seed1 updates 4400/6250 episodes, total num timesteps 14083200/20000000, FPS 9357.

average episode rewards is -114.34351348876953
eval average episode rewards of agent: -118.58978474134292
eval success rate: 0.8

 Scenario simple_spread Algo rmappo Exp reference_20260925T173510Z_880afb_mappo_w128_seed1 updates 4405/6250 episodes, total num timesteps 14099200/20000000, FPS 9357.

average episode rewards is -112.70599365234375

 Scenario simple_spread Algo rmappo Exp reference_20260925T173510Z_880afb_mappo_w128_seed1 updates 4410/6250 episodes, total num timesteps 14115200/20000000, FPS 9357.

average episode rewards is -112.71405029296875

 Scenario simple_spread Algo rmappo Exp reference_20260925T173510Z_880afb_mappo_w128_seed1 updates 4415/6250 episodes, total num timesteps 14131200/20000000, FPS 9357.

average episode rewards is -112.8717041015625

 Scenario simple_spread Algo rmappo Exp reference_20260925T173510Z_880afb_mappo_w128_seed1 updates 4420/6250 episodes, total num timesteps 14147200/20000000, FPS 9357.

average episode rewards is -112.79293060302734

 Scenario simple_spread Algo rmappo Exp reference_20260925T173510Z_880afb_mappo_w128_seed1 updates 4425/6250 episodes, total num timesteps 14163200/20000000, FPS 9357.

average episode rewards is -112.20518493652344
eval average episode rewards of agent: -110.96270848883869
eval success rate: 0.95

 Scenario simple_spread Algo rmappo Exp reference_20260925T173510Z_880afb_mappo_w128_seed1 updates 4430/6250 episodes, total num timesteps 14179200/20000000, FPS 9357.

average episode rewards is -114.25616455078125

 Scenario simple_spread Algo rmappo Exp reference_20260925T173510Z_880afb_mappo_w128_seed1 updates 4435/6250 episodes, total num timesteps 14195200/20000000, FPS 9358.

average episode rewards is -113.67225646972656

 Scenario simple_spread Algo rmappo Exp reference_20260925T173510Z_880afb_mappo_w128_seed1 updates 4440/6250 episodes, total num timesteps 14211200/20000000, FPS 9358.

average episode rewards is -114.1791000366211

 Scenario simple_spread Algo rmappo Exp reference_20260925T173510Z_880afb_mappo_w128_seed1 updates 4445/6250 episodes, total num timesteps 14227200/20000000, FPS 9358.

average episode rewards is -116.87763977050781

 Scenario simple_spread Algo rmappo Exp reference_20260925T173510Z_880afb_mappo_w128_seed1 updates 4450/6250 episodes, total num timesteps 14243200/20000000, FPS 9358.

average episode rewards is -115.93451690673828
eval average episode rewards of agent: -114.33160724894186
eval success rate: 0.9

 Scenario simple_spread Algo rmappo Exp reference_20260925T173510Z_880afb_mappo_w128_seed1 updates 4455/6250 episodes, total num timesteps 14259200/20000000, FPS 9358.

average episode rewards is -111.79576873779297

 Scenario simple_spread Algo rmappo Exp reference_20260925T173510Z_880afb_mappo_w128_seed1 updates 4460/6250 episodes, total num timesteps 14275200/20000000, FPS 9358.

average episode rewards is -113.7094497680664

 Scenario simple_spread Algo rmappo Exp reference_20260925T173510Z_880afb_mappo_w128_seed1 updates 4465/6250 episodes, total num timesteps 14291200/20000000, FPS 9359.

average episode rewards is -112.72850036621094

 Scenario simple_spread Algo rmappo Exp reference_20260925T173510Z_880afb_mappo_w128_seed1 updates 4470/6250 episodes, total num timesteps 14307200/20000000, FPS 9358.

average episode rewards is -114.61408233642578

 Scenario simple_spread Algo rmappo Exp reference_20260925T173510Z_880afb_mappo_w128_seed1 updates 4475/6250 episodes, total num timesteps 14323200/20000000, FPS 9358.

average episode rewards is -115.7321548461914
eval average episode rewards of agent: -118.20133864147932
eval success rate: 1.0

 Scenario simple_spread Algo rmappo Exp reference_20260925T173510Z_880afb_mappo_w128_seed1 updates 4480/6250 episodes, total num timesteps 14339200/20000000, FPS 9358.

average episode rewards is -113.53236389160156

 Scenario simple_spread Algo rmappo Exp reference_20260925T173510Z_880afb_mappo_w128_seed1 updates 4485/6250 episodes, total num timesteps 14355200/20000000, FPS 9358.

average episode rewards is -114.65693664550781

 Scenario simple_spread Algo rmappo Exp reference_20260925T173510Z_880afb_mappo_w128_seed1 updates 4490/6250 episodes, total num timesteps 14371200/20000000, FPS 9358.

average episode rewards is -113.45784759521484

 Scenario simple_spread Algo rmappo Exp reference_20260925T173510Z_880afb_mappo_w128_seed1 updates 4495/6250 episodes, total num timesteps 14387200/20000000, FPS 9358.

average episode rewards is -113.86714172363281

 Scenario simple_spread Algo rmappo Exp reference_20260925T173510Z_880afb_mappo_w128_seed1 updates 4500/6250 episodes, total num timesteps 14403200/20000000, FPS 9359.

average episode rewards is -114.14910888671875
eval average episode rewards of agent: -112.27800439502083
eval success rate: 0.9

 Scenario simple_spread Algo rmappo Exp reference_20260925T173510Z_880afb_mappo_w128_seed1 updates 4505/6250 episodes, total num timesteps 14419200/20000000, FPS 9359.

average episode rewards is -116.30952453613281

 Scenario simple_spread Algo rmappo Exp reference_20260925T173510Z_880afb_mappo_w128_seed1 updates 4510/6250 episodes, total num timesteps 14435200/20000000, FPS 9359.

average episode rewards is -114.62724304199219

 Scenario simple_spread Algo rmappo Exp reference_20260925T173510Z_880afb_mappo_w128_seed1 updates 4515/6250 episodes, total num timesteps 14451200/20000000, FPS 9359.

average episode rewards is -114.5908203125

 Scenario simple_spread Algo rmappo Exp reference_20260925T173510Z_880afb_mappo_w128_seed1 updates 4520/6250 episodes, total num timesteps 14467200/20000000, FPS 9359.

average episode rewards is -111.90245056152344

 Scenario simple_spread Algo rmappo Exp reference_20260925T173510Z_880afb_mappo_w128_seed1 updates 4525/6250 episodes, total num timesteps 14483200/20000000, FPS 9359.

average episode rewards is -112.90787506103516
eval average episode rewards of agent: -115.6504287153025
eval success rate: 0.95

 Scenario simple_spread Algo rmappo Exp reference_20260925T173510Z_880afb_mappo_w128_seed1 updates 4530/6250 episodes, total num timesteps 14499200/20000000, FPS 9359.

average episode rewards is -113.51981353759766

 Scenario simple_spread Algo rmappo Exp reference_20260925T173510Z_880afb_mappo_w128_seed1 updates 4535/6250 episodes, total num timesteps 14515200/20000000, FPS 9359.

average episode rewards is -110.8891830444336

 Scenario simple_spread Algo rmappo Exp reference_20260925T173510Z_880afb_mappo_w128_seed1 updates 4540/6250 episodes, total num timesteps 14531200/20000000, FPS 9359.

average episode rewards is -112.55233001708984

 Scenario simple_spread Algo rmappo Exp reference_20260925T173510Z_880afb_mappo_w128_seed1 updates 4545/6250 episodes, total num timesteps 14547200/20000000, FPS 9359.

average episode rewards is -113.75643920898438

 Scenario simple_spread Algo rmappo Exp reference_20260925T173510Z_880afb_mappo_w128_seed1 updates 4550/6250 episodes, total num timesteps 14563200/20000000, FPS 9359.

average episode rewards is -114.88289642333984
eval average episode rewards of agent: -110.1649874986086
eval success rate: 0.95

 Scenario simple_spread Algo rmappo Exp reference_20260925T173510Z_880afb_mappo_w128_seed1 updates 4555/6250 episodes, total num timesteps 14579200/20000000, FPS 9359.

average episode rewards is -113.16039276123047

 Scenario simple_spread Algo rmappo Exp reference_20260925T173510Z_880afb_mappo_w128_seed1 updates 4560/6250 episodes, total num timesteps 14595200/20000000, FPS 9359.

average episode rewards is -113.36614227294922

 Scenario simple_spread Algo rmappo Exp reference_20260925T173510Z_880afb_mappo_w128_seed1 updates 4565/6250 episodes, total num timesteps 14611200/20000000, FPS 9360.

average episode rewards is -115.85447692871094

 Scenario simple_spread Algo rmappo Exp reference_20260925T173510Z_880afb_mappo_w128_seed1 updates 4570/6250 episodes, total num timesteps 14627200/20000000, FPS 9360.

average episode rewards is -112.29582977294922

 Scenario simple_spread Algo rmappo Exp reference_20260925T173510Z_880afb_mappo_w128_seed1 updates 4575/6250 episodes, total num timesteps 14643200/20000000, FPS 9360.

average episode rewards is -114.23113250732422
eval average episode rewards of agent: -109.88852748421887
eval success rate: 1.0

 Scenario simple_spread Algo rmappo Exp reference_20260925T173510Z_880afb_mappo_w128_seed1 updates 4580/6250 episodes, total num timesteps 14659200/20000000, FPS 9359.

average episode rewards is -115.54889678955078

 Scenario simple_spread Algo rmappo Exp reference_20260925T173510Z_880afb_mappo_w128_seed1 updates 4585/6250 episodes, total num timesteps 14675200/20000000, FPS 9359.

average episode rewards is -112.07661437988281

 Scenario simple_spread Algo rmappo Exp reference_20260925T173510Z_880afb_mappo_w128_seed1 updates 4590/6250 episodes, total num timesteps 14691200/20000000, FPS 9359.

average episode rewards is -113.67566680908203

 Scenario simple_spread Algo rmappo Exp reference_20260925T173510Z_880afb_mappo_w128_seed1 updates 4595/6250 episodes, total num timesteps 14707200/20000000, FPS 9359.

average episode rewards is -112.93955993652344

 Scenario simple_spread Algo rmappo Exp reference_20260925T173510Z_880afb_mappo_w128_seed1 updates 4600/6250 episodes, total num timesteps 14723200/20000000, FPS 9359.

average episode rewards is -112.9617691040039
eval average episode rewards of agent: -114.41246546215534
eval success rate: 0.95

 Scenario simple_spread Algo rmappo Exp reference_20260925T173510Z_880afb_mappo_w128_seed1 updates 4605/6250 episodes, total num timesteps 14739200/20000000, FPS 9359.

average episode rewards is -113.04685974121094

 Scenario simple_spread Algo rmappo Exp reference_20260925T173510Z_880afb_mappo_w128_seed1 updates 4610/6250 episodes, total num timesteps 14755200/20000000, FPS 9360.

average episode rewards is -112.4853286743164

 Scenario simple_spread Algo rmappo Exp reference_20260925T173510Z_880afb_mappo_w128_seed1 updates 4615/6250 episodes, total num timesteps 14771200/20000000, FPS 9360.

average episode rewards is -114.04499053955078

 Scenario simple_spread Algo rmappo Exp reference_20260925T173510Z_880afb_mappo_w128_seed1 updates 4620/6250 episodes, total num timesteps 14787200/20000000, FPS 9360.

average episode rewards is -114.6867904663086

 Scenario simple_spread Algo rmappo Exp reference_20260925T173510Z_880afb_mappo_w128_seed1 updates 4625/6250 episodes, total num timesteps 14803200/20000000, FPS 9360.

average episode rewards is -114.2200698852539
eval average episode rewards of agent: -106.60945682047873
eval success rate: 1.0

 Scenario simple_spread Algo rmappo Exp reference_20260925T173510Z_880afb_mappo_w128_seed1 updates 4630/6250 episodes, total num timesteps 14819200/20000000, FPS 9360.

average episode rewards is -114.07752227783203

 Scenario simple_spread Algo rmappo Exp reference_20260925T173510Z_880afb_mappo_w128_seed1 updates 4635/6250 episodes, total num timesteps 14835200/20000000, FPS 9360.

average episode rewards is -112.95339965820312

 Scenario simple_spread Algo rmappo Exp reference_20260925T173510Z_880afb_mappo_w128_seed1 updates 4640/6250 episodes, total num timesteps 14851200/20000000, FPS 9360.

average episode rewards is -114.94348907470703

 Scenario simple_spread Algo rmappo Exp reference_20260925T173510Z_880afb_mappo_w128_seed1 updates 4645/6250 episodes, total num timesteps 14867200/20000000, FPS 9360.

average episode rewards is -114.99317932128906

 Scenario simple_spread Algo rmappo Exp reference_20260925T173510Z_880afb_mappo_w128_seed1 updates 4650/6250 episodes, total num timesteps 14883200/20000000, FPS 9359.

average episode rewards is -114.81272888183594
eval average episode rewards of agent: -114.81893017603743
eval success rate: 0.95

 Scenario simple_spread Algo rmappo Exp reference_20260925T173510Z_880afb_mappo_w128_seed1 updates 4655/6250 episodes, total num timesteps 14899200/20000000, FPS 9359.

average episode rewards is -113.26012420654297

 Scenario simple_spread Algo rmappo Exp reference_20260925T173510Z_880afb_mappo_w128_seed1 updates 4660/6250 episodes, total num timesteps 14915200/20000000, FPS 9360.

average episode rewards is -112.9332046508789

 Scenario simple_spread Algo rmappo Exp reference_20260925T173510Z_880afb_mappo_w128_seed1 updates 4665/6250 episodes, total num timesteps 14931200/20000000, FPS 9359.

average episode rewards is -115.5990982055664

 Scenario simple_spread Algo rmappo Exp reference_20260925T173510Z_880afb_mappo_w128_seed1 updates 4670/6250 episodes, total num timesteps 14947200/20000000, FPS 9359.

average episode rewards is -113.3666763305664

 Scenario simple_spread Algo rmappo Exp reference_20260925T173510Z_880afb_mappo_w128_seed1 updates 4675/6250 episodes, total num timesteps 14963200/20000000, FPS 9360.

average episode rewards is -114.67833709716797
eval average episode rewards of agent: -112.08461088981433
eval success rate: 0.85

 Scenario simple_spread Algo rmappo Exp reference_20260925T173510Z_880afb_mappo_w128_seed1 updates 4680/6250 episodes, total num timesteps 14979200/20000000, FPS 9360.

average episode rewards is -113.12886810302734

 Scenario simple_spread Algo rmappo Exp reference_20260925T173510Z_880afb_mappo_w128_seed1 updates 4685/6250 episodes, total num timesteps 14995200/20000000, FPS 9360.

average episode rewards is -113.78128814697266

 Scenario simple_spread Algo rmappo Exp reference_20260925T173510Z_880afb_mappo_w128_seed1 updates 4690/6250 episodes, total num timesteps 15011200/20000000, FPS 9360.

average episode rewards is -112.5245590209961

 Scenario simple_spread Algo rmappo Exp reference_20260925T173510Z_880afb_mappo_w128_seed1 updates 4695/6250 episodes, total num timesteps 15027200/20000000, FPS 9360.

average episode rewards is -111.15547180175781

 Scenario simple_spread Algo rmappo Exp reference_20260925T173510Z_880afb_mappo_w128_seed1 updates 4700/6250 episodes, total num timesteps 15043200/20000000, FPS 9360.

average episode rewards is -113.65748596191406
eval average episode rewards of agent: -112.84393019192368
eval success rate: 0.95

 Scenario simple_spread Algo rmappo Exp reference_20260925T173510Z_880afb_mappo_w128_seed1 updates 4705/6250 episodes, total num timesteps 15059200/20000000, FPS 9360.

average episode rewards is -113.76539611816406

 Scenario simple_spread Algo rmappo Exp reference_20260925T173510Z_880afb_mappo_w128_seed1 updates 4710/6250 episodes, total num timesteps 15075200/20000000, FPS 9359.

average episode rewards is -109.5460205078125

 Scenario simple_spread Algo rmappo Exp reference_20260925T173510Z_880afb_mappo_w128_seed1 updates 4715/6250 episodes, total num timesteps 15091200/20000000, FPS 9359.

average episode rewards is -114.33480072021484

 Scenario simple_spread Algo rmappo Exp reference_20260925T173510Z_880afb_mappo_w128_seed1 updates 4720/6250 episodes, total num timesteps 15107200/20000000, FPS 9359.

average episode rewards is -111.46549224853516

 Scenario simple_spread Algo rmappo Exp reference_20260925T173510Z_880afb_mappo_w128_seed1 updates 4725/6250 episodes, total num timesteps 15123200/20000000, FPS 9359.

average episode rewards is -113.1611328125
eval average episode rewards of agent: -115.02662667096129
eval success rate: 1.0

 Scenario simple_spread Algo rmappo Exp reference_20260925T173510Z_880afb_mappo_w128_seed1 updates 4730/6250 episodes, total num timesteps 15139200/20000000, FPS 9359.

average episode rewards is -113.42854309082031

 Scenario simple_spread Algo rmappo Exp reference_20260925T173510Z_880afb_mappo_w128_seed1 updates 4735/6250 episodes, total num timesteps 15155200/20000000, FPS 9359.

average episode rewards is -112.19306182861328

 Scenario simple_spread Algo rmappo Exp reference_20260925T173510Z_880afb_mappo_w128_seed1 updates 4740/6250 episodes, total num timesteps 15171200/20000000, FPS 9359.

average episode rewards is -110.10992431640625

 Scenario simple_spread Algo rmappo Exp reference_20260925T173510Z_880afb_mappo_w128_seed1 updates 4745/6250 episodes, total num timesteps 15187200/20000000, FPS 9359.

average episode rewards is -111.82677459716797

 Scenario simple_spread Algo rmappo Exp reference_20260925T173510Z_880afb_mappo_w128_seed1 updates 4750/6250 episodes, total num timesteps 15203200/20000000, FPS 9359.

average episode rewards is -112.4145278930664
eval average episode rewards of agent: -115.56634342842999
eval success rate: 0.9

 Scenario simple_spread Algo rmappo Exp reference_20260925T173510Z_880afb_mappo_w128_seed1 updates 4755/6250 episodes, total num timesteps 15219200/20000000, FPS 9359.

average episode rewards is -112.5370864868164

 Scenario simple_spread Algo rmappo Exp reference_20260925T173510Z_880afb_mappo_w128_seed1 updates 4760/6250 episodes, total num timesteps 15235200/20000000, FPS 9359.

average episode rewards is -114.01412200927734

 Scenario simple_spread Algo rmappo Exp reference_20260925T173510Z_880afb_mappo_w128_seed1 updates 4765/6250 episodes, total num timesteps 15251200/20000000, FPS 9359.

average episode rewards is -113.7386474609375

 Scenario simple_spread Algo rmappo Exp reference_20260925T173510Z_880afb_mappo_w128_seed1 updates 4770/6250 episodes, total num timesteps 15267200/20000000, FPS 9359.

average episode rewards is -112.88957214355469

 Scenario simple_spread Algo rmappo Exp reference_20260925T173510Z_880afb_mappo_w128_seed1 updates 4775/6250 episodes, total num timesteps 15283200/20000000, FPS 9359.

average episode rewards is -111.46403503417969
eval average episode rewards of agent: -111.12328376719921
eval success rate: 0.9

 Scenario simple_spread Algo rmappo Exp reference_20260925T173510Z_880afb_mappo_w128_seed1 updates 4780/6250 episodes, total num timesteps 15299200/20000000, FPS 9359.

average episode rewards is -112.74452209472656

 Scenario simple_spread Algo rmappo Exp reference_20260925T173510Z_880afb_mappo_w128_seed1 updates 4785/6250 episodes, total num timesteps 15315200/20000000, FPS 9359.

average episode rewards is -112.45623779296875

 Scenario simple_spread Algo rmappo Exp reference_20260925T173510Z_880afb_mappo_w128_seed1 updates 4790/6250 episodes, total num timesteps 15331200/20000000, FPS 9359.

average episode rewards is -112.87242126464844

 Scenario simple_spread Algo rmappo Exp reference_20260925T173510Z_880afb_mappo_w128_seed1 updates 4795/6250 episodes, total num timesteps 15347200/20000000, FPS 9359.

average episode rewards is -111.85089111328125

 Scenario simple_spread Algo rmappo Exp reference_20260925T173510Z_880afb_mappo_w128_seed1 updates 4800/6250 episodes, total num timesteps 15363200/20000000, FPS 9359.

average episode rewards is -112.3266372680664
eval average episode rewards of agent: -116.98792233181501
eval success rate: 0.75

 Scenario simple_spread Algo rmappo Exp reference_20260925T173510Z_880afb_mappo_w128_seed1 updates 4805/6250 episodes, total num timesteps 15379200/20000000, FPS 9359.

average episode rewards is -111.93206024169922

 Scenario simple_spread Algo rmappo Exp reference_20260925T173510Z_880afb_mappo_w128_seed1 updates 4810/6250 episodes, total num timesteps 15395200/20000000, FPS 9359.

average episode rewards is -114.46450805664062

 Scenario simple_spread Algo rmappo Exp reference_20260925T173510Z_880afb_mappo_w128_seed1 updates 4815/6250 episodes, total num timesteps 15411200/20000000, FPS 9359.

average episode rewards is -114.0020523071289

 Scenario simple_spread Algo rmappo Exp reference_20260925T173510Z_880afb_mappo_w128_seed1 updates 4820/6250 episodes, total num timesteps 15427200/20000000, FPS 9359.

average episode rewards is -112.77462005615234

 Scenario simple_spread Algo rmappo Exp reference_20260925T173510Z_880afb_mappo_w128_seed1 updates 4825/6250 episodes, total num timesteps 15443200/20000000, FPS 9359.

average episode rewards is -112.39494323730469
eval average episode rewards of agent: -105.61592924729366
eval success rate: 0.95

 Scenario simple_spread Algo rmappo Exp reference_20260925T173510Z_880afb_mappo_w128_seed1 updates 4830/6250 episodes, total num timesteps 15459200/20000000, FPS 9358.

average episode rewards is -111.84016418457031

 Scenario simple_spread Algo rmappo Exp reference_20260925T173510Z_880afb_mappo_w128_seed1 updates 4835/6250 episodes, total num timesteps 15475200/20000000, FPS 9358.

average episode rewards is -112.5808334350586

 Scenario simple_spread Algo rmappo Exp reference_20260925T173510Z_880afb_mappo_w128_seed1 updates 4840/6250 episodes, total num timesteps 15491200/20000000, FPS 9358.

average episode rewards is -110.84777069091797

 Scenario simple_spread Algo rmappo Exp reference_20260925T173510Z_880afb_mappo_w128_seed1 updates 4845/6250 episodes, total num timesteps 15507200/20000000, FPS 9358.

average episode rewards is -113.41675567626953

 Scenario simple_spread Algo rmappo Exp reference_20260925T173510Z_880afb_mappo_w128_seed1 updates 4850/6250 episodes, total num timesteps 15523200/20000000, FPS 9358.

average episode rewards is -110.63821411132812
eval average episode rewards of agent: -112.39963136081012
eval success rate: 0.9

 Scenario simple_spread Algo rmappo Exp reference_20260925T173510Z_880afb_mappo_w128_seed1 updates 4855/6250 episodes, total num timesteps 15539200/20000000, FPS 9358.

average episode rewards is -112.3958740234375

 Scenario simple_spread Algo rmappo Exp reference_20260925T173510Z_880afb_mappo_w128_seed1 updates 4860/6250 episodes, total num timesteps 15555200/20000000, FPS 9358.

average episode rewards is -113.29467010498047

 Scenario simple_spread Algo rmappo Exp reference_20260925T173510Z_880afb_mappo_w128_seed1 updates 4865/6250 episodes, total num timesteps 15571200/20000000, FPS 9359.

average episode rewards is -112.74647521972656

 Scenario simple_spread Algo rmappo Exp reference_20260925T173510Z_880afb_mappo_w128_seed1 updates 4870/6250 episodes, total num timesteps 15587200/20000000, FPS 9359.

average episode rewards is -113.50635528564453

 Scenario simple_spread Algo rmappo Exp reference_20260925T173510Z_880afb_mappo_w128_seed1 updates 4875/6250 episodes, total num timesteps 15603200/20000000, FPS 9359.

average episode rewards is -112.92630767822266
eval average episode rewards of agent: -113.1481560420042
eval success rate: 1.0

 Scenario simple_spread Algo rmappo Exp reference_20260925T173510Z_880afb_mappo_w128_seed1 updates 4880/6250 episodes, total num timesteps 15619200/20000000, FPS 9359.

average episode rewards is -113.58837890625

 Scenario simple_spread Algo rmappo Exp reference_20260925T173510Z_880afb_mappo_w128_seed1 updates 4885/6250 episodes, total num timesteps 15635200/20000000, FPS 9359.

average episode rewards is -114.46825408935547

 Scenario simple_spread Algo rmappo Exp reference_20260925T173510Z_880afb_mappo_w128_seed1 updates 4890/6250 episodes, total num timesteps 15651200/20000000, FPS 9358.

average episode rewards is -115.74051666259766

 Scenario simple_spread Algo rmappo Exp reference_20260925T173510Z_880afb_mappo_w128_seed1 updates 4895/6250 episodes, total num timesteps 15667200/20000000, FPS 9358.

average episode rewards is -114.28121185302734

 Scenario simple_spread Algo rmappo Exp reference_20260925T173510Z_880afb_mappo_w128_seed1 updates 4900/6250 episodes, total num timesteps 15683200/20000000, FPS 9359.

average episode rewards is -115.13175964355469
eval average episode rewards of agent: -108.88664950595944
eval success rate: 1.0

 Scenario simple_spread Algo rmappo Exp reference_20260925T173510Z_880afb_mappo_w128_seed1 updates 4905/6250 episodes, total num timesteps 15699200/20000000, FPS 9359.

average episode rewards is -114.56414794921875

 Scenario simple_spread Algo rmappo Exp reference_20260925T173510Z_880afb_mappo_w128_seed1 updates 4910/6250 episodes, total num timesteps 15715200/20000000, FPS 9359.

average episode rewards is -111.30367279052734

 Scenario simple_spread Algo rmappo Exp reference_20260925T173510Z_880afb_mappo_w128_seed1 updates 4915/6250 episodes, total num timesteps 15731200/20000000, FPS 9359.

average episode rewards is -114.83414459228516

 Scenario simple_spread Algo rmappo Exp reference_20260925T173510Z_880afb_mappo_w128_seed1 updates 4920/6250 episodes, total num timesteps 15747200/20000000, FPS 9359.

average episode rewards is -111.40643310546875

 Scenario simple_spread Algo rmappo Exp reference_20260925T173510Z_880afb_mappo_w128_seed1 updates 4925/6250 episodes, total num timesteps 15763200/20000000, FPS 9359.

average episode rewards is -110.40668487548828
eval average episode rewards of agent: -113.79846632090651
eval success rate: 0.95

 Scenario simple_spread Algo rmappo Exp reference_20260925T173510Z_880afb_mappo_w128_seed1 updates 4930/6250 episodes, total num timesteps 15779200/20000000, FPS 9359.

average episode rewards is -114.02925109863281

 Scenario simple_spread Algo rmappo Exp reference_20260925T173510Z_880afb_mappo_w128_seed1 updates 4935/6250 episodes, total num timesteps 15795200/20000000, FPS 9359.

average episode rewards is -111.59290313720703

 Scenario simple_spread Algo rmappo Exp reference_20260925T173510Z_880afb_mappo_w128_seed1 updates 4940/6250 episodes, total num timesteps 15811200/20000000, FPS 9359.

average episode rewards is -111.90919494628906

 Scenario simple_spread Algo rmappo Exp reference_20260925T173510Z_880afb_mappo_w128_seed1 updates 4945/6250 episodes, total num timesteps 15827200/20000000, FPS 9359.

average episode rewards is -110.6965560913086

 Scenario simple_spread Algo rmappo Exp reference_20260925T173510Z_880afb_mappo_w128_seed1 updates 4950/6250 episodes, total num timesteps 15843200/20000000, FPS 9359.

average episode rewards is -112.72543334960938
eval average episode rewards of agent: -117.43389294685097
eval success rate: 0.95

 Scenario simple_spread Algo rmappo Exp reference_20260925T173510Z_880afb_mappo_w128_seed1 updates 4955/6250 episodes, total num timesteps 15859200/20000000, FPS 9359.

average episode rewards is -112.56828308105469

 Scenario simple_spread Algo rmappo Exp reference_20260925T173510Z_880afb_mappo_w128_seed1 updates 4960/6250 episodes, total num timesteps 15875200/20000000, FPS 9359.

average episode rewards is -109.73763275146484

 Scenario simple_spread Algo rmappo Exp reference_20260925T173510Z_880afb_mappo_w128_seed1 updates 4965/6250 episodes, total num timesteps 15891200/20000000, FPS 9359.

average episode rewards is -113.128173828125

 Scenario simple_spread Algo rmappo Exp reference_20260925T173510Z_880afb_mappo_w128_seed1 updates 4970/6250 episodes, total num timesteps 15907200/20000000, FPS 9359.

average episode rewards is -115.1770248413086

 Scenario simple_spread Algo rmappo Exp reference_20260925T173510Z_880afb_mappo_w128_seed1 updates 4975/6250 episodes, total num timesteps 15923200/20000000, FPS 9359.

average episode rewards is -113.3398208618164
eval average episode rewards of agent: -110.25759996481602
eval success rate: 0.85

 Scenario simple_spread Algo rmappo Exp reference_20260925T173510Z_880afb_mappo_w128_seed1 updates 4980/6250 episodes, total num timesteps 15939200/20000000, FPS 9359.

average episode rewards is -113.51468658447266

 Scenario simple_spread Algo rmappo Exp reference_20260925T173510Z_880afb_mappo_w128_seed1 updates 4985/6250 episodes, total num timesteps 15955200/20000000, FPS 9359.

average episode rewards is -112.17726135253906

 Scenario simple_spread Algo rmappo Exp reference_20260925T173510Z_880afb_mappo_w128_seed1 updates 4990/6250 episodes, total num timesteps 15971200/20000000, FPS 9359.

average episode rewards is -113.2210693359375

 Scenario simple_spread Algo rmappo Exp reference_20260925T173510Z_880afb_mappo_w128_seed1 updates 4995/6250 episodes, total num timesteps 15987200/20000000, FPS 9360.

average episode rewards is -112.82645416259766

 Scenario simple_spread Algo rmappo Exp reference_20260925T173510Z_880afb_mappo_w128_seed1 updates 5000/6250 episodes, total num timesteps 16003200/20000000, FPS 9360.

average episode rewards is -110.7360610961914
eval average episode rewards of agent: -108.2133791099387
eval success rate: 1.0

 Scenario simple_spread Algo rmappo Exp reference_20260925T173510Z_880afb_mappo_w128_seed1 updates 5005/6250 episodes, total num timesteps 16019200/20000000, FPS 9359.

average episode rewards is -114.10567474365234

 Scenario simple_spread Algo rmappo Exp reference_20260925T173510Z_880afb_mappo_w128_seed1 updates 5010/6250 episodes, total num timesteps 16035200/20000000, FPS 9360.

average episode rewards is -112.072265625

 Scenario simple_spread Algo rmappo Exp reference_20260925T173510Z_880afb_mappo_w128_seed1 updates 5015/6250 episodes, total num timesteps 16051200/20000000, FPS 9359.

average episode rewards is -111.5311508178711

 Scenario simple_spread Algo rmappo Exp reference_20260925T173510Z_880afb_mappo_w128_seed1 updates 5020/6250 episodes, total num timesteps 16067200/20000000, FPS 9359.

average episode rewards is -113.66759490966797

 Scenario simple_spread Algo rmappo Exp reference_20260925T173510Z_880afb_mappo_w128_seed1 updates 5025/6250 episodes, total num timesteps 16083200/20000000, FPS 9359.

average episode rewards is -111.5896224975586
eval average episode rewards of agent: -109.61211076519886
eval success rate: 0.85

 Scenario simple_spread Algo rmappo Exp reference_20260925T173510Z_880afb_mappo_w128_seed1 updates 5030/6250 episodes, total num timesteps 16099200/20000000, FPS 9359.

average episode rewards is -111.47953033447266

 Scenario simple_spread Algo rmappo Exp reference_20260925T173510Z_880afb_mappo_w128_seed1 updates 5035/6250 episodes, total num timesteps 16115200/20000000, FPS 9359.

average episode rewards is -113.26158905029297

 Scenario simple_spread Algo rmappo Exp reference_20260925T173510Z_880afb_mappo_w128_seed1 updates 5040/6250 episodes, total num timesteps 16131200/20000000, FPS 9359.

average episode rewards is -114.33161163330078

 Scenario simple_spread Algo rmappo Exp reference_20260925T173510Z_880afb_mappo_w128_seed1 updates 5045/6250 episodes, total num timesteps 16147200/20000000, FPS 9359.

average episode rewards is -112.45015716552734

 Scenario simple_spread Algo rmappo Exp reference_20260925T173510Z_880afb_mappo_w128_seed1 updates 5050/6250 episodes, total num timesteps 16163200/20000000, FPS 9359.

average episode rewards is -113.33975982666016
eval average episode rewards of agent: -118.75962417597113
eval success rate: 0.85

 Scenario simple_spread Algo rmappo Exp reference_20260925T173510Z_880afb_mappo_w128_seed1 updates 5055/6250 episodes, total num timesteps 16179200/20000000, FPS 9359.

average episode rewards is -110.36151885986328

 Scenario simple_spread Algo rmappo Exp reference_20260925T173510Z_880afb_mappo_w128_seed1 updates 5060/6250 episodes, total num timesteps 16195200/20000000, FPS 9360.

average episode rewards is -113.10066986083984

 Scenario simple_spread Algo rmappo Exp reference_20260925T173510Z_880afb_mappo_w128_seed1 updates 5065/6250 episodes, total num timesteps 16211200/20000000, FPS 9360.

average episode rewards is -112.73640441894531

 Scenario simple_spread Algo rmappo Exp reference_20260925T173510Z_880afb_mappo_w128_seed1 updates 5070/6250 episodes, total num timesteps 16227200/20000000, FPS 9360.

average episode rewards is -114.82940673828125

 Scenario simple_spread Algo rmappo Exp reference_20260925T173510Z_880afb_mappo_w128_seed1 updates 5075/6250 episodes, total num timesteps 16243200/20000000, FPS 9359.

average episode rewards is -114.40099334716797
eval average episode rewards of agent: -115.05892145693731
eval success rate: 0.9

 Scenario simple_spread Algo rmappo Exp reference_20260925T173510Z_880afb_mappo_w128_seed1 updates 5080/6250 episodes, total num timesteps 16259200/20000000, FPS 9359.

average episode rewards is -112.97781372070312

 Scenario simple_spread Algo rmappo Exp reference_20260925T173510Z_880afb_mappo_w128_seed1 updates 5085/6250 episodes, total num timesteps 16275200/20000000, FPS 9359.

average episode rewards is -112.13923645019531

 Scenario simple_spread Algo rmappo Exp reference_20260925T173510Z_880afb_mappo_w128_seed1 updates 5090/6250 episodes, total num timesteps 16291200/20000000, FPS 9359.

average episode rewards is -113.90965270996094

 Scenario simple_spread Algo rmappo Exp reference_20260925T173510Z_880afb_mappo_w128_seed1 updates 5095/6250 episodes, total num timesteps 16307200/20000000, FPS 9359.

average episode rewards is -114.97624206542969

 Scenario simple_spread Algo rmappo Exp reference_20260925T173510Z_880afb_mappo_w128_seed1 updates 5100/6250 episodes, total num timesteps 16323200/20000000, FPS 9359.

average episode rewards is -112.52007293701172
eval average episode rewards of agent: -111.68656564315238
eval success rate: 0.95

 Scenario simple_spread Algo rmappo Exp reference_20260925T173510Z_880afb_mappo_w128_seed1 updates 5105/6250 episodes, total num timesteps 16339200/20000000, FPS 9359.

average episode rewards is -112.5014877319336

 Scenario simple_spread Algo rmappo Exp reference_20260925T173510Z_880afb_mappo_w128_seed1 updates 5110/6250 episodes, total num timesteps 16355200/20000000, FPS 9359.

average episode rewards is -112.68818664550781

 Scenario simple_spread Algo rmappo Exp reference_20260925T173510Z_880afb_mappo_w128_seed1 updates 5115/6250 episodes, total num timesteps 16371200/20000000, FPS 9359.

average episode rewards is -114.48311614990234

 Scenario simple_spread Algo rmappo Exp reference_20260925T173510Z_880afb_mappo_w128_seed1 updates 5120/6250 episodes, total num timesteps 16387200/20000000, FPS 9359.

average episode rewards is -115.6183090209961

 Scenario simple_spread Algo rmappo Exp reference_20260925T173510Z_880afb_mappo_w128_seed1 updates 5125/6250 episodes, total num timesteps 16403200/20000000, FPS 9359.

average episode rewards is -111.34918975830078
eval average episode rewards of agent: -114.38357264990124
eval success rate: 1.0

 Scenario simple_spread Algo rmappo Exp reference_20260925T173510Z_880afb_mappo_w128_seed1 updates 5130/6250 episodes, total num timesteps 16419200/20000000, FPS 9359.

average episode rewards is -113.09867095947266

 Scenario simple_spread Algo rmappo Exp reference_20260925T173510Z_880afb_mappo_w128_seed1 updates 5135/6250 episodes, total num timesteps 16435200/20000000, FPS 9359.

average episode rewards is -113.96453094482422

 Scenario simple_spread Algo rmappo Exp reference_20260925T173510Z_880afb_mappo_w128_seed1 updates 5140/6250 episodes, total num timesteps 16451200/20000000, FPS 9359.

average episode rewards is -111.36554718017578

 Scenario simple_spread Algo rmappo Exp reference_20260925T173510Z_880afb_mappo_w128_seed1 updates 5145/6250 episodes, total num timesteps 16467200/20000000, FPS 9359.

average episode rewards is -110.85598754882812

 Scenario simple_spread Algo rmappo Exp reference_20260925T173510Z_880afb_mappo_w128_seed1 updates 5150/6250 episodes, total num timesteps 16483200/20000000, FPS 9359.

average episode rewards is -112.8136978149414
eval average episode rewards of agent: -111.13898024441826
eval success rate: 1.0

 Scenario simple_spread Algo rmappo Exp reference_20260925T173510Z_880afb_mappo_w128_seed1 updates 5155/6250 episodes, total num timesteps 16499200/20000000, FPS 9359.

average episode rewards is -115.24665069580078

 Scenario simple_spread Algo rmappo Exp reference_20260925T173510Z_880afb_mappo_w128_seed1 updates 5160/6250 episodes, total num timesteps 16515200/20000000, FPS 9359.

average episode rewards is -113.56644439697266

 Scenario simple_spread Algo rmappo Exp reference_20260925T173510Z_880afb_mappo_w128_seed1 updates 5165/6250 episodes, total num timesteps 16531200/20000000, FPS 9359.

average episode rewards is -113.83171081542969

 Scenario simple_spread Algo rmappo Exp reference_20260925T173510Z_880afb_mappo_w128_seed1 updates 5170/6250 episodes, total num timesteps 16547200/20000000, FPS 9359.

average episode rewards is -115.21392059326172

 Scenario simple_spread Algo rmappo Exp reference_20260925T173510Z_880afb_mappo_w128_seed1 updates 5175/6250 episodes, total num timesteps 16563200/20000000, FPS 9359.

average episode rewards is -111.65789031982422
eval average episode rewards of agent: -113.47748595766461
eval success rate: 1.0

 Scenario simple_spread Algo rmappo Exp reference_20260925T173510Z_880afb_mappo_w128_seed1 updates 5180/6250 episodes, total num timesteps 16579200/20000000, FPS 9359.

average episode rewards is -112.57779693603516

 Scenario simple_spread Algo rmappo Exp reference_20260925T173510Z_880afb_mappo_w128_seed1 updates 5185/6250 episodes, total num timesteps 16595200/20000000, FPS 9359.

average episode rewards is -113.52017211914062

 Scenario simple_spread Algo rmappo Exp reference_20260925T173510Z_880afb_mappo_w128_seed1 updates 5190/6250 episodes, total num timesteps 16611200/20000000, FPS 9359.

average episode rewards is -114.12752532958984

 Scenario simple_spread Algo rmappo Exp reference_20260925T173510Z_880afb_mappo_w128_seed1 updates 5195/6250 episodes, total num timesteps 16627200/20000000, FPS 9359.

average episode rewards is -112.9312973022461

 Scenario simple_spread Algo rmappo Exp reference_20260925T173510Z_880afb_mappo_w128_seed1 updates 5200/6250 episodes, total num timesteps 16643200/20000000, FPS 9359.

average episode rewards is -113.7680892944336
eval average episode rewards of agent: -114.03536790477912
eval success rate: 0.9

 Scenario simple_spread Algo rmappo Exp reference_20260925T173510Z_880afb_mappo_w128_seed1 updates 5205/6250 episodes, total num timesteps 16659200/20000000, FPS 9359.

average episode rewards is -113.84737396240234

 Scenario simple_spread Algo rmappo Exp reference_20260925T173510Z_880afb_mappo_w128_seed1 updates 5210/6250 episodes, total num timesteps 16675200/20000000, FPS 9359.

average episode rewards is -114.4342269897461

 Scenario simple_spread Algo rmappo Exp reference_20260925T173510Z_880afb_mappo_w128_seed1 updates 5215/6250 episodes, total num timesteps 16691200/20000000, FPS 9359.

average episode rewards is -113.93441009521484

 Scenario simple_spread Algo rmappo Exp reference_20260925T173510Z_880afb_mappo_w128_seed1 updates 5220/6250 episodes, total num timesteps 16707200/20000000, FPS 9360.

average episode rewards is -112.25191497802734

 Scenario simple_spread Algo rmappo Exp reference_20260925T173510Z_880afb_mappo_w128_seed1 updates 5225/6250 episodes, total num timesteps 16723200/20000000, FPS 9360.

average episode rewards is -112.58377838134766
eval average episode rewards of agent: -116.4529105600809
eval success rate: 1.0

 Scenario simple_spread Algo rmappo Exp reference_20260925T173510Z_880afb_mappo_w128_seed1 updates 5230/6250 episodes, total num timesteps 16739200/20000000, FPS 9359.

average episode rewards is -112.604736328125

 Scenario simple_spread Algo rmappo Exp reference_20260925T173510Z_880afb_mappo_w128_seed1 updates 5235/6250 episodes, total num timesteps 16755200/20000000, FPS 9359.

average episode rewards is -114.08642578125

 Scenario simple_spread Algo rmappo Exp reference_20260925T173510Z_880afb_mappo_w128_seed1 updates 5240/6250 episodes, total num timesteps 16771200/20000000, FPS 9360.

average episode rewards is -112.18526458740234

 Scenario simple_spread Algo rmappo Exp reference_20260925T173510Z_880afb_mappo_w128_seed1 updates 5245/6250 episodes, total num timesteps 16787200/20000000, FPS 9360.

average episode rewards is -114.02535247802734

 Scenario simple_spread Algo rmappo Exp reference_20260925T173510Z_880afb_mappo_w128_seed1 updates 5250/6250 episodes, total num timesteps 16803200/20000000, FPS 9360.

average episode rewards is -112.2853012084961
eval average episode rewards of agent: -109.99321347596006
eval success rate: 0.9

 Scenario simple_spread Algo rmappo Exp reference_20260925T173510Z_880afb_mappo_w128_seed1 updates 5255/6250 episodes, total num timesteps 16819200/20000000, FPS 9359.

average episode rewards is -112.93082427978516

 Scenario simple_spread Algo rmappo Exp reference_20260925T173510Z_880afb_mappo_w128_seed1 updates 5260/6250 episodes, total num timesteps 16835200/20000000, FPS 9359.

average episode rewards is -112.84769439697266

 Scenario simple_spread Algo rmappo Exp reference_20260925T173510Z_880afb_mappo_w128_seed1 updates 5265/6250 episodes, total num timesteps 16851200/20000000, FPS 9360.

average episode rewards is -112.58966827392578

 Scenario simple_spread Algo rmappo Exp reference_20260925T173510Z_880afb_mappo_w128_seed1 updates 5270/6250 episodes, total num timesteps 16867200/20000000, FPS 9360.

average episode rewards is -113.2465591430664

 Scenario simple_spread Algo rmappo Exp reference_20260925T173510Z_880afb_mappo_w128_seed1 updates 5275/6250 episodes, total num timesteps 16883200/20000000, FPS 9360.

average episode rewards is -112.68011474609375
eval average episode rewards of agent: -116.72622178218964
eval success rate: 0.95

 Scenario simple_spread Algo rmappo Exp reference_20260925T173510Z_880afb_mappo_w128_seed1 updates 5280/6250 episodes, total num timesteps 16899200/20000000, FPS 9360.

average episode rewards is -115.14413452148438

 Scenario simple_spread Algo rmappo Exp reference_20260925T173510Z_880afb_mappo_w128_seed1 updates 5285/6250 episodes, total num timesteps 16915200/20000000, FPS 9360.

average episode rewards is -112.53132629394531

 Scenario simple_spread Algo rmappo Exp reference_20260925T173510Z_880afb_mappo_w128_seed1 updates 5290/6250 episodes, total num timesteps 16931200/20000000, FPS 9360.

average episode rewards is -114.41583251953125

 Scenario simple_spread Algo rmappo Exp reference_20260925T173510Z_880afb_mappo_w128_seed1 updates 5295/6250 episodes, total num timesteps 16947200/20000000, FPS 9360.

average episode rewards is -112.66627502441406

 Scenario simple_spread Algo rmappo Exp reference_20260925T173510Z_880afb_mappo_w128_seed1 updates 5300/6250 episodes, total num timesteps 16963200/20000000, FPS 9360.

average episode rewards is -112.68206787109375
eval average episode rewards of agent: -118.75700680721108
eval success rate: 0.95

 Scenario simple_spread Algo rmappo Exp reference_20260925T173510Z_880afb_mappo_w128_seed1 updates 5305/6250 episodes, total num timesteps 16979200/20000000, FPS 9360.

average episode rewards is -113.15431213378906

 Scenario simple_spread Algo rmappo Exp reference_20260925T173510Z_880afb_mappo_w128_seed1 updates 5310/6250 episodes, total num timesteps 16995200/20000000, FPS 9360.

average episode rewards is -114.15070343017578

 Scenario simple_spread Algo rmappo Exp reference_20260925T173510Z_880afb_mappo_w128_seed1 updates 5315/6250 episodes, total num timesteps 17011200/20000000, FPS 9359.

average episode rewards is -113.64222717285156

 Scenario simple_spread Algo rmappo Exp reference_20260925T173510Z_880afb_mappo_w128_seed1 updates 5320/6250 episodes, total num timesteps 17027200/20000000, FPS 9359.

average episode rewards is -112.5285415649414

 Scenario simple_spread Algo rmappo Exp reference_20260925T173510Z_880afb_mappo_w128_seed1 updates 5325/6250 episodes, total num timesteps 17043200/20000000, FPS 9360.

average episode rewards is -114.9474868774414
eval average episode rewards of agent: -111.8156284988656
eval success rate: 0.9

 Scenario simple_spread Algo rmappo Exp reference_20260925T173510Z_880afb_mappo_w128_seed1 updates 5330/6250 episodes, total num timesteps 17059200/20000000, FPS 9360.

average episode rewards is -113.87406921386719

 Scenario simple_spread Algo rmappo Exp reference_20260925T173510Z_880afb_mappo_w128_seed1 updates 5335/6250 episodes, total num timesteps 17075200/20000000, FPS 9360.

average episode rewards is -114.11365509033203

 Scenario simple_spread Algo rmappo Exp reference_20260925T173510Z_880afb_mappo_w128_seed1 updates 5340/6250 episodes, total num timesteps 17091200/20000000, FPS 9360.

average episode rewards is -114.14209747314453

 Scenario simple_spread Algo rmappo Exp reference_20260925T173510Z_880afb_mappo_w128_seed1 updates 5345/6250 episodes, total num timesteps 17107200/20000000, FPS 9360.

average episode rewards is -110.22016906738281

 Scenario simple_spread Algo rmappo Exp reference_20260925T173510Z_880afb_mappo_w128_seed1 updates 5350/6250 episodes, total num timesteps 17123200/20000000, FPS 9360.

average episode rewards is -112.4674301147461
eval average episode rewards of agent: -113.15482339836485
eval success rate: 0.8

 Scenario simple_spread Algo rmappo Exp reference_20260925T173510Z_880afb_mappo_w128_seed1 updates 5355/6250 episodes, total num timesteps 17139200/20000000, FPS 9360.

average episode rewards is -112.56742858886719

 Scenario simple_spread Algo rmappo Exp reference_20260925T173510Z_880afb_mappo_w128_seed1 updates 5360/6250 episodes, total num timesteps 17155200/20000000, FPS 9360.

average episode rewards is -114.40564727783203

 Scenario simple_spread Algo rmappo Exp reference_20260925T173510Z_880afb_mappo_w128_seed1 updates 5365/6250 episodes, total num timesteps 17171200/20000000, FPS 9360.

average episode rewards is -114.02178955078125

 Scenario simple_spread Algo rmappo Exp reference_20260925T173510Z_880afb_mappo_w128_seed1 updates 5370/6250 episodes, total num timesteps 17187200/20000000, FPS 9360.

average episode rewards is -114.06436920166016

 Scenario simple_spread Algo rmappo Exp reference_20260925T173510Z_880afb_mappo_w128_seed1 updates 5375/6250 episodes, total num timesteps 17203200/20000000, FPS 9360.

average episode rewards is -115.08106231689453
eval average episode rewards of agent: -107.16950416098248
eval success rate: 0.95

 Scenario simple_spread Algo rmappo Exp reference_20260925T173510Z_880afb_mappo_w128_seed1 updates 5380/6250 episodes, total num timesteps 17219200/20000000, FPS 9359.

average episode rewards is -113.0508041381836

 Scenario simple_spread Algo rmappo Exp reference_20260925T173510Z_880afb_mappo_w128_seed1 updates 5385/6250 episodes, total num timesteps 17235200/20000000, FPS 9360.

average episode rewards is -112.18632507324219

 Scenario simple_spread Algo rmappo Exp reference_20260925T173510Z_880afb_mappo_w128_seed1 updates 5390/6250 episodes, total num timesteps 17251200/20000000, FPS 9360.

average episode rewards is -112.74098205566406

 Scenario simple_spread Algo rmappo Exp reference_20260925T173510Z_880afb_mappo_w128_seed1 updates 5395/6250 episodes, total num timesteps 17267200/20000000, FPS 9360.

average episode rewards is -114.29850769042969

 Scenario simple_spread Algo rmappo Exp reference_20260925T173510Z_880afb_mappo_w128_seed1 updates 5400/6250 episodes, total num timesteps 17283200/20000000, FPS 9360.

average episode rewards is -114.09465026855469
eval average episode rewards of agent: -117.90093401461029
eval success rate: 0.85

 Scenario simple_spread Algo rmappo Exp reference_20260925T173510Z_880afb_mappo_w128_seed1 updates 5405/6250 episodes, total num timesteps 17299200/20000000, FPS 9360.

average episode rewards is -113.28182220458984

 Scenario simple_spread Algo rmappo Exp reference_20260925T173510Z_880afb_mappo_w128_seed1 updates 5410/6250 episodes, total num timesteps 17315200/20000000, FPS 9360.

average episode rewards is -112.714111328125

 Scenario simple_spread Algo rmappo Exp reference_20260925T173510Z_880afb_mappo_w128_seed1 updates 5415/6250 episodes, total num timesteps 17331200/20000000, FPS 9360.

average episode rewards is -112.09748840332031

 Scenario simple_spread Algo rmappo Exp reference_20260925T173510Z_880afb_mappo_w128_seed1 updates 5420/6250 episodes, total num timesteps 17347200/20000000, FPS 9360.

average episode rewards is -113.45280456542969

 Scenario simple_spread Algo rmappo Exp reference_20260925T173510Z_880afb_mappo_w128_seed1 updates 5425/6250 episodes, total num timesteps 17363200/20000000, FPS 9360.

average episode rewards is -111.6800308227539
eval average episode rewards of agent: -118.34130462400131
eval success rate: 0.85

 Scenario simple_spread Algo rmappo Exp reference_20260925T173510Z_880afb_mappo_w128_seed1 updates 5430/6250 episodes, total num timesteps 17379200/20000000, FPS 9360.

average episode rewards is -112.38473510742188

 Scenario simple_spread Algo rmappo Exp reference_20260925T173510Z_880afb_mappo_w128_seed1 updates 5435/6250 episodes, total num timesteps 17395200/20000000, FPS 9359.

average episode rewards is -112.74429321289062

 Scenario simple_spread Algo rmappo Exp reference_20260925T173510Z_880afb_mappo_w128_seed1 updates 5440/6250 episodes, total num timesteps 17411200/20000000, FPS 9360.

average episode rewards is -113.40304565429688

 Scenario simple_spread Algo rmappo Exp reference_20260925T173510Z_880afb_mappo_w128_seed1 updates 5445/6250 episodes, total num timesteps 17427200/20000000, FPS 9360.

average episode rewards is -113.78739166259766

 Scenario simple_spread Algo rmappo Exp reference_20260925T173510Z_880afb_mappo_w128_seed1 updates 5450/6250 episodes, total num timesteps 17443200/20000000, FPS 9360.

average episode rewards is -113.07205963134766
eval average episode rewards of agent: -108.97700227383247
eval success rate: 0.85

 Scenario simple_spread Algo rmappo Exp reference_20260925T173510Z_880afb_mappo_w128_seed1 updates 5455/6250 episodes, total num timesteps 17459200/20000000, FPS 9360.

average episode rewards is -113.3179931640625

 Scenario simple_spread Algo rmappo Exp reference_20260925T173510Z_880afb_mappo_w128_seed1 updates 5460/6250 episodes, total num timesteps 17475200/20000000, FPS 9360.

average episode rewards is -113.00953674316406

 Scenario simple_spread Algo rmappo Exp reference_20260925T173510Z_880afb_mappo_w128_seed1 updates 5465/6250 episodes, total num timesteps 17491200/20000000, FPS 9360.

average episode rewards is -113.26170349121094

 Scenario simple_spread Algo rmappo Exp reference_20260925T173510Z_880afb_mappo_w128_seed1 updates 5470/6250 episodes, total num timesteps 17507200/20000000, FPS 9360.

average episode rewards is -113.21920013427734

 Scenario simple_spread Algo rmappo Exp reference_20260925T173510Z_880afb_mappo_w128_seed1 updates 5475/6250 episodes, total num timesteps 17523200/20000000, FPS 9360.

average episode rewards is -114.91548156738281
eval average episode rewards of agent: -117.10126823139571
eval success rate: 0.9

 Scenario simple_spread Algo rmappo Exp reference_20260925T173510Z_880afb_mappo_w128_seed1 updates 5480/6250 episodes, total num timesteps 17539200/20000000, FPS 9360.

average episode rewards is -114.03832244873047

 Scenario simple_spread Algo rmappo Exp reference_20260925T173510Z_880afb_mappo_w128_seed1 updates 5485/6250 episodes, total num timesteps 17555200/20000000, FPS 9360.

average episode rewards is -114.80596923828125

 Scenario simple_spread Algo rmappo Exp reference_20260925T173510Z_880afb_mappo_w128_seed1 updates 5490/6250 episodes, total num timesteps 17571200/20000000, FPS 9360.

average episode rewards is -113.34207916259766

 Scenario simple_spread Algo rmappo Exp reference_20260925T173510Z_880afb_mappo_w128_seed1 updates 5495/6250 episodes, total num timesteps 17587200/20000000, FPS 9360.

average episode rewards is -113.30401611328125

 Scenario simple_spread Algo rmappo Exp reference_20260925T173510Z_880afb_mappo_w128_seed1 updates 5500/6250 episodes, total num timesteps 17603200/20000000, FPS 9360.

average episode rewards is -113.432373046875
eval average episode rewards of agent: -112.2851789553179
eval success rate: 0.9

 Scenario simple_spread Algo rmappo Exp reference_20260925T173510Z_880afb_mappo_w128_seed1 updates 5505/6250 episodes, total num timesteps 17619200/20000000, FPS 9360.

average episode rewards is -115.04341125488281

 Scenario simple_spread Algo rmappo Exp reference_20260925T173510Z_880afb_mappo_w128_seed1 updates 5510/6250 episodes, total num timesteps 17635200/20000000, FPS 9359.

average episode rewards is -112.6749038696289

 Scenario simple_spread Algo rmappo Exp reference_20260925T173510Z_880afb_mappo_w128_seed1 updates 5515/6250 episodes, total num timesteps 17651200/20000000, FPS 9360.

average episode rewards is -109.82836151123047

 Scenario simple_spread Algo rmappo Exp reference_20260925T173510Z_880afb_mappo_w128_seed1 updates 5520/6250 episodes, total num timesteps 17667200/20000000, FPS 9360.

average episode rewards is -112.71295166015625

 Scenario simple_spread Algo rmappo Exp reference_20260925T173510Z_880afb_mappo_w128_seed1 updates 5525/6250 episodes, total num timesteps 17683200/20000000, FPS 9360.

average episode rewards is -113.84834289550781
eval average episode rewards of agent: -110.46515725912631
eval success rate: 0.95

 Scenario simple_spread Algo rmappo Exp reference_20260925T173510Z_880afb_mappo_w128_seed1 updates 5530/6250 episodes, total num timesteps 17699200/20000000, FPS 9360.

average episode rewards is -113.41361999511719

 Scenario simple_spread Algo rmappo Exp reference_20260925T173510Z_880afb_mappo_w128_seed1 updates 5535/6250 episodes, total num timesteps 17715200/20000000, FPS 9360.

average episode rewards is -112.7009048461914

 Scenario simple_spread Algo rmappo Exp reference_20260925T173510Z_880afb_mappo_w128_seed1 updates 5540/6250 episodes, total num timesteps 17731200/20000000, FPS 9360.

average episode rewards is -111.42457580566406

 Scenario simple_spread Algo rmappo Exp reference_20260925T173510Z_880afb_mappo_w128_seed1 updates 5545/6250 episodes, total num timesteps 17747200/20000000, FPS 9360.

average episode rewards is -114.12366485595703

 Scenario simple_spread Algo rmappo Exp reference_20260925T173510Z_880afb_mappo_w128_seed1 updates 5550/6250 episodes, total num timesteps 17763200/20000000, FPS 9360.

average episode rewards is -113.84142303466797
eval average episode rewards of agent: -110.26977106836321
eval success rate: 0.95

 Scenario simple_spread Algo rmappo Exp reference_20260925T173510Z_880afb_mappo_w128_seed1 updates 5555/6250 episodes, total num timesteps 17779200/20000000, FPS 9360.

average episode rewards is -112.35008239746094

 Scenario simple_spread Algo rmappo Exp reference_20260925T173510Z_880afb_mappo_w128_seed1 updates 5560/6250 episodes, total num timesteps 17795200/20000000, FPS 9360.

average episode rewards is -112.38358306884766

 Scenario simple_spread Algo rmappo Exp reference_20260925T173510Z_880afb_mappo_w128_seed1 updates 5565/6250 episodes, total num timesteps 17811200/20000000, FPS 9360.

average episode rewards is -115.30485534667969

 Scenario simple_spread Algo rmappo Exp reference_20260925T173510Z_880afb_mappo_w128_seed1 updates 5570/6250 episodes, total num timesteps 17827200/20000000, FPS 9360.

average episode rewards is -114.20603942871094

 Scenario simple_spread Algo rmappo Exp reference_20260925T173510Z_880afb_mappo_w128_seed1 updates 5575/6250 episodes, total num timesteps 17843200/20000000, FPS 9360.

average episode rewards is -114.2348403930664
eval average episode rewards of agent: -109.51661397412103
eval success rate: 1.0

 Scenario simple_spread Algo rmappo Exp reference_20260925T173510Z_880afb_mappo_w128_seed1 updates 5580/6250 episodes, total num timesteps 17859200/20000000, FPS 9360.

average episode rewards is -113.44267272949219

 Scenario simple_spread Algo rmappo Exp reference_20260925T173510Z_880afb_mappo_w128_seed1 updates 5585/6250 episodes, total num timesteps 17875200/20000000, FPS 9360.

average episode rewards is -112.24112701416016

 Scenario simple_spread Algo rmappo Exp reference_20260925T173510Z_880afb_mappo_w128_seed1 updates 5590/6250 episodes, total num timesteps 17891200/20000000, FPS 9360.

average episode rewards is -112.30549621582031

 Scenario simple_spread Algo rmappo Exp reference_20260925T173510Z_880afb_mappo_w128_seed1 updates 5595/6250 episodes, total num timesteps 17907200/20000000, FPS 9360.

average episode rewards is -112.47724151611328

 Scenario simple_spread Algo rmappo Exp reference_20260925T173510Z_880afb_mappo_w128_seed1 updates 5600/6250 episodes, total num timesteps 17923200/20000000, FPS 9360.

average episode rewards is -110.38217163085938
eval average episode rewards of agent: -109.26528927724894
eval success rate: 0.85

 Scenario simple_spread Algo rmappo Exp reference_20260925T173510Z_880afb_mappo_w128_seed1 updates 5605/6250 episodes, total num timesteps 17939200/20000000, FPS 9360.

average episode rewards is -112.11976623535156

 Scenario simple_spread Algo rmappo Exp reference_20260925T173510Z_880afb_mappo_w128_seed1 updates 5610/6250 episodes, total num timesteps 17955200/20000000, FPS 9360.

average episode rewards is -112.66061401367188

 Scenario simple_spread Algo rmappo Exp reference_20260925T173510Z_880afb_mappo_w128_seed1 updates 5615/6250 episodes, total num timesteps 17971200/20000000, FPS 9360.

average episode rewards is -111.30900573730469

 Scenario simple_spread Algo rmappo Exp reference_20260925T173510Z_880afb_mappo_w128_seed1 updates 5620/6250 episodes, total num timesteps 17987200/20000000, FPS 9360.

average episode rewards is -112.04085540771484

 Scenario simple_spread Algo rmappo Exp reference_20260925T173510Z_880afb_mappo_w128_seed1 updates 5625/6250 episodes, total num timesteps 18003200/20000000, FPS 9360.

average episode rewards is -113.71305847167969
eval average episode rewards of agent: -109.74227879552755
eval success rate: 0.95

 Scenario simple_spread Algo rmappo Exp reference_20260925T173510Z_880afb_mappo_w128_seed1 updates 5630/6250 episodes, total num timesteps 18019200/20000000, FPS 9360.

average episode rewards is -113.08331298828125

 Scenario simple_spread Algo rmappo Exp reference_20260925T173510Z_880afb_mappo_w128_seed1 updates 5635/6250 episodes, total num timesteps 18035200/20000000, FPS 9360.

average episode rewards is -112.55085754394531

 Scenario simple_spread Algo rmappo Exp reference_20260925T173510Z_880afb_mappo_w128_seed1 updates 5640/6250 episodes, total num timesteps 18051200/20000000, FPS 9360.

average episode rewards is -111.00609588623047

 Scenario simple_spread Algo rmappo Exp reference_20260925T173510Z_880afb_mappo_w128_seed1 updates 5645/6250 episodes, total num timesteps 18067200/20000000, FPS 9360.

average episode rewards is -112.37127685546875

 Scenario simple_spread Algo rmappo Exp reference_20260925T173510Z_880afb_mappo_w128_seed1 updates 5650/6250 episodes, total num timesteps 18083200/20000000, FPS 9360.

average episode rewards is -111.55868530273438
eval average episode rewards of agent: -113.02656085991136
eval success rate: 1.0

 Scenario simple_spread Algo rmappo Exp reference_20260925T173510Z_880afb_mappo_w128_seed1 updates 5655/6250 episodes, total num timesteps 18099200/20000000, FPS 9360.

average episode rewards is -112.0864028930664

 Scenario simple_spread Algo rmappo Exp reference_20260925T173510Z_880afb_mappo_w128_seed1 updates 5660/6250 episodes, total num timesteps 18115200/20000000, FPS 9360.

average episode rewards is -112.50633239746094

 Scenario simple_spread Algo rmappo Exp reference_20260925T173510Z_880afb_mappo_w128_seed1 updates 5665/6250 episodes, total num timesteps 18131200/20000000, FPS 9360.

average episode rewards is -113.19586181640625

 Scenario simple_spread Algo rmappo Exp reference_20260925T173510Z_880afb_mappo_w128_seed1 updates 5670/6250 episodes, total num timesteps 18147200/20000000, FPS 9360.

average episode rewards is -112.49978637695312

 Scenario simple_spread Algo rmappo Exp reference_20260925T173510Z_880afb_mappo_w128_seed1 updates 5675/6250 episodes, total num timesteps 18163200/20000000, FPS 9360.

average episode rewards is -113.57595825195312
eval average episode rewards of agent: -113.75051436470653
eval success rate: 0.9

 Scenario simple_spread Algo rmappo Exp reference_20260925T173510Z_880afb_mappo_w128_seed1 updates 5680/6250 episodes, total num timesteps 18179200/20000000, FPS 9359.

average episode rewards is -112.39945983886719

 Scenario simple_spread Algo rmappo Exp reference_20260925T173510Z_880afb_mappo_w128_seed1 updates 5685/6250 episodes, total num timesteps 18195200/20000000, FPS 9360.

average episode rewards is -114.32894134521484

 Scenario simple_spread Algo rmappo Exp reference_20260925T173510Z_880afb_mappo_w128_seed1 updates 5690/6250 episodes, total num timesteps 18211200/20000000, FPS 9360.

average episode rewards is -111.4798812866211

 Scenario simple_spread Algo rmappo Exp reference_20260925T173510Z_880afb_mappo_w128_seed1 updates 5695/6250 episodes, total num timesteps 18227200/20000000, FPS 9360.

average episode rewards is -110.73943328857422

 Scenario simple_spread Algo rmappo Exp reference_20260925T173510Z_880afb_mappo_w128_seed1 updates 5700/6250 episodes, total num timesteps 18243200/20000000, FPS 9360.

average episode rewards is -113.0263442993164
eval average episode rewards of agent: -110.94143038259564
eval success rate: 0.95

 Scenario simple_spread Algo rmappo Exp reference_20260925T173510Z_880afb_mappo_w128_seed1 updates 5705/6250 episodes, total num timesteps 18259200/20000000, FPS 9360.

average episode rewards is -113.47285461425781

 Scenario simple_spread Algo rmappo Exp reference_20260925T173510Z_880afb_mappo_w128_seed1 updates 5710/6250 episodes, total num timesteps 18275200/20000000, FPS 9360.

average episode rewards is -112.59721374511719

 Scenario simple_spread Algo rmappo Exp reference_20260925T173510Z_880afb_mappo_w128_seed1 updates 5715/6250 episodes, total num timesteps 18291200/20000000, FPS 9360.

average episode rewards is -113.43565368652344

 Scenario simple_spread Algo rmappo Exp reference_20260925T173510Z_880afb_mappo_w128_seed1 updates 5720/6250 episodes, total num timesteps 18307200/20000000, FPS 9360.

average episode rewards is -114.19554138183594

 Scenario simple_spread Algo rmappo Exp reference_20260925T173510Z_880afb_mappo_w128_seed1 updates 5725/6250 episodes, total num timesteps 18323200/20000000, FPS 9360.

average episode rewards is -113.31515502929688
eval average episode rewards of agent: -113.68309875984824
eval success rate: 0.85

 Scenario simple_spread Algo rmappo Exp reference_20260925T173510Z_880afb_mappo_w128_seed1 updates 5730/6250 episodes, total num timesteps 18339200/20000000, FPS 9360.

average episode rewards is -113.48684692382812

 Scenario simple_spread Algo rmappo Exp reference_20260925T173510Z_880afb_mappo_w128_seed1 updates 5735/6250 episodes, total num timesteps 18355200/20000000, FPS 9360.

average episode rewards is -113.93312072753906

 Scenario simple_spread Algo rmappo Exp reference_20260925T173510Z_880afb_mappo_w128_seed1 updates 5740/6250 episodes, total num timesteps 18371200/20000000, FPS 9359.

average episode rewards is -111.02680206298828

 Scenario simple_spread Algo rmappo Exp reference_20260925T173510Z_880afb_mappo_w128_seed1 updates 5745/6250 episodes, total num timesteps 18387200/20000000, FPS 9359.

average episode rewards is -111.35295867919922

 Scenario simple_spread Algo rmappo Exp reference_20260925T173510Z_880afb_mappo_w128_seed1 updates 5750/6250 episodes, total num timesteps 18403200/20000000, FPS 9360.

average episode rewards is -111.18875885009766
eval average episode rewards of agent: -113.837489822121
eval success rate: 0.9

 Scenario simple_spread Algo rmappo Exp reference_20260925T173510Z_880afb_mappo_w128_seed1 updates 5755/6250 episodes, total num timesteps 18419200/20000000, FPS 9360.

average episode rewards is -112.03091430664062

 Scenario simple_spread Algo rmappo Exp reference_20260925T173510Z_880afb_mappo_w128_seed1 updates 5760/6250 episodes, total num timesteps 18435200/20000000, FPS 9360.

average episode rewards is -114.1596450805664

 Scenario simple_spread Algo rmappo Exp reference_20260925T173510Z_880afb_mappo_w128_seed1 updates 5765/6250 episodes, total num timesteps 18451200/20000000, FPS 9360.

average episode rewards is -114.30162048339844

 Scenario simple_spread Algo rmappo Exp reference_20260925T173510Z_880afb_mappo_w128_seed1 updates 5770/6250 episodes, total num timesteps 18467200/20000000, FPS 9360.

average episode rewards is -113.24518585205078

 Scenario simple_spread Algo rmappo Exp reference_20260925T173510Z_880afb_mappo_w128_seed1 updates 5775/6250 episodes, total num timesteps 18483200/20000000, FPS 9360.

average episode rewards is -111.99285888671875
eval average episode rewards of agent: -113.46760448228939
eval success rate: 0.85

 Scenario simple_spread Algo rmappo Exp reference_20260925T173510Z_880afb_mappo_w128_seed1 updates 5780/6250 episodes, total num timesteps 18499200/20000000, FPS 9360.

average episode rewards is -113.09785461425781

 Scenario simple_spread Algo rmappo Exp reference_20260925T173510Z_880afb_mappo_w128_seed1 updates 5785/6250 episodes, total num timesteps 18515200/20000000, FPS 9360.

average episode rewards is -111.34761810302734

 Scenario simple_spread Algo rmappo Exp reference_20260925T173510Z_880afb_mappo_w128_seed1 updates 5790/6250 episodes, total num timesteps 18531200/20000000, FPS 9360.

average episode rewards is -111.5146484375

 Scenario simple_spread Algo rmappo Exp reference_20260925T173510Z_880afb_mappo_w128_seed1 updates 5795/6250 episodes, total num timesteps 18547200/20000000, FPS 9360.

average episode rewards is -112.56239318847656

 Scenario simple_spread Algo rmappo Exp reference_20260925T173510Z_880afb_mappo_w128_seed1 updates 5800/6250 episodes, total num timesteps 18563200/20000000, FPS 9360.

average episode rewards is -110.79254150390625
eval average episode rewards of agent: -114.55071986382131
eval success rate: 0.95

 Scenario simple_spread Algo rmappo Exp reference_20260925T173510Z_880afb_mappo_w128_seed1 updates 5805/6250 episodes, total num timesteps 18579200/20000000, FPS 9360.

average episode rewards is -113.9460220336914

 Scenario simple_spread Algo rmappo Exp reference_20260925T173510Z_880afb_mappo_w128_seed1 updates 5810/6250 episodes, total num timesteps 18595200/20000000, FPS 9360.

average episode rewards is -111.40834045410156

 Scenario simple_spread Algo rmappo Exp reference_20260925T173510Z_880afb_mappo_w128_seed1 updates 5815/6250 episodes, total num timesteps 18611200/20000000, FPS 9360.

average episode rewards is -113.14208221435547

 Scenario simple_spread Algo rmappo Exp reference_20260925T173510Z_880afb_mappo_w128_seed1 updates 5820/6250 episodes, total num timesteps 18627200/20000000, FPS 9360.

average episode rewards is -112.97993469238281

 Scenario simple_spread Algo rmappo Exp reference_20260925T173510Z_880afb_mappo_w128_seed1 updates 5825/6250 episodes, total num timesteps 18643200/20000000, FPS 9360.

average episode rewards is -113.53504943847656
eval average episode rewards of agent: -112.35080687529161
eval success rate: 1.0

 Scenario simple_spread Algo rmappo Exp reference_20260925T173510Z_880afb_mappo_w128_seed1 updates 5830/6250 episodes, total num timesteps 18659200/20000000, FPS 9360.

average episode rewards is -110.42965698242188

 Scenario simple_spread Algo rmappo Exp reference_20260925T173510Z_880afb_mappo_w128_seed1 updates 5835/6250 episodes, total num timesteps 18675200/20000000, FPS 9360.

average episode rewards is -111.49115753173828

 Scenario simple_spread Algo rmappo Exp reference_20260925T173510Z_880afb_mappo_w128_seed1 updates 5840/6250 episodes, total num timesteps 18691200/20000000, FPS 9360.

average episode rewards is -113.46688079833984

 Scenario simple_spread Algo rmappo Exp reference_20260925T173510Z_880afb_mappo_w128_seed1 updates 5845/6250 episodes, total num timesteps 18707200/20000000, FPS 9360.

average episode rewards is -113.07879638671875

 Scenario simple_spread Algo rmappo Exp reference_20260925T173510Z_880afb_mappo_w128_seed1 updates 5850/6250 episodes, total num timesteps 18723200/20000000, FPS 9361.

average episode rewards is -114.74857330322266
eval average episode rewards of agent: -114.16053644991976
eval success rate: 0.85

 Scenario simple_spread Algo rmappo Exp reference_20260925T173510Z_880afb_mappo_w128_seed1 updates 5855/6250 episodes, total num timesteps 18739200/20000000, FPS 9360.

average episode rewards is -112.28311920166016

 Scenario simple_spread Algo rmappo Exp reference_20260925T173510Z_880afb_mappo_w128_seed1 updates 5860/6250 episodes, total num timesteps 18755200/20000000, FPS 9360.

average episode rewards is -113.60497283935547

 Scenario simple_spread Algo rmappo Exp reference_20260925T173510Z_880afb_mappo_w128_seed1 updates 5865/6250 episodes, total num timesteps 18771200/20000000, FPS 9360.

average episode rewards is -112.1315689086914

 Scenario simple_spread Algo rmappo Exp reference_20260925T173510Z_880afb_mappo_w128_seed1 updates 5870/6250 episodes, total num timesteps 18787200/20000000, FPS 9360.

average episode rewards is -113.04061126708984

 Scenario simple_spread Algo rmappo Exp reference_20260925T173510Z_880afb_mappo_w128_seed1 updates 5875/6250 episodes, total num timesteps 18803200/20000000, FPS 9360.

average episode rewards is -112.19293212890625
eval average episode rewards of agent: -110.67919467256982
eval success rate: 0.9

 Scenario simple_spread Algo rmappo Exp reference_20260925T173510Z_880afb_mappo_w128_seed1 updates 5880/6250 episodes, total num timesteps 18819200/20000000, FPS 9360.

average episode rewards is -113.69906616210938

 Scenario simple_spread Algo rmappo Exp reference_20260925T173510Z_880afb_mappo_w128_seed1 updates 5885/6250 episodes, total num timesteps 18835200/20000000, FPS 9360.

average episode rewards is -113.62344360351562

 Scenario simple_spread Algo rmappo Exp reference_20260925T173510Z_880afb_mappo_w128_seed1 updates 5890/6250 episodes, total num timesteps 18851200/20000000, FPS 9360.

average episode rewards is -112.98006439208984

 Scenario simple_spread Algo rmappo Exp reference_20260925T173510Z_880afb_mappo_w128_seed1 updates 5895/6250 episodes, total num timesteps 18867200/20000000, FPS 9360.

average episode rewards is -113.31568908691406

 Scenario simple_spread Algo rmappo Exp reference_20260925T173510Z_880afb_mappo_w128_seed1 updates 5900/6250 episodes, total num timesteps 18883200/20000000, FPS 9360.

average episode rewards is -112.69407653808594
eval average episode rewards of agent: -111.76267482587966
eval success rate: 0.85

 Scenario simple_spread Algo rmappo Exp reference_20260925T173510Z_880afb_mappo_w128_seed1 updates 5905/6250 episodes, total num timesteps 18899200/20000000, FPS 9360.

average episode rewards is -112.34575653076172

 Scenario simple_spread Algo rmappo Exp reference_20260925T173510Z_880afb_mappo_w128_seed1 updates 5910/6250 episodes, total num timesteps 18915200/20000000, FPS 9360.

average episode rewards is -112.1029052734375

 Scenario simple_spread Algo rmappo Exp reference_20260925T173510Z_880afb_mappo_w128_seed1 updates 5915/6250 episodes, total num timesteps 18931200/20000000, FPS 9360.

average episode rewards is -114.36735534667969

 Scenario simple_spread Algo rmappo Exp reference_20260925T173510Z_880afb_mappo_w128_seed1 updates 5920/6250 episodes, total num timesteps 18947200/20000000, FPS 9361.

average episode rewards is -113.6942138671875

 Scenario simple_spread Algo rmappo Exp reference_20260925T173510Z_880afb_mappo_w128_seed1 updates 5925/6250 episodes, total num timesteps 18963200/20000000, FPS 9362.

average episode rewards is -111.64164733886719
eval average episode rewards of agent: -114.42897073389842
eval success rate: 0.8

 Scenario simple_spread Algo rmappo Exp reference_20260925T173510Z_880afb_mappo_w128_seed1 updates 5930/6250 episodes, total num timesteps 18979200/20000000, FPS 9356.

average episode rewards is -113.01344299316406

 Scenario simple_spread Algo rmappo Exp reference_20260925T173510Z_880afb_mappo_w128_seed1 updates 5935/6250 episodes, total num timesteps 18995200/20000000, FPS 9354.

average episode rewards is -112.62891387939453

 Scenario simple_spread Algo rmappo Exp reference_20260925T173510Z_880afb_mappo_w128_seed1 updates 5940/6250 episodes, total num timesteps 19011200/20000000, FPS 9355.

average episode rewards is -113.84017181396484

 Scenario simple_spread Algo rmappo Exp reference_20260925T173510Z_880afb_mappo_w128_seed1 updates 5945/6250 episodes, total num timesteps 19027200/20000000, FPS 9355.

average episode rewards is -113.96621704101562

 Scenario simple_spread Algo rmappo Exp reference_20260925T173510Z_880afb_mappo_w128_seed1 updates 5950/6250 episodes, total num timesteps 19043200/20000000, FPS 9355.

average episode rewards is -111.30789184570312
eval average episode rewards of agent: -111.72206317124487
eval success rate: 0.95

 Scenario simple_spread Algo rmappo Exp reference_20260925T173510Z_880afb_mappo_w128_seed1 updates 5955/6250 episodes, total num timesteps 19059200/20000000, FPS 9355.

average episode rewards is -112.45201873779297

 Scenario simple_spread Algo rmappo Exp reference_20260925T173510Z_880afb_mappo_w128_seed1 updates 5960/6250 episodes, total num timesteps 19075200/20000000, FPS 9355.

average episode rewards is -113.90473937988281

 Scenario simple_spread Algo rmappo Exp reference_20260925T173510Z_880afb_mappo_w128_seed1 updates 5965/6250 episodes, total num timesteps 19091200/20000000, FPS 9355.

average episode rewards is -112.5783920288086

 Scenario simple_spread Algo rmappo Exp reference_20260925T173510Z_880afb_mappo_w128_seed1 updates 5970/6250 episodes, total num timesteps 19107200/20000000, FPS 9355.

average episode rewards is -112.07792663574219

 Scenario simple_spread Algo rmappo Exp reference_20260925T173510Z_880afb_mappo_w128_seed1 updates 5975/6250 episodes, total num timesteps 19123200/20000000, FPS 9356.

average episode rewards is -112.81426239013672
eval average episode rewards of agent: -112.16120827893842
eval success rate: 0.9

 Scenario simple_spread Algo rmappo Exp reference_20260925T173510Z_880afb_mappo_w128_seed1 updates 5980/6250 episodes, total num timesteps 19139200/20000000, FPS 9355.

average episode rewards is -112.71487426757812

 Scenario simple_spread Algo rmappo Exp reference_20260925T173510Z_880afb_mappo_w128_seed1 updates 5985/6250 episodes, total num timesteps 19155200/20000000, FPS 9355.

average episode rewards is -113.13630676269531

 Scenario simple_spread Algo rmappo Exp reference_20260925T173510Z_880afb_mappo_w128_seed1 updates 5990/6250 episodes, total num timesteps 19171200/20000000, FPS 9355.

average episode rewards is -112.31167602539062

 Scenario simple_spread Algo rmappo Exp reference_20260925T173510Z_880afb_mappo_w128_seed1 updates 5995/6250 episodes, total num timesteps 19187200/20000000, FPS 9355.

average episode rewards is -114.68853759765625

 Scenario simple_spread Algo rmappo Exp reference_20260925T173510Z_880afb_mappo_w128_seed1 updates 6000/6250 episodes, total num timesteps 19203200/20000000, FPS 9355.

average episode rewards is -112.2513198852539
eval average episode rewards of agent: -108.24584381526319
eval success rate: 1.0

 Scenario simple_spread Algo rmappo Exp reference_20260925T173510Z_880afb_mappo_w128_seed1 updates 6005/6250 episodes, total num timesteps 19219200/20000000, FPS 9355.

average episode rewards is -115.84156799316406

 Scenario simple_spread Algo rmappo Exp reference_20260925T173510Z_880afb_mappo_w128_seed1 updates 6010/6250 episodes, total num timesteps 19235200/20000000, FPS 9355.

average episode rewards is -112.29481506347656

 Scenario simple_spread Algo rmappo Exp reference_20260925T173510Z_880afb_mappo_w128_seed1 updates 6015/6250 episodes, total num timesteps 19251200/20000000, FPS 9355.

average episode rewards is -110.7249526977539

 Scenario simple_spread Algo rmappo Exp reference_20260925T173510Z_880afb_mappo_w128_seed1 updates 6020/6250 episodes, total num timesteps 19267200/20000000, FPS 9356.

average episode rewards is -112.30219268798828

 Scenario simple_spread Algo rmappo Exp reference_20260925T173510Z_880afb_mappo_w128_seed1 updates 6025/6250 episodes, total num timesteps 19283200/20000000, FPS 9356.

average episode rewards is -112.44697570800781
eval average episode rewards of agent: -112.43711175545643
eval success rate: 0.95

 Scenario simple_spread Algo rmappo Exp reference_20260925T173510Z_880afb_mappo_w128_seed1 updates 6030/6250 episodes, total num timesteps 19299200/20000000, FPS 9356.

average episode rewards is -114.96876525878906

 Scenario simple_spread Algo rmappo Exp reference_20260925T173510Z_880afb_mappo_w128_seed1 updates 6035/6250 episodes, total num timesteps 19315200/20000000, FPS 9356.

average episode rewards is -111.97412109375

 Scenario simple_spread Algo rmappo Exp reference_20260925T173510Z_880afb_mappo_w128_seed1 updates 6040/6250 episodes, total num timesteps 19331200/20000000, FPS 9355.

average episode rewards is -113.68499755859375

 Scenario simple_spread Algo rmappo Exp reference_20260925T173510Z_880afb_mappo_w128_seed1 updates 6045/6250 episodes, total num timesteps 19347200/20000000, FPS 9356.

average episode rewards is -112.14813232421875

 Scenario simple_spread Algo rmappo Exp reference_20260925T173510Z_880afb_mappo_w128_seed1 updates 6050/6250 episodes, total num timesteps 19363200/20000000, FPS 9356.

average episode rewards is -113.04200744628906
eval average episode rewards of agent: -114.26904249056058
eval success rate: 0.95

 Scenario simple_spread Algo rmappo Exp reference_20260925T173510Z_880afb_mappo_w128_seed1 updates 6055/6250 episodes, total num timesteps 19379200/20000000, FPS 9356.

average episode rewards is -113.3071517944336

 Scenario simple_spread Algo rmappo Exp reference_20260925T173510Z_880afb_mappo_w128_seed1 updates 6060/6250 episodes, total num timesteps 19395200/20000000, FPS 9356.

average episode rewards is -113.68319702148438

 Scenario simple_spread Algo rmappo Exp reference_20260925T173510Z_880afb_mappo_w128_seed1 updates 6065/6250 episodes, total num timesteps 19411200/20000000, FPS 9356.

average episode rewards is -113.5086669921875

 Scenario simple_spread Algo rmappo Exp reference_20260925T173510Z_880afb_mappo_w128_seed1 updates 6070/6250 episodes, total num timesteps 19427200/20000000, FPS 9356.

average episode rewards is -112.74681091308594

 Scenario simple_spread Algo rmappo Exp reference_20260925T173510Z_880afb_mappo_w128_seed1 updates 6075/6250 episodes, total num timesteps 19443200/20000000, FPS 9356.

average episode rewards is -113.79369354248047
eval average episode rewards of agent: -114.81980832885012
eval success rate: 0.95

 Scenario simple_spread Algo rmappo Exp reference_20260925T173510Z_880afb_mappo_w128_seed1 updates 6080/6250 episodes, total num timesteps 19459200/20000000, FPS 9356.

average episode rewards is -113.8291015625

 Scenario simple_spread Algo rmappo Exp reference_20260925T173510Z_880afb_mappo_w128_seed1 updates 6085/6250 episodes, total num timesteps 19475200/20000000, FPS 9356.

average episode rewards is -108.9603271484375

 Scenario simple_spread Algo rmappo Exp reference_20260925T173510Z_880afb_mappo_w128_seed1 updates 6090/6250 episodes, total num timesteps 19491200/20000000, FPS 9356.

average episode rewards is -112.03495025634766

 Scenario simple_spread Algo rmappo Exp reference_20260925T173510Z_880afb_mappo_w128_seed1 updates 6095/6250 episodes, total num timesteps 19507200/20000000, FPS 9356.

average episode rewards is -113.01903533935547

 Scenario simple_spread Algo rmappo Exp reference_20260925T173510Z_880afb_mappo_w128_seed1 updates 6100/6250 episodes, total num timesteps 19523200/20000000, FPS 9356.

average episode rewards is -113.72767639160156
eval average episode rewards of agent: -114.45668843283917
eval success rate: 0.95

 Scenario simple_spread Algo rmappo Exp reference_20260925T173510Z_880afb_mappo_w128_seed1 updates 6105/6250 episodes, total num timesteps 19539200/20000000, FPS 9356.

average episode rewards is -113.03124237060547

 Scenario simple_spread Algo rmappo Exp reference_20260925T173510Z_880afb_mappo_w128_seed1 updates 6110/6250 episodes, total num timesteps 19555200/20000000, FPS 9356.

average episode rewards is -117.2273178100586

 Scenario simple_spread Algo rmappo Exp reference_20260925T173510Z_880afb_mappo_w128_seed1 updates 6115/6250 episodes, total num timesteps 19571200/20000000, FPS 9356.

average episode rewards is -112.69548797607422

 Scenario simple_spread Algo rmappo Exp reference_20260925T173510Z_880afb_mappo_w128_seed1 updates 6120/6250 episodes, total num timesteps 19587200/20000000, FPS 9356.

average episode rewards is -112.57096862792969

 Scenario simple_spread Algo rmappo Exp reference_20260925T173510Z_880afb_mappo_w128_seed1 updates 6125/6250 episodes, total num timesteps 19603200/20000000, FPS 9356.

average episode rewards is -112.28919219970703
eval average episode rewards of agent: -112.93798184136898
eval success rate: 0.9

 Scenario simple_spread Algo rmappo Exp reference_20260925T173510Z_880afb_mappo_w128_seed1 updates 6130/6250 episodes, total num timesteps 19619200/20000000, FPS 9356.

average episode rewards is -113.8702392578125

 Scenario simple_spread Algo rmappo Exp reference_20260925T173510Z_880afb_mappo_w128_seed1 updates 6135/6250 episodes, total num timesteps 19635200/20000000, FPS 9356.

average episode rewards is -111.57821655273438

 Scenario simple_spread Algo rmappo Exp reference_20260925T173510Z_880afb_mappo_w128_seed1 updates 6140/6250 episodes, total num timesteps 19651200/20000000, FPS 9357.

average episode rewards is -111.6297378540039

 Scenario simple_spread Algo rmappo Exp reference_20260925T173510Z_880afb_mappo_w128_seed1 updates 6145/6250 episodes, total num timesteps 19667200/20000000, FPS 9357.

average episode rewards is -113.47064971923828

 Scenario simple_spread Algo rmappo Exp reference_20260925T173510Z_880afb_mappo_w128_seed1 updates 6150/6250 episodes, total num timesteps 19683200/20000000, FPS 9357.

average episode rewards is -112.97632598876953
eval average episode rewards of agent: -105.82602889398659
eval success rate: 1.0

 Scenario simple_spread Algo rmappo Exp reference_20260925T173510Z_880afb_mappo_w128_seed1 updates 6155/6250 episodes, total num timesteps 19699200/20000000, FPS 9357.

average episode rewards is -113.11298370361328

 Scenario simple_spread Algo rmappo Exp reference_20260925T173510Z_880afb_mappo_w128_seed1 updates 6160/6250 episodes, total num timesteps 19715200/20000000, FPS 9357.

average episode rewards is -113.07389831542969

 Scenario simple_spread Algo rmappo Exp reference_20260925T173510Z_880afb_mappo_w128_seed1 updates 6165/6250 episodes, total num timesteps 19731200/20000000, FPS 9357.

average episode rewards is -113.84717559814453

 Scenario simple_spread Algo rmappo Exp reference_20260925T173510Z_880afb_mappo_w128_seed1 updates 6170/6250 episodes, total num timesteps 19747200/20000000, FPS 9357.

average episode rewards is -109.94209289550781

 Scenario simple_spread Algo rmappo Exp reference_20260925T173510Z_880afb_mappo_w128_seed1 updates 6175/6250 episodes, total num timesteps 19763200/20000000, FPS 9357.

average episode rewards is -113.14264678955078
eval average episode rewards of agent: -108.43376710851486
eval success rate: 0.9

 Scenario simple_spread Algo rmappo Exp reference_20260925T173510Z_880afb_mappo_w128_seed1 updates 6180/6250 episodes, total num timesteps 19779200/20000000, FPS 9357.

average episode rewards is -111.84550476074219

 Scenario simple_spread Algo rmappo Exp reference_20260925T173510Z_880afb_mappo_w128_seed1 updates 6185/6250 episodes, total num timesteps 19795200/20000000, FPS 9357.

average episode rewards is -110.67543029785156

 Scenario simple_spread Algo rmappo Exp reference_20260925T173510Z_880afb_mappo_w128_seed1 updates 6190/6250 episodes, total num timesteps 19811200/20000000, FPS 9357.

average episode rewards is -113.41153717041016

 Scenario simple_spread Algo rmappo Exp reference_20260925T173510Z_880afb_mappo_w128_seed1 updates 6195/6250 episodes, total num timesteps 19827200/20000000, FPS 9358.

average episode rewards is -111.22764587402344

 Scenario simple_spread Algo rmappo Exp reference_20260925T173510Z_880afb_mappo_w128_seed1 updates 6200/6250 episodes, total num timesteps 19843200/20000000, FPS 9358.

average episode rewards is -112.1424560546875
eval average episode rewards of agent: -114.5474696295768
eval success rate: 0.85

 Scenario simple_spread Algo rmappo Exp reference_20260925T173510Z_880afb_mappo_w128_seed1 updates 6205/6250 episodes, total num timesteps 19859200/20000000, FPS 9357.

average episode rewards is -111.92548370361328

 Scenario simple_spread Algo rmappo Exp reference_20260925T173510Z_880afb_mappo_w128_seed1 updates 6210/6250 episodes, total num timesteps 19875200/20000000, FPS 9358.

average episode rewards is -112.03639221191406

 Scenario simple_spread Algo rmappo Exp reference_20260925T173510Z_880afb_mappo_w128_seed1 updates 6215/6250 episodes, total num timesteps 19891200/20000000, FPS 9358.

average episode rewards is -111.21039581298828

 Scenario simple_spread Algo rmappo Exp reference_20260925T173510Z_880afb_mappo_w128_seed1 updates 6220/6250 episodes, total num timesteps 19907200/20000000, FPS 9358.

average episode rewards is -112.69844818115234

 Scenario simple_spread Algo rmappo Exp reference_20260925T173510Z_880afb_mappo_w128_seed1 updates 6225/6250 episodes, total num timesteps 19923200/20000000, FPS 9357.

average episode rewards is -111.21530151367188
eval average episode rewards of agent: -112.1225328824159
eval success rate: 0.95

 Scenario simple_spread Algo rmappo Exp reference_20260925T173510Z_880afb_mappo_w128_seed1 updates 6230/6250 episodes, total num timesteps 19939200/20000000, FPS 9357.

average episode rewards is -111.65235137939453

 Scenario simple_spread Algo rmappo Exp reference_20260925T173510Z_880afb_mappo_w128_seed1 updates 6235/6250 episodes, total num timesteps 19955200/20000000, FPS 9357.

average episode rewards is -113.68780517578125

 Scenario simple_spread Algo rmappo Exp reference_20260925T173510Z_880afb_mappo_w128_seed1 updates 6240/6250 episodes, total num timesteps 19971200/20000000, FPS 9358.

average episode rewards is -112.97689819335938

 Scenario simple_spread Algo rmappo Exp reference_20260925T173510Z_880afb_mappo_w128_seed1 updates 6245/6250 episodes, total num timesteps 19987200/20000000, FPS 9358.

average episode rewards is -111.56849670410156
