u are choosing to use rmappo, we set use_recurrent_policy to be True
choose to use gpu...
obs_space:  [Box([-inf -inf -inf -inf -inf -inf -inf -inf -inf -inf -inf -inf -inf -inf
 -inf -inf -inf -inf], [inf inf inf inf inf inf inf inf inf inf inf inf inf inf inf inf inf inf], (18,), float32), Box([-inf -inf -inf -inf -inf -inf -inf -inf -inf -inf -inf -inf -inf -inf
 -inf -inf -inf -inf], [inf inf inf inf inf inf inf inf inf inf inf inf inf inf inf inf inf inf], (18,), float32), Box([-inf -inf -inf -inf -inf -inf -inf -inf -inf -inf -inf -inf -inf -inf
 -inf -inf -inf -inf], [inf inf inf inf inf inf inf inf inf inf inf inf inf inf inf inf inf inf], (18,), float32)]
share_obs_space:  [Box([-inf -inf -inf -inf -inf -inf -inf -inf -inf -inf -inf -inf -inf -inf
 -inf -inf -inf -inf -inf -inf -inf -inf -inf -inf -inf -inf -inf -inf
 -inf -inf -inf -inf -inf -inf -inf -inf -inf -inf -inf -inf -inf -inf
 -inf -inf -inf -inf -inf -inf -inf -inf -inf -inf -inf -inf], [inf inf inf inf inf inf inf inf inf inf inf inf inf inf inf inf inf inf
 inf inf inf inf inf inf inf inf inf inf inf inf inf inf inf inf inf inf
 inf inf inf inf inf inf inf inf inf inf inf inf inf inf inf inf inf inf], (54,), float32), Box([-inf -inf -inf -inf -inf -inf -inf -inf -inf -inf -inf -inf -inf -inf
 -inf -inf -inf -inf -inf -inf -inf -inf -inf -inf -inf -inf -inf -inf
 -inf -inf -inf -inf -inf -inf -inf -inf -inf -inf -inf -inf -inf -inf
 -inf -inf -inf -inf -inf -inf -inf -inf -inf -inf -inf -inf], [inf inf inf inf inf inf inf inf inf inf inf inf inf inf inf inf inf inf
 inf inf inf inf inf inf inf inf inf inf inf inf inf inf inf inf inf inf
 inf inf inf inf inf inf inf inf inf inf inf inf inf inf inf inf inf inf], (54,), float32), Box([-inf -inf -inf -inf -inf -inf -inf -inf -inf -inf -inf -inf -inf -inf
 -inf -inf -inf -inf -inf -inf -inf -inf -inf -inf -inf -inf -inf -inf
 -inf -inf -inf -inf -inf -inf -inf -inf -inf -inf -inf -inf -inf -inf
 -inf -inf -inf -inf -inf -inf -inf -inf -inf -inf -inf -inf], [inf inf inf inf inf inf inf inf inf inf inf inf inf inf inf inf inf inf
 inf inf inf inf inf inf inf inf inf inf inf inf inf inf inf inf inf inf
 inf inf inf inf inf inf inf inf inf inf inf inf inf inf inf inf inf inf], (54,), float32)]
act_space:  [Discrete(5), Discrete(5), Discrete(5)]

 Scenario simple_spread Algo rmappo Exp reference_20260925T173510Z_880afb_mappo_w128_seed2 updates 0/6250 episodes, total num timesteps 3200/20000000, FPS 5440.

average episode rewards is -222.1762237548828
eval average episode rewards of agent: -194.98500411429677
eval success rate: 0.0

 Scenario simple_spread Algo rmappo Exp reference_20260925T173510Z_880afb_mappo_w128_seed2 updates 5/6250 episodes, total num timesteps 19200/20000000, FPS 8175.

average episode rewards is -191.31752014160156

 Scenario simple_spread Algo rmappo Exp reference_20260925T173510Z_880afb_mappo_w128_seed2 updates 10/6250 episodes, total num timesteps 35200/20000000, FPS 8839.

average episode rewards is -187.07379150390625

 Scenario simple_spread Algo rmappo Exp reference_20260925T173510Z_880afb_mappo_w128_seed2 updates 15/6250 episodes, total num timesteps 51200/20000000, FPS 9036.

average episode rewards is -182.3521728515625

 Scenario simple_spread Algo rmappo Exp reference_20260925T173510Z_880afb_mappo_w128_seed2 updates 20/6250 episodes, total num timesteps 67200/20000000, FPS 9146.

average episode rewards is -178.49685668945312

 Scenario simple_spread Algo rmappo Exp reference_20260925T173510Z_880afb_mappo_w128_seed2 updates 25/6250 episodes, total num timesteps 83200/20000000, FPS 9203.

average episode rewards is -181.0880889892578
eval average episode rewards of agent: -172.01418493764015
eval success rate: 0.0

 Scenario simple_spread Algo rmappo Exp reference_20260925T173510Z_880afb_mappo_w128_seed2 updates 30/6250 episodes, total num timesteps 99200/20000000, FPS 9216.

average episode rewards is -178.50296020507812

 Scenario simple_spread Algo rmappo Exp reference_20260925T173510Z_880afb_mappo_w128_seed2 updates 35/6250 episodes, total num timesteps 115200/20000000, FPS 9260.

average episode rewards is -174.259765625

 Scenario simple_spread Algo rmappo Exp reference_20260925T173510Z_880afb_mappo_w128_seed2 updates 40/6250 episodes, total num timesteps 131200/20000000, FPS 9275.

average episode rewards is -168.93585205078125

 Scenario simple_spread Algo rmappo Exp reference_20260925T173510Z_880afb_mappo_w128_seed2 updates 45/6250 episodes, total num timesteps 147200/20000000, FPS 9317.

average episode rewards is -169.88778686523438

 Scenario simple_spread Algo rmappo Exp reference_20260925T173510Z_880afb_mappo_w128_seed2 updates 50/6250 episodes, total num timesteps 163200/20000000, FPS 9356.

average episode rewards is -166.0900421142578
eval average episode rewards of agent: -173.6135286031102
eval success rate: 0.0

 Scenario simple_spread Algo rmappo Exp reference_20260925T173510Z_880afb_mappo_w128_seed2 updates 55/6250 episodes, total num timesteps 179200/20000000, FPS 9336.

average episode rewards is -163.81546020507812

 Scenario simple_spread Algo rmappo Exp reference_20260925T173510Z_880afb_mappo_w128_seed2 updates 60/6250 episodes, total num timesteps 195200/20000000, FPS 9347.

average episode rewards is -165.490966796875

 Scenario simple_spread Algo rmappo Exp reference_20260925T173510Z_880afb_mappo_w128_seed2 updates 65/6250 episodes, total num timesteps 211200/20000000, FPS 9309.

average episode rewards is -158.05813598632812

 Scenario simple_spread Algo rmappo Exp reference_20260925T173510Z_880afb_mappo_w128_seed2 updates 70/6250 episodes, total num timesteps 227200/20000000, FPS 9327.

average episode rewards is -162.40618896484375

 Scenario simple_spread Algo rmappo Exp reference_20260925T173510Z_880afb_mappo_w128_seed2 updates 75/6250 episodes, total num timesteps 243200/20000000, FPS 9325.

average episode rewards is -159.21873474121094
eval average episode rewards of agent: -153.86430761331206
eval success rate: 0.05

 Scenario simple_spread Algo rmappo Exp reference_20260925T173510Z_880afb_mappo_w128_seed2 updates 80/6250 episodes, total num timesteps 259200/20000000, FPS 9316.

average episode rewards is -158.31405639648438

 Scenario simple_spread Algo rmappo Exp reference_20260925T173510Z_880afb_mappo_w128_seed2 updates 85/6250 episodes, total num timesteps 275200/20000000, FPS 9326.

average episode rewards is -159.40185546875

 Scenario simple_spread Algo rmappo Exp reference_20260925T173510Z_880afb_mappo_w128_seed2 updates 90/6250 episodes, total num timesteps 291200/20000000, FPS 9334.

average episode rewards is -158.41012573242188

 Scenario simple_spread Algo rmappo Exp reference_20260925T173510Z_880afb_mappo_w128_seed2 updates 95/6250 episodes, total num timesteps 307200/20000000, FPS 9343.

average episode rewards is -156.77125549316406

 Scenario simple_spread Algo rmappo Exp reference_20260925T173510Z_880afb_mappo_w128_seed2 updates 100/6250 episodes, total num timesteps 323200/20000000, FPS 9351.

average episode rewards is -154.79745483398438
eval average episode rewards of agent: -155.81229208921997
eval success rate: 0.0

 Scenario simple_spread Algo rmappo Exp reference_20260925T173510Z_880afb_mappo_w128_seed2 updates 105/6250 episodes, total num timesteps 339200/20000000, FPS 9348.

average episode rewards is -155.73919677734375

 Scenario simple_spread Algo rmappo Exp reference_20260925T173510Z_880afb_mappo_w128_seed2 updates 110/6250 episodes, total num timesteps 355200/20000000, FPS 9347.

average episode rewards is -156.050537109375

 Scenario simple_spread Algo rmappo Exp reference_20260925T173510Z_880afb_mappo_w128_seed2 updates 115/6250 episodes, total num timesteps 371200/20000000, FPS 9359.

average episode rewards is -153.00230407714844

 Scenario simple_spread Algo rmappo Exp reference_20260925T173510Z_880afb_mappo_w128_seed2 updates 120/6250 episodes, total num timesteps 387200/20000000, FPS 9358.

average episode rewards is -154.7346954345703

 Scenario simple_spread Algo rmappo Exp reference_20260925T173510Z_880afb_mappo_w128_seed2 updates 125/6250 episodes, total num timesteps 403200/20000000, FPS 9335.

average episode rewards is -152.36911010742188
eval average episode rewards of agent: -143.6369300385037
eval success rate: 0.0

 Scenario simple_spread Algo rmappo Exp reference_20260925T173510Z_880afb_mappo_w128_seed2 updates 130/6250 episodes, total num timesteps 419200/20000000, FPS 9326.

average episode rewards is -149.97483825683594

 Scenario simple_spread Algo rmappo Exp reference_20260925T173510Z_880afb_mappo_w128_seed2 updates 135/6250 episodes, total num timesteps 435200/20000000, FPS 9334.

average episode rewards is -152.99246215820312

 Scenario simple_spread Algo rmappo Exp reference_20260925T173510Z_880afb_mappo_w128_seed2 updates 140/6250 episodes, total num timesteps 451200/20000000, FPS 9339.

average episode rewards is -150.38209533691406

 Scenario simple_spread Algo rmappo Exp reference_20260925T173510Z_880afb_mappo_w128_seed2 updates 145/6250 episodes, total num timesteps 467200/20000000, FPS 9341.

average episode rewards is -151.61634826660156

 Scenario simple_spread Algo rmappo Exp reference_20260925T173510Z_880afb_mappo_w128_seed2 updates 150/6250 episodes, total num timesteps 483200/20000000, FPS 9346.

average episode rewards is -149.7862091064453
eval average episode rewards of agent: -149.13163931799536
eval success rate: 0.05

 Scenario simple_spread Algo rmappo Exp reference_20260925T173510Z_880afb_mappo_w128_seed2 updates 155/6250 episodes, total num timesteps 499200/20000000, FPS 9347.

average episode rewards is -151.10055541992188

 Scenario simple_spread Algo rmappo Exp reference_20260925T173510Z_880afb_mappo_w128_seed2 updates 160/6250 episodes, total num timesteps 515200/20000000, FPS 9346.

average episode rewards is -149.38243103027344

 Scenario simple_spread Algo rmappo Exp reference_20260925T173510Z_880afb_mappo_w128_seed2 updates 165/6250 episodes, total num timesteps 531200/20000000, FPS 9349.

average episode rewards is -149.80722045898438

 Scenario simple_spread Algo rmappo Exp reference_20260925T173510Z_880afb_mappo_w128_seed2 updates 170/6250 episodes, total num timesteps 547200/20000000, FPS 9360.

average episode rewards is -145.6667022705078

 Scenario simple_spread Algo rmappo Exp reference_20260925T173510Z_880afb_mappo_w128_seed2 updates 175/6250 episodes, total num timesteps 563200/20000000, FPS 9365.

average episode rewards is -146.2559051513672
eval average episode rewards of agent: -150.78827330793868
eval success rate: 0.05

 Scenario simple_spread Algo rmappo Exp reference_20260925T173510Z_880afb_mappo_w128_seed2 updates 180/6250 episodes, total num timesteps 579200/20000000, FPS 9345.

average episode rewards is -146.13055419921875

 Scenario simple_spread Algo rmappo Exp reference_20260925T173510Z_880afb_mappo_w128_seed2 updates 185/6250 episodes, total num timesteps 595200/20000000, FPS 9345.

average episode rewards is -145.7913360595703

 Scenario simple_spread Algo rmappo Exp reference_20260925T173510Z_880afb_mappo_w128_seed2 updates 190/6250 episodes, total num timesteps 611200/20000000, FPS 9346.

average episode rewards is -147.0985565185547

 Scenario simple_spread Algo rmappo Exp reference_20260925T173510Z_880afb_mappo_w128_seed2 updates 195/6250 episodes, total num timesteps 627200/20000000, FPS 9353.

average episode rewards is -146.22975158691406

 Scenario simple_spread Algo rmappo Exp reference_20260925T173510Z_880afb_mappo_w128_seed2 updates 200/6250 episodes, total num timesteps 643200/20000000, FPS 9354.

average episode rewards is -142.8631591796875
eval average episode rewards of agent: -148.45518935475272
eval success rate: 0.05

 Scenario simple_spread Algo rmappo Exp reference_20260925T173510Z_880afb_mappo_w128_seed2 updates 205/6250 episodes, total num timesteps 659200/20000000, FPS 9352.

average episode rewards is -145.04937744140625

 Scenario simple_spread Algo rmappo Exp reference_20260925T173510Z_880afb_mappo_w128_seed2 updates 210/6250 episodes, total num timesteps 675200/20000000, FPS 9355.

average episode rewards is -144.15457153320312

 Scenario simple_spread Algo rmappo Exp reference_20260925T173510Z_880afb_mappo_w128_seed2 updates 215/6250 episodes, total num timesteps 691200/20000000, FPS 9354.

average episode rewards is -146.7841796875

 Scenario simple_spread Algo rmappo Exp reference_20260925T173510Z_880afb_mappo_w128_seed2 updates 220/6250 episodes, total num timesteps 707200/20000000, FPS 9359.

average episode rewards is -139.779052734375

 Scenario simple_spread Algo rmappo Exp reference_20260925T173510Z_880afb_mappo_w128_seed2 updates 225/6250 episodes, total num timesteps 723200/20000000, FPS 9359.

average episode rewards is -146.64898681640625
eval average episode rewards of agent: -141.0515325788254
eval success rate: 0.15

 Scenario simple_spread Algo rmappo Exp reference_20260925T173510Z_880afb_mappo_w128_seed2 updates 230/6250 episodes, total num timesteps 739200/20000000, FPS 9356.

average episode rewards is -143.02024841308594

 Scenario simple_spread Algo rmappo Exp reference_20260925T173510Z_880afb_mappo_w128_seed2 updates 235/6250 episodes, total num timesteps 755200/20000000, FPS 9360.

average episode rewards is -145.69924926757812

 Scenario simple_spread Algo rmappo Exp reference_20260925T173510Z_880afb_mappo_w128_seed2 updates 240/6250 episodes, total num timesteps 771200/20000000, FPS 9355.

average episode rewards is -142.2971649169922

 Scenario simple_spread Algo rmappo Exp reference_20260925T173510Z_880afb_mappo_w128_seed2 updates 245/6250 episodes, total num timesteps 787200/20000000, FPS 9356.

average episode rewards is -144.83726501464844

 Scenario simple_spread Algo rmappo Exp reference_20260925T173510Z_880afb_mappo_w128_seed2 updates 250/6250 episodes, total num timesteps 803200/20000000, FPS 9360.

average episode rewards is -145.57101440429688
eval average episode rewards of agent: -144.6297945086341
eval success rate: 0.1

 Scenario simple_spread Algo rmappo Exp reference_20260925T173510Z_880afb_mappo_w128_seed2 updates 255/6250 episodes, total num timesteps 819200/20000000, FPS 9356.

average episode rewards is -143.23487854003906

 Scenario simple_spread Algo rmappo Exp reference_20260925T173510Z_880afb_mappo_w128_seed2 updates 260/6250 episodes, total num timesteps 835200/20000000, FPS 9357.

average episode rewards is -144.8137969970703

 Scenario simple_spread Algo rmappo Exp reference_20260925T173510Z_880afb_mappo_w128_seed2 updates 265/6250 episodes, total num timesteps 851200/20000000, FPS 9360.

average episode rewards is -143.55845642089844

 Scenario simple_spread Algo rmappo Exp reference_20260925T173510Z_880afb_mappo_w128_seed2 updates 270/6250 episodes, total num timesteps 867200/20000000, FPS 9359.

average episode rewards is -141.73782348632812

 Scenario simple_spread Algo rmappo Exp reference_20260925T173510Z_880afb_mappo_w128_seed2 updates 275/6250 episodes, total num timesteps 883200/20000000, FPS 9359.

average episode rewards is -143.61305236816406
eval average episode rewards of agent: -143.20049783965982
eval success rate: 0.05

 Scenario simple_spread Algo rmappo Exp reference_20260925T173510Z_880afb_mappo_w128_seed2 updates 280/6250 episodes, total num timesteps 899200/20000000, FPS 9357.

average episode rewards is -141.7339324951172

 Scenario simple_spread Algo rmappo Exp reference_20260925T173510Z_880afb_mappo_w128_seed2 updates 285/6250 episodes, total num timesteps 915200/20000000, FPS 9362.

average episode rewards is -140.35653686523438

 Scenario simple_spread Algo rmappo Exp reference_20260925T173510Z_880afb_mappo_w128_seed2 updates 290/6250 episodes, total num timesteps 931200/20000000, FPS 9365.

average episode rewards is -141.01681518554688

 Scenario simple_spread Algo rmappo Exp reference_20260925T173510Z_880afb_mappo_w128_seed2 updates 295/6250 episodes, total num timesteps 947200/20000000, FPS 9365.

average episode rewards is -140.31625366210938

 Scenario simple_spread Algo rmappo Exp reference_20260925T173510Z_880afb_mappo_w128_seed2 updates 300/6250 episodes, total num timesteps 963200/20000000, FPS 9356.

average episode rewards is -141.26882934570312
eval average episode rewards of agent: -139.48548990407167
eval success rate: 0.25

 Scenario simple_spread Algo rmappo Exp reference_20260925T173510Z_880afb_mappo_w128_seed2 updates 305/6250 episodes, total num timesteps 979200/20000000, FPS 9352.

average episode rewards is -140.47003173828125

 Scenario simple_spread Algo rmappo Exp reference_20260925T173510Z_880afb_mappo_w128_seed2 updates 310/6250 episodes, total num timesteps 995200/20000000, FPS 9356.

average episode rewards is -138.8256378173828

 Scenario simple_spread Algo rmappo Exp reference_20260925T173510Z_880afb_mappo_w128_seed2 updates 315/6250 episodes, total num timesteps 1011200/20000000, FPS 9358.

average episode rewards is -137.7376708984375

 Scenario simple_spread Algo rmappo Exp reference_20260925T173510Z_880afb_mappo_w128_seed2 updates 320/6250 episodes, total num timesteps 1027200/20000000, FPS 9357.

average episode rewards is -137.73934936523438

 Scenario simple_spread Algo rmappo Exp reference_20260925T173510Z_880afb_mappo_w128_seed2 updates 325/6250 episodes, total num timesteps 1043200/20000000, FPS 9357.

average episode rewards is -139.77659606933594
eval average episode rewards of agent: -136.06078993221098
eval success rate: 0.25

 Scenario simple_spread Algo rmappo Exp reference_20260925T173510Z_880afb_mappo_w128_seed2 updates 330/6250 episodes, total num timesteps 1059200/20000000, FPS 9354.

average episode rewards is -137.32138061523438

 Scenario simple_spread Algo rmappo Exp reference_20260925T173510Z_880afb_mappo_w128_seed2 updates 335/6250 episodes, total num timesteps 1075200/20000000, FPS 9355.

average episode rewards is -136.8895721435547

 Scenario simple_spread Algo rmappo Exp reference_20260925T173510Z_880afb_mappo_w128_seed2 updates 340/6250 episodes, total num timesteps 1091200/20000000, FPS 9359.

average episode rewards is -134.8384552001953

 Scenario simple_spread Algo rmappo Exp reference_20260925T173510Z_880afb_mappo_w128_seed2 updates 345/6250 episodes, total num timesteps 1107200/20000000, FPS 9359.

average episode rewards is -138.6018524169922

 Scenario simple_spread Algo rmappo Exp reference_20260925T173510Z_880afb_mappo_w128_seed2 updates 350/6250 episodes, total num timesteps 1123200/20000000, FPS 9361.

average episode rewards is -138.1507568359375
eval average episode rewards of agent: -126.10608942778666
eval success rate: 0.2

 Scenario simple_spread Algo rmappo Exp reference_20260925T173510Z_880afb_mappo_w128_seed2 updates 355/6250 episodes, total num timesteps 1139200/20000000, FPS 9360.

average episode rewards is -135.0734405517578

 Scenario simple_spread Algo rmappo Exp reference_20260925T173510Z_880afb_mappo_w128_seed2 updates 360/6250 episodes, total num timesteps 1155200/20000000, FPS 9352.

average episode rewards is -138.42129516601562

 Scenario simple_spread Algo rmappo Exp reference_20260925T173510Z_880afb_mappo_w128_seed2 updates 365/6250 episodes, total num timesteps 1171200/20000000, FPS 9355.

average episode rewards is -136.1453094482422

 Scenario simple_spread Algo rmappo Exp reference_20260925T173510Z_880afb_mappo_w128_seed2 updates 370/6250 episodes, total num timesteps 1187200/20000000, FPS 9354.

average episode rewards is -137.93441772460938

 Scenario simple_spread Algo rmappo Exp reference_20260925T173510Z_880afb_mappo_w128_seed2 updates 375/6250 episodes, total num timesteps 1203200/20000000, FPS 9356.

average episode rewards is -138.06231689453125
eval average episode rewards of agent: -137.86053284179982
eval success rate: 0.05

 Scenario simple_spread Algo rmappo Exp reference_20260925T173510Z_880afb_mappo_w128_seed2 updates 380/6250 episodes, total num timesteps 1219200/20000000, FPS 9355.

average episode rewards is -133.81593322753906

 Scenario simple_spread Algo rmappo Exp reference_20260925T173510Z_880afb_mappo_w128_seed2 updates 385/6250 episodes, total num timesteps 1235200/20000000, FPS 9355.

average episode rewards is -134.97720336914062

 Scenario simple_spread Algo rmappo Exp reference_20260925T173510Z_880afb_mappo_w128_seed2 updates 390/6250 episodes, total num timesteps 1251200/20000000, FPS 9356.

average episode rewards is -136.4464874267578

 Scenario simple_spread Algo rmappo Exp reference_20260925T173510Z_880afb_mappo_w128_seed2 updates 395/6250 episodes, total num timesteps 1267200/20000000, FPS 9359.

average episode rewards is -133.43869018554688

 Scenario simple_spread Algo rmappo Exp reference_20260925T173510Z_880afb_mappo_w128_seed2 updates 400/6250 episodes, total num timesteps 1283200/20000000, FPS 9361.

average episode rewards is -133.80625915527344
eval average episode rewards of agent: -134.65119608148828
eval success rate: 0.35

 Scenario simple_spread Algo rmappo Exp reference_20260925T173510Z_880afb_mappo_w128_seed2 updates 405/6250 episodes, total num timesteps 1299200/20000000, FPS 9358.

average episode rewards is -138.0009765625

 Scenario simple_spread Algo rmappo Exp reference_20260925T173510Z_880afb_mappo_w128_seed2 updates 410/6250 episodes, total num timesteps 1315200/20000000, FPS 9357.

average episode rewards is -135.12045288085938

 Scenario simple_spread Algo rmappo Exp reference_20260925T173510Z_880afb_mappo_w128_seed2 updates 415/6250 episodes, total num timesteps 1331200/20000000, FPS 9359.

average episode rewards is -137.63958740234375

 Scenario simple_spread Algo rmappo Exp reference_20260925T173510Z_880afb_mappo_w128_seed2 updates 420/6250 episodes, total num timesteps 1347200/20000000, FPS 9353.

average episode rewards is -135.06642150878906

 Scenario simple_spread Algo rmappo Exp reference_20260925T173510Z_880afb_mappo_w128_seed2 updates 425/6250 episodes, total num timesteps 1363200/20000000, FPS 9354.

average episode rewards is -131.92343139648438
eval average episode rewards of agent: -133.00649202729468
eval success rate: 0.35

 Scenario simple_spread Algo rmappo Exp reference_20260925T173510Z_880afb_mappo_w128_seed2 updates 430/6250 episodes, total num timesteps 1379200/20000000, FPS 9352.

average episode rewards is -130.1961669921875

 Scenario simple_spread Algo rmappo Exp reference_20260925T173510Z_880afb_mappo_w128_seed2 updates 435/6250 episodes, total num timesteps 1395200/20000000, FPS 9352.

average episode rewards is -132.61363220214844

 Scenario simple_spread Algo rmappo Exp reference_20260925T173510Z_880afb_mappo_w128_seed2 updates 440/6250 episodes, total num timesteps 1411200/20000000, FPS 9353.

average episode rewards is -132.62533569335938

 Scenario simple_spread Algo rmappo Exp reference_20260925T173510Z_880afb_mappo_w128_seed2 updates 445/6250 episodes, total num timesteps 1427200/20000000, FPS 9357.

average episode rewards is -134.27377319335938

 Scenario simple_spread Algo rmappo Exp reference_20260925T173510Z_880afb_mappo_w128_seed2 updates 450/6250 episodes, total num timesteps 1443200/20000000, FPS 9359.

average episode rewards is -133.11917114257812
eval average episode rewards of agent: -134.75024020936692
eval success rate: 0.15

 Scenario simple_spread Algo rmappo Exp reference_20260925T173510Z_880afb_mappo_w128_seed2 updates 455/6250 episodes, total num timesteps 1459200/20000000, FPS 9358.

average episode rewards is -133.118896484375

 Scenario simple_spread Algo rmappo Exp reference_20260925T173510Z_880afb_mappo_w128_seed2 updates 460/6250 episodes, total num timesteps 1475200/20000000, FPS 9359.

average episode rewards is -131.57606506347656

 Scenario simple_spread Algo rmappo Exp reference_20260925T173510Z_880afb_mappo_w128_seed2 updates 465/6250 episodes, total num timesteps 1491200/20000000, FPS 9358.

average episode rewards is -133.1325225830078

 Scenario simple_spread Algo rmappo Exp reference_20260925T173510Z_880afb_mappo_w128_seed2 updates 470/6250 episodes, total num timesteps 1507200/20000000, FPS 9358.

average episode rewards is -130.30274963378906

 Scenario simple_spread Algo rmappo Exp reference_20260925T173510Z_880afb_mappo_w128_seed2 updates 475/6250 episodes, total num timesteps 1523200/20000000, FPS 9358.

average episode rewards is -131.50283813476562
eval average episode rewards of agent: -124.54467071950675
eval success rate: 0.15

 Scenario simple_spread Algo rmappo Exp reference_20260925T173510Z_880afb_mappo_w128_seed2 updates 480/6250 episodes, total num timesteps 1539200/20000000, FPS 9350.

average episode rewards is -130.25482177734375

 Scenario simple_spread Algo rmappo Exp reference_20260925T173510Z_880afb_mappo_w128_seed2 updates 485/6250 episodes, total num timesteps 1555200/20000000, FPS 9352.

average episode rewards is -129.71209716796875

 Scenario simple_spread Algo rmappo Exp reference_20260925T173510Z_880afb_mappo_w128_seed2 updates 490/6250 episodes, total num timesteps 1571200/20000000, FPS 9352.

average episode rewards is -130.62599182128906

 Scenario simple_spread Algo rmappo Exp reference_20260925T173510Z_880afb_mappo_w128_seed2 updates 495/6250 episodes, total num timesteps 1587200/20000000, FPS 9353.

average episode rewards is -131.885009765625

 Scenario simple_spread Algo rmappo Exp reference_20260925T173510Z_880afb_mappo_w128_seed2 updates 500/6250 episodes, total num timesteps 1603200/20000000, FPS 9353.

average episode rewards is -132.0234832763672
eval average episode rewards of agent: -131.27618935312455
eval success rate: 0.2

 Scenario simple_spread Algo rmappo Exp reference_20260925T173510Z_880afb_mappo_w128_seed2 updates 505/6250 episodes, total num timesteps 1619200/20000000, FPS 9352.

average episode rewards is -130.71087646484375

 Scenario simple_spread Algo rmappo Exp reference_20260925T173510Z_880afb_mappo_w128_seed2 updates 510/6250 episodes, total num timesteps 1635200/20000000, FPS 9350.

average episode rewards is -129.81907653808594

 Scenario simple_spread Algo rmappo Exp reference_20260925T173510Z_880afb_mappo_w128_seed2 updates 515/6250 episodes, total num timesteps 1651200/20000000, FPS 9351.

average episode rewards is -129.56935119628906

 Scenario simple_spread Algo rmappo Exp reference_20260925T173510Z_880afb_mappo_w128_seed2 updates 520/6250 episodes, total num timesteps 1667200/20000000, FPS 9352.

average episode rewards is -127.65895080566406

 Scenario simple_spread Algo rmappo Exp reference_20260925T173510Z_880afb_mappo_w128_seed2 updates 525/6250 episodes, total num timesteps 1683200/20000000, FPS 9354.

average episode rewards is -127.48500061035156
eval average episode rewards of agent: -126.61773816605532
eval success rate: 0.4

 Scenario simple_spread Algo rmappo Exp reference_20260925T173510Z_880afb_mappo_w128_seed2 updates 530/6250 episodes, total num timesteps 1699200/20000000, FPS 9351.

average episode rewards is -128.64605712890625

 Scenario simple_spread Algo rmappo Exp reference_20260925T173510Z_880afb_mappo_w128_seed2 updates 535/6250 episodes, total num timesteps 1715200/20000000, FPS 9346.

average episode rewards is -128.2699432373047

 Scenario simple_spread Algo rmappo Exp reference_20260925T173510Z_880afb_mappo_w128_seed2 updates 540/6250 episodes, total num timesteps 1731200/20000000, FPS 9347.

average episode rewards is -129.4213104248047

 Scenario simple_spread Algo rmappo Exp reference_20260925T173510Z_880afb_mappo_w128_seed2 updates 545/6250 episodes, total num timesteps 1747200/20000000, FPS 9348.

average episode rewards is -127.69662475585938

 Scenario simple_spread Algo rmappo Exp reference_20260925T173510Z_880afb_mappo_w128_seed2 updates 550/6250 episodes, total num timesteps 1763200/20000000, FPS 9351.

average episode rewards is -127.09002685546875
eval average episode rewards of agent: -122.58737038747134
eval success rate: 0.45

 Scenario simple_spread Algo rmappo Exp reference_20260925T173510Z_880afb_mappo_w128_seed2 updates 555/6250 episodes, total num timesteps 1779200/20000000, FPS 9348.

average episode rewards is -127.84468841552734

 Scenario simple_spread Algo rmappo Exp reference_20260925T173510Z_880afb_mappo_w128_seed2 updates 560/6250 episodes, total num timesteps 1795200/20000000, FPS 9349.

average episode rewards is -125.98563385009766

 Scenario simple_spread Algo rmappo Exp reference_20260925T173510Z_880afb_mappo_w128_seed2 updates 565/6250 episodes, total num timesteps 1811200/20000000, FPS 9350.

average episode rewards is -125.68558502197266

 Scenario simple_spread Algo rmappo Exp reference_20260925T173510Z_880afb_mappo_w128_seed2 updates 570/6250 episodes, total num timesteps 1827200/20000000, FPS 9351.

average episode rewards is -127.78180694580078

 Scenario simple_spread Algo rmappo Exp reference_20260925T173510Z_880afb_mappo_w128_seed2 updates 575/6250 episodes, total num timesteps 1843200/20000000, FPS 9352.

average episode rewards is -127.52037048339844
eval average episode rewards of agent: -123.71697864820945
eval success rate: 0.3

 Scenario simple_spread Algo rmappo Exp reference_20260925T173510Z_880afb_mappo_w128_seed2 updates 580/6250 episodes, total num timesteps 1859200/20000000, FPS 9350.

average episode rewards is -126.32856750488281

 Scenario simple_spread Algo rmappo Exp reference_20260925T173510Z_880afb_mappo_w128_seed2 updates 585/6250 episodes, total num timesteps 1875200/20000000, FPS 9353.

average episode rewards is -127.50313568115234

 Scenario simple_spread Algo rmappo Exp reference_20260925T173510Z_880afb_mappo_w128_seed2 updates 590/6250 episodes, total num timesteps 1891200/20000000, FPS 9353.

average episode rewards is -128.65472412109375

 Scenario simple_spread Algo rmappo Exp reference_20260925T173510Z_880afb_mappo_w128_seed2 updates 595/6250 episodes, total num timesteps 1907200/20000000, FPS 9348.

average episode rewards is -125.74967956542969

 Scenario simple_spread Algo rmappo Exp reference_20260925T173510Z_880afb_mappo_w128_seed2 updates 600/6250 episodes, total num timesteps 1923200/20000000, FPS 9349.

average episode rewards is -127.76837158203125
eval average episode rewards of agent: -120.2796535561684
eval success rate: 0.6

 Scenario simple_spread Algo rmappo Exp reference_20260925T173510Z_880afb_mappo_w128_seed2 updates 605/6250 episodes, total num timesteps 1939200/20000000, FPS 9347.

average episode rewards is -126.88497161865234

 Scenario simple_spread Algo rmappo Exp reference_20260925T173510Z_880afb_mappo_w128_seed2 updates 610/6250 episodes, total num timesteps 1955200/20000000, FPS 9348.

average episode rewards is -129.37844848632812

 Scenario simple_spread Algo rmappo Exp reference_20260925T173510Z_880afb_mappo_w128_seed2 updates 615/6250 episodes, total num timesteps 1971200/20000000, FPS 9350.

average episode rewards is -125.9887924194336

 Scenario simple_spread Algo rmappo Exp reference_20260925T173510Z_880afb_mappo_w128_seed2 updates 620/6250 episodes, total num timesteps 1987200/20000000, FPS 9352.

average episode rewards is -126.92559051513672

 Scenario simple_spread Algo rmappo Exp reference_20260925T173510Z_880afb_mappo_w128_seed2 updates 625/6250 episodes, total num timesteps 2003200/20000000, FPS 9354.

average episode rewards is -126.88304138183594
eval average episode rewards of agent: -123.6816147809548
eval success rate: 0.35

 Scenario simple_spread Algo rmappo Exp reference_20260925T173510Z_880afb_mappo_w128_seed2 updates 630/6250 episodes, total num timesteps 2019200/20000000, FPS 9353.

average episode rewards is -125.2858657836914

 Scenario simple_spread Algo rmappo Exp reference_20260925T173510Z_880afb_mappo_w128_seed2 updates 635/6250 episodes, total num timesteps 2035200/20000000, FPS 9352.

average episode rewards is -121.96276092529297

 Scenario simple_spread Algo rmappo Exp reference_20260925T173510Z_880afb_mappo_w128_seed2 updates 640/6250 episodes, total num timesteps 2051200/20000000, FPS 9352.

average episode rewards is -125.75775146484375

 Scenario simple_spread Algo rmappo Exp reference_20260925T173510Z_880afb_mappo_w128_seed2 updates 645/6250 episodes, total num timesteps 2067200/20000000, FPS 9352.

average episode rewards is -124.93326568603516

 Scenario simple_spread Algo rmappo Exp reference_20260925T173510Z_880afb_mappo_w128_seed2 updates 650/6250 episodes, total num timesteps 2083200/20000000, FPS 9353.

average episode rewards is -125.07099914550781
eval average episode rewards of agent: -124.85193693918664
eval success rate: 0.45

 Scenario simple_spread Algo rmappo Exp reference_20260925T173510Z_880afb_mappo_w128_seed2 updates 655/6250 episodes, total num timesteps 2099200/20000000, FPS 9346.

average episode rewards is -125.30873107910156

 Scenario simple_spread Algo rmappo Exp reference_20260925T173510Z_880afb_mappo_w128_seed2 updates 660/6250 episodes, total num timesteps 2115200/20000000, FPS 9348.

average episode rewards is -127.33084869384766

 Scenario simple_spread Algo rmappo Exp reference_20260925T173510Z_880afb_mappo_w128_seed2 updates 665/6250 episodes, total num timesteps 2131200/20000000, FPS 9348.

average episode rewards is -122.54962921142578

 Scenario simple_spread Algo rmappo Exp reference_20260925T173510Z_880afb_mappo_w128_seed2 updates 670/6250 episodes, total num timesteps 2147200/20000000, FPS 9349.

average episode rewards is -123.74356079101562

 Scenario simple_spread Algo rmappo Exp reference_20260925T173510Z_880afb_mappo_w128_seed2 updates 675/6250 episodes, total num timesteps 2163200/20000000, FPS 9352.

average episode rewards is -123.79737091064453
eval average episode rewards of agent: -122.75708611689747
eval success rate: 0.35

 Scenario simple_spread Algo rmappo Exp reference_20260925T173510Z_880afb_mappo_w128_seed2 updates 680/6250 episodes, total num timesteps 2179200/20000000, FPS 9351.

average episode rewards is -126.26459503173828

 Scenario simple_spread Algo rmappo Exp reference_20260925T173510Z_880afb_mappo_w128_seed2 updates 685/6250 episodes, total num timesteps 2195200/20000000, FPS 9351.

average episode rewards is -123.73917388916016

 Scenario simple_spread Algo rmappo Exp reference_20260925T173510Z_880afb_mappo_w128_seed2 updates 690/6250 episodes, total num timesteps 2211200/20000000, FPS 9352.

average episode rewards is -127.35713958740234

 Scenario simple_spread Algo rmappo Exp reference_20260925T173510Z_880afb_mappo_w128_seed2 updates 695/6250 episodes, total num timesteps 2227200/20000000, FPS 9353.

average episode rewards is -124.80900573730469

 Scenario simple_spread Algo rmappo Exp reference_20260925T173510Z_880afb_mappo_w128_seed2 updates 700/6250 episodes, total num timesteps 2243200/20000000, FPS 9353.

average episode rewards is -124.90605163574219
eval average episode rewards of agent: -123.47700549036249
eval success rate: 0.75

 Scenario simple_spread Algo rmappo Exp reference_20260925T173510Z_880afb_mappo_w128_seed2 updates 705/6250 episodes, total num timesteps 2259200/20000000, FPS 9352.

average episode rewards is -123.30596160888672

 Scenario simple_spread Algo rmappo Exp reference_20260925T173510Z_880afb_mappo_w128_seed2 updates 710/6250 episodes, total num timesteps 2275200/20000000, FPS 9352.

average episode rewards is -126.26639556884766

 Scenario simple_spread Algo rmappo Exp reference_20260925T173510Z_880afb_mappo_w128_seed2 updates 715/6250 episodes, total num timesteps 2291200/20000000, FPS 9348.

average episode rewards is -124.8600845336914

 Scenario simple_spread Algo rmappo Exp reference_20260925T173510Z_880afb_mappo_w128_seed2 updates 720/6250 episodes, total num timesteps 2307200/20000000, FPS 9349.

average episode rewards is -124.7298583984375

 Scenario simple_spread Algo rmappo Exp reference_20260925T173510Z_880afb_mappo_w128_seed2 updates 725/6250 episodes, total num timesteps 2323200/20000000, FPS 9350.

average episode rewards is -122.99258422851562
eval average episode rewards of agent: -127.34371299636331
eval success rate: 0.5

 Scenario simple_spread Algo rmappo Exp reference_20260925T173510Z_880afb_mappo_w128_seed2 updates 730/6250 episodes, total num timesteps 2339200/20000000, FPS 9348.

average episode rewards is -123.41609954833984

 Scenario simple_spread Algo rmappo Exp reference_20260925T173510Z_880afb_mappo_w128_seed2 updates 735/6250 episodes, total num timesteps 2355200/20000000, FPS 9350.

average episode rewards is -123.36096954345703

 Scenario simple_spread Algo rmappo Exp reference_20260925T173510Z_880afb_mappo_w128_seed2 updates 740/6250 episodes, total num timesteps 2371200/20000000, FPS 9350.

average episode rewards is -122.646240234375

 Scenario simple_spread Algo rmappo Exp reference_20260925T173510Z_880afb_mappo_w128_seed2 updates 745/6250 episodes, total num timesteps 2387200/20000000, FPS 9351.

average episode rewards is -125.84273529052734

 Scenario simple_spread Algo rmappo Exp reference_20260925T173510Z_880afb_mappo_w128_seed2 updates 750/6250 episodes, total num timesteps 2403200/20000000, FPS 9352.

average episode rewards is -124.80448150634766
eval average episode rewards of agent: -123.20735007954067
eval success rate: 0.6

 Scenario simple_spread Algo rmappo Exp reference_20260925T173510Z_880afb_mappo_w128_seed2 updates 755/6250 episodes, total num timesteps 2419200/20000000, FPS 9351.

average episode rewards is -124.20706939697266

 Scenario simple_spread Algo rmappo Exp reference_20260925T173510Z_880afb_mappo_w128_seed2 updates 760/6250 episodes, total num timesteps 2435200/20000000, FPS 9352.

average episode rewards is -124.38803100585938

 Scenario simple_spread Algo rmappo Exp reference_20260925T173510Z_880afb_mappo_w128_seed2 updates 765/6250 episodes, total num timesteps 2451200/20000000, FPS 9352.

average episode rewards is -123.91424560546875

 Scenario simple_spread Algo rmappo Exp reference_20260925T173510Z_880afb_mappo_w128_seed2 updates 770/6250 episodes, total num timesteps 2467200/20000000, FPS 9352.

average episode rewards is -122.65640258789062

 Scenario simple_spread Algo rmappo Exp reference_20260925T173510Z_880afb_mappo_w128_seed2 updates 775/6250 episodes, total num timesteps 2483200/20000000, FPS 9350.

average episode rewards is -123.0324478149414
eval average episode rewards of agent: -118.53604662316101
eval success rate: 0.5

 Scenario simple_spread Algo rmappo Exp reference_20260925T173510Z_880afb_mappo_w128_seed2 updates 780/6250 episodes, total num timesteps 2499200/20000000, FPS 9349.

average episode rewards is -123.56576538085938

 Scenario simple_spread Algo rmappo Exp reference_20260925T173510Z_880afb_mappo_w128_seed2 updates 785/6250 episodes, total num timesteps 2515200/20000000, FPS 9349.

average episode rewards is -124.46952056884766

 Scenario simple_spread Algo rmappo Exp reference_20260925T173510Z_880afb_mappo_w128_seed2 updates 790/6250 episodes, total num timesteps 2531200/20000000, FPS 9349.

average episode rewards is -123.54904174804688

 Scenario simple_spread Algo rmappo Exp reference_20260925T173510Z_880afb_mappo_w128_seed2 updates 795/6250 episodes, total num timesteps 2547200/20000000, FPS 9349.

average episode rewards is -121.92435455322266

 Scenario simple_spread Algo rmappo Exp reference_20260925T173510Z_880afb_mappo_w128_seed2 updates 800/6250 episodes, total num timesteps 2563200/20000000, FPS 9350.

average episode rewards is -124.47415924072266
eval average episode rewards of agent: -122.959581271287
eval success rate: 0.65

 Scenario simple_spread Algo rmappo Exp reference_20260925T173510Z_880afb_mappo_w128_seed2 updates 805/6250 episodes, total num timesteps 2579200/20000000, FPS 9349.

average episode rewards is -121.86800384521484

 Scenario simple_spread Algo rmappo Exp reference_20260925T173510Z_880afb_mappo_w128_seed2 updates 810/6250 episodes, total num timesteps 2595200/20000000, FPS 9350.

average episode rewards is -123.44017028808594

 Scenario simple_spread Algo rmappo Exp reference_20260925T173510Z_880afb_mappo_w128_seed2 updates 815/6250 episodes, total num timesteps 2611200/20000000, FPS 9351.

average episode rewards is -123.22190856933594

 Scenario simple_spread Algo rmappo Exp reference_20260925T173510Z_880afb_mappo_w128_seed2 updates 820/6250 episodes, total num timesteps 2627200/20000000, FPS 9352.

average episode rewards is -121.42851257324219

 Scenario simple_spread Algo rmappo Exp reference_20260925T173510Z_880afb_mappo_w128_seed2 updates 825/6250 episodes, total num timesteps 2643200/20000000, FPS 9352.

average episode rewards is -122.1223373413086
eval average episode rewards of agent: -122.66475418664942
eval success rate: 0.65

 Scenario simple_spread Algo rmappo Exp reference_20260925T173510Z_880afb_mappo_w128_seed2 updates 830/6250 episodes, total num timesteps 2659200/20000000, FPS 9346.

average episode rewards is -120.89530181884766

 Scenario simple_spread Algo rmappo Exp reference_20260925T173510Z_880afb_mappo_w128_seed2 updates 835/6250 episodes, total num timesteps 2675200/20000000, FPS 9346.

average episode rewards is -124.97388458251953

 Scenario simple_spread Algo rmappo Exp reference_20260925T173510Z_880afb_mappo_w128_seed2 updates 840/6250 episodes, total num timesteps 2691200/20000000, FPS 9347.

average episode rewards is -121.59346008300781

 Scenario simple_spread Algo rmappo Exp reference_20260925T173510Z_880afb_mappo_w128_seed2 updates 845/6250 episodes, total num timesteps 2707200/20000000, FPS 9348.

average episode rewards is -121.3804931640625

 Scenario simple_spread Algo rmappo Exp reference_20260925T173510Z_880afb_mappo_w128_seed2 updates 850/6250 episodes, total num timesteps 2723200/20000000, FPS 9348.

average episode rewards is -120.24546813964844
eval average episode rewards of agent: -124.83132716245471
eval success rate: 0.7

 Scenario simple_spread Algo rmappo Exp reference_20260925T173510Z_880afb_mappo_w128_seed2 updates 855/6250 episodes, total num timesteps 2739200/20000000, FPS 9348.

average episode rewards is -122.57107543945312

 Scenario simple_spread Algo rmappo Exp reference_20260925T173510Z_880afb_mappo_w128_seed2 updates 860/6250 episodes, total num timesteps 2755200/20000000, FPS 9348.

average episode rewards is -121.02144622802734

 Scenario simple_spread Algo rmappo Exp reference_20260925T173510Z_880afb_mappo_w128_seed2 updates 865/6250 episodes, total num timesteps 2771200/20000000, FPS 9348.

average episode rewards is -117.58723449707031

 Scenario simple_spread Algo rmappo Exp reference_20260925T173510Z_880afb_mappo_w128_seed2 updates 870/6250 episodes, total num timesteps 2787200/20000000, FPS 9349.

average episode rewards is -119.46167755126953

 Scenario simple_spread Algo rmappo Exp reference_20260925T173510Z_880afb_mappo_w128_seed2 updates 875/6250 episodes, total num timesteps 2803200/20000000, FPS 9351.

average episode rewards is -120.04010772705078
eval average episode rewards of agent: -121.65894525895986
eval success rate: 0.75

 Scenario simple_spread Algo rmappo Exp reference_20260925T173510Z_880afb_mappo_w128_seed2 updates 880/6250 episodes, total num timesteps 2819200/20000000, FPS 9350.

average episode rewards is -121.4555892944336

 Scenario simple_spread Algo rmappo Exp reference_20260925T173510Z_880afb_mappo_w128_seed2 updates 885/6250 episodes, total num timesteps 2835200/20000000, FPS 9350.

average episode rewards is -121.42060852050781

 Scenario simple_spread Algo rmappo Exp reference_20260925T173510Z_880afb_mappo_w128_seed2 updates 890/6250 episodes, total num timesteps 2851200/20000000, FPS 9348.

average episode rewards is -123.69676971435547

 Scenario simple_spread Algo rmappo Exp reference_20260925T173510Z_880afb_mappo_w128_seed2 updates 895/6250 episodes, total num timesteps 2867200/20000000, FPS 9348.

average episode rewards is -121.43826293945312

 Scenario simple_spread Algo rmappo Exp reference_20260925T173510Z_880afb_mappo_w128_seed2 updates 900/6250 episodes, total num timesteps 2883200/20000000, FPS 9349.

average episode rewards is -122.65656280517578
eval average episode rewards of agent: -114.93022756632014
eval success rate: 0.8

 Scenario simple_spread Algo rmappo Exp reference_20260925T173510Z_880afb_mappo_w128_seed2 updates 905/6250 episodes, total num timesteps 2899200/20000000, FPS 9347.

average episode rewards is -119.46685028076172

 Scenario simple_spread Algo rmappo Exp reference_20260925T173510Z_880afb_mappo_w128_seed2 updates 910/6250 episodes, total num timesteps 2915200/20000000, FPS 9348.

average episode rewards is -120.69325256347656

 Scenario simple_spread Algo rmappo Exp reference_20260925T173510Z_880afb_mappo_w128_seed2 updates 915/6250 episodes, total num timesteps 2931200/20000000, FPS 9349.

average episode rewards is -120.32686614990234

 Scenario simple_spread Algo rmappo Exp reference_20260925T173510Z_880afb_mappo_w128_seed2 updates 920/6250 episodes, total num timesteps 2947200/20000000, FPS 9349.

average episode rewards is -121.67443084716797

 Scenario simple_spread Algo rmappo Exp reference_20260925T173510Z_880afb_mappo_w128_seed2 updates 925/6250 episodes, total num timesteps 2963200/20000000, FPS 9349.

average episode rewards is -120.03729248046875
eval average episode rewards of agent: -125.34333559666287
eval success rate: 0.85

 Scenario simple_spread Algo rmappo Exp reference_20260925T173510Z_880afb_mappo_w128_seed2 updates 930/6250 episodes, total num timesteps 2979200/20000000, FPS 9348.

average episode rewards is -118.94520568847656

 Scenario simple_spread Algo rmappo Exp reference_20260925T173510Z_880afb_mappo_w128_seed2 updates 935/6250 episodes, total num timesteps 2995200/20000000, FPS 9349.

average episode rewards is -119.58204650878906

 Scenario simple_spread Algo rmappo Exp reference_20260925T173510Z_880afb_mappo_w128_seed2 updates 940/6250 episodes, total num timesteps 3011200/20000000, FPS 9349.

average episode rewards is -122.31517791748047

 Scenario simple_spread Algo rmappo Exp reference_20260925T173510Z_880afb_mappo_w128_seed2 updates 945/6250 episodes, total num timesteps 3027200/20000000, FPS 9349.

average episode rewards is -120.05757141113281

 Scenario simple_spread Algo rmappo Exp reference_20260925T173510Z_880afb_mappo_w128_seed2 updates 950/6250 episodes, total num timesteps 3043200/20000000, FPS 9347.

average episode rewards is -119.8271255493164
eval average episode rewards of agent: -119.5843712272356
eval success rate: 0.7

 Scenario simple_spread Algo rmappo Exp reference_20260925T173510Z_880afb_mappo_w128_seed2 updates 955/6250 episodes, total num timesteps 3059200/20000000, FPS 9345.

average episode rewards is -117.81917572021484

 Scenario simple_spread Algo rmappo Exp reference_20260925T173510Z_880afb_mappo_w128_seed2 updates 960/6250 episodes, total num timesteps 3075200/20000000, FPS 9346.

average episode rewards is -119.06265258789062

 Scenario simple_spread Algo rmappo Exp reference_20260925T173510Z_880afb_mappo_w128_seed2 updates 965/6250 episodes, total num timesteps 3091200/20000000, FPS 9346.

average episode rewards is -120.40727996826172

 Scenario simple_spread Algo rmappo Exp reference_20260925T173510Z_880afb_mappo_w128_seed2 updates 970/6250 episodes, total num timesteps 3107200/20000000, FPS 9347.

average episode rewards is -119.3624496459961

 Scenario simple_spread Algo rmappo Exp reference_20260925T173510Z_880afb_mappo_w128_seed2 updates 975/6250 episodes, total num timesteps 3123200/20000000, FPS 9347.

average episode rewards is -115.65078735351562
eval average episode rewards of agent: -122.35885097866353
eval success rate: 0.7

 Scenario simple_spread Algo rmappo Exp reference_20260925T173510Z_880afb_mappo_w128_seed2 updates 980/6250 episodes, total num timesteps 3139200/20000000, FPS 9346.

average episode rewards is -119.05587005615234

 Scenario simple_spread Algo rmappo Exp reference_20260925T173510Z_880afb_mappo_w128_seed2 updates 985/6250 episodes, total num timesteps 3155200/20000000, FPS 9345.

average episode rewards is -120.09842681884766

 Scenario simple_spread Algo rmappo Exp reference_20260925T173510Z_880afb_mappo_w128_seed2 updates 990/6250 episodes, total num timesteps 3171200/20000000, FPS 9346.

average episode rewards is -118.14094543457031

 Scenario simple_spread Algo rmappo Exp reference_20260925T173510Z_880afb_mappo_w128_seed2 updates 995/6250 episodes, total num timesteps 3187200/20000000, FPS 9347.

average episode rewards is -119.88662719726562

 Scenario simple_spread Algo rmappo Exp reference_20260925T173510Z_880afb_mappo_w128_seed2 updates 1000/6250 episodes, total num timesteps 3203200/20000000, FPS 9347.

average episode rewards is -119.7524642944336
eval average episode rewards of agent: -118.58253105396942
eval success rate: 0.8

 Scenario simple_spread Algo rmappo Exp reference_20260925T173510Z_880afb_mappo_w128_seed2 updates 1005/6250 episodes, total num timesteps 3219200/20000000, FPS 9345.

average episode rewards is -118.83515930175781

 Scenario simple_spread Algo rmappo Exp reference_20260925T173510Z_880afb_mappo_w128_seed2 updates 1010/6250 episodes, total num timesteps 3235200/20000000, FPS 9343.

average episode rewards is -119.6277847290039

 Scenario simple_spread Algo rmappo Exp reference_20260925T173510Z_880afb_mappo_w128_seed2 updates 1015/6250 episodes, total num timesteps 3251200/20000000, FPS 9344.

average episode rewards is -119.8166275024414

 Scenario simple_spread Algo rmappo Exp reference_20260925T173510Z_880afb_mappo_w128_seed2 updates 1020/6250 episodes, total num timesteps 3267200/20000000, FPS 9343.

average episode rewards is -118.96060943603516

 Scenario simple_spread Algo rmappo Exp reference_20260925T173510Z_880afb_mappo_w128_seed2 updates 1025/6250 episodes, total num timesteps 3283200/20000000, FPS 9343.

average episode rewards is -119.06521606445312
eval average episode rewards of agent: -115.869773581456
eval success rate: 0.85

 Scenario simple_spread Algo rmappo Exp reference_20260925T173510Z_880afb_mappo_w128_seed2 updates 1030/6250 episodes, total num timesteps 3299200/20000000, FPS 9343.

average episode rewards is -117.58454895019531

 Scenario simple_spread Algo rmappo Exp reference_20260925T173510Z_880afb_mappo_w128_seed2 updates 1035/6250 episodes, total num timesteps 3315200/20000000, FPS 9342.

average episode rewards is -120.53411865234375

 Scenario simple_spread Algo rmappo Exp reference_20260925T173510Z_880afb_mappo_w128_seed2 updates 1040/6250 episodes, total num timesteps 3331200/20000000, FPS 9344.

average episode rewards is -119.8365478515625

 Scenario simple_spread Algo rmappo Exp reference_20260925T173510Z_880afb_mappo_w128_seed2 updates 1045/6250 episodes, total num timesteps 3347200/20000000, FPS 9344.

average episode rewards is -118.86986541748047

 Scenario simple_spread Algo rmappo Exp reference_20260925T173510Z_880afb_mappo_w128_seed2 updates 1050/6250 episodes, total num timesteps 3363200/20000000, FPS 9345.

average episode rewards is -119.367919921875
eval average episode rewards of agent: -113.33850692097221
eval success rate: 0.85

 Scenario simple_spread Algo rmappo Exp reference_20260925T173510Z_880afb_mappo_w128_seed2 updates 1055/6250 episodes, total num timesteps 3379200/20000000, FPS 9344.

average episode rewards is -120.55424499511719

 Scenario simple_spread Algo rmappo Exp reference_20260925T173510Z_880afb_mappo_w128_seed2 updates 1060/6250 episodes, total num timesteps 3395200/20000000, FPS 9345.

average episode rewards is -119.40470886230469

 Scenario simple_spread Algo rmappo Exp reference_20260925T173510Z_880afb_mappo_w128_seed2 updates 1065/6250 episodes, total num timesteps 3411200/20000000, FPS 9345.

average episode rewards is -118.3252944946289

 Scenario simple_spread Algo rmappo Exp reference_20260925T173510Z_880afb_mappo_w128_seed2 updates 1070/6250 episodes, total num timesteps 3427200/20000000, FPS 9343.

average episode rewards is -118.6969985961914

 Scenario simple_spread Algo rmappo Exp reference_20260925T173510Z_880afb_mappo_w128_seed2 updates 1075/6250 episodes, total num timesteps 3443200/20000000, FPS 9343.

average episode rewards is -121.41130828857422
eval average episode rewards of agent: -109.4963383104591
eval success rate: 0.9

 Scenario simple_spread Algo rmappo Exp reference_20260925T173510Z_880afb_mappo_w128_seed2 updates 1080/6250 episodes, total num timesteps 3459200/20000000, FPS 9342.

average episode rewards is -120.85560607910156

 Scenario simple_spread Algo rmappo Exp reference_20260925T173510Z_880afb_mappo_w128_seed2 updates 1085/6250 episodes, total num timesteps 3475200/20000000, FPS 9342.

average episode rewards is -117.59227752685547

 Scenario simple_spread Algo rmappo Exp reference_20260925T173510Z_880afb_mappo_w128_seed2 updates 1090/6250 episodes, total num timesteps 3491200/20000000, FPS 9343.

average episode rewards is -120.20390319824219

 Scenario simple_spread Algo rmappo Exp reference_20260925T173510Z_880afb_mappo_w128_seed2 updates 1095/6250 episodes, total num timesteps 3507200/20000000, FPS 9344.

average episode rewards is -119.68328857421875

 Scenario simple_spread Algo rmappo Exp reference_20260925T173510Z_880afb_mappo_w128_seed2 updates 1100/6250 episodes, total num timesteps 3523200/20000000, FPS 9345.

average episode rewards is -120.7152099609375
eval average episode rewards of agent: -117.39689945997496
eval success rate: 0.9

 Scenario simple_spread Algo rmappo Exp reference_20260925T173510Z_880afb_mappo_w128_seed2 updates 1105/6250 episodes, total num timesteps 3539200/20000000, FPS 9344.

average episode rewards is -118.74093627929688

 Scenario simple_spread Algo rmappo Exp reference_20260925T173510Z_880afb_mappo_w128_seed2 updates 1110/6250 episodes, total num timesteps 3555200/20000000, FPS 9345.

average episode rewards is -120.20905303955078

 Scenario simple_spread Algo rmappo Exp reference_20260925T173510Z_880afb_mappo_w128_seed2 updates 1115/6250 episodes, total num timesteps 3571200/20000000, FPS 9346.

average episode rewards is -119.74635314941406

 Scenario simple_spread Algo rmappo Exp reference_20260925T173510Z_880afb_mappo_w128_seed2 updates 1120/6250 episodes, total num timesteps 3587200/20000000, FPS 9346.

average episode rewards is -121.48706817626953

 Scenario simple_spread Algo rmappo Exp reference_20260925T173510Z_880afb_mappo_w128_seed2 updates 1125/6250 episodes, total num timesteps 3603200/20000000, FPS 9343.

average episode rewards is -116.0252456665039
eval average episode rewards of agent: -115.02923024304813
eval success rate: 0.95

 Scenario simple_spread Algo rmappo Exp reference_20260925T173510Z_880afb_mappo_w128_seed2 updates 1130/6250 episodes, total num timesteps 3619200/20000000, FPS 9343.

average episode rewards is -119.21568298339844

 Scenario simple_spread Algo rmappo Exp reference_20260925T173510Z_880afb_mappo_w128_seed2 updates 1135/6250 episodes, total num timesteps 3635200/20000000, FPS 9343.

average episode rewards is -119.0280532836914

 Scenario simple_spread Algo rmappo Exp reference_20260925T173510Z_880afb_mappo_w128_seed2 updates 1140/6250 episodes, total num timesteps 3651200/20000000, FPS 9343.

average episode rewards is -119.49022674560547

 Scenario simple_spread Algo rmappo Exp reference_20260925T173510Z_880afb_mappo_w128_seed2 updates 1145/6250 episodes, total num timesteps 3667200/20000000, FPS 9344.

average episode rewards is -120.66641235351562

 Scenario simple_spread Algo rmappo Exp reference_20260925T173510Z_880afb_mappo_w128_seed2 updates 1150/6250 episodes, total num timesteps 3683200/20000000, FPS 9345.

average episode rewards is -120.49605560302734
eval average episode rewards of agent: -116.32433740120963
eval success rate: 0.75

 Scenario simple_spread Algo rmappo Exp reference_20260925T173510Z_880afb_mappo_w128_seed2 updates 1155/6250 episodes, total num timesteps 3699200/20000000, FPS 9344.

average episode rewards is -119.27014923095703

 Scenario simple_spread Algo rmappo Exp reference_20260925T173510Z_880afb_mappo_w128_seed2 updates 1160/6250 episodes, total num timesteps 3715200/20000000, FPS 9344.

average episode rewards is -120.11786651611328

 Scenario simple_spread Algo rmappo Exp reference_20260925T173510Z_880afb_mappo_w128_seed2 updates 1165/6250 episodes, total num timesteps 3731200/20000000, FPS 9345.

average episode rewards is -118.5008544921875

 Scenario simple_spread Algo rmappo Exp reference_20260925T173510Z_880afb_mappo_w128_seed2 updates 1170/6250 episodes, total num timesteps 3747200/20000000, FPS 9345.

average episode rewards is -122.15052795410156

 Scenario simple_spread Algo rmappo Exp reference_20260925T173510Z_880afb_mappo_w128_seed2 updates 1175/6250 episodes, total num timesteps 3763200/20000000, FPS 9346.

average episode rewards is -120.74656677246094
eval average episode rewards of agent: -119.34066492166352
eval success rate: 0.65

 Scenario simple_spread Algo rmappo Exp reference_20260925T173510Z_880afb_mappo_w128_seed2 updates 1180/6250 episodes, total num timesteps 3779200/20000000, FPS 9345.

average episode rewards is -119.47737121582031

 Scenario simple_spread Algo rmappo Exp reference_20260925T173510Z_880afb_mappo_w128_seed2 updates 1185/6250 episodes, total num timesteps 3795200/20000000, FPS 9343.

average episode rewards is -118.11763000488281

 Scenario simple_spread Algo rmappo Exp reference_20260925T173510Z_880afb_mappo_w128_seed2 updates 1190/6250 episodes, total num timesteps 3811200/20000000, FPS 9343.

average episode rewards is -117.85713195800781

 Scenario simple_spread Algo rmappo Exp reference_20260925T173510Z_880afb_mappo_w128_seed2 updates 1195/6250 episodes, total num timesteps 3827200/20000000, FPS 9343.

average episode rewards is -120.89834594726562

 Scenario simple_spread Algo rmappo Exp reference_20260925T173510Z_880afb_mappo_w128_seed2 updates 1200/6250 episodes, total num timesteps 3843200/20000000, FPS 9343.

average episode rewards is -117.6915054321289
eval average episode rewards of agent: -119.377441185137
eval success rate: 0.75

 Scenario simple_spread Algo rmappo Exp reference_20260925T173510Z_880afb_mappo_w128_seed2 updates 1205/6250 episodes, total num timesteps 3859200/20000000, FPS 9342.

average episode rewards is -118.43238067626953

 Scenario simple_spread Algo rmappo Exp reference_20260925T173510Z_880afb_mappo_w128_seed2 updates 1210/6250 episodes, total num timesteps 3875200/20000000, FPS 9342.

average episode rewards is -120.89578247070312

 Scenario simple_spread Algo rmappo Exp reference_20260925T173510Z_880afb_mappo_w128_seed2 updates 1215/6250 episodes, total num timesteps 3891200/20000000, FPS 9343.

average episode rewards is -119.18035888671875

 Scenario simple_spread Algo rmappo Exp reference_20260925T173510Z_880afb_mappo_w128_seed2 updates 1220/6250 episodes, total num timesteps 3907200/20000000, FPS 9343.

average episode rewards is -117.38584899902344

 Scenario simple_spread Algo rmappo Exp reference_20260925T173510Z_880afb_mappo_w128_seed2 updates 1225/6250 episodes, total num timesteps 3923200/20000000, FPS 9343.

average episode rewards is -119.06809997558594
eval average episode rewards of agent: -116.32065851656604
eval success rate: 0.75

 Scenario simple_spread Algo rmappo Exp reference_20260925T173510Z_880afb_mappo_w128_seed2 updates 1230/6250 episodes, total num timesteps 3939200/20000000, FPS 9343.

average episode rewards is -116.92778778076172

 Scenario simple_spread Algo rmappo Exp reference_20260925T173510Z_880afb_mappo_w128_seed2 updates 1235/6250 episodes, total num timesteps 3955200/20000000, FPS 9344.

average episode rewards is -118.4880599975586

 Scenario simple_spread Algo rmappo Exp reference_20260925T173510Z_880afb_mappo_w128_seed2 updates 1240/6250 episodes, total num timesteps 3971200/20000000, FPS 9345.

average episode rewards is -120.1038589477539

 Scenario simple_spread Algo rmappo Exp reference_20260925T173510Z_880afb_mappo_w128_seed2 updates 1245/6250 episodes, total num timesteps 3987200/20000000, FPS 9342.

average episode rewards is -118.74940490722656

 Scenario simple_spread Algo rmappo Exp reference_20260925T173510Z_880afb_mappo_w128_seed2 updates 1250/6250 episodes, total num timesteps 4003200/20000000, FPS 9342.

average episode rewards is -119.78386688232422
eval average episode rewards of agent: -117.46068342084145
eval success rate: 0.85

 Scenario simple_spread Algo rmappo Exp reference_20260925T173510Z_880afb_mappo_w128_seed2 updates 1255/6250 episodes, total num timesteps 4019200/20000000, FPS 9341.

average episode rewards is -121.07520294189453

 Scenario simple_spread Algo rmappo Exp reference_20260925T173510Z_880afb_mappo_w128_seed2 updates 1260/6250 episodes, total num timesteps 4035200/20000000, FPS 9341.

average episode rewards is -116.83969116210938

 Scenario simple_spread Algo rmappo Exp reference_20260925T173510Z_880afb_mappo_w128_seed2 updates 1265/6250 episodes, total num timesteps 4051200/20000000, FPS 9342.

average episode rewards is -120.01575469970703

 Scenario simple_spread Algo rmappo Exp reference_20260925T173510Z_880afb_mappo_w128_seed2 updates 1270/6250 episodes, total num timesteps 4067200/20000000, FPS 9342.

average episode rewards is -118.4828872680664

 Scenario simple_spread Algo rmappo Exp reference_20260925T173510Z_880afb_mappo_w128_seed2 updates 1275/6250 episodes, total num timesteps 4083200/20000000, FPS 9342.

average episode rewards is -120.72236633300781
eval average episode rewards of agent: -115.99337435067766
eval success rate: 0.75

 Scenario simple_spread Algo rmappo Exp reference_20260925T173510Z_880afb_mappo_w128_seed2 updates 1280/6250 episodes, total num timesteps 4099200/20000000, FPS 9342.

average episode rewards is -116.23954772949219

 Scenario simple_spread Algo rmappo Exp reference_20260925T173510Z_880afb_mappo_w128_seed2 updates 1285/6250 episodes, total num timesteps 4115200/20000000, FPS 9342.

average episode rewards is -117.39472198486328

 Scenario simple_spread Algo rmappo Exp reference_20260925T173510Z_880afb_mappo_w128_seed2 updates 1290/6250 episodes, total num timesteps 4131200/20000000, FPS 9343.

average episode rewards is -117.6672134399414

 Scenario simple_spread Algo rmappo Exp reference_20260925T173510Z_880afb_mappo_w128_seed2 updates 1295/6250 episodes, total num timesteps 4147200/20000000, FPS 9343.

average episode rewards is -118.03550720214844

 Scenario simple_spread Algo rmappo Exp reference_20260925T173510Z_880afb_mappo_w128_seed2 updates 1300/6250 episodes, total num timesteps 4163200/20000000, FPS 9343.

average episode rewards is -119.27130126953125
eval average episode rewards of agent: -120.16413141054427
eval success rate: 0.85

 Scenario simple_spread Algo rmappo Exp reference_20260925T173510Z_880afb_mappo_w128_seed2 updates 1305/6250 episodes, total num timesteps 4179200/20000000, FPS 9339.

average episode rewards is -121.48152923583984

 Scenario simple_spread Algo rmappo Exp reference_20260925T173510Z_880afb_mappo_w128_seed2 updates 1310/6250 episodes, total num timesteps 4195200/20000000, FPS 9340.

average episode rewards is -120.78768157958984

 Scenario simple_spread Algo rmappo Exp reference_20260925T173510Z_880afb_mappo_w128_seed2 updates 1315/6250 episodes, total num timesteps 4211200/20000000, FPS 9340.

average episode rewards is -119.19697570800781

 Scenario simple_spread Algo rmappo Exp reference_20260925T173510Z_880afb_mappo_w128_seed2 updates 1320/6250 episodes, total num timesteps 4227200/20000000, FPS 9341.

average episode rewards is -116.97642517089844

 Scenario simple_spread Algo rmappo Exp reference_20260925T173510Z_880afb_mappo_w128_seed2 updates 1325/6250 episodes, total num timesteps 4243200/20000000, FPS 9341.

average episode rewards is -116.83214569091797
eval average episode rewards of agent: -117.0896271514916
eval success rate: 0.9

 Scenario simple_spread Algo rmappo Exp reference_20260925T173510Z_880afb_mappo_w128_seed2 updates 1330/6250 episodes, total num timesteps 4259200/20000000, FPS 9340.

average episode rewards is -117.52094268798828

 Scenario simple_spread Algo rmappo Exp reference_20260925T173510Z_880afb_mappo_w128_seed2 updates 1335/6250 episodes, total num timesteps 4275200/20000000, FPS 9341.

average episode rewards is -118.34458923339844

 Scenario simple_spread Algo rmappo Exp reference_20260925T173510Z_880afb_mappo_w128_seed2 updates 1340/6250 episodes, total num timesteps 4291200/20000000, FPS 9341.

average episode rewards is -119.93378448486328

 Scenario simple_spread Algo rmappo Exp reference_20260925T173510Z_880afb_mappo_w128_seed2 updates 1345/6250 episodes, total num timesteps 4307200/20000000, FPS 9343.

average episode rewards is -116.44551849365234

 Scenario simple_spread Algo rmappo Exp reference_20260925T173510Z_880afb_mappo_w128_seed2 updates 1350/6250 episodes, total num timesteps 4323200/20000000, FPS 9342.

average episode rewards is -118.28507232666016
eval average episode rewards of agent: -117.97267529073754
eval success rate: 0.85

 Scenario simple_spread Algo rmappo Exp reference_20260925T173510Z_880afb_mappo_w128_seed2 updates 1355/6250 episodes, total num timesteps 4339200/20000000, FPS 9342.

average episode rewards is -121.97005462646484

 Scenario simple_spread Algo rmappo Exp reference_20260925T173510Z_880afb_mappo_w128_seed2 updates 1360/6250 episodes, total num timesteps 4355200/20000000, FPS 9342.

average episode rewards is -118.71800231933594

 Scenario simple_spread Algo rmappo Exp reference_20260925T173510Z_880afb_mappo_w128_seed2 updates 1365/6250 episodes, total num timesteps 4371200/20000000, FPS 9339.

average episode rewards is -118.03133392333984

 Scenario simple_spread Algo rmappo Exp reference_20260925T173510Z_880afb_mappo_w128_seed2 updates 1370/6250 episodes, total num timesteps 4387200/20000000, FPS 9340.

average episode rewards is -118.8869857788086

 Scenario simple_spread Algo rmappo Exp reference_20260925T173510Z_880afb_mappo_w128_seed2 updates 1375/6250 episodes, total num timesteps 4403200/20000000, FPS 9340.

average episode rewards is -118.64234161376953
eval average episode rewards of agent: -116.67807815081785
eval success rate: 0.9

 Scenario simple_spread Algo rmappo Exp reference_20260925T173510Z_880afb_mappo_w128_seed2 updates 1380/6250 episodes, total num timesteps 4419200/20000000, FPS 9339.

average episode rewards is -120.0968246459961

 Scenario simple_spread Algo rmappo Exp reference_20260925T173510Z_880afb_mappo_w128_seed2 updates 1385/6250 episodes, total num timesteps 4435200/20000000, FPS 9339.

average episode rewards is -119.4682388305664

 Scenario simple_spread Algo rmappo Exp reference_20260925T173510Z_880afb_mappo_w128_seed2 updates 1390/6250 episodes, total num timesteps 4451200/20000000, FPS 9339.

average episode rewards is -117.71070098876953

 Scenario simple_spread Algo rmappo Exp reference_20260925T173510Z_880afb_mappo_w128_seed2 updates 1395/6250 episodes, total num timesteps 4467200/20000000, FPS 9340.

average episode rewards is -117.78875732421875

 Scenario simple_spread Algo rmappo Exp reference_20260925T173510Z_880afb_mappo_w128_seed2 updates 1400/6250 episodes, total num timesteps 4483200/20000000, FPS 9341.

average episode rewards is -117.30524444580078
eval average episode rewards of agent: -120.18176223803084
eval success rate: 0.8

 Scenario simple_spread Algo rmappo Exp reference_20260925T173510Z_880afb_mappo_w128_seed2 updates 1405/6250 episodes, total num timesteps 4499200/20000000, FPS 9340.

average episode rewards is -116.75580596923828

 Scenario simple_spread Algo rmappo Exp reference_20260925T173510Z_880afb_mappo_w128_seed2 updates 1410/6250 episodes, total num timesteps 4515200/20000000, FPS 9340.

average episode rewards is -116.7409896850586

 Scenario simple_spread Algo rmappo Exp reference_20260925T173510Z_880afb_mappo_w128_seed2 updates 1415/6250 episodes, total num timesteps 4531200/20000000, FPS 9341.

average episode rewards is -117.11489868164062

 Scenario simple_spread Algo rmappo Exp reference_20260925T173510Z_880afb_mappo_w128_seed2 updates 1420/6250 episodes, total num timesteps 4547200/20000000, FPS 9341.

average episode rewards is -116.8609848022461

 Scenario simple_spread Algo rmappo Exp reference_20260925T173510Z_880afb_mappo_w128_seed2 updates 1425/6250 episodes, total num timesteps 4563200/20000000, FPS 9339.

average episode rewards is -116.37718963623047
eval average episode rewards of agent: -115.26750240512133
eval success rate: 0.8

 Scenario simple_spread Algo rmappo Exp reference_20260925T173510Z_880afb_mappo_w128_seed2 updates 1430/6250 episodes, total num timesteps 4579200/20000000, FPS 9338.

average episode rewards is -117.88835144042969

 Scenario simple_spread Algo rmappo Exp reference_20260925T173510Z_880afb_mappo_w128_seed2 updates 1435/6250 episodes, total num timesteps 4595200/20000000, FPS 9339.

average episode rewards is -118.0958251953125

 Scenario simple_spread Algo rmappo Exp reference_20260925T173510Z_880afb_mappo_w128_seed2 updates 1440/6250 episodes, total num timesteps 4611200/20000000, FPS 9339.

average episode rewards is -118.38998413085938

 Scenario simple_spread Algo rmappo Exp reference_20260925T173510Z_880afb_mappo_w128_seed2 updates 1445/6250 episodes, total num timesteps 4627200/20000000, FPS 9339.

average episode rewards is -118.41271209716797

 Scenario simple_spread Algo rmappo Exp reference_20260925T173510Z_880afb_mappo_w128_seed2 updates 1450/6250 episodes, total num timesteps 4643200/20000000, FPS 9340.

average episode rewards is -119.92530822753906
eval average episode rewards of agent: -116.228916256098
eval success rate: 0.85

 Scenario simple_spread Algo rmappo Exp reference_20260925T173510Z_880afb_mappo_w128_seed2 updates 1455/6250 episodes, total num timesteps 4659200/20000000, FPS 9339.

average episode rewards is -118.51667022705078

 Scenario simple_spread Algo rmappo Exp reference_20260925T173510Z_880afb_mappo_w128_seed2 updates 1460/6250 episodes, total num timesteps 4675200/20000000, FPS 9340.

average episode rewards is -118.27986145019531

 Scenario simple_spread Algo rmappo Exp reference_20260925T173510Z_880afb_mappo_w128_seed2 updates 1465/6250 episodes, total num timesteps 4691200/20000000, FPS 9340.

average episode rewards is -115.483154296875

 Scenario simple_spread Algo rmappo Exp reference_20260925T173510Z_880afb_mappo_w128_seed2 updates 1470/6250 episodes, total num timesteps 4707200/20000000, FPS 9340.

average episode rewards is -117.98551177978516

 Scenario simple_spread Algo rmappo Exp reference_20260925T173510Z_880afb_mappo_w128_seed2 updates 1475/6250 episodes, total num timesteps 4723200/20000000, FPS 9341.

average episode rewards is -119.99494171142578
eval average episode rewards of agent: -112.99579289921873
eval success rate: 0.75

 Scenario simple_spread Algo rmappo Exp reference_20260925T173510Z_880afb_mappo_w128_seed2 updates 1480/6250 episodes, total num timesteps 4739200/20000000, FPS 9338.

average episode rewards is -116.4855728149414

 Scenario simple_spread Algo rmappo Exp reference_20260925T173510Z_880afb_mappo_w128_seed2 updates 1485/6250 episodes, total num timesteps 4755200/20000000, FPS 9338.

average episode rewards is -116.53262329101562

 Scenario simple_spread Algo rmappo Exp reference_20260925T173510Z_880afb_mappo_w128_seed2 updates 1490/6250 episodes, total num timesteps 4771200/20000000, FPS 9338.

average episode rewards is -117.23456573486328

 Scenario simple_spread Algo rmappo Exp reference_20260925T173510Z_880afb_mappo_w128_seed2 updates 1495/6250 episodes, total num timesteps 4787200/20000000, FPS 9338.

average episode rewards is -115.70249938964844

 Scenario simple_spread Algo rmappo Exp reference_20260925T173510Z_880afb_mappo_w128_seed2 updates 1500/6250 episodes, total num timesteps 4803200/20000000, FPS 9339.

average episode rewards is -117.85774230957031
eval average episode rewards of agent: -117.35429675785652
eval success rate: 0.8

 Scenario simple_spread Algo rmappo Exp reference_20260925T173510Z_880afb_mappo_w128_seed2 updates 1505/6250 episodes, total num timesteps 4819200/20000000, FPS 9338.

average episode rewards is -117.94303894042969

 Scenario simple_spread Algo rmappo Exp reference_20260925T173510Z_880afb_mappo_w128_seed2 updates 1510/6250 episodes, total num timesteps 4835200/20000000, FPS 9338.

average episode rewards is -118.13336944580078

 Scenario simple_spread Algo rmappo Exp reference_20260925T173510Z_880afb_mappo_w128_seed2 updates 1515/6250 episodes, total num timesteps 4851200/20000000, FPS 9338.

average episode rewards is -118.81429290771484

 Scenario simple_spread Algo rmappo Exp reference_20260925T173510Z_880afb_mappo_w128_seed2 updates 1520/6250 episodes, total num timesteps 4867200/20000000, FPS 9339.

average episode rewards is -117.74482727050781

 Scenario simple_spread Algo rmappo Exp reference_20260925T173510Z_880afb_mappo_w128_seed2 updates 1525/6250 episodes, total num timesteps 4883200/20000000, FPS 9340.

average episode rewards is -114.9648208618164
eval average episode rewards of agent: -112.85351305747754
eval success rate: 0.95

 Scenario simple_spread Algo rmappo Exp reference_20260925T173510Z_880afb_mappo_w128_seed2 updates 1530/6250 episodes, total num timesteps 4899200/20000000, FPS 9340.

average episode rewards is -116.64415740966797

 Scenario simple_spread Algo rmappo Exp reference_20260925T173510Z_880afb_mappo_w128_seed2 updates 1535/6250 episodes, total num timesteps 4915200/20000000, FPS 9340.

average episode rewards is -118.0017318725586

 Scenario simple_spread Algo rmappo Exp reference_20260925T173510Z_880afb_mappo_w128_seed2 updates 1540/6250 episodes, total num timesteps 4931200/20000000, FPS 9338.

average episode rewards is -117.7119140625

 Scenario simple_spread Algo rmappo Exp reference_20260925T173510Z_880afb_mappo_w128_seed2 updates 1545/6250 episodes, total num timesteps 4947200/20000000, FPS 9338.

average episode rewards is -117.03309631347656

 Scenario simple_spread Algo rmappo Exp reference_20260925T173510Z_880afb_mappo_w128_seed2 updates 1550/6250 episodes, total num timesteps 4963200/20000000, FPS 9338.

average episode rewards is -115.89089965820312
eval average episode rewards of agent: -113.05598475810167
eval success rate: 0.9

 Scenario simple_spread Algo rmappo Exp reference_20260925T173510Z_880afb_mappo_w128_seed2 updates 1555/6250 episodes, total num timesteps 4979200/20000000, FPS 9338.

average episode rewards is -116.60459899902344

 Scenario simple_spread Algo rmappo Exp reference_20260925T173510Z_880afb_mappo_w128_seed2 updates 1560/6250 episodes, total num timesteps 4995200/20000000, FPS 9338.

average episode rewards is -119.43594360351562

 Scenario simple_spread Algo rmappo Exp reference_20260925T173510Z_880afb_mappo_w128_seed2 updates 1565/6250 episodes, total num timesteps 5011200/20000000, FPS 9338.

average episode rewards is -117.13339233398438

 Scenario simple_spread Algo rmappo Exp reference_20260925T173510Z_880afb_mappo_w128_seed2 updates 1570/6250 episodes, total num timesteps 5027200/20000000, FPS 9339.

average episode rewards is -118.36862182617188

 Scenario simple_spread Algo rmappo Exp reference_20260925T173510Z_880afb_mappo_w128_seed2 updates 1575/6250 episodes, total num timesteps 5043200/20000000, FPS 9339.

average episode rewards is -115.35712432861328
eval average episode rewards of agent: -115.24630938904603
eval success rate: 0.85

 Scenario simple_spread Algo rmappo Exp reference_20260925T173510Z_880afb_mappo_w128_seed2 updates 1580/6250 episodes, total num timesteps 5059200/20000000, FPS 9338.

average episode rewards is -116.08675384521484

 Scenario simple_spread Algo rmappo Exp reference_20260925T173510Z_880afb_mappo_w128_seed2 updates 1585/6250 episodes, total num timesteps 5075200/20000000, FPS 9338.

average episode rewards is -118.6697998046875

 Scenario simple_spread Algo rmappo Exp reference_20260925T173510Z_880afb_mappo_w128_seed2 updates 1590/6250 episodes, total num timesteps 5091200/20000000, FPS 9338.

average episode rewards is -117.44178771972656

 Scenario simple_spread Algo rmappo Exp reference_20260925T173510Z_880afb_mappo_w128_seed2 updates 1595/6250 episodes, total num timesteps 5107200/20000000, FPS 9339.

average episode rewards is -117.76116943359375

 Scenario simple_spread Algo rmappo Exp reference_20260925T173510Z_880afb_mappo_w128_seed2 updates 1600/6250 episodes, total num timesteps 5123200/20000000, FPS 9337.

average episode rewards is -115.7012939453125
eval average episode rewards of agent: -116.81459037776027
eval success rate: 0.9

 Scenario simple_spread Algo rmappo Exp reference_20260925T173510Z_880afb_mappo_w128_seed2 updates 1605/6250 episodes, total num timesteps 5139200/20000000, FPS 9336.

average episode rewards is -120.0750961303711

 Scenario simple_spread Algo rmappo Exp reference_20260925T173510Z_880afb_mappo_w128_seed2 updates 1610/6250 episodes, total num timesteps 5155200/20000000, FPS 9337.

average episode rewards is -116.12112426757812

 Scenario simple_spread Algo rmappo Exp reference_20260925T173510Z_880afb_mappo_w128_seed2 updates 1615/6250 episodes, total num timesteps 5171200/20000000, FPS 9337.

average episode rewards is -115.29888916015625

 Scenario simple_spread Algo rmappo Exp reference_20260925T173510Z_880afb_mappo_w128_seed2 updates 1620/6250 episodes, total num timesteps 5187200/20000000, FPS 9337.

average episode rewards is -115.3983154296875

 Scenario simple_spread Algo rmappo Exp reference_20260925T173510Z_880afb_mappo_w128_seed2 updates 1625/6250 episodes, total num timesteps 5203200/20000000, FPS 9338.

average episode rewards is -116.26506042480469
eval average episode rewards of agent: -116.80448898279774
eval success rate: 0.85

 Scenario simple_spread Algo rmappo Exp reference_20260925T173510Z_880afb_mappo_w128_seed2 updates 1630/6250 episodes, total num timesteps 5219200/20000000, FPS 9337.

average episode rewards is -118.25798797607422

 Scenario simple_spread Algo rmappo Exp reference_20260925T173510Z_880afb_mappo_w128_seed2 updates 1635/6250 episodes, total num timesteps 5235200/20000000, FPS 9338.

average episode rewards is -118.37579345703125

 Scenario simple_spread Algo rmappo Exp reference_20260925T173510Z_880afb_mappo_w128_seed2 updates 1640/6250 episodes, total num timesteps 5251200/20000000, FPS 9338.

average episode rewards is -120.600830078125

 Scenario simple_spread Algo rmappo Exp reference_20260925T173510Z_880afb_mappo_w128_seed2 updates 1645/6250 episodes, total num timesteps 5267200/20000000, FPS 9338.

average episode rewards is -118.29492950439453

 Scenario simple_spread Algo rmappo Exp reference_20260925T173510Z_880afb_mappo_w128_seed2 updates 1650/6250 episodes, total num timesteps 5283200/20000000, FPS 9339.

average episode rewards is -118.54547119140625
eval average episode rewards of agent: -115.8298685985254
eval success rate: 0.8

 Scenario simple_spread Algo rmappo Exp reference_20260925T173510Z_880afb_mappo_w128_seed2 updates 1655/6250 episodes, total num timesteps 5299200/20000000, FPS 9338.

average episode rewards is -115.8396987915039

 Scenario simple_spread Algo rmappo Exp reference_20260925T173510Z_880afb_mappo_w128_seed2 updates 1660/6250 episodes, total num timesteps 5315200/20000000, FPS 9336.

average episode rewards is -116.64250946044922

 Scenario simple_spread Algo rmappo Exp reference_20260925T173510Z_880afb_mappo_w128_seed2 updates 1665/6250 episodes, total num timesteps 5331200/20000000, FPS 9335.

average episode rewards is -114.88365173339844

 Scenario simple_spread Algo rmappo Exp reference_20260925T173510Z_880afb_mappo_w128_seed2 updates 1670/6250 episodes, total num timesteps 5347200/20000000, FPS 9336.

average episode rewards is -115.59814453125

 Scenario simple_spread Algo rmappo Exp reference_20260925T173510Z_880afb_mappo_w128_seed2 updates 1675/6250 episodes, total num timesteps 5363200/20000000, FPS 9336.

average episode rewards is -117.02754211425781
eval average episode rewards of agent: -117.13715217358755
eval success rate: 0.9

 Scenario simple_spread Algo rmappo Exp reference_20260925T173510Z_880afb_mappo_w128_seed2 updates 1680/6250 episodes, total num timesteps 5379200/20000000, FPS 9335.

average episode rewards is -118.17616271972656

 Scenario simple_spread Algo rmappo Exp reference_20260925T173510Z_880afb_mappo_w128_seed2 updates 1685/6250 episodes, total num timesteps 5395200/20000000, FPS 9336.

average episode rewards is -117.15320587158203

 Scenario simple_spread Algo rmappo Exp reference_20260925T173510Z_880afb_mappo_w128_seed2 updates 1690/6250 episodes, total num timesteps 5411200/20000000, FPS 9336.

average episode rewards is -117.46739196777344

 Scenario simple_spread Algo rmappo Exp reference_20260925T173510Z_880afb_mappo_w128_seed2 updates 1695/6250 episodes, total num timesteps 5427200/20000000, FPS 9337.

average episode rewards is -120.19648742675781

 Scenario simple_spread Algo rmappo Exp reference_20260925T173510Z_880afb_mappo_w128_seed2 updates 1700/6250 episodes, total num timesteps 5443200/20000000, FPS 9337.

average episode rewards is -114.8006591796875
eval average episode rewards of agent: -115.29812855874958
eval success rate: 0.9

 Scenario simple_spread Algo rmappo Exp reference_20260925T173510Z_880afb_mappo_w128_seed2 updates 1705/6250 episodes, total num timesteps 5459200/20000000, FPS 9336.

average episode rewards is -117.22906494140625

 Scenario simple_spread Algo rmappo Exp reference_20260925T173510Z_880afb_mappo_w128_seed2 updates 1710/6250 episodes, total num timesteps 5475200/20000000, FPS 9337.

average episode rewards is -116.60308837890625

 Scenario simple_spread Algo rmappo Exp reference_20260925T173510Z_880afb_mappo_w128_seed2 updates 1715/6250 episodes, total num timesteps 5491200/20000000, FPS 9337.

average episode rewards is -117.48591613769531

 Scenario simple_spread Algo rmappo Exp reference_20260925T173510Z_880afb_mappo_w128_seed2 updates 1720/6250 episodes, total num timesteps 5507200/20000000, FPS 9335.

average episode rewards is -117.05669403076172

 Scenario simple_spread Algo rmappo Exp reference_20260925T173510Z_880afb_mappo_w128_seed2 updates 1725/6250 episodes, total num timesteps 5523200/20000000, FPS 9335.

average episode rewards is -116.99522399902344
eval average episode rewards of agent: -117.9143891442824
eval success rate: 0.75

 Scenario simple_spread Algo rmappo Exp reference_20260925T173510Z_880afb_mappo_w128_seed2 updates 1730/6250 episodes, total num timesteps 5539200/20000000, FPS 9334.

average episode rewards is -115.51475524902344

 Scenario simple_spread Algo rmappo Exp reference_20260925T173510Z_880afb_mappo_w128_seed2 updates 1735/6250 episodes, total num timesteps 5555200/20000000, FPS 9335.

average episode rewards is -116.34955596923828

 Scenario simple_spread Algo rmappo Exp reference_20260925T173510Z_880afb_mappo_w128_seed2 updates 1740/6250 episodes, total num timesteps 5571200/20000000, FPS 9335.

average episode rewards is -115.74871826171875

 Scenario simple_spread Algo rmappo Exp reference_20260925T173510Z_880afb_mappo_w128_seed2 updates 1745/6250 episodes, total num timesteps 5587200/20000000, FPS 9335.

average episode rewards is -119.07225036621094

 Scenario simple_spread Algo rmappo Exp reference_20260925T173510Z_880afb_mappo_w128_seed2 updates 1750/6250 episodes, total num timesteps 5603200/20000000, FPS 9335.

average episode rewards is -118.05541229248047
eval average episode rewards of agent: -117.25868799280858
eval success rate: 0.9

 Scenario simple_spread Algo rmappo Exp reference_20260925T173510Z_880afb_mappo_w128_seed2 updates 1755/6250 episodes, total num timesteps 5619200/20000000, FPS 9335.

average episode rewards is -116.40805053710938

 Scenario simple_spread Algo rmappo Exp reference_20260925T173510Z_880afb_mappo_w128_seed2 updates 1760/6250 episodes, total num timesteps 5635200/20000000, FPS 9335.

average episode rewards is -119.8154296875

 Scenario simple_spread Algo rmappo Exp reference_20260925T173510Z_880afb_mappo_w128_seed2 updates 1765/6250 episodes, total num timesteps 5651200/20000000, FPS 9336.

average episode rewards is -118.27099609375

 Scenario simple_spread Algo rmappo Exp reference_20260925T173510Z_880afb_mappo_w128_seed2 updates 1770/6250 episodes, total num timesteps 5667200/20000000, FPS 9336.

average episode rewards is -117.62542724609375

 Scenario simple_spread Algo rmappo Exp reference_20260925T173510Z_880afb_mappo_w128_seed2 updates 1775/6250 episodes, total num timesteps 5683200/20000000, FPS 9336.

average episode rewards is -114.5339584350586
eval average episode rewards of agent: -117.6812936744227
eval success rate: 0.95

 Scenario simple_spread Algo rmappo Exp reference_20260925T173510Z_880afb_mappo_w128_seed2 updates 1780/6250 episodes, total num timesteps 5699200/20000000, FPS 9334.

average episode rewards is -116.84771728515625

 Scenario simple_spread Algo rmappo Exp reference_20260925T173510Z_880afb_mappo_w128_seed2 updates 1785/6250 episodes, total num timesteps 5715200/20000000, FPS 9334.

average episode rewards is -114.78793334960938

 Scenario simple_spread Algo rmappo Exp reference_20260925T173510Z_880afb_mappo_w128_seed2 updates 1790/6250 episodes, total num timesteps 5731200/20000000, FPS 9334.

average episode rewards is -117.4249038696289

 Scenario simple_spread Algo rmappo Exp reference_20260925T173510Z_880afb_mappo_w128_seed2 updates 1795/6250 episodes, total num timesteps 5747200/20000000, FPS 9334.

average episode rewards is -116.5665054321289

 Scenario simple_spread Algo rmappo Exp reference_20260925T173510Z_880afb_mappo_w128_seed2 updates 1800/6250 episodes, total num timesteps 5763200/20000000, FPS 9334.

average episode rewards is -115.94718933105469
eval average episode rewards of agent: -114.74676208601316
eval success rate: 0.9

 Scenario simple_spread Algo rmappo Exp reference_20260925T173510Z_880afb_mappo_w128_seed2 updates 1805/6250 episodes, total num timesteps 5779200/20000000, FPS 9334.

average episode rewards is -118.10063171386719

 Scenario simple_spread Algo rmappo Exp reference_20260925T173510Z_880afb_mappo_w128_seed2 updates 1810/6250 episodes, total num timesteps 5795200/20000000, FPS 9334.

average episode rewards is -116.43074798583984

 Scenario simple_spread Algo rmappo Exp reference_20260925T173510Z_880afb_mappo_w128_seed2 updates 1815/6250 episodes, total num timesteps 5811200/20000000, FPS 9334.

average episode rewards is -118.47815704345703

 Scenario simple_spread Algo rmappo Exp reference_20260925T173510Z_880afb_mappo_w128_seed2 updates 1820/6250 episodes, total num timesteps 5827200/20000000, FPS 9334.

average episode rewards is -117.1152572631836

 Scenario simple_spread Algo rmappo Exp reference_20260925T173510Z_880afb_mappo_w128_seed2 updates 1825/6250 episodes, total num timesteps 5843200/20000000, FPS 9335.

average episode rewards is -117.15573120117188
eval average episode rewards of agent: -111.37657437657553
eval success rate: 0.95

 Scenario simple_spread Algo rmappo Exp reference_20260925T173510Z_880afb_mappo_w128_seed2 updates 1830/6250 episodes, total num timesteps 5859200/20000000, FPS 9333.

average episode rewards is -117.73526763916016

 Scenario simple_spread Algo rmappo Exp reference_20260925T173510Z_880afb_mappo_w128_seed2 updates 1835/6250 episodes, total num timesteps 5875200/20000000, FPS 9334.

average episode rewards is -115.96648406982422

 Scenario simple_spread Algo rmappo Exp reference_20260925T173510Z_880afb_mappo_w128_seed2 updates 1840/6250 episodes, total num timesteps 5891200/20000000, FPS 9333.

average episode rewards is -118.30503845214844

 Scenario simple_spread Algo rmappo Exp reference_20260925T173510Z_880afb_mappo_w128_seed2 updates 1845/6250 episodes, total num timesteps 5907200/20000000, FPS 9333.

average episode rewards is -115.94390869140625

 Scenario simple_spread Algo rmappo Exp reference_20260925T173510Z_880afb_mappo_w128_seed2 updates 1850/6250 episodes, total num timesteps 5923200/20000000, FPS 9333.

average episode rewards is -117.39449310302734
eval average episode rewards of agent: -115.44358615600308
eval success rate: 0.85

 Scenario simple_spread Algo rmappo Exp reference_20260925T173510Z_880afb_mappo_w128_seed2 updates 1855/6250 episodes, total num timesteps 5939200/20000000, FPS 9333.

average episode rewards is -115.08621978759766

 Scenario simple_spread Algo rmappo Exp reference_20260925T173510Z_880afb_mappo_w128_seed2 updates 1860/6250 episodes, total num timesteps 5955200/20000000, FPS 9333.

average episode rewards is -116.29549407958984

 Scenario simple_spread Algo rmappo Exp reference_20260925T173510Z_880afb_mappo_w128_seed2 updates 1865/6250 episodes, total num timesteps 5971200/20000000, FPS 9333.

average episode rewards is -119.18123626708984

 Scenario simple_spread Algo rmappo Exp reference_20260925T173510Z_880afb_mappo_w128_seed2 updates 1870/6250 episodes, total num timesteps 5987200/20000000, FPS 9334.

average episode rewards is -118.72919464111328

 Scenario simple_spread Algo rmappo Exp reference_20260925T173510Z_880afb_mappo_w128_seed2 updates 1875/6250 episodes, total num timesteps 6003200/20000000, FPS 9334.

average episode rewards is -114.9764633178711
eval average episode rewards of agent: -112.06123529801258
eval success rate: 0.95

 Scenario simple_spread Algo rmappo Exp reference_20260925T173510Z_880afb_mappo_w128_seed2 updates 1880/6250 episodes, total num timesteps 6019200/20000000, FPS 9333.

average episode rewards is -115.64447021484375

 Scenario simple_spread Algo rmappo Exp reference_20260925T173510Z_880afb_mappo_w128_seed2 updates 1885/6250 episodes, total num timesteps 6035200/20000000, FPS 9333.

average episode rewards is -115.91553497314453

 Scenario simple_spread Algo rmappo Exp reference_20260925T173510Z_880afb_mappo_w128_seed2 updates 1890/6250 episodes, total num timesteps 6051200/20000000, FPS 9333.

average episode rewards is -117.31031036376953

 Scenario simple_spread Algo rmappo Exp reference_20260925T173510Z_880afb_mappo_w128_seed2 updates 1895/6250 episodes, total num timesteps 6067200/20000000, FPS 9332.

average episode rewards is -115.80599212646484

 Scenario simple_spread Algo rmappo Exp reference_20260925T173510Z_880afb_mappo_w128_seed2 updates 1900/6250 episodes, total num timesteps 6083200/20000000, FPS 9332.

average episode rewards is -119.72583770751953
eval average episode rewards of agent: -108.7746622857368
eval success rate: 1.0

 Scenario simple_spread Algo rmappo Exp reference_20260925T173510Z_880afb_mappo_w128_seed2 updates 1905/6250 episodes, total num timesteps 6099200/20000000, FPS 9332.

average episode rewards is -118.6285171508789

 Scenario simple_spread Algo rmappo Exp reference_20260925T173510Z_880afb_mappo_w128_seed2 updates 1910/6250 episodes, total num timesteps 6115200/20000000, FPS 9332.

average episode rewards is -118.88451385498047

 Scenario simple_spread Algo rmappo Exp reference_20260925T173510Z_880afb_mappo_w128_seed2 updates 1915/6250 episodes, total num timesteps 6131200/20000000, FPS 9333.

average episode rewards is -116.70379638671875

 Scenario simple_spread Algo rmappo Exp reference_20260925T173510Z_880afb_mappo_w128_seed2 updates 1920/6250 episodes, total num timesteps 6147200/20000000, FPS 9333.

average episode rewards is -116.8009262084961

 Scenario simple_spread Algo rmappo Exp reference_20260925T173510Z_880afb_mappo_w128_seed2 updates 1925/6250 episodes, total num timesteps 6163200/20000000, FPS 9334.

average episode rewards is -116.66634368896484
eval average episode rewards of agent: -114.77336618912095
eval success rate: 0.85

 Scenario simple_spread Algo rmappo Exp reference_20260925T173510Z_880afb_mappo_w128_seed2 updates 1930/6250 episodes, total num timesteps 6179200/20000000, FPS 9333.

average episode rewards is -117.83309936523438

 Scenario simple_spread Algo rmappo Exp reference_20260925T173510Z_880afb_mappo_w128_seed2 updates 1935/6250 episodes, total num timesteps 6195200/20000000, FPS 9333.

average episode rewards is -116.01202392578125

 Scenario simple_spread Algo rmappo Exp reference_20260925T173510Z_880afb_mappo_w128_seed2 updates 1940/6250 episodes, total num timesteps 6211200/20000000, FPS 9333.

average episode rewards is -117.35221099853516

 Scenario simple_spread Algo rmappo Exp reference_20260925T173510Z_880afb_mappo_w128_seed2 updates 1945/6250 episodes, total num timesteps 6227200/20000000, FPS 9334.

average episode rewards is -118.2551040649414

 Scenario simple_spread Algo rmappo Exp reference_20260925T173510Z_880afb_mappo_w128_seed2 updates 1950/6250 episodes, total num timesteps 6243200/20000000, FPS 9334.

average episode rewards is -121.0067367553711
eval average episode rewards of agent: -112.14786349550563
eval success rate: 0.95

 Scenario simple_spread Algo rmappo Exp reference_20260925T173510Z_880afb_mappo_w128_seed2 updates 1955/6250 episodes, total num timesteps 6259200/20000000, FPS 9332.

average episode rewards is -116.76176452636719

 Scenario simple_spread Algo rmappo Exp reference_20260925T173510Z_880afb_mappo_w128_seed2 updates 1960/6250 episodes, total num timesteps 6275200/20000000, FPS 9333.

average episode rewards is -116.8381118774414

 Scenario simple_spread Algo rmappo Exp reference_20260925T173510Z_880afb_mappo_w128_seed2 updates 1965/6250 episodes, total num timesteps 6291200/20000000, FPS 9333.

average episode rewards is -118.5262680053711

 Scenario simple_spread Algo rmappo Exp reference_20260925T173510Z_880afb_mappo_w128_seed2 updates 1970/6250 episodes, total num timesteps 6307200/20000000, FPS 9333.

average episode rewards is -117.95291900634766

 Scenario simple_spread Algo rmappo Exp reference_20260925T173510Z_880afb_mappo_w128_seed2 updates 1975/6250 episodes, total num timesteps 6323200/20000000, FPS 9334.

average episode rewards is -119.19157409667969
eval average episode rewards of agent: -122.32300278474447
eval success rate: 0.8

 Scenario simple_spread Algo rmappo Exp reference_20260925T173510Z_880afb_mappo_w128_seed2 updates 1980/6250 episodes, total num timesteps 6339200/20000000, FPS 9333.

average episode rewards is -117.43852233886719

 Scenario simple_spread Algo rmappo Exp reference_20260925T173510Z_880afb_mappo_w128_seed2 updates 1985/6250 episodes, total num timesteps 6355200/20000000, FPS 9334.

average episode rewards is -116.0444107055664

 Scenario simple_spread Algo rmappo Exp reference_20260925T173510Z_880afb_mappo_w128_seed2 updates 1990/6250 episodes, total num timesteps 6371200/20000000, FPS 9334.

average episode rewards is -115.9735336303711

 Scenario simple_spread Algo rmappo Exp reference_20260925T173510Z_880afb_mappo_w128_seed2 updates 1995/6250 episodes, total num timesteps 6387200/20000000, FPS 9335.

average episode rewards is -117.70040130615234

 Scenario simple_spread Algo rmappo Exp reference_20260925T173510Z_880afb_mappo_w128_seed2 updates 2000/6250 episodes, total num timesteps 6403200/20000000, FPS 9335.

average episode rewards is -114.7330551147461
eval average episode rewards of agent: -116.84435717064193
eval success rate: 0.85

 Scenario simple_spread Algo rmappo Exp reference_20260925T173510Z_880afb_mappo_w128_seed2 updates 2005/6250 episodes, total num timesteps 6419200/20000000, FPS 9335.

average episode rewards is -113.88619995117188

 Scenario simple_spread Algo rmappo Exp reference_20260925T173510Z_880afb_mappo_w128_seed2 updates 2010/6250 episodes, total num timesteps 6435200/20000000, FPS 9335.

average episode rewards is -116.02204895019531

 Scenario simple_spread Algo rmappo Exp reference_20260925T173510Z_880afb_mappo_w128_seed2 updates 2015/6250 episodes, total num timesteps 6451200/20000000, FPS 9334.

average episode rewards is -116.3899154663086

 Scenario simple_spread Algo rmappo Exp reference_20260925T173510Z_880afb_mappo_w128_seed2 updates 2020/6250 episodes, total num timesteps 6467200/20000000, FPS 9335.

average episode rewards is -115.11376190185547

 Scenario simple_spread Algo rmappo Exp reference_20260925T173510Z_880afb_mappo_w128_seed2 updates 2025/6250 episodes, total num timesteps 6483200/20000000, FPS 9336.

average episode rewards is -116.10454559326172
eval average episode rewards of agent: -115.16463484600675
eval success rate: 1.0

 Scenario simple_spread Algo rmappo Exp reference_20260925T173510Z_880afb_mappo_w128_seed2 updates 2030/6250 episodes, total num timesteps 6499200/20000000, FPS 9335.

average episode rewards is -118.03467559814453

 Scenario simple_spread Algo rmappo Exp reference_20260925T173510Z_880afb_mappo_w128_seed2 updates 2035/6250 episodes, total num timesteps 6515200/20000000, FPS 9336.

average episode rewards is -116.26018524169922

 Scenario simple_spread Algo rmappo Exp reference_20260925T173510Z_880afb_mappo_w128_seed2 updates 2040/6250 episodes, total num timesteps 6531200/20000000, FPS 9337.

average episode rewards is -115.37867736816406

 Scenario simple_spread Algo rmappo Exp reference_20260925T173510Z_880afb_mappo_w128_seed2 updates 2045/6250 episodes, total num timesteps 6547200/20000000, FPS 9337.

average episode rewards is -115.62517547607422

 Scenario simple_spread Algo rmappo Exp reference_20260925T173510Z_880afb_mappo_w128_seed2 updates 2050/6250 episodes, total num timesteps 6563200/20000000, FPS 9337.

average episode rewards is -115.9310073852539
eval average episode rewards of agent: -115.68146367940588
eval success rate: 0.95

 Scenario simple_spread Algo rmappo Exp reference_20260925T173510Z_880afb_mappo_w128_seed2 updates 2055/6250 episodes, total num timesteps 6579200/20000000, FPS 9337.

average episode rewards is -115.9220962524414

 Scenario simple_spread Algo rmappo Exp reference_20260925T173510Z_880afb_mappo_w128_seed2 updates 2060/6250 episodes, total num timesteps 6595200/20000000, FPS 9337.

average episode rewards is -115.90447235107422

 Scenario simple_spread Algo rmappo Exp reference_20260925T173510Z_880afb_mappo_w128_seed2 updates 2065/6250 episodes, total num timesteps 6611200/20000000, FPS 9338.

average episode rewards is -116.85649108886719

 Scenario simple_spread Algo rmappo Exp reference_20260925T173510Z_880afb_mappo_w128_seed2 updates 2070/6250 episodes, total num timesteps 6627200/20000000, FPS 9338.

average episode rewards is -116.25908660888672

 Scenario simple_spread Algo rmappo Exp reference_20260925T173510Z_880afb_mappo_w128_seed2 updates 2075/6250 episodes, total num timesteps 6643200/20000000, FPS 9336.

average episode rewards is -114.94255065917969
eval average episode rewards of agent: -115.80438785865164
eval success rate: 0.85

 Scenario simple_spread Algo rmappo Exp reference_20260925T173510Z_880afb_mappo_w128_seed2 updates 2080/6250 episodes, total num timesteps 6659200/20000000, FPS 9336.

average episode rewards is -117.35150909423828

 Scenario simple_spread Algo rmappo Exp reference_20260925T173510Z_880afb_mappo_w128_seed2 updates 2085/6250 episodes, total num timesteps 6675200/20000000, FPS 9337.

average episode rewards is -116.21110534667969

 Scenario simple_spread Algo rmappo Exp reference_20260925T173510Z_880afb_mappo_w128_seed2 updates 2090/6250 episodes, total num timesteps 6691200/20000000, FPS 9337.

average episode rewards is -118.4989242553711

 Scenario simple_spread Algo rmappo Exp reference_20260925T173510Z_880afb_mappo_w128_seed2 updates 2095/6250 episodes, total num timesteps 6707200/20000000, FPS 9337.

average episode rewards is -116.6452407836914

 Scenario simple_spread Algo rmappo Exp reference_20260925T173510Z_880afb_mappo_w128_seed2 updates 2100/6250 episodes, total num timesteps 6723200/20000000, FPS 9338.

average episode rewards is -115.83770751953125
eval average episode rewards of agent: -113.10951709851477
eval success rate: 0.9

 Scenario simple_spread Algo rmappo Exp reference_20260925T173510Z_880afb_mappo_w128_seed2 updates 2105/6250 episodes, total num timesteps 6739200/20000000, FPS 9339.

average episode rewards is -115.59051513671875

 Scenario simple_spread Algo rmappo Exp reference_20260925T173510Z_880afb_mappo_w128_seed2 updates 2110/6250 episodes, total num timesteps 6755200/20000000, FPS 9338.

average episode rewards is -114.71446990966797

 Scenario simple_spread Algo rmappo Exp reference_20260925T173510Z_880afb_mappo_w128_seed2 updates 2115/6250 episodes, total num timesteps 6771200/20000000, FPS 9339.

average episode rewards is -115.52721405029297

 Scenario simple_spread Algo rmappo Exp reference_20260925T173510Z_880afb_mappo_w128_seed2 updates 2120/6250 episodes, total num timesteps 6787200/20000000, FPS 9339.

average episode rewards is -117.54496002197266

 Scenario simple_spread Algo rmappo Exp reference_20260925T173510Z_880afb_mappo_w128_seed2 updates 2125/6250 episodes, total num timesteps 6803200/20000000, FPS 9340.

average episode rewards is -116.27991485595703
eval average episode rewards of agent: -112.9239505655747
eval success rate: 1.0

 Scenario simple_spread Algo rmappo Exp reference_20260925T173510Z_880afb_mappo_w128_seed2 updates 2130/6250 episodes, total num timesteps 6819200/20000000, FPS 9340.

average episode rewards is -114.95931243896484

 Scenario simple_spread Algo rmappo Exp reference_20260925T173510Z_880afb_mappo_w128_seed2 updates 2135/6250 episodes, total num timesteps 6835200/20000000, FPS 9339.

average episode rewards is -114.43096160888672

 Scenario simple_spread Algo rmappo Exp reference_20260925T173510Z_880afb_mappo_w128_seed2 updates 2140/6250 episodes, total num timesteps 6851200/20000000, FPS 9340.

average episode rewards is -116.53884887695312

 Scenario simple_spread Algo rmappo Exp reference_20260925T173510Z_880afb_mappo_w128_seed2 updates 2145/6250 episodes, total num timesteps 6867200/20000000, FPS 9340.

average episode rewards is -115.35841369628906

 Scenario simple_spread Algo rmappo Exp reference_20260925T173510Z_880afb_mappo_w128_seed2 updates 2150/6250 episodes, total num timesteps 6883200/20000000, FPS 9341.

average episode rewards is -116.72223663330078
eval average episode rewards of agent: -117.69550753636835
eval success rate: 0.9

 Scenario simple_spread Algo rmappo Exp reference_20260925T173510Z_880afb_mappo_w128_seed2 updates 2155/6250 episodes, total num timesteps 6899200/20000000, FPS 9340.

average episode rewards is -114.8204574584961

 Scenario simple_spread Algo rmappo Exp reference_20260925T173510Z_880afb_mappo_w128_seed2 updates 2160/6250 episodes, total num timesteps 6915200/20000000, FPS 9341.

average episode rewards is -113.28363037109375

 Scenario simple_spread Algo rmappo Exp reference_20260925T173510Z_880afb_mappo_w128_seed2 updates 2165/6250 episodes, total num timesteps 6931200/20000000, FPS 9341.

average episode rewards is -115.18970489501953

 Scenario simple_spread Algo rmappo Exp reference_20260925T173510Z_880afb_mappo_w128_seed2 updates 2170/6250 episodes, total num timesteps 6947200/20000000, FPS 9341.

average episode rewards is -117.4163818359375

 Scenario simple_spread Algo rmappo Exp reference_20260925T173510Z_880afb_mappo_w128_seed2 updates 2175/6250 episodes, total num timesteps 6963200/20000000, FPS 9341.

average episode rewards is -117.13481140136719
eval average episode rewards of agent: -116.53776425515686
eval success rate: 0.9

 Scenario simple_spread Algo rmappo Exp reference_20260925T173510Z_880afb_mappo_w128_seed2 updates 2180/6250 episodes, total num timesteps 6979200/20000000, FPS 9341.

average episode rewards is -115.01240539550781

 Scenario simple_spread Algo rmappo Exp reference_20260925T173510Z_880afb_mappo_w128_seed2 updates 2185/6250 episodes, total num timesteps 6995200/20000000, FPS 9342.

average episode rewards is -116.30329132080078

 Scenario simple_spread Algo rmappo Exp reference_20260925T173510Z_880afb_mappo_w128_seed2 updates 2190/6250 episodes, total num timesteps 7011200/20000000, FPS 9342.

average episode rewards is -114.83644104003906

 Scenario simple_spread Algo rmappo Exp reference_20260925T173510Z_880afb_mappo_w128_seed2 updates 2195/6250 episodes, total num timesteps 7027200/20000000, FPS 9341.

average episode rewards is -115.3021240234375

 Scenario simple_spread Algo rmappo Exp reference_20260925T173510Z_880afb_mappo_w128_seed2 updates 2200/6250 episodes, total num timesteps 7043200/20000000, FPS 9342.

average episode rewards is -117.70650482177734
eval average episode rewards of agent: -112.6355153166363
eval success rate: 1.0

 Scenario simple_spread Algo rmappo Exp reference_20260925T173510Z_880afb_mappo_w128_seed2 updates 2205/6250 episodes, total num timesteps 7059200/20000000, FPS 9341.

average episode rewards is -115.4786605834961

 Scenario simple_spread Algo rmappo Exp reference_20260925T173510Z_880afb_mappo_w128_seed2 updates 2210/6250 episodes, total num timesteps 7075200/20000000, FPS 9342.

average episode rewards is -115.5141830444336

 Scenario simple_spread Algo rmappo Exp reference_20260925T173510Z_880afb_mappo_w128_seed2 updates 2215/6250 episodes, total num timesteps 7091200/20000000, FPS 9342.

average episode rewards is -115.31999969482422

 Scenario simple_spread Algo rmappo Exp reference_20260925T173510Z_880afb_mappo_w128_seed2 updates 2220/6250 episodes, total num timesteps 7107200/20000000, FPS 9342.

average episode rewards is -115.52880859375

 Scenario simple_spread Algo rmappo Exp reference_20260925T173510Z_880afb_mappo_w128_seed2 updates 2225/6250 episodes, total num timesteps 7123200/20000000, FPS 9343.

average episode rewards is -115.8996810913086
eval average episode rewards of agent: -106.11171014598509
eval success rate: 0.9

 Scenario simple_spread Algo rmappo Exp reference_20260925T173510Z_880afb_mappo_w128_seed2 updates 2230/6250 episodes, total num timesteps 7139200/20000000, FPS 9343.

average episode rewards is -118.5489273071289

 Scenario simple_spread Algo rmappo Exp reference_20260925T173510Z_880afb_mappo_w128_seed2 updates 2235/6250 episodes, total num timesteps 7155200/20000000, FPS 9343.

average episode rewards is -114.86985778808594

 Scenario simple_spread Algo rmappo Exp reference_20260925T173510Z_880afb_mappo_w128_seed2 updates 2240/6250 episodes, total num timesteps 7171200/20000000, FPS 9343.

average episode rewards is -116.00765228271484

 Scenario simple_spread Algo rmappo Exp reference_20260925T173510Z_880afb_mappo_w128_seed2 updates 2245/6250 episodes, total num timesteps 7187200/20000000, FPS 9344.

average episode rewards is -115.30174255371094

 Scenario simple_spread Algo rmappo Exp reference_20260925T173510Z_880afb_mappo_w128_seed2 updates 2250/6250 episodes, total num timesteps 7203200/20000000, FPS 9344.

average episode rewards is -117.7128677368164
eval average episode rewards of agent: -115.65154909483304
eval success rate: 0.85

 Scenario simple_spread Algo rmappo Exp reference_20260925T173510Z_880afb_mappo_w128_seed2 updates 2255/6250 episodes, total num timesteps 7219200/20000000, FPS 9343.

average episode rewards is -114.02300262451172

 Scenario simple_spread Algo rmappo Exp reference_20260925T173510Z_880afb_mappo_w128_seed2 updates 2260/6250 episodes, total num timesteps 7235200/20000000, FPS 9343.

average episode rewards is -117.07704162597656

 Scenario simple_spread Algo rmappo Exp reference_20260925T173510Z_880afb_mappo_w128_seed2 updates 2265/6250 episodes, total num timesteps 7251200/20000000, FPS 9344.

average episode rewards is -114.20037841796875

 Scenario simple_spread Algo rmappo Exp reference_20260925T173510Z_880afb_mappo_w128_seed2 updates 2270/6250 episodes, total num timesteps 7267200/20000000, FPS 9344.

average episode rewards is -112.8494644165039

 Scenario simple_spread Algo rmappo Exp reference_20260925T173510Z_880afb_mappo_w128_seed2 updates 2275/6250 episodes, total num timesteps 7283200/20000000, FPS 9344.

average episode rewards is -117.25122833251953
eval average episode rewards of agent: -117.36736958591617
eval success rate: 1.0

 Scenario simple_spread Algo rmappo Exp reference_20260925T173510Z_880afb_mappo_w128_seed2 updates 2280/6250 episodes, total num timesteps 7299200/20000000, FPS 9344.

average episode rewards is -114.46044158935547

 Scenario simple_spread Algo rmappo Exp reference_20260925T173510Z_880afb_mappo_w128_seed2 updates 2285/6250 episodes, total num timesteps 7315200/20000000, FPS 9345.

average episode rewards is -118.27677154541016

 Scenario simple_spread Algo rmappo Exp reference_20260925T173510Z_880afb_mappo_w128_seed2 updates 2290/6250 episodes, total num timesteps 7331200/20000000, FPS 9345.

average episode rewards is -117.47415924072266

 Scenario simple_spread Algo rmappo Exp reference_20260925T173510Z_880afb_mappo_w128_seed2 updates 2295/6250 episodes, total num timesteps 7347200/20000000, FPS 9345.

average episode rewards is -118.3666000366211

 Scenario simple_spread Algo rmappo Exp reference_20260925T173510Z_880afb_mappo_w128_seed2 updates 2300/6250 episodes, total num timesteps 7363200/20000000, FPS 9346.

average episode rewards is -116.56407165527344
eval average episode rewards of agent: -111.50617010970909
eval success rate: 0.95

 Scenario simple_spread Algo rmappo Exp reference_20260925T173510Z_880afb_mappo_w128_seed2 updates 2305/6250 episodes, total num timesteps 7379200/20000000, FPS 9346.

average episode rewards is -117.80726623535156

 Scenario simple_spread Algo rmappo Exp reference_20260925T173510Z_880afb_mappo_w128_seed2 updates 2310/6250 episodes, total num timesteps 7395200/20000000, FPS 9346.

average episode rewards is -116.23326873779297

 Scenario simple_spread Algo rmappo Exp reference_20260925T173510Z_880afb_mappo_w128_seed2 updates 2315/6250 episodes, total num timesteps 7411200/20000000, FPS 9345.

average episode rewards is -116.44624328613281

 Scenario simple_spread Algo rmappo Exp reference_20260925T173510Z_880afb_mappo_w128_seed2 updates 2320/6250 episodes, total num timesteps 7427200/20000000, FPS 9345.

average episode rewards is -119.3090591430664

 Scenario simple_spread Algo rmappo Exp reference_20260925T173510Z_880afb_mappo_w128_seed2 updates 2325/6250 episodes, total num timesteps 7443200/20000000, FPS 9346.

average episode rewards is -115.68709564208984
eval average episode rewards of agent: -114.01634726293491
eval success rate: 0.95

 Scenario simple_spread Algo rmappo Exp reference_20260925T173510Z_880afb_mappo_w128_seed2 updates 2330/6250 episodes, total num timesteps 7459200/20000000, FPS 9346.

average episode rewards is -118.53739929199219

 Scenario simple_spread Algo rmappo Exp reference_20260925T173510Z_880afb_mappo_w128_seed2 updates 2335/6250 episodes, total num timesteps 7475200/20000000, FPS 9346.

average episode rewards is -115.96050262451172

 Scenario simple_spread Algo rmappo Exp reference_20260925T173510Z_880afb_mappo_w128_seed2 updates 2340/6250 episodes, total num timesteps 7491200/20000000, FPS 9346.

average episode rewards is -114.63711547851562

 Scenario simple_spread Algo rmappo Exp reference_20260925T173510Z_880afb_mappo_w128_seed2 updates 2345/6250 episodes, total num timesteps 7507200/20000000, FPS 9346.

average episode rewards is -117.74609375

 Scenario simple_spread Algo rmappo Exp reference_20260925T173510Z_880afb_mappo_w128_seed2 updates 2350/6250 episodes, total num timesteps 7523200/20000000, FPS 9346.

average episode rewards is -116.36841583251953
eval average episode rewards of agent: -111.7246556478787
eval success rate: 1.0

 Scenario simple_spread Algo rmappo Exp reference_20260925T173510Z_880afb_mappo_w128_seed2 updates 2355/6250 episodes, total num timesteps 7539200/20000000, FPS 9346.

average episode rewards is -114.87725830078125

 Scenario simple_spread Algo rmappo Exp reference_20260925T173510Z_880afb_mappo_w128_seed2 updates 2360/6250 episodes, total num timesteps 7555200/20000000, FPS 9346.

average episode rewards is -114.54766082763672

 Scenario simple_spread Algo rmappo Exp reference_20260925T173510Z_880afb_mappo_w128_seed2 updates 2365/6250 episodes, total num timesteps 7571200/20000000, FPS 9347.

average episode rewards is -118.28887176513672

 Scenario simple_spread Algo rmappo Exp reference_20260925T173510Z_880afb_mappo_w128_seed2 updates 2370/6250 episodes, total num timesteps 7587200/20000000, FPS 9347.

average episode rewards is -114.09640502929688

 Scenario simple_spread Algo rmappo Exp reference_20260925T173510Z_880afb_mappo_w128_seed2 updates 2375/6250 episodes, total num timesteps 7603200/20000000, FPS 9346.

average episode rewards is -115.3635482788086
eval average episode rewards of agent: -122.94054118679296
eval success rate: 0.9

 Scenario simple_spread Algo rmappo Exp reference_20260925T173510Z_880afb_mappo_w128_seed2 updates 2380/6250 episodes, total num timesteps 7619200/20000000, FPS 9345.

average episode rewards is -116.6996841430664

 Scenario simple_spread Algo rmappo Exp reference_20260925T173510Z_880afb_mappo_w128_seed2 updates 2385/6250 episodes, total num timesteps 7635200/20000000, FPS 9345.

average episode rewards is -114.22960662841797

 Scenario simple_spread Algo rmappo Exp reference_20260925T173510Z_880afb_mappo_w128_seed2 updates 2390/6250 episodes, total num timesteps 7651200/20000000, FPS 9346.

average episode rewards is -117.2098617553711

 Scenario simple_spread Algo rmappo Exp reference_20260925T173510Z_880afb_mappo_w128_seed2 updates 2395/6250 episodes, total num timesteps 7667200/20000000, FPS 9346.

average episode rewards is -116.37736511230469

 Scenario simple_spread Algo rmappo Exp reference_20260925T173510Z_880afb_mappo_w128_seed2 updates 2400/6250 episodes, total num timesteps 7683200/20000000, FPS 9346.

average episode rewards is -116.28756713867188
eval average episode rewards of agent: -116.85511296181207
eval success rate: 0.9

 Scenario simple_spread Algo rmappo Exp reference_20260925T173510Z_880afb_mappo_w128_seed2 updates 2405/6250 episodes, total num timesteps 7699200/20000000, FPS 9346.

average episode rewards is -116.66876983642578

 Scenario simple_spread Algo rmappo Exp reference_20260925T173510Z_880afb_mappo_w128_seed2 updates 2410/6250 episodes, total num timesteps 7715200/20000000, FPS 9346.

average episode rewards is -115.77011108398438

 Scenario simple_spread Algo rmappo Exp reference_20260925T173510Z_880afb_mappo_w128_seed2 updates 2415/6250 episodes, total num timesteps 7731200/20000000, FPS 9346.

average episode rewards is -116.03321838378906

 Scenario simple_spread Algo rmappo Exp reference_20260925T173510Z_880afb_mappo_w128_seed2 updates 2420/6250 episodes, total num timesteps 7747200/20000000, FPS 9346.

average episode rewards is -117.3746337890625

 Scenario simple_spread Algo rmappo Exp reference_20260925T173510Z_880afb_mappo_w128_seed2 updates 2425/6250 episodes, total num timesteps 7763200/20000000, FPS 9346.

average episode rewards is -117.10811614990234
eval average episode rewards of agent: -116.8107747166078
eval success rate: 0.9

 Scenario simple_spread Algo rmappo Exp reference_20260925T173510Z_880afb_mappo_w128_seed2 updates 2430/6250 episodes, total num timesteps 7779200/20000000, FPS 9346.

average episode rewards is -117.96895599365234

 Scenario simple_spread Algo rmappo Exp reference_20260925T173510Z_880afb_mappo_w128_seed2 updates 2435/6250 episodes, total num timesteps 7795200/20000000, FPS 9345.

average episode rewards is -117.83251953125

 Scenario simple_spread Algo rmappo Exp reference_20260925T173510Z_880afb_mappo_w128_seed2 updates 2440/6250 episodes, total num timesteps 7811200/20000000, FPS 9346.

average episode rewards is -116.44121551513672

 Scenario simple_spread Algo rmappo Exp reference_20260925T173510Z_880afb_mappo_w128_seed2 updates 2445/6250 episodes, total num timesteps 7827200/20000000, FPS 9346.

average episode rewards is -116.17976379394531

 Scenario simple_spread Algo rmappo Exp reference_20260925T173510Z_880afb_mappo_w128_seed2 updates 2450/6250 episodes, total num timesteps 7843200/20000000, FPS 9346.

average episode rewards is -115.90306854248047
eval average episode rewards of agent: -111.05876924171216
eval success rate: 0.9

 Scenario simple_spread Algo rmappo Exp reference_20260925T173510Z_880afb_mappo_w128_seed2 updates 2455/6250 episodes, total num timesteps 7859200/20000000, FPS 9346.

average episode rewards is -117.15426635742188

 Scenario simple_spread Algo rmappo Exp reference_20260925T173510Z_880afb_mappo_w128_seed2 updates 2460/6250 episodes, total num timesteps 7875200/20000000, FPS 9346.

average episode rewards is -117.1786880493164

 Scenario simple_spread Algo rmappo Exp reference_20260925T173510Z_880afb_mappo_w128_seed2 updates 2465/6250 episodes, total num timesteps 7891200/20000000, FPS 9346.

average episode rewards is -116.38568878173828

 Scenario simple_spread Algo rmappo Exp reference_20260925T173510Z_880afb_mappo_w128_seed2 updates 2470/6250 episodes, total num timesteps 7907200/20000000, FPS 9346.

average episode rewards is -117.34426879882812

 Scenario simple_spread Algo rmappo Exp reference_20260925T173510Z_880afb_mappo_w128_seed2 updates 2475/6250 episodes, total num timesteps 7923200/20000000, FPS 9346.

average episode rewards is -116.09320831298828
eval average episode rewards of agent: -109.9122439992866
eval success rate: 1.0

 Scenario simple_spread Algo rmappo Exp reference_20260925T173510Z_880afb_mappo_w128_seed2 updates 2480/6250 episodes, total num timesteps 7939200/20000000, FPS 9346.

average episode rewards is -117.67240905761719

 Scenario simple_spread Algo rmappo Exp reference_20260925T173510Z_880afb_mappo_w128_seed2 updates 2485/6250 episodes, total num timesteps 7955200/20000000, FPS 9346.

average episode rewards is -114.52818298339844

 Scenario simple_spread Algo rmappo Exp reference_20260925T173510Z_880afb_mappo_w128_seed2 updates 2490/6250 episodes, total num timesteps 7971200/20000000, FPS 9346.

average episode rewards is -114.4232406616211

 Scenario simple_spread Algo rmappo Exp reference_20260925T173510Z_880afb_mappo_w128_seed2 updates 2495/6250 episodes, total num timesteps 7987200/20000000, FPS 9345.

average episode rewards is -116.08296966552734

 Scenario simple_spread Algo rmappo Exp reference_20260925T173510Z_880afb_mappo_w128_seed2 updates 2500/6250 episodes, total num timesteps 8003200/20000000, FPS 9344.

average episode rewards is -116.10499572753906
eval average episode rewards of agent: -115.30761028204954
eval success rate: 0.95

 Scenario simple_spread Algo rmappo Exp reference_20260925T173510Z_880afb_mappo_w128_seed2 updates 2505/6250 episodes, total num timesteps 8019200/20000000, FPS 9344.

average episode rewards is -117.55513000488281

 Scenario simple_spread Algo rmappo Exp reference_20260925T173510Z_880afb_mappo_w128_seed2 updates 2510/6250 episodes, total num timesteps 8035200/20000000, FPS 9344.

average episode rewards is -115.36167907714844

 Scenario simple_spread Algo rmappo Exp reference_20260925T173510Z_880afb_mappo_w128_seed2 updates 2515/6250 episodes, total num timesteps 8051200/20000000, FPS 9344.

average episode rewards is -116.07632446289062

 Scenario simple_spread Algo rmappo Exp reference_20260925T173510Z_880afb_mappo_w128_seed2 updates 2520/6250 episodes, total num timesteps 8067200/20000000, FPS 9344.

average episode rewards is -114.49114990234375

 Scenario simple_spread Algo rmappo Exp reference_20260925T173510Z_880afb_mappo_w128_seed2 updates 2525/6250 episodes, total num timesteps 8083200/20000000, FPS 9345.

average episode rewards is -116.60037994384766
eval average episode rewards of agent: -111.00115908660585
eval success rate: 0.95

 Scenario simple_spread Algo rmappo Exp reference_20260925T173510Z_880afb_mappo_w128_seed2 updates 2530/6250 episodes, total num timesteps 8099200/20000000, FPS 9344.

average episode rewards is -116.5577392578125

 Scenario simple_spread Algo rmappo Exp reference_20260925T173510Z_880afb_mappo_w128_seed2 updates 2535/6250 episodes, total num timesteps 8115200/20000000, FPS 9344.

average episode rewards is -119.91889190673828

 Scenario simple_spread Algo rmappo Exp reference_20260925T173510Z_880afb_mappo_w128_seed2 updates 2540/6250 episodes, total num timesteps 8131200/20000000, FPS 9344.

average episode rewards is -116.43077087402344

 Scenario simple_spread Algo rmappo Exp reference_20260925T173510Z_880afb_mappo_w128_seed2 updates 2545/6250 episodes, total num timesteps 8147200/20000000, FPS 9345.

average episode rewards is -116.26351928710938

 Scenario simple_spread Algo rmappo Exp reference_20260925T173510Z_880afb_mappo_w128_seed2 updates 2550/6250 episodes, total num timesteps 8163200/20000000, FPS 9345.

average episode rewards is -116.12089538574219
eval average episode rewards of agent: -114.75095577789436
eval success rate: 1.0

 Scenario simple_spread Algo rmappo Exp reference_20260925T173510Z_880afb_mappo_w128_seed2 updates 2555/6250 episodes, total num timesteps 8179200/20000000, FPS 9343.

average episode rewards is -115.0416488647461

 Scenario simple_spread Algo rmappo Exp reference_20260925T173510Z_880afb_mappo_w128_seed2 updates 2560/6250 episodes, total num timesteps 8195200/20000000, FPS 9343.

average episode rewards is -111.82769775390625

 Scenario simple_spread Algo rmappo Exp reference_20260925T173510Z_880afb_mappo_w128_seed2 updates 2565/6250 episodes, total num timesteps 8211200/20000000, FPS 9343.

average episode rewards is -116.35301208496094

 Scenario simple_spread Algo rmappo Exp reference_20260925T173510Z_880afb_mappo_w128_seed2 updates 2570/6250 episodes, total num timesteps 8227200/20000000, FPS 9343.

average episode rewards is -117.11968994140625

 Scenario simple_spread Algo rmappo Exp reference_20260925T173510Z_880afb_mappo_w128_seed2 updates 2575/6250 episodes, total num timesteps 8243200/20000000, FPS 9344.

average episode rewards is -116.63255310058594
eval average episode rewards of agent: -115.18864524118332
eval success rate: 0.8

 Scenario simple_spread Algo rmappo Exp reference_20260925T173510Z_880afb_mappo_w128_seed2 updates 2580/6250 episodes, total num timesteps 8259200/20000000, FPS 9344.

average episode rewards is -115.58647155761719

 Scenario simple_spread Algo rmappo Exp reference_20260925T173510Z_880afb_mappo_w128_seed2 updates 2585/6250 episodes, total num timesteps 8275200/20000000, FPS 9344.

average episode rewards is -116.80748748779297

 Scenario simple_spread Algo rmappo Exp reference_20260925T173510Z_880afb_mappo_w128_seed2 updates 2590/6250 episodes, total num timesteps 8291200/20000000, FPS 9344.

average episode rewards is -116.88860321044922

 Scenario simple_spread Algo rmappo Exp reference_20260925T173510Z_880afb_mappo_w128_seed2 updates 2595/6250 episodes, total num timesteps 8307200/20000000, FPS 9344.

average episode rewards is -115.55818176269531

 Scenario simple_spread Algo rmappo Exp reference_20260925T173510Z_880afb_mappo_w128_seed2 updates 2600/6250 episodes, total num timesteps 8323200/20000000, FPS 9344.

average episode rewards is -115.67236328125
eval average episode rewards of agent: -113.58816942534806
eval success rate: 0.95

 Scenario simple_spread Algo rmappo Exp reference_20260925T173510Z_880afb_mappo_w128_seed2 updates 2605/6250 episodes, total num timesteps 8339200/20000000, FPS 9343.

average episode rewards is -116.88497924804688

 Scenario simple_spread Algo rmappo Exp reference_20260925T173510Z_880afb_mappo_w128_seed2 updates 2610/6250 episodes, total num timesteps 8355200/20000000, FPS 9343.

average episode rewards is -115.57049560546875

 Scenario simple_spread Algo rmappo Exp reference_20260925T173510Z_880afb_mappo_w128_seed2 updates 2615/6250 episodes, total num timesteps 8371200/20000000, FPS 9343.

average episode rewards is -113.93836975097656

 Scenario simple_spread Algo rmappo Exp reference_20260925T173510Z_880afb_mappo_w128_seed2 updates 2620/6250 episodes, total num timesteps 8387200/20000000, FPS 9343.

average episode rewards is -115.52516174316406

 Scenario simple_spread Algo rmappo Exp reference_20260925T173510Z_880afb_mappo_w128_seed2 updates 2625/6250 episodes, total num timesteps 8403200/20000000, FPS 9344.

average episode rewards is -116.51023864746094
eval average episode rewards of agent: -117.70844786378899
eval success rate: 0.8

 Scenario simple_spread Algo rmappo Exp reference_20260925T173510Z_880afb_mappo_w128_seed2 updates 2630/6250 episodes, total num timesteps 8419200/20000000, FPS 9343.

average episode rewards is -114.3066635131836

 Scenario simple_spread Algo rmappo Exp reference_20260925T173510Z_880afb_mappo_w128_seed2 updates 2635/6250 episodes, total num timesteps 8435200/20000000, FPS 9343.

average episode rewards is -116.06065368652344

 Scenario simple_spread Algo rmappo Exp reference_20260925T173510Z_880afb_mappo_w128_seed2 updates 2640/6250 episodes, total num timesteps 8451200/20000000, FPS 9344.

average episode rewards is -115.8796157836914

 Scenario simple_spread Algo rmappo Exp reference_20260925T173510Z_880afb_mappo_w128_seed2 updates 2645/6250 episodes, total num timesteps 8467200/20000000, FPS 9344.

average episode rewards is -117.40846252441406

 Scenario simple_spread Algo rmappo Exp reference_20260925T173510Z_880afb_mappo_w128_seed2 updates 2650/6250 episodes, total num timesteps 8483200/20000000, FPS 9344.

average episode rewards is -115.7847671508789
eval average episode rewards of agent: -113.30042517967098
eval success rate: 0.9

 Scenario simple_spread Algo rmappo Exp reference_20260925T173510Z_880afb_mappo_w128_seed2 updates 2655/6250 episodes, total num timesteps 8499200/20000000, FPS 9344.

average episode rewards is -118.44402313232422

 Scenario simple_spread Algo rmappo Exp reference_20260925T173510Z_880afb_mappo_w128_seed2 updates 2660/6250 episodes, total num timesteps 8515200/20000000, FPS 9344.

average episode rewards is -116.01348876953125

 Scenario simple_spread Algo rmappo Exp reference_20260925T173510Z_880afb_mappo_w128_seed2 updates 2665/6250 episodes, total num timesteps 8531200/20000000, FPS 9344.

average episode rewards is -116.92765045166016

 Scenario simple_spread Algo rmappo Exp reference_20260925T173510Z_880afb_mappo_w128_seed2 updates 2670/6250 episodes, total num timesteps 8547200/20000000, FPS 9343.

average episode rewards is -113.7552490234375

 Scenario simple_spread Algo rmappo Exp reference_20260925T173510Z_880afb_mappo_w128_seed2 updates 2675/6250 episodes, total num timesteps 8563200/20000000, FPS 9343.

average episode rewards is -115.5135726928711
eval average episode rewards of agent: -112.68696976076505
eval success rate: 1.0

 Scenario simple_spread Algo rmappo Exp reference_20260925T173510Z_880afb_mappo_w128_seed2 updates 2680/6250 episodes, total num timesteps 8579200/20000000, FPS 9343.

average episode rewards is -116.75016021728516

 Scenario simple_spread Algo rmappo Exp reference_20260925T173510Z_880afb_mappo_w128_seed2 updates 2685/6250 episodes, total num timesteps 8595200/20000000, FPS 9343.

average episode rewards is -117.47620391845703

 Scenario simple_spread Algo rmappo Exp reference_20260925T173510Z_880afb_mappo_w128_seed2 updates 2690/6250 episodes, total num timesteps 8611200/20000000, FPS 9343.

average episode rewards is -115.78780364990234

 Scenario simple_spread Algo rmappo Exp reference_20260925T173510Z_880afb_mappo_w128_seed2 updates 2695/6250 episodes, total num timesteps 8627200/20000000, FPS 9344.

average episode rewards is -115.18539428710938

 Scenario simple_spread Algo rmappo Exp reference_20260925T173510Z_880afb_mappo_w128_seed2 updates 2700/6250 episodes, total num timesteps 8643200/20000000, FPS 9344.

average episode rewards is -115.98941040039062
eval average episode rewards of agent: -117.89217942278499
eval success rate: 0.95

 Scenario simple_spread Algo rmappo Exp reference_20260925T173510Z_880afb_mappo_w128_seed2 updates 2705/6250 episodes, total num timesteps 8659200/20000000, FPS 9343.

average episode rewards is -113.54039764404297

 Scenario simple_spread Algo rmappo Exp reference_20260925T173510Z_880afb_mappo_w128_seed2 updates 2710/6250 episodes, total num timesteps 8675200/20000000, FPS 9343.

average episode rewards is -118.43437194824219

 Scenario simple_spread Algo rmappo Exp reference_20260925T173510Z_880afb_mappo_w128_seed2 updates 2715/6250 episodes, total num timesteps 8691200/20000000, FPS 9344.

average episode rewards is -114.6616439819336

 Scenario simple_spread Algo rmappo Exp reference_20260925T173510Z_880afb_mappo_w128_seed2 updates 2720/6250 episodes, total num timesteps 8707200/20000000, FPS 9344.

average episode rewards is -115.14283752441406

 Scenario simple_spread Algo rmappo Exp reference_20260925T173510Z_880afb_mappo_w128_seed2 updates 2725/6250 episodes, total num timesteps 8723200/20000000, FPS 9344.

average episode rewards is -114.37677001953125
eval average episode rewards of agent: -118.55776822816591
eval success rate: 0.95

 Scenario simple_spread Algo rmappo Exp reference_20260925T173510Z_880afb_mappo_w128_seed2 updates 2730/6250 episodes, total num timesteps 8739200/20000000, FPS 9342.

average episode rewards is -113.58684539794922

 Scenario simple_spread Algo rmappo Exp reference_20260925T173510Z_880afb_mappo_w128_seed2 updates 2735/6250 episodes, total num timesteps 8755200/20000000, FPS 9342.

average episode rewards is -115.29820251464844

 Scenario simple_spread Algo rmappo Exp reference_20260925T173510Z_880afb_mappo_w128_seed2 updates 2740/6250 episodes, total num timesteps 8771200/20000000, FPS 9342.

average episode rewards is -114.10248565673828

 Scenario simple_spread Algo rmappo Exp reference_20260925T173510Z_880afb_mappo_w128_seed2 updates 2745/6250 episodes, total num timesteps 8787200/20000000, FPS 9343.

average episode rewards is -115.10798645019531

 Scenario simple_spread Algo rmappo Exp reference_20260925T173510Z_880afb_mappo_w128_seed2 updates 2750/6250 episodes, total num timesteps 8803200/20000000, FPS 9343.

average episode rewards is -115.69921875
eval average episode rewards of agent: -112.74043677629821
eval success rate: 0.9

 Scenario simple_spread Algo rmappo Exp reference_20260925T173510Z_880afb_mappo_w128_seed2 updates 2755/6250 episodes, total num timesteps 8819200/20000000, FPS 9342.

average episode rewards is -117.83586883544922

 Scenario simple_spread Algo rmappo Exp reference_20260925T173510Z_880afb_mappo_w128_seed2 updates 2760/6250 episodes, total num timesteps 8835200/20000000, FPS 9342.

average episode rewards is -116.66532897949219

 Scenario simple_spread Algo rmappo Exp reference_20260925T173510Z_880afb_mappo_w128_seed2 updates 2765/6250 episodes, total num timesteps 8851200/20000000, FPS 9342.

average episode rewards is -115.45246887207031

 Scenario simple_spread Algo rmappo Exp reference_20260925T173510Z_880afb_mappo_w128_seed2 updates 2770/6250 episodes, total num timesteps 8867200/20000000, FPS 9343.

average episode rewards is -113.6434555053711

 Scenario simple_spread Algo rmappo Exp reference_20260925T173510Z_880afb_mappo_w128_seed2 updates 2775/6250 episodes, total num timesteps 8883200/20000000, FPS 9342.

average episode rewards is -113.54920959472656
eval average episode rewards of agent: -114.68939530425125
eval success rate: 0.85

 Scenario simple_spread Algo rmappo Exp reference_20260925T173510Z_880afb_mappo_w128_seed2 updates 2780/6250 episodes, total num timesteps 8899200/20000000, FPS 9342.

average episode rewards is -115.1661148071289

 Scenario simple_spread Algo rmappo Exp reference_20260925T173510Z_880afb_mappo_w128_seed2 updates 2785/6250 episodes, total num timesteps 8915200/20000000, FPS 9343.

average episode rewards is -116.67969512939453

 Scenario simple_spread Algo rmappo Exp reference_20260925T173510Z_880afb_mappo_w128_seed2 updates 2790/6250 episodes, total num timesteps 8931200/20000000, FPS 9342.

average episode rewards is -113.5675048828125

 Scenario simple_spread Algo rmappo Exp reference_20260925T173510Z_880afb_mappo_w128_seed2 updates 2795/6250 episodes, total num timesteps 8947200/20000000, FPS 9342.

average episode rewards is -114.3554916381836

 Scenario simple_spread Algo rmappo Exp reference_20260925T173510Z_880afb_mappo_w128_seed2 updates 2800/6250 episodes, total num timesteps 8963200/20000000, FPS 9343.

average episode rewards is -117.43670654296875
eval average episode rewards of agent: -112.45119835363246
eval success rate: 0.85

 Scenario simple_spread Algo rmappo Exp reference_20260925T173510Z_880afb_mappo_w128_seed2 updates 2805/6250 episodes, total num timesteps 8979200/20000000, FPS 9342.

average episode rewards is -113.58554077148438

 Scenario simple_spread Algo rmappo Exp reference_20260925T173510Z_880afb_mappo_w128_seed2 updates 2810/6250 episodes, total num timesteps 8995200/20000000, FPS 9342.

average episode rewards is -116.0964584350586

 Scenario simple_spread Algo rmappo Exp reference_20260925T173510Z_880afb_mappo_w128_seed2 updates 2815/6250 episodes, total num timesteps 9011200/20000000, FPS 9342.

average episode rewards is -116.02658081054688

 Scenario simple_spread Algo rmappo Exp reference_20260925T173510Z_880afb_mappo_w128_seed2 updates 2820/6250 episodes, total num timesteps 9027200/20000000, FPS 9342.

average episode rewards is -115.33226776123047

 Scenario simple_spread Algo rmappo Exp reference_20260925T173510Z_880afb_mappo_w128_seed2 updates 2825/6250 episodes, total num timesteps 9043200/20000000, FPS 9343.

average episode rewards is -113.03569030761719
eval average episode rewards of agent: -111.99615561719034
eval success rate: 0.95

 Scenario simple_spread Algo rmappo Exp reference_20260925T173510Z_880afb_mappo_w128_seed2 updates 2830/6250 episodes, total num timesteps 9059200/20000000, FPS 9342.

average episode rewards is -116.35814666748047

 Scenario simple_spread Algo rmappo Exp reference_20260925T173510Z_880afb_mappo_w128_seed2 updates 2835/6250 episodes, total num timesteps 9075200/20000000, FPS 9342.

average episode rewards is -116.4499740600586

 Scenario simple_spread Algo rmappo Exp reference_20260925T173510Z_880afb_mappo_w128_seed2 updates 2840/6250 episodes, total num timesteps 9091200/20000000, FPS 9342.

average episode rewards is -115.56497955322266

 Scenario simple_spread Algo rmappo Exp reference_20260925T173510Z_880afb_mappo_w128_seed2 updates 2845/6250 episodes, total num timesteps 9107200/20000000, FPS 9342.

average episode rewards is -115.99443054199219

 Scenario simple_spread Algo rmappo Exp reference_20260925T173510Z_880afb_mappo_w128_seed2 updates 2850/6250 episodes, total num timesteps 9123200/20000000, FPS 9341.

average episode rewards is -114.09788513183594
eval average episode rewards of agent: -114.05759410911483
eval success rate: 0.95

 Scenario simple_spread Algo rmappo Exp reference_20260925T173510Z_880afb_mappo_w128_seed2 updates 2855/6250 episodes, total num timesteps 9139200/20000000, FPS 9341.

average episode rewards is -115.30555725097656

 Scenario simple_spread Algo rmappo Exp reference_20260925T173510Z_880afb_mappo_w128_seed2 updates 2860/6250 episodes, total num timesteps 9155200/20000000, FPS 9341.

average episode rewards is -110.33245086669922

 Scenario simple_spread Algo rmappo Exp reference_20260925T173510Z_880afb_mappo_w128_seed2 updates 2865/6250 episodes, total num timesteps 9171200/20000000, FPS 9341.

average episode rewards is -113.78815460205078

 Scenario simple_spread Algo rmappo Exp reference_20260925T173510Z_880afb_mappo_w128_seed2 updates 2870/6250 episodes, total num timesteps 9187200/20000000, FPS 9341.

average episode rewards is -114.79532623291016

 Scenario simple_spread Algo rmappo Exp reference_20260925T173510Z_880afb_mappo_w128_seed2 updates 2875/6250 episodes, total num timesteps 9203200/20000000, FPS 9341.

average episode rewards is -116.32355499267578
eval average episode rewards of agent: -112.017120348022
eval success rate: 1.0

 Scenario simple_spread Algo rmappo Exp reference_20260925T173510Z_880afb_mappo_w128_seed2 updates 2880/6250 episodes, total num timesteps 9219200/20000000, FPS 9341.

average episode rewards is -114.27256774902344

 Scenario simple_spread Algo rmappo Exp reference_20260925T173510Z_880afb_mappo_w128_seed2 updates 2885/6250 episodes, total num timesteps 9235200/20000000, FPS 9341.

average episode rewards is -112.67467498779297

 Scenario simple_spread Algo rmappo Exp reference_20260925T173510Z_880afb_mappo_w128_seed2 updates 2890/6250 episodes, total num timesteps 9251200/20000000, FPS 9342.

average episode rewards is -116.2955322265625

 Scenario simple_spread Algo rmappo Exp reference_20260925T173510Z_880afb_mappo_w128_seed2 updates 2895/6250 episodes, total num timesteps 9267200/20000000, FPS 9342.

average episode rewards is -115.73119354248047

 Scenario simple_spread Algo rmappo Exp reference_20260925T173510Z_880afb_mappo_w128_seed2 updates 2900/6250 episodes, total num timesteps 9283200/20000000, FPS 9342.

average episode rewards is -114.77970886230469
eval average episode rewards of agent: -118.8717245409138
eval success rate: 0.95

 Scenario simple_spread Algo rmappo Exp reference_20260925T173510Z_880afb_mappo_w128_seed2 updates 2905/6250 episodes, total num timesteps 9299200/20000000, FPS 9341.

average episode rewards is -114.99983978271484

 Scenario simple_spread Algo rmappo Exp reference_20260925T173510Z_880afb_mappo_w128_seed2 updates 2910/6250 episodes, total num timesteps 9315200/20000000, FPS 9341.

average episode rewards is -113.99055480957031

 Scenario simple_spread Algo rmappo Exp reference_20260925T173510Z_880afb_mappo_w128_seed2 updates 2915/6250 episodes, total num timesteps 9331200/20000000, FPS 9341.

average episode rewards is -115.56727600097656

 Scenario simple_spread Algo rmappo Exp reference_20260925T173510Z_880afb_mappo_w128_seed2 updates 2920/6250 episodes, total num timesteps 9347200/20000000, FPS 9341.

average episode rewards is -116.59217834472656

 Scenario simple_spread Algo rmappo Exp reference_20260925T173510Z_880afb_mappo_w128_seed2 updates 2925/6250 episodes, total num timesteps 9363200/20000000, FPS 9341.

average episode rewards is -115.01428985595703
eval average episode rewards of agent: -109.20002607655955
eval success rate: 0.95

 Scenario simple_spread Algo rmappo Exp reference_20260925T173510Z_880afb_mappo_w128_seed2 updates 2930/6250 episodes, total num timesteps 9379200/20000000, FPS 9340.

average episode rewards is -116.81304168701172

 Scenario simple_spread Algo rmappo Exp reference_20260925T173510Z_880afb_mappo_w128_seed2 updates 2935/6250 episodes, total num timesteps 9395200/20000000, FPS 9341.

average episode rewards is -115.86827087402344

 Scenario simple_spread Algo rmappo Exp reference_20260925T173510Z_880afb_mappo_w128_seed2 updates 2940/6250 episodes, total num timesteps 9411200/20000000, FPS 9341.

average episode rewards is -114.53385162353516

 Scenario simple_spread Algo rmappo Exp reference_20260925T173510Z_880afb_mappo_w128_seed2 updates 2945/6250 episodes, total num timesteps 9427200/20000000, FPS 9341.

average episode rewards is -115.75651550292969

 Scenario simple_spread Algo rmappo Exp reference_20260925T173510Z_880afb_mappo_w128_seed2 updates 2950/6250 episodes, total num timesteps 9443200/20000000, FPS 9341.

average episode rewards is -116.03988647460938
eval average episode rewards of agent: -115.1761801423123
eval success rate: 0.9

 Scenario simple_spread Algo rmappo Exp reference_20260925T173510Z_880afb_mappo_w128_seed2 updates 2955/6250 episodes, total num timesteps 9459200/20000000, FPS 9341.

average episode rewards is -116.60131072998047

 Scenario simple_spread Algo rmappo Exp reference_20260925T173510Z_880afb_mappo_w128_seed2 updates 2960/6250 episodes, total num timesteps 9475200/20000000, FPS 9341.

average episode rewards is -115.4753189086914

 Scenario simple_spread Algo rmappo Exp reference_20260925T173510Z_880afb_mappo_w128_seed2 updates 2965/6250 episodes, total num timesteps 9491200/20000000, FPS 9341.

average episode rewards is -114.28302764892578

 Scenario simple_spread Algo rmappo Exp reference_20260925T173510Z_880afb_mappo_w128_seed2 updates 2970/6250 episodes, total num timesteps 9507200/20000000, FPS 9340.

average episode rewards is -115.2542495727539

 Scenario simple_spread Algo rmappo Exp reference_20260925T173510Z_880afb_mappo_w128_seed2 updates 2975/6250 episodes, total num timesteps 9523200/20000000, FPS 9340.

average episode rewards is -115.1097183227539
eval average episode rewards of agent: -115.8611241927604
eval success rate: 1.0

 Scenario simple_spread Algo rmappo Exp reference_20260925T173510Z_880afb_mappo_w128_seed2 updates 2980/6250 episodes, total num timesteps 9539200/20000000, FPS 9339.

average episode rewards is -114.37984466552734

 Scenario simple_spread Algo rmappo Exp reference_20260925T173510Z_880afb_mappo_w128_seed2 updates 2985/6250 episodes, total num timesteps 9555200/20000000, FPS 9339.

average episode rewards is -114.96321868896484

 Scenario simple_spread Algo rmappo Exp reference_20260925T173510Z_880afb_mappo_w128_seed2 updates 2990/6250 episodes, total num timesteps 9571200/20000000, FPS 9339.

average episode rewards is -115.719482421875

 Scenario simple_spread Algo rmappo Exp reference_20260925T173510Z_880afb_mappo_w128_seed2 updates 2995/6250 episodes, total num timesteps 9587200/20000000, FPS 9340.

average episode rewards is -115.02391052246094

 Scenario simple_spread Algo rmappo Exp reference_20260925T173510Z_880afb_mappo_w128_seed2 updates 3000/6250 episodes, total num timesteps 9603200/20000000, FPS 9339.

average episode rewards is -114.974609375
eval average episode rewards of agent: -115.4015862491897
eval success rate: 0.95

 Scenario simple_spread Algo rmappo Exp reference_20260925T173510Z_880afb_mappo_w128_seed2 updates 3005/6250 episodes, total num timesteps 9619200/20000000, FPS 9339.

average episode rewards is -115.95169067382812

 Scenario simple_spread Algo rmappo Exp reference_20260925T173510Z_880afb_mappo_w128_seed2 updates 3010/6250 episodes, total num timesteps 9635200/20000000, FPS 9339.

average episode rewards is -111.97391510009766

 Scenario simple_spread Algo rmappo Exp reference_20260925T173510Z_880afb_mappo_w128_seed2 updates 3015/6250 episodes, total num timesteps 9651200/20000000, FPS 9339.

average episode rewards is -113.6824722290039

 Scenario simple_spread Algo rmappo Exp reference_20260925T173510Z_880afb_mappo_w128_seed2 updates 3020/6250 episodes, total num timesteps 9667200/20000000, FPS 9339.

average episode rewards is -112.75694274902344

 Scenario simple_spread Algo rmappo Exp reference_20260925T173510Z_880afb_mappo_w128_seed2 updates 3025/6250 episodes, total num timesteps 9683200/20000000, FPS 9339.

average episode rewards is -119.3609390258789
eval average episode rewards of agent: -112.00439970352598
eval success rate: 0.95

 Scenario simple_spread Algo rmappo Exp reference_20260925T173510Z_880afb_mappo_w128_seed2 updates 3030/6250 episodes, total num timesteps 9699200/20000000, FPS 9338.

average episode rewards is -117.58683013916016

 Scenario simple_spread Algo rmappo Exp reference_20260925T173510Z_880afb_mappo_w128_seed2 updates 3035/6250 episodes, total num timesteps 9715200/20000000, FPS 9338.

average episode rewards is -113.00921630859375

 Scenario simple_spread Algo rmappo Exp reference_20260925T173510Z_880afb_mappo_w128_seed2 updates 3040/6250 episodes, total num timesteps 9731200/20000000, FPS 9338.

average episode rewards is -114.56871032714844

 Scenario simple_spread Algo rmappo Exp reference_20260925T173510Z_880afb_mappo_w128_seed2 updates 3045/6250 episodes, total num timesteps 9747200/20000000, FPS 9338.

average episode rewards is -116.85000610351562

 Scenario simple_spread Algo rmappo Exp reference_20260925T173510Z_880afb_mappo_w128_seed2 updates 3050/6250 episodes, total num timesteps 9763200/20000000, FPS 9338.

average episode rewards is -113.15442657470703
eval average episode rewards of agent: -112.41893764319772
eval success rate: 0.9

 Scenario simple_spread Algo rmappo Exp reference_20260925T173510Z_880afb_mappo_w128_seed2 updates 3055/6250 episodes, total num timesteps 9779200/20000000, FPS 9338.

average episode rewards is -115.02656555175781

 Scenario simple_spread Algo rmappo Exp reference_20260925T173510Z_880afb_mappo_w128_seed2 updates 3060/6250 episodes, total num timesteps 9795200/20000000, FPS 9338.

average episode rewards is -115.91031646728516

 Scenario simple_spread Algo rmappo Exp reference_20260925T173510Z_880afb_mappo_w128_seed2 updates 3065/6250 episodes, total num timesteps 9811200/20000000, FPS 9338.

average episode rewards is -114.42680358886719

 Scenario simple_spread Algo rmappo Exp reference_20260925T173510Z_880afb_mappo_w128_seed2 updates 3070/6250 episodes, total num timesteps 9827200/20000000, FPS 9339.

average episode rewards is -113.23322296142578

 Scenario simple_spread Algo rmappo Exp reference_20260925T173510Z_880afb_mappo_w128_seed2 updates 3075/6250 episodes, total num timesteps 9843200/20000000, FPS 9338.

average episode rewards is -114.62711334228516
eval average episode rewards of agent: -109.92809933271123
eval success rate: 1.0

 Scenario simple_spread Algo rmappo Exp reference_20260925T173510Z_880afb_mappo_w128_seed2 updates 3080/6250 episodes, total num timesteps 9859200/20000000, FPS 9338.

average episode rewards is -114.0133056640625

 Scenario simple_spread Algo rmappo Exp reference_20260925T173510Z_880afb_mappo_w128_seed2 updates 3085/6250 episodes, total num timesteps 9875200/20000000, FPS 9338.

average episode rewards is -115.5009765625

 Scenario simple_spread Algo rmappo Exp reference_20260925T173510Z_880afb_mappo_w128_seed2 updates 3090/6250 episodes, total num timesteps 9891200/20000000, FPS 9337.

average episode rewards is -115.6147689819336

 Scenario simple_spread Algo rmappo Exp reference_20260925T173510Z_880afb_mappo_w128_seed2 updates 3095/6250 episodes, total num timesteps 9907200/20000000, FPS 9338.

average episode rewards is -115.14508819580078

 Scenario simple_spread Algo rmappo Exp reference_20260925T173510Z_880afb_mappo_w128_seed2 updates 3100/6250 episodes, total num timesteps 9923200/20000000, FPS 9338.

average episode rewards is -112.5951919555664
eval average episode rewards of agent: -110.24044550909785
eval success rate: 1.0

 Scenario simple_spread Algo rmappo Exp reference_20260925T173510Z_880afb_mappo_w128_seed2 updates 3105/6250 episodes, total num timesteps 9939200/20000000, FPS 9338.

average episode rewards is -114.09882354736328

 Scenario simple_spread Algo rmappo Exp reference_20260925T173510Z_880afb_mappo_w128_seed2 updates 3110/6250 episodes, total num timesteps 9955200/20000000, FPS 9338.

average episode rewards is -116.25931549072266

 Scenario simple_spread Algo rmappo Exp reference_20260925T173510Z_880afb_mappo_w128_seed2 updates 3115/6250 episodes, total num timesteps 9971200/20000000, FPS 9338.

average episode rewards is -114.60138702392578

 Scenario simple_spread Algo rmappo Exp reference_20260925T173510Z_880afb_mappo_w128_seed2 updates 3120/6250 episodes, total num timesteps 9987200/20000000, FPS 9339.

average episode rewards is -115.4031753540039

 Scenario simple_spread Algo rmappo Exp reference_20260925T173510Z_880afb_mappo_w128_seed2 updates 3125/6250 episodes, total num timesteps 10003200/20000000, FPS 9338.

average episode rewards is -114.18479919433594
eval average episode rewards of agent: -116.89857453289561
eval success rate: 0.95

 Scenario simple_spread Algo rmappo Exp reference_20260925T173510Z_880afb_mappo_w128_seed2 updates 3130/6250 episodes, total num timesteps 10019200/20000000, FPS 9338.

average episode rewards is -116.85400390625

 Scenario simple_spread Algo rmappo Exp reference_20260925T173510Z_880afb_mappo_w128_seed2 updates 3135/6250 episodes, total num timesteps 10035200/20000000, FPS 9338.

average episode rewards is -113.5268783569336

 Scenario simple_spread Algo rmappo Exp reference_20260925T173510Z_880afb_mappo_w128_seed2 updates 3140/6250 episodes, total num timesteps 10051200/20000000, FPS 9338.

average episode rewards is -113.0144271850586

 Scenario simple_spread Algo rmappo Exp reference_20260925T173510Z_880afb_mappo_w128_seed2 updates 3145/6250 episodes, total num timesteps 10067200/20000000, FPS 9338.

average episode rewards is -116.38817596435547

 Scenario simple_spread Algo rmappo Exp reference_20260925T173510Z_880afb_mappo_w128_seed2 updates 3150/6250 episodes, total num timesteps 10083200/20000000, FPS 9338.

average episode rewards is -115.99095153808594
eval average episode rewards of agent: -117.33638316993844
eval success rate: 1.0

 Scenario simple_spread Algo rmappo Exp reference_20260925T173510Z_880afb_mappo_w128_seed2 updates 3155/6250 episodes, total num timesteps 10099200/20000000, FPS 9337.

average episode rewards is -113.75875854492188

 Scenario simple_spread Algo rmappo Exp reference_20260925T173510Z_880afb_mappo_w128_seed2 updates 3160/6250 episodes, total num timesteps 10115200/20000000, FPS 9337.

average episode rewards is -114.18824005126953

 Scenario simple_spread Algo rmappo Exp reference_20260925T173510Z_880afb_mappo_w128_seed2 updates 3165/6250 episodes, total num timesteps 10131200/20000000, FPS 9338.

average episode rewards is -115.88778686523438

 Scenario simple_spread Algo rmappo Exp reference_20260925T173510Z_880afb_mappo_w128_seed2 updates 3170/6250 episodes, total num timesteps 10147200/20000000, FPS 9338.

average episode rewards is -115.42896270751953

 Scenario simple_spread Algo rmappo Exp reference_20260925T173510Z_880afb_mappo_w128_seed2 updates 3175/6250 episodes, total num timesteps 10163200/20000000, FPS 9338.

average episode rewards is -114.51636505126953
eval average episode rewards of agent: -111.68788951303794
eval success rate: 1.0

 Scenario simple_spread Algo rmappo Exp reference_20260925T173510Z_880afb_mappo_w128_seed2 updates 3180/6250 episodes, total num timesteps 10179200/20000000, FPS 9338.

average episode rewards is -115.13463592529297

 Scenario simple_spread Algo rmappo Exp reference_20260925T173510Z_880afb_mappo_w128_seed2 updates 3185/6250 episodes, total num timesteps 10195200/20000000, FPS 9338.

average episode rewards is -114.64022064208984

 Scenario simple_spread Algo rmappo Exp reference_20260925T173510Z_880afb_mappo_w128_seed2 updates 3190/6250 episodes, total num timesteps 10211200/20000000, FPS 9338.

average episode rewards is -115.0498275756836

 Scenario simple_spread Algo rmappo Exp reference_20260925T173510Z_880afb_mappo_w128_seed2 updates 3195/6250 episodes, total num timesteps 10227200/20000000, FPS 9338.

average episode rewards is -113.35476684570312

 Scenario simple_spread Algo rmappo Exp reference_20260925T173510Z_880afb_mappo_w128_seed2 updates 3200/6250 episodes, total num timesteps 10243200/20000000, FPS 9338.

average episode rewards is -114.9267807006836
eval average episode rewards of agent: -108.65319260877814
eval success rate: 0.95

 Scenario simple_spread Algo rmappo Exp reference_20260925T173510Z_880afb_mappo_w128_seed2 updates 3205/6250 episodes, total num timesteps 10259200/20000000, FPS 9338.

average episode rewards is -116.20956420898438

 Scenario simple_spread Algo rmappo Exp reference_20260925T173510Z_880afb_mappo_w128_seed2 updates 3210/6250 episodes, total num timesteps 10275200/20000000, FPS 9337.

average episode rewards is -115.11297607421875

 Scenario simple_spread Algo rmappo Exp reference_20260925T173510Z_880afb_mappo_w128_seed2 updates 3215/6250 episodes, total num timesteps 10291200/20000000, FPS 9337.

average episode rewards is -117.07109069824219

 Scenario simple_spread Algo rmappo Exp reference_20260925T173510Z_880afb_mappo_w128_seed2 updates 3220/6250 episodes, total num timesteps 10307200/20000000, FPS 9337.

average episode rewards is -114.62701416015625

 Scenario simple_spread Algo rmappo Exp reference_20260925T173510Z_880afb_mappo_w128_seed2 updates 3225/6250 episodes, total num timesteps 10323200/20000000, FPS 9337.

average episode rewards is -113.9786605834961
eval average episode rewards of agent: -107.56501677040106
eval success rate: 0.9

 Scenario simple_spread Algo rmappo Exp reference_20260925T173510Z_880afb_mappo_w128_seed2 updates 3230/6250 episodes, total num timesteps 10339200/20000000, FPS 9337.

average episode rewards is -114.09452819824219

 Scenario simple_spread Algo rmappo Exp reference_20260925T173510Z_880afb_mappo_w128_seed2 updates 3235/6250 episodes, total num timesteps 10355200/20000000, FPS 9337.

average episode rewards is -114.09132385253906

 Scenario simple_spread Algo rmappo Exp reference_20260925T173510Z_880afb_mappo_w128_seed2 updates 3240/6250 episodes, total num timesteps 10371200/20000000, FPS 9337.

average episode rewards is -113.71453094482422

 Scenario simple_spread Algo rmappo Exp reference_20260925T173510Z_880afb_mappo_w128_seed2 updates 3245/6250 episodes, total num timesteps 10387200/20000000, FPS 9337.

average episode rewards is -115.65678405761719

 Scenario simple_spread Algo rmappo Exp reference_20260925T173510Z_880afb_mappo_w128_seed2 updates 3250/6250 episodes, total num timesteps 10403200/20000000, FPS 9338.

average episode rewards is -115.47515106201172
eval average episode rewards of agent: -112.09007900034398
eval success rate: 0.95

 Scenario simple_spread Algo rmappo Exp reference_20260925T173510Z_880afb_mappo_w128_seed2 updates 3255/6250 episodes, total num timesteps 10419200/20000000, FPS 9337.

average episode rewards is -114.18898010253906

 Scenario simple_spread Algo rmappo Exp reference_20260925T173510Z_880afb_mappo_w128_seed2 updates 3260/6250 episodes, total num timesteps 10435200/20000000, FPS 9338.

average episode rewards is -115.85211944580078

 Scenario simple_spread Algo rmappo Exp reference_20260925T173510Z_880afb_mappo_w128_seed2 updates 3265/6250 episodes, total num timesteps 10451200/20000000, FPS 9338.

average episode rewards is -114.5921859741211

 Scenario simple_spread Algo rmappo Exp reference_20260925T173510Z_880afb_mappo_w128_seed2 updates 3270/6250 episodes, total num timesteps 10467200/20000000, FPS 9337.

average episode rewards is -116.58023834228516

 Scenario simple_spread Algo rmappo Exp reference_20260925T173510Z_880afb_mappo_w128_seed2 updates 3275/6250 episodes, total num timesteps 10483200/20000000, FPS 9337.

average episode rewards is -114.2151107788086
eval average episode rewards of agent: -107.17434595226749
eval success rate: 0.95

 Scenario simple_spread Algo rmappo Exp reference_20260925T173510Z_880afb_mappo_w128_seed2 updates 3280/6250 episodes, total num timesteps 10499200/20000000, FPS 9337.

average episode rewards is -114.8030014038086

 Scenario simple_spread Algo rmappo Exp reference_20260925T173510Z_880afb_mappo_w128_seed2 updates 3285/6250 episodes, total num timesteps 10515200/20000000, FPS 9337.

average episode rewards is -115.8943862915039

 Scenario simple_spread Algo rmappo Exp reference_20260925T173510Z_880afb_mappo_w128_seed2 updates 3290/6250 episodes, total num timesteps 10531200/20000000, FPS 9337.

average episode rewards is -113.26041412353516

 Scenario simple_spread Algo rmappo Exp reference_20260925T173510Z_880afb_mappo_w128_seed2 updates 3295/6250 episodes, total num timesteps 10547200/20000000, FPS 9337.

average episode rewards is -115.12518310546875

 Scenario simple_spread Algo rmappo Exp reference_20260925T173510Z_880afb_mappo_w128_seed2 updates 3300/6250 episodes, total num timesteps 10563200/20000000, FPS 9337.

average episode rewards is -117.51274871826172
eval average episode rewards of agent: -115.81418578833956
eval success rate: 0.95

 Scenario simple_spread Algo rmappo Exp reference_20260925T173510Z_880afb_mappo_w128_seed2 updates 3305/6250 episodes, total num timesteps 10579200/20000000, FPS 9337.

average episode rewards is -111.60794830322266

 Scenario simple_spread Algo rmappo Exp reference_20260925T173510Z_880afb_mappo_w128_seed2 updates 3310/6250 episodes, total num timesteps 10595200/20000000, FPS 9337.

average episode rewards is -116.41549682617188

 Scenario simple_spread Algo rmappo Exp reference_20260925T173510Z_880afb_mappo_w128_seed2 updates 3315/6250 episodes, total num timesteps 10611200/20000000, FPS 9338.

average episode rewards is -112.40730285644531

 Scenario simple_spread Algo rmappo Exp reference_20260925T173510Z_880afb_mappo_w128_seed2 updates 3320/6250 episodes, total num timesteps 10627200/20000000, FPS 9338.

average episode rewards is -115.40213012695312

 Scenario simple_spread Algo rmappo Exp reference_20260925T173510Z_880afb_mappo_w128_seed2 updates 3325/6250 episodes, total num timesteps 10643200/20000000, FPS 9338.

average episode rewards is -113.51435089111328
eval average episode rewards of agent: -108.87596165783557
eval success rate: 0.95

 Scenario simple_spread Algo rmappo Exp reference_20260925T173510Z_880afb_mappo_w128_seed2 updates 3330/6250 episodes, total num timesteps 10659200/20000000, FPS 9337.

average episode rewards is -113.8058090209961

 Scenario simple_spread Algo rmappo Exp reference_20260925T173510Z_880afb_mappo_w128_seed2 updates 3335/6250 episodes, total num timesteps 10675200/20000000, FPS 9337.

average episode rewards is -116.8885726928711

 Scenario simple_spread Algo rmappo Exp reference_20260925T173510Z_880afb_mappo_w128_seed2 updates 3340/6250 episodes, total num timesteps 10691200/20000000, FPS 9337.

average episode rewards is -110.69636535644531

 Scenario simple_spread Algo rmappo Exp reference_20260925T173510Z_880afb_mappo_w128_seed2 updates 3345/6250 episodes, total num timesteps 10707200/20000000, FPS 9337.

average episode rewards is -112.3022232055664

 Scenario simple_spread Algo rmappo Exp reference_20260925T173510Z_880afb_mappo_w128_seed2 updates 3350/6250 episodes, total num timesteps 10723200/20000000, FPS 9337.

average episode rewards is -114.94155883789062
eval average episode rewards of agent: -111.86294897439485
eval success rate: 1.0

 Scenario simple_spread Algo rmappo Exp reference_20260925T173510Z_880afb_mappo_w128_seed2 updates 3355/6250 episodes, total num timesteps 10739200/20000000, FPS 9337.

average episode rewards is -113.53736114501953

 Scenario simple_spread Algo rmappo Exp reference_20260925T173510Z_880afb_mappo_w128_seed2 updates 3360/6250 episodes, total num timesteps 10755200/20000000, FPS 9337.

average episode rewards is -113.37284088134766

 Scenario simple_spread Algo rmappo Exp reference_20260925T173510Z_880afb_mappo_w128_seed2 updates 3365/6250 episodes, total num timesteps 10771200/20000000, FPS 9337.

average episode rewards is -115.74217987060547

 Scenario simple_spread Algo rmappo Exp reference_20260925T173510Z_880afb_mappo_w128_seed2 updates 3370/6250 episodes, total num timesteps 10787200/20000000, FPS 9337.

average episode rewards is -114.3157958984375

 Scenario simple_spread Algo rmappo Exp reference_20260925T173510Z_880afb_mappo_w128_seed2 updates 3375/6250 episodes, total num timesteps 10803200/20000000, FPS 9337.

average episode rewards is -114.68428039550781
eval average episode rewards of agent: -117.91552617373448
eval success rate: 1.0

 Scenario simple_spread Algo rmappo Exp reference_20260925T173510Z_880afb_mappo_w128_seed2 updates 3380/6250 episodes, total num timesteps 10819200/20000000, FPS 9336.

average episode rewards is -114.63291931152344

 Scenario simple_spread Algo rmappo Exp reference_20260925T173510Z_880afb_mappo_w128_seed2 updates 3385/6250 episodes, total num timesteps 10835200/20000000, FPS 9336.

average episode rewards is -113.87104797363281

 Scenario simple_spread Algo rmappo Exp reference_20260925T173510Z_880afb_mappo_w128_seed2 updates 3390/6250 episodes, total num timesteps 10851200/20000000, FPS 9335.

average episode rewards is -114.48892211914062

 Scenario simple_spread Algo rmappo Exp reference_20260925T173510Z_880afb_mappo_w128_seed2 updates 3395/6250 episodes, total num timesteps 10867200/20000000, FPS 9336.

average episode rewards is -114.70818328857422

 Scenario simple_spread Algo rmappo Exp reference_20260925T173510Z_880afb_mappo_w128_seed2 updates 3400/6250 episodes, total num timesteps 10883200/20000000, FPS 9336.

average episode rewards is -113.90730285644531
eval average episode rewards of agent: -115.38080941828001
eval success rate: 0.95

 Scenario simple_spread Algo rmappo Exp reference_20260925T173510Z_880afb_mappo_w128_seed2 updates 3405/6250 episodes, total num timesteps 10899200/20000000, FPS 9335.

average episode rewards is -114.41092681884766

 Scenario simple_spread Algo rmappo Exp reference_20260925T173510Z_880afb_mappo_w128_seed2 updates 3410/6250 episodes, total num timesteps 10915200/20000000, FPS 9335.

average episode rewards is -112.68855285644531

 Scenario simple_spread Algo rmappo Exp reference_20260925T173510Z_880afb_mappo_w128_seed2 updates 3415/6250 episodes, total num timesteps 10931200/20000000, FPS 9335.

average episode rewards is -115.55250549316406

 Scenario simple_spread Algo rmappo Exp reference_20260925T173510Z_880afb_mappo_w128_seed2 updates 3420/6250 episodes, total num timesteps 10947200/20000000, FPS 9335.

average episode rewards is -114.95462799072266

 Scenario simple_spread Algo rmappo Exp reference_20260925T173510Z_880afb_mappo_w128_seed2 updates 3425/6250 episodes, total num timesteps 10963200/20000000, FPS 9335.

average episode rewards is -117.7475357055664
eval average episode rewards of agent: -114.97044908321679
eval success rate: 0.95

 Scenario simple_spread Algo rmappo Exp reference_20260925T173510Z_880afb_mappo_w128_seed2 updates 3430/6250 episodes, total num timesteps 10979200/20000000, FPS 9335.

average episode rewards is -116.45263671875

 Scenario simple_spread Algo rmappo Exp reference_20260925T173510Z_880afb_mappo_w128_seed2 updates 3435/6250 episodes, total num timesteps 10995200/20000000, FPS 9335.

average episode rewards is -114.58502197265625

 Scenario simple_spread Algo rmappo Exp reference_20260925T173510Z_880afb_mappo_w128_seed2 updates 3440/6250 episodes, total num timesteps 11011200/20000000, FPS 9335.

average episode rewards is -113.23324584960938

 Scenario simple_spread Algo rmappo Exp reference_20260925T173510Z_880afb_mappo_w128_seed2 updates 3445/6250 episodes, total num timesteps 11027200/20000000, FPS 9336.

average episode rewards is -116.37897491455078

 Scenario simple_spread Algo rmappo Exp reference_20260925T173510Z_880afb_mappo_w128_seed2 updates 3450/6250 episodes, total num timesteps 11043200/20000000, FPS 9335.

average episode rewards is -115.00621795654297
eval average episode rewards of agent: -114.77274973052984
eval success rate: 0.9

 Scenario simple_spread Algo rmappo Exp reference_20260925T173510Z_880afb_mappo_w128_seed2 updates 3455/6250 episodes, total num timesteps 11059200/20000000, FPS 9335.

average episode rewards is -115.86481475830078

 Scenario simple_spread Algo rmappo Exp reference_20260925T173510Z_880afb_mappo_w128_seed2 updates 3460/6250 episodes, total num timesteps 11075200/20000000, FPS 9335.

average episode rewards is -116.19303131103516

 Scenario simple_spread Algo rmappo Exp reference_20260925T173510Z_880afb_mappo_w128_seed2 updates 3465/6250 episodes, total num timesteps 11091200/20000000, FPS 9335.

average episode rewards is -117.63146209716797

 Scenario simple_spread Algo rmappo Exp reference_20260925T173510Z_880afb_mappo_w128_seed2 updates 3470/6250 episodes, total num timesteps 11107200/20000000, FPS 9335.

average episode rewards is -112.65010833740234

 Scenario simple_spread Algo rmappo Exp reference_20260925T173510Z_880afb_mappo_w128_seed2 updates 3475/6250 episodes, total num timesteps 11123200/20000000, FPS 9335.

average episode rewards is -112.30132293701172
eval average episode rewards of agent: -110.34987707621717
eval success rate: 1.0

 Scenario simple_spread Algo rmappo Exp reference_20260925T173510Z_880afb_mappo_w128_seed2 updates 3480/6250 episodes, total num timesteps 11139200/20000000, FPS 9335.

average episode rewards is -117.16497802734375

 Scenario simple_spread Algo rmappo Exp reference_20260925T173510Z_880afb_mappo_w128_seed2 updates 3485/6250 episodes, total num timesteps 11155200/20000000, FPS 9335.

average episode rewards is -116.77527618408203

 Scenario simple_spread Algo rmappo Exp reference_20260925T173510Z_880afb_mappo_w128_seed2 updates 3490/6250 episodes, total num timesteps 11171200/20000000, FPS 9335.

average episode rewards is -113.1840591430664

 Scenario simple_spread Algo rmappo Exp reference_20260925T173510Z_880afb_mappo_w128_seed2 updates 3495/6250 episodes, total num timesteps 11187200/20000000, FPS 9336.

average episode rewards is -114.32429504394531

 Scenario simple_spread Algo rmappo Exp reference_20260925T173510Z_880afb_mappo_w128_seed2 updates 3500/6250 episodes, total num timesteps 11203200/20000000, FPS 9336.

average episode rewards is -113.93326568603516
eval average episode rewards of agent: -110.37596111635976
eval success rate: 0.95

 Scenario simple_spread Algo rmappo Exp reference_20260925T173510Z_880afb_mappo_w128_seed2 updates 3505/6250 episodes, total num timesteps 11219200/20000000, FPS 9335.

average episode rewards is -117.80965423583984

 Scenario simple_spread Algo rmappo Exp reference_20260925T173510Z_880afb_mappo_w128_seed2 updates 3510/6250 episodes, total num timesteps 11235200/20000000, FPS 9334.

average episode rewards is -115.67198944091797

 Scenario simple_spread Algo rmappo Exp reference_20260925T173510Z_880afb_mappo_w128_seed2 updates 3515/6250 episodes, total num timesteps 11251200/20000000, FPS 9335.

average episode rewards is -112.15682220458984

 Scenario simple_spread Algo rmappo Exp reference_20260925T173510Z_880afb_mappo_w128_seed2 updates 3520/6250 episodes, total num timesteps 11267200/20000000, FPS 9335.

average episode rewards is -115.81431579589844

 Scenario simple_spread Algo rmappo Exp reference_20260925T173510Z_880afb_mappo_w128_seed2 updates 3525/6250 episodes, total num timesteps 11283200/20000000, FPS 9335.

average episode rewards is -116.25247955322266
eval average episode rewards of agent: -113.60697175208841
eval success rate: 0.85

 Scenario simple_spread Algo rmappo Exp reference_20260925T173510Z_880afb_mappo_w128_seed2 updates 3530/6250 episodes, total num timesteps 11299200/20000000, FPS 9335.

average episode rewards is -112.78317260742188

 Scenario simple_spread Algo rmappo Exp reference_20260925T173510Z_880afb_mappo_w128_seed2 updates 3535/6250 episodes, total num timesteps 11315200/20000000, FPS 9335.

average episode rewards is -116.4117202758789

 Scenario simple_spread Algo rmappo Exp reference_20260925T173510Z_880afb_mappo_w128_seed2 updates 3540/6250 episodes, total num timesteps 11331200/20000000, FPS 9335.

average episode rewards is -115.43339538574219

 Scenario simple_spread Algo rmappo Exp reference_20260925T173510Z_880afb_mappo_w128_seed2 updates 3545/6250 episodes, total num timesteps 11347200/20000000, FPS 9335.

average episode rewards is -116.1845474243164

 Scenario simple_spread Algo rmappo Exp reference_20260925T173510Z_880afb_mappo_w128_seed2 updates 3550/6250 episodes, total num timesteps 11363200/20000000, FPS 9335.

average episode rewards is -114.7391586303711
eval average episode rewards of agent: -115.7481619243345
eval success rate: 0.9

 Scenario simple_spread Algo rmappo Exp reference_20260925T173510Z_880afb_mappo_w128_seed2 updates 3555/6250 episodes, total num timesteps 11379200/20000000, FPS 9335.

average episode rewards is -114.7614974975586

 Scenario simple_spread Algo rmappo Exp reference_20260925T173510Z_880afb_mappo_w128_seed2 updates 3560/6250 episodes, total num timesteps 11395200/20000000, FPS 9335.

average episode rewards is -116.2009506225586

 Scenario simple_spread Algo rmappo Exp reference_20260925T173510Z_880afb_mappo_w128_seed2 updates 3565/6250 episodes, total num timesteps 11411200/20000000, FPS 9335.

average episode rewards is -115.14002990722656

 Scenario simple_spread Algo rmappo Exp reference_20260925T173510Z_880afb_mappo_w128_seed2 updates 3570/6250 episodes, total num timesteps 11427200/20000000, FPS 9335.

average episode rewards is -114.55455017089844

 Scenario simple_spread Algo rmappo Exp reference_20260925T173510Z_880afb_mappo_w128_seed2 updates 3575/6250 episodes, total num timesteps 11443200/20000000, FPS 9335.

average episode rewards is -114.06822204589844
eval average episode rewards of agent: -112.69239139437431
eval success rate: 0.9

 Scenario simple_spread Algo rmappo Exp reference_20260925T173510Z_880afb_mappo_w128_seed2 updates 3580/6250 episodes, total num timesteps 11459200/20000000, FPS 9334.

average episode rewards is -114.83712005615234

 Scenario simple_spread Algo rmappo Exp reference_20260925T173510Z_880afb_mappo_w128_seed2 updates 3585/6250 episodes, total num timesteps 11475200/20000000, FPS 9335.

average episode rewards is -117.13612365722656

 Scenario simple_spread Algo rmappo Exp reference_20260925T173510Z_880afb_mappo_w128_seed2 updates 3590/6250 episodes, total num timesteps 11491200/20000000, FPS 9335.

average episode rewards is -116.05857849121094

 Scenario simple_spread Algo rmappo Exp reference_20260925T173510Z_880afb_mappo_w128_seed2 updates 3595/6250 episodes, total num timesteps 11507200/20000000, FPS 9335.

average episode rewards is -115.72066497802734

 Scenario simple_spread Algo rmappo Exp reference_20260925T173510Z_880afb_mappo_w128_seed2 updates 3600/6250 episodes, total num timesteps 11523200/20000000, FPS 9335.

average episode rewards is -115.95367431640625
eval average episode rewards of agent: -112.82543356149057
eval success rate: 0.85

 Scenario simple_spread Algo rmappo Exp reference_20260925T173510Z_880afb_mappo_w128_seed2 updates 3605/6250 episodes, total num timesteps 11539200/20000000, FPS 9335.

average episode rewards is -114.22943878173828

 Scenario simple_spread Algo rmappo Exp reference_20260925T173510Z_880afb_mappo_w128_seed2 updates 3610/6250 episodes, total num timesteps 11555200/20000000, FPS 9335.

average episode rewards is -113.22801971435547

 Scenario simple_spread Algo rmappo Exp reference_20260925T173510Z_880afb_mappo_w128_seed2 updates 3615/6250 episodes, total num timesteps 11571200/20000000, FPS 9335.

average episode rewards is -115.89457702636719

 Scenario simple_spread Algo rmappo Exp reference_20260925T173510Z_880afb_mappo_w128_seed2 updates 3620/6250 episodes, total num timesteps 11587200/20000000, FPS 9335.

average episode rewards is -115.96910858154297

 Scenario simple_spread Algo rmappo Exp reference_20260925T173510Z_880afb_mappo_w128_seed2 updates 3625/6250 episodes, total num timesteps 11603200/20000000, FPS 9335.

average episode rewards is -115.71659088134766
eval average episode rewards of agent: -113.84305648601938
eval success rate: 0.85

 Scenario simple_spread Algo rmappo Exp reference_20260925T173510Z_880afb_mappo_w128_seed2 updates 3630/6250 episodes, total num timesteps 11619200/20000000, FPS 9334.

average episode rewards is -116.43549346923828

 Scenario simple_spread Algo rmappo Exp reference_20260925T173510Z_880afb_mappo_w128_seed2 updates 3635/6250 episodes, total num timesteps 11635200/20000000, FPS 9335.

average episode rewards is -112.45979309082031

 Scenario simple_spread Algo rmappo Exp reference_20260925T173510Z_880afb_mappo_w128_seed2 updates 3640/6250 episodes, total num timesteps 11651200/20000000, FPS 9335.

average episode rewards is -113.94363403320312

 Scenario simple_spread Algo rmappo Exp reference_20260925T173510Z_880afb_mappo_w128_seed2 updates 3645/6250 episodes, total num timesteps 11667200/20000000, FPS 9335.

average episode rewards is -114.33618927001953

 Scenario simple_spread Algo rmappo Exp reference_20260925T173510Z_880afb_mappo_w128_seed2 updates 3650/6250 episodes, total num timesteps 11683200/20000000, FPS 9335.

average episode rewards is -113.86044311523438
eval average episode rewards of agent: -114.66334556757661
eval success rate: 0.9

 Scenario simple_spread Algo rmappo Exp reference_20260925T173510Z_880afb_mappo_w128_seed2 updates 3655/6250 episodes, total num timesteps 11699200/20000000, FPS 9335.

average episode rewards is -114.48048400878906

 Scenario simple_spread Algo rmappo Exp reference_20260925T173510Z_880afb_mappo_w128_seed2 updates 3660/6250 episodes, total num timesteps 11715200/20000000, FPS 9335.

average episode rewards is -115.49688720703125

 Scenario simple_spread Algo rmappo Exp reference_20260925T173510Z_880afb_mappo_w128_seed2 updates 3665/6250 episodes, total num timesteps 11731200/20000000, FPS 9335.

average episode rewards is -112.90940856933594

 Scenario simple_spread Algo rmappo Exp reference_20260925T173510Z_880afb_mappo_w128_seed2 updates 3670/6250 episodes, total num timesteps 11747200/20000000, FPS 9335.

average episode rewards is -113.91790771484375

 Scenario simple_spread Algo rmappo Exp reference_20260925T173510Z_880afb_mappo_w128_seed2 updates 3675/6250 episodes, total num timesteps 11763200/20000000, FPS 9335.

average episode rewards is -114.7770767211914
eval average episode rewards of agent: -107.65976747527431
eval success rate: 0.95

 Scenario simple_spread Algo rmappo Exp reference_20260925T173510Z_880afb_mappo_w128_seed2 updates 3680/6250 episodes, total num timesteps 11779200/20000000, FPS 9335.

average episode rewards is -112.44759368896484

 Scenario simple_spread Algo rmappo Exp reference_20260925T173510Z_880afb_mappo_w128_seed2 updates 3685/6250 episodes, total num timesteps 11795200/20000000, FPS 9335.

average episode rewards is -115.5359878540039

 Scenario simple_spread Algo rmappo Exp reference_20260925T173510Z_880afb_mappo_w128_seed2 updates 3690/6250 episodes, total num timesteps 11811200/20000000, FPS 9334.

average episode rewards is -114.2825698852539

 Scenario simple_spread Algo rmappo Exp reference_20260925T173510Z_880afb_mappo_w128_seed2 updates 3695/6250 episodes, total num timesteps 11827200/20000000, FPS 9334.

average episode rewards is -113.72447967529297

 Scenario simple_spread Algo rmappo Exp reference_20260925T173510Z_880afb_mappo_w128_seed2 updates 3700/6250 episodes, total num timesteps 11843200/20000000, FPS 9334.

average episode rewards is -115.16691589355469
eval average episode rewards of agent: -116.21722650642748
eval success rate: 0.9

 Scenario simple_spread Algo rmappo Exp reference_20260925T173510Z_880afb_mappo_w128_seed2 updates 3705/6250 episodes, total num timesteps 11859200/20000000, FPS 9334.

average episode rewards is -111.89511108398438

 Scenario simple_spread Algo rmappo Exp reference_20260925T173510Z_880afb_mappo_w128_seed2 updates 3710/6250 episodes, total num timesteps 11875200/20000000, FPS 9334.

average episode rewards is -113.40959930419922

 Scenario simple_spread Algo rmappo Exp reference_20260925T173510Z_880afb_mappo_w128_seed2 updates 3715/6250 episodes, total num timesteps 11891200/20000000, FPS 9334.

average episode rewards is -114.52350616455078

 Scenario simple_spread Algo rmappo Exp reference_20260925T173510Z_880afb_mappo_w128_seed2 updates 3720/6250 episodes, total num timesteps 11907200/20000000, FPS 9334.

average episode rewards is -113.05927276611328

 Scenario simple_spread Algo rmappo Exp reference_20260925T173510Z_880afb_mappo_w128_seed2 updates 3725/6250 episodes, total num timesteps 11923200/20000000, FPS 9334.

average episode rewards is -115.17821502685547
eval average episode rewards of agent: -111.85650267931643
eval success rate: 0.95

 Scenario simple_spread Algo rmappo Exp reference_20260925T173510Z_880afb_mappo_w128_seed2 updates 3730/6250 episodes, total num timesteps 11939200/20000000, FPS 9334.

average episode rewards is -112.849365234375

 Scenario simple_spread Algo rmappo Exp reference_20260925T173510Z_880afb_mappo_w128_seed2 updates 3735/6250 episodes, total num timesteps 11955200/20000000, FPS 9334.

average episode rewards is -115.3224105834961

 Scenario simple_spread Algo rmappo Exp reference_20260925T173510Z_880afb_mappo_w128_seed2 updates 3740/6250 episodes, total num timesteps 11971200/20000000, FPS 9334.

average episode rewards is -113.5573959350586

 Scenario simple_spread Algo rmappo Exp reference_20260925T173510Z_880afb_mappo_w128_seed2 updates 3745/6250 episodes, total num timesteps 11987200/20000000, FPS 9334.

average episode rewards is -114.8148422241211

 Scenario simple_spread Algo rmappo Exp reference_20260925T173510Z_880afb_mappo_w128_seed2 updates 3750/6250 episodes, total num timesteps 12003200/20000000, FPS 9333.

average episode rewards is -113.27542114257812
eval average episode rewards of agent: -106.89043749412808
eval success rate: 0.9

 Scenario simple_spread Algo rmappo Exp reference_20260925T173510Z_880afb_mappo_w128_seed2 updates 3755/6250 episodes, total num timesteps 12019200/20000000, FPS 9333.

average episode rewards is -115.85917663574219

 Scenario simple_spread Algo rmappo Exp reference_20260925T173510Z_880afb_mappo_w128_seed2 updates 3760/6250 episodes, total num timesteps 12035200/20000000, FPS 9333.

average episode rewards is -116.71613311767578

 Scenario simple_spread Algo rmappo Exp reference_20260925T173510Z_880afb_mappo_w128_seed2 updates 3765/6250 episodes, total num timesteps 12051200/20000000, FPS 9334.

average episode rewards is -116.17493438720703

 Scenario simple_spread Algo rmappo Exp reference_20260925T173510Z_880afb_mappo_w128_seed2 updates 3770/6250 episodes, total num timesteps 12067200/20000000, FPS 9334.

average episode rewards is -114.71319580078125

 Scenario simple_spread Algo rmappo Exp reference_20260925T173510Z_880afb_mappo_w128_seed2 updates 3775/6250 episodes, total num timesteps 12083200/20000000, FPS 9334.

average episode rewards is -115.134765625
eval average episode rewards of agent: -115.41057581046877
eval success rate: 0.95

 Scenario simple_spread Algo rmappo Exp reference_20260925T173510Z_880afb_mappo_w128_seed2 updates 3780/6250 episodes, total num timesteps 12099200/20000000, FPS 9334.

average episode rewards is -115.4835205078125

 Scenario simple_spread Algo rmappo Exp reference_20260925T173510Z_880afb_mappo_w128_seed2 updates 3785/6250 episodes, total num timesteps 12115200/20000000, FPS 9334.

average episode rewards is -112.65740203857422

 Scenario simple_spread Algo rmappo Exp reference_20260925T173510Z_880afb_mappo_w128_seed2 updates 3790/6250 episodes, total num timesteps 12131200/20000000, FPS 9334.

average episode rewards is -113.32630920410156

 Scenario simple_spread Algo rmappo Exp reference_20260925T173510Z_880afb_mappo_w128_seed2 updates 3795/6250 episodes, total num timesteps 12147200/20000000, FPS 9334.

average episode rewards is -115.26591491699219

 Scenario simple_spread Algo rmappo Exp reference_20260925T173510Z_880afb_mappo_w128_seed2 updates 3800/6250 episodes, total num timesteps 12163200/20000000, FPS 9334.

average episode rewards is -115.13372802734375
eval average episode rewards of agent: -113.09502975850005
eval success rate: 0.9

 Scenario simple_spread Algo rmappo Exp reference_20260925T173510Z_880afb_mappo_w128_seed2 updates 3805/6250 episodes, total num timesteps 12179200/20000000, FPS 9333.

average episode rewards is -114.53755950927734

 Scenario simple_spread Algo rmappo Exp reference_20260925T173510Z_880afb_mappo_w128_seed2 updates 3810/6250 episodes, total num timesteps 12195200/20000000, FPS 9332.

average episode rewards is -116.02071380615234

 Scenario simple_spread Algo rmappo Exp reference_20260925T173510Z_880afb_mappo_w128_seed2 updates 3815/6250 episodes, total num timesteps 12211200/20000000, FPS 9332.

average episode rewards is -115.08804321289062

 Scenario simple_spread Algo rmappo Exp reference_20260925T173510Z_880afb_mappo_w128_seed2 updates 3820/6250 episodes, total num timesteps 12227200/20000000, FPS 9333.

average episode rewards is -115.3859634399414

 Scenario simple_spread Algo rmappo Exp reference_20260925T173510Z_880afb_mappo_w128_seed2 updates 3825/6250 episodes, total num timesteps 12243200/20000000, FPS 9333.

average episode rewards is -112.74098205566406
eval average episode rewards of agent: -109.16502407314398
eval success rate: 0.95

 Scenario simple_spread Algo rmappo Exp reference_20260925T173510Z_880afb_mappo_w128_seed2 updates 3830/6250 episodes, total num timesteps 12259200/20000000, FPS 9333.

average episode rewards is -113.52632904052734

 Scenario simple_spread Algo rmappo Exp reference_20260925T173510Z_880afb_mappo_w128_seed2 updates 3835/6250 episodes, total num timesteps 12275200/20000000, FPS 9333.

average episode rewards is -117.85528564453125

 Scenario simple_spread Algo rmappo Exp reference_20260925T173510Z_880afb_mappo_w128_seed2 updates 3840/6250 episodes, total num timesteps 12291200/20000000, FPS 9333.

average episode rewards is -113.32589721679688

 Scenario simple_spread Algo rmappo Exp reference_20260925T173510Z_880afb_mappo_w128_seed2 updates 3845/6250 episodes, total num timesteps 12307200/20000000, FPS 9333.

average episode rewards is -115.3523178100586

 Scenario simple_spread Algo rmappo Exp reference_20260925T173510Z_880afb_mappo_w128_seed2 updates 3850/6250 episodes, total num timesteps 12323200/20000000, FPS 9333.

average episode rewards is -114.65170288085938
eval average episode rewards of agent: -110.10258547772425
eval success rate: 0.95

 Scenario simple_spread Algo rmappo Exp reference_20260925T173510Z_880afb_mappo_w128_seed2 updates 3855/6250 episodes, total num timesteps 12339200/20000000, FPS 9333.

average episode rewards is -114.00021362304688

 Scenario simple_spread Algo rmappo Exp reference_20260925T173510Z_880afb_mappo_w128_seed2 updates 3860/6250 episodes, total num timesteps 12355200/20000000, FPS 9333.

average episode rewards is -113.97908020019531

 Scenario simple_spread Algo rmappo Exp reference_20260925T173510Z_880afb_mappo_w128_seed2 updates 3865/6250 episodes, total num timesteps 12371200/20000000, FPS 9333.

average episode rewards is -113.93101501464844

 Scenario simple_spread Algo rmappo Exp reference_20260925T173510Z_880afb_mappo_w128_seed2 updates 3870/6250 episodes, total num timesteps 12387200/20000000, FPS 9332.

average episode rewards is -112.84127044677734

 Scenario simple_spread Algo rmappo Exp reference_20260925T173510Z_880afb_mappo_w128_seed2 updates 3875/6250 episodes, total num timesteps 12403200/20000000, FPS 9332.

average episode rewards is -113.1720199584961
eval average episode rewards of agent: -111.13304760158243
eval success rate: 0.95

 Scenario simple_spread Algo rmappo Exp reference_20260925T173510Z_880afb_mappo_w128_seed2 updates 3880/6250 episodes, total num timesteps 12419200/20000000, FPS 9332.

average episode rewards is -114.8483657836914

 Scenario simple_spread Algo rmappo Exp reference_20260925T173510Z_880afb_mappo_w128_seed2 updates 3885/6250 episodes, total num timesteps 12435200/20000000, FPS 9332.

average episode rewards is -114.5323257446289

 Scenario simple_spread Algo rmappo Exp reference_20260925T173510Z_880afb_mappo_w128_seed2 updates 3890/6250 episodes, total num timesteps 12451200/20000000, FPS 9332.

average episode rewards is -114.7486343383789

 Scenario simple_spread Algo rmappo Exp reference_20260925T173510Z_880afb_mappo_w128_seed2 updates 3895/6250 episodes, total num timesteps 12467200/20000000, FPS 9332.

average episode rewards is -113.67758178710938

 Scenario simple_spread Algo rmappo Exp reference_20260925T173510Z_880afb_mappo_w128_seed2 updates 3900/6250 episodes, total num timesteps 12483200/20000000, FPS 9332.

average episode rewards is -115.90917205810547
eval average episode rewards of agent: -116.74135571465018
eval success rate: 0.95

 Scenario simple_spread Algo rmappo Exp reference_20260925T173510Z_880afb_mappo_w128_seed2 updates 3905/6250 episodes, total num timesteps 12499200/20000000, FPS 9332.

average episode rewards is -111.52952575683594

 Scenario simple_spread Algo rmappo Exp reference_20260925T173510Z_880afb_mappo_w128_seed2 updates 3910/6250 episodes, total num timesteps 12515200/20000000, FPS 9332.

average episode rewards is -115.40351867675781

 Scenario simple_spread Algo rmappo Exp reference_20260925T173510Z_880afb_mappo_w128_seed2 updates 3915/6250 episodes, total num timesteps 12531200/20000000, FPS 9332.

average episode rewards is -115.61640167236328

 Scenario simple_spread Algo rmappo Exp reference_20260925T173510Z_880afb_mappo_w128_seed2 updates 3920/6250 episodes, total num timesteps 12547200/20000000, FPS 9332.

average episode rewards is -113.69649505615234

 Scenario simple_spread Algo rmappo Exp reference_20260925T173510Z_880afb_mappo_w128_seed2 updates 3925/6250 episodes, total num timesteps 12563200/20000000, FPS 9333.

average episode rewards is -112.86845397949219
eval average episode rewards of agent: -114.08754229070702
eval success rate: 0.9

 Scenario simple_spread Algo rmappo Exp reference_20260925T173510Z_880afb_mappo_w128_seed2 updates 3930/6250 episodes, total num timesteps 12579200/20000000, FPS 9331.

average episode rewards is -113.94110870361328

 Scenario simple_spread Algo rmappo Exp reference_20260925T173510Z_880afb_mappo_w128_seed2 updates 3935/6250 episodes, total num timesteps 12595200/20000000, FPS 9331.

average episode rewards is -116.46934509277344

 Scenario simple_spread Algo rmappo Exp reference_20260925T173510Z_880afb_mappo_w128_seed2 updates 3940/6250 episodes, total num timesteps 12611200/20000000, FPS 9332.

average episode rewards is -116.82486724853516

 Scenario simple_spread Algo rmappo Exp reference_20260925T173510Z_880afb_mappo_w128_seed2 updates 3945/6250 episodes, total num timesteps 12627200/20000000, FPS 9332.

average episode rewards is -114.42068481445312

 Scenario simple_spread Algo rmappo Exp reference_20260925T173510Z_880afb_mappo_w128_seed2 updates 3950/6250 episodes, total num timesteps 12643200/20000000, FPS 9331.

average episode rewards is -114.323974609375
eval average episode rewards of agent: -113.7657941617044
eval success rate: 0.85

 Scenario simple_spread Algo rmappo Exp reference_20260925T173510Z_880afb_mappo_w128_seed2 updates 3955/6250 episodes, total num timesteps 12659200/20000000, FPS 9331.

average episode rewards is -114.26417541503906

 Scenario simple_spread Algo rmappo Exp reference_20260925T173510Z_880afb_mappo_w128_seed2 updates 3960/6250 episodes, total num timesteps 12675200/20000000, FPS 9331.

average episode rewards is -113.72593688964844

 Scenario simple_spread Algo rmappo Exp reference_20260925T173510Z_880afb_mappo_w128_seed2 updates 3965/6250 episodes, total num timesteps 12691200/20000000, FPS 9331.

average episode rewards is -111.00585174560547

 Scenario simple_spread Algo rmappo Exp reference_20260925T173510Z_880afb_mappo_w128_seed2 updates 3970/6250 episodes, total num timesteps 12707200/20000000, FPS 9331.

average episode rewards is -115.13900756835938

 Scenario simple_spread Algo rmappo Exp reference_20260925T173510Z_880afb_mappo_w128_seed2 updates 3975/6250 episodes, total num timesteps 12723200/20000000, FPS 9332.

average episode rewards is -112.93142700195312
eval average episode rewards of agent: -114.98843441954199
eval success rate: 0.85

 Scenario simple_spread Algo rmappo Exp reference_20260925T173510Z_880afb_mappo_w128_seed2 updates 3980/6250 episodes, total num timesteps 12739200/20000000, FPS 9331.

average episode rewards is -115.47099304199219

 Scenario simple_spread Algo rmappo Exp reference_20260925T173510Z_880afb_mappo_w128_seed2 updates 3985/6250 episodes, total num timesteps 12755200/20000000, FPS 9331.

average episode rewards is -113.07315826416016

 Scenario simple_spread Algo rmappo Exp reference_20260925T173510Z_880afb_mappo_w128_seed2 updates 3990/6250 episodes, total num timesteps 12771200/20000000, FPS 9331.

average episode rewards is -113.38213348388672

 Scenario simple_spread Algo rmappo Exp reference_20260925T173510Z_880afb_mappo_w128_seed2 updates 3995/6250 episodes, total num timesteps 12787200/20000000, FPS 9331.

average episode rewards is -115.11101531982422

 Scenario simple_spread Algo rmappo Exp reference_20260925T173510Z_880afb_mappo_w128_seed2 updates 4000/6250 episodes, total num timesteps 12803200/20000000, FPS 9331.

average episode rewards is -113.37886810302734
eval average episode rewards of agent: -113.82827949286023
eval success rate: 0.95

 Scenario simple_spread Algo rmappo Exp reference_20260925T173510Z_880afb_mappo_w128_seed2 updates 4005/6250 episodes, total num timesteps 12819200/20000000, FPS 9331.

average episode rewards is -113.1642837524414

 Scenario simple_spread Algo rmappo Exp reference_20260925T173510Z_880afb_mappo_w128_seed2 updates 4010/6250 episodes, total num timesteps 12835200/20000000, FPS 9331.

average episode rewards is -116.0436782836914

 Scenario simple_spread Algo rmappo Exp reference_20260925T173510Z_880afb_mappo_w128_seed2 updates 4015/6250 episodes, total num timesteps 12851200/20000000, FPS 9331.

average episode rewards is -113.33524322509766

 Scenario simple_spread Algo rmappo Exp reference_20260925T173510Z_880afb_mappo_w128_seed2 updates 4020/6250 episodes, total num timesteps 12867200/20000000, FPS 9331.

average episode rewards is -113.55308532714844

 Scenario simple_spread Algo rmappo Exp reference_20260925T173510Z_880afb_mappo_w128_seed2 updates 4025/6250 episodes, total num timesteps 12883200/20000000, FPS 9331.

average episode rewards is -111.62737274169922
eval average episode rewards of agent: -110.66267368194096
eval success rate: 0.95

 Scenario simple_spread Algo rmappo Exp reference_20260925T173510Z_880afb_mappo_w128_seed2 updates 4030/6250 episodes, total num timesteps 12899200/20000000, FPS 9331.

average episode rewards is -115.6789321899414

 Scenario simple_spread Algo rmappo Exp reference_20260925T173510Z_880afb_mappo_w128_seed2 updates 4035/6250 episodes, total num timesteps 12915200/20000000, FPS 9331.

average episode rewards is -112.32991027832031

 Scenario simple_spread Algo rmappo Exp reference_20260925T173510Z_880afb_mappo_w128_seed2 updates 4040/6250 episodes, total num timesteps 12931200/20000000, FPS 9331.

average episode rewards is -114.56578063964844

 Scenario simple_spread Algo rmappo Exp reference_20260925T173510Z_880afb_mappo_w128_seed2 updates 4045/6250 episodes, total num timesteps 12947200/20000000, FPS 9331.

average episode rewards is -115.33329772949219

 Scenario simple_spread Algo rmappo Exp reference_20260925T173510Z_880afb_mappo_w128_seed2 updates 4050/6250 episodes, total num timesteps 12963200/20000000, FPS 9330.

average episode rewards is -114.81607818603516
eval average episode rewards of agent: -115.47371782057765
eval success rate: 0.95

 Scenario simple_spread Algo rmappo Exp reference_20260925T173510Z_880afb_mappo_w128_seed2 updates 4055/6250 episodes, total num timesteps 12979200/20000000, FPS 9330.

average episode rewards is -112.92730712890625

 Scenario simple_spread Algo rmappo Exp reference_20260925T173510Z_880afb_mappo_w128_seed2 updates 4060/6250 episodes, total num timesteps 12995200/20000000, FPS 9330.

average episode rewards is -113.48114013671875

 Scenario simple_spread Algo rmappo Exp reference_20260925T173510Z_880afb_mappo_w128_seed2 updates 4065/6250 episodes, total num timesteps 13011200/20000000, FPS 9330.

average episode rewards is -117.41851806640625

 Scenario simple_spread Algo rmappo Exp reference_20260925T173510Z_880afb_mappo_w128_seed2 updates 4070/6250 episodes, total num timesteps 13027200/20000000, FPS 9330.

average episode rewards is -114.34130859375

 Scenario simple_spread Algo rmappo Exp reference_20260925T173510Z_880afb_mappo_w128_seed2 updates 4075/6250 episodes, total num timesteps 13043200/20000000, FPS 9330.

average episode rewards is -115.76915740966797
eval average episode rewards of agent: -106.80440543369241
eval success rate: 0.95

 Scenario simple_spread Algo rmappo Exp reference_20260925T173510Z_880afb_mappo_w128_seed2 updates 4080/6250 episodes, total num timesteps 13059200/20000000, FPS 9330.

average episode rewards is -115.77271270751953

 Scenario simple_spread Algo rmappo Exp reference_20260925T173510Z_880afb_mappo_w128_seed2 updates 4085/6250 episodes, total num timesteps 13075200/20000000, FPS 9330.

average episode rewards is -114.90974426269531

 Scenario simple_spread Algo rmappo Exp reference_20260925T173510Z_880afb_mappo_w128_seed2 updates 4090/6250 episodes, total num timesteps 13091200/20000000, FPS 9330.

average episode rewards is -113.0234146118164

 Scenario simple_spread Algo rmappo Exp reference_20260925T173510Z_880afb_mappo_w128_seed2 updates 4095/6250 episodes, total num timesteps 13107200/20000000, FPS 9331.

average episode rewards is -113.22605895996094

 Scenario simple_spread Algo rmappo Exp reference_20260925T173510Z_880afb_mappo_w128_seed2 updates 4100/6250 episodes, total num timesteps 13123200/20000000, FPS 9331.

average episode rewards is -114.94850158691406
eval average episode rewards of agent: -116.19866418684968
eval success rate: 0.8

 Scenario simple_spread Algo rmappo Exp reference_20260925T173510Z_880afb_mappo_w128_seed2 updates 4105/6250 episodes, total num timesteps 13139200/20000000, FPS 9331.

average episode rewards is -113.01252746582031

 Scenario simple_spread Algo rmappo Exp reference_20260925T173510Z_880afb_mappo_w128_seed2 updates 4110/6250 episodes, total num timesteps 13155200/20000000, FPS 9330.

average episode rewards is -113.04118347167969

 Scenario simple_spread Algo rmappo Exp reference_20260925T173510Z_880afb_mappo_w128_seed2 updates 4115/6250 episodes, total num timesteps 13171200/20000000, FPS 9330.

average episode rewards is -116.449951171875

 Scenario simple_spread Algo rmappo Exp reference_20260925T173510Z_880afb_mappo_w128_seed2 updates 4120/6250 episodes, total num timesteps 13187200/20000000, FPS 9330.

average episode rewards is -115.47234344482422

 Scenario simple_spread Algo rmappo Exp reference_20260925T173510Z_880afb_mappo_w128_seed2 updates 4125/6250 episodes, total num timesteps 13203200/20000000, FPS 9330.

average episode rewards is -112.1723403930664
eval average episode rewards of agent: -113.43472760648986
eval success rate: 1.0

 Scenario simple_spread Algo rmappo Exp reference_20260925T173510Z_880afb_mappo_w128_seed2 updates 4130/6250 episodes, total num timesteps 13219200/20000000, FPS 9330.

average episode rewards is -113.70675659179688

 Scenario simple_spread Algo rmappo Exp reference_20260925T173510Z_880afb_mappo_w128_seed2 updates 4135/6250 episodes, total num timesteps 13235200/20000000, FPS 9330.

average episode rewards is -114.20891571044922

 Scenario simple_spread Algo rmappo Exp reference_20260925T173510Z_880afb_mappo_w128_seed2 updates 4140/6250 episodes, total num timesteps 13251200/20000000, FPS 9330.

average episode rewards is -114.41899871826172

 Scenario simple_spread Algo rmappo Exp reference_20260925T173510Z_880afb_mappo_w128_seed2 updates 4145/6250 episodes, total num timesteps 13267200/20000000, FPS 9330.

average episode rewards is -113.46919250488281

 Scenario simple_spread Algo rmappo Exp reference_20260925T173510Z_880afb_mappo_w128_seed2 updates 4150/6250 episodes, total num timesteps 13283200/20000000, FPS 9331.

average episode rewards is -112.28307342529297
eval average episode rewards of agent: -110.50807983022865
eval success rate: 0.8

 Scenario simple_spread Algo rmappo Exp reference_20260925T173510Z_880afb_mappo_w128_seed2 updates 4155/6250 episodes, total num timesteps 13299200/20000000, FPS 9330.

average episode rewards is -113.35730743408203

 Scenario simple_spread Algo rmappo Exp reference_20260925T173510Z_880afb_mappo_w128_seed2 updates 4160/6250 episodes, total num timesteps 13315200/20000000, FPS 9331.

average episode rewards is -117.23713684082031

 Scenario simple_spread Algo rmappo Exp reference_20260925T173510Z_880afb_mappo_w128_seed2 updates 4165/6250 episodes, total num timesteps 13331200/20000000, FPS 9331.

average episode rewards is -114.52220916748047

 Scenario simple_spread Algo rmappo Exp reference_20260925T173510Z_880afb_mappo_w128_seed2 updates 4170/6250 episodes, total num timesteps 13347200/20000000, FPS 9330.

average episode rewards is -113.11508178710938

 Scenario simple_spread Algo rmappo Exp reference_20260925T173510Z_880afb_mappo_w128_seed2 updates 4175/6250 episodes, total num timesteps 13363200/20000000, FPS 9330.

average episode rewards is -113.0724105834961
eval average episode rewards of agent: -117.56342333697853
eval success rate: 0.9

 Scenario simple_spread Algo rmappo Exp reference_20260925T173510Z_880afb_mappo_w128_seed2 updates 4180/6250 episodes, total num timesteps 13379200/20000000, FPS 9330.

average episode rewards is -116.83956146240234

 Scenario simple_spread Algo rmappo Exp reference_20260925T173510Z_880afb_mappo_w128_seed2 updates 4185/6250 episodes, total num timesteps 13395200/20000000, FPS 9330.

average episode rewards is -114.9145736694336

 Scenario simple_spread Algo rmappo Exp reference_20260925T173510Z_880afb_mappo_w128_seed2 updates 4190/6250 episodes, total num timesteps 13411200/20000000, FPS 9330.

average episode rewards is -114.10623931884766

 Scenario simple_spread Algo rmappo Exp reference_20260925T173510Z_880afb_mappo_w128_seed2 updates 4195/6250 episodes, total num timesteps 13427200/20000000, FPS 9330.

average episode rewards is -114.69705963134766

 Scenario simple_spread Algo rmappo Exp reference_20260925T173510Z_880afb_mappo_w128_seed2 updates 4200/6250 episodes, total num timesteps 13443200/20000000, FPS 9330.

average episode rewards is -112.1663818359375
eval average episode rewards of agent: -112.70798095652607
eval success rate: 0.85

 Scenario simple_spread Algo rmappo Exp reference_20260925T173510Z_880afb_mappo_w128_seed2 updates 4205/6250 episodes, total num timesteps 13459200/20000000, FPS 9330.

average episode rewards is -113.68080139160156

 Scenario simple_spread Algo rmappo Exp reference_20260925T173510Z_880afb_mappo_w128_seed2 updates 4210/6250 episodes, total num timesteps 13475200/20000000, FPS 9330.

average episode rewards is -115.44833374023438

 Scenario simple_spread Algo rmappo Exp reference_20260925T173510Z_880afb_mappo_w128_seed2 updates 4215/6250 episodes, total num timesteps 13491200/20000000, FPS 9330.

average episode rewards is -115.21025085449219

 Scenario simple_spread Algo rmappo Exp reference_20260925T173510Z_880afb_mappo_w128_seed2 updates 4220/6250 episodes, total num timesteps 13507200/20000000, FPS 9331.

average episode rewards is -112.4932861328125

 Scenario simple_spread Algo rmappo Exp reference_20260925T173510Z_880afb_mappo_w128_seed2 updates 4225/6250 episodes, total num timesteps 13523200/20000000, FPS 9331.

average episode rewards is -112.88414001464844
eval average episode rewards of agent: -110.48109125610473
eval success rate: 0.95

 Scenario simple_spread Algo rmappo Exp reference_20260925T173510Z_880afb_mappo_w128_seed2 updates 4230/6250 episodes, total num timesteps 13539200/20000000, FPS 9330.

average episode rewards is -114.42305755615234

 Scenario simple_spread Algo rmappo Exp reference_20260925T173510Z_880afb_mappo_w128_seed2 updates 4235/6250 episodes, total num timesteps 13555200/20000000, FPS 9330.

average episode rewards is -112.46665954589844

 Scenario simple_spread Algo rmappo Exp reference_20260925T173510Z_880afb_mappo_w128_seed2 updates 4240/6250 episodes, total num timesteps 13571200/20000000, FPS 9330.

average episode rewards is -112.44214630126953

 Scenario simple_spread Algo rmappo Exp reference_20260925T173510Z_880afb_mappo_w128_seed2 updates 4245/6250 episodes, total num timesteps 13587200/20000000, FPS 9330.

average episode rewards is -113.2637710571289

 Scenario simple_spread Algo rmappo Exp reference_20260925T173510Z_880afb_mappo_w128_seed2 updates 4250/6250 episodes, total num timesteps 13603200/20000000, FPS 9330.

average episode rewards is -112.55475616455078
eval average episode rewards of agent: -119.10263269784394
eval success rate: 0.85

 Scenario simple_spread Algo rmappo Exp reference_20260925T173510Z_880afb_mappo_w128_seed2 updates 4255/6250 episodes, total num timesteps 13619200/20000000, FPS 9330.

average episode rewards is -113.78202819824219

 Scenario simple_spread Algo rmappo Exp reference_20260925T173510Z_880afb_mappo_w128_seed2 updates 4260/6250 episodes, total num timesteps 13635200/20000000, FPS 9330.

average episode rewards is -115.77137756347656

 Scenario simple_spread Algo rmappo Exp reference_20260925T173510Z_880afb_mappo_w128_seed2 updates 4265/6250 episodes, total num timesteps 13651200/20000000, FPS 9331.

average episode rewards is -114.16139221191406

 Scenario simple_spread Algo rmappo Exp reference_20260925T173510Z_880afb_mappo_w128_seed2 updates 4270/6250 episodes, total num timesteps 13667200/20000000, FPS 9331.

average episode rewards is -114.27252197265625

 Scenario simple_spread Algo rmappo Exp reference_20260925T173510Z_880afb_mappo_w128_seed2 updates 4275/6250 episodes, total num timesteps 13683200/20000000, FPS 9331.

average episode rewards is -115.1688003540039
eval average episode rewards of agent: -110.98854753408177
eval success rate: 0.8

 Scenario simple_spread Algo rmappo Exp reference_20260925T173510Z_880afb_mappo_w128_seed2 updates 4280/6250 episodes, total num timesteps 13699200/20000000, FPS 9330.

average episode rewards is -113.34327697753906

 Scenario simple_spread Algo rmappo Exp reference_20260925T173510Z_880afb_mappo_w128_seed2 updates 4285/6250 episodes, total num timesteps 13715200/20000000, FPS 9331.

average episode rewards is -112.48799896240234

 Scenario simple_spread Algo rmappo Exp reference_20260925T173510Z_880afb_mappo_w128_seed2 updates 4290/6250 episodes, total num timesteps 13731200/20000000, FPS 9330.

average episode rewards is -112.74653625488281

 Scenario simple_spread Algo rmappo Exp reference_20260925T173510Z_880afb_mappo_w128_seed2 updates 4295/6250 episodes, total num timesteps 13747200/20000000, FPS 9330.

average episode rewards is -113.8260269165039

 Scenario simple_spread Algo rmappo Exp reference_20260925T173510Z_880afb_mappo_w128_seed2 updates 4300/6250 episodes, total num timesteps 13763200/20000000, FPS 9330.

average episode rewards is -110.56889343261719
eval average episode rewards of agent: -113.45432645046792
eval success rate: 0.95

 Scenario simple_spread Algo rmappo Exp reference_20260925T173510Z_880afb_mappo_w128_seed2 updates 4305/6250 episodes, total num timesteps 13779200/20000000, FPS 9330.

average episode rewards is -113.77069854736328

 Scenario simple_spread Algo rmappo Exp reference_20260925T173510Z_880afb_mappo_w128_seed2 updates 4310/6250 episodes, total num timesteps 13795200/20000000, FPS 9330.

average episode rewards is -113.4052963256836

 Scenario simple_spread Algo rmappo Exp reference_20260925T173510Z_880afb_mappo_w128_seed2 updates 4315/6250 episodes, total num timesteps 13811200/20000000, FPS 9330.

average episode rewards is -115.302978515625

 Scenario simple_spread Algo rmappo Exp reference_20260925T173510Z_880afb_mappo_w128_seed2 updates 4320/6250 episodes, total num timesteps 13827200/20000000, FPS 9330.

average episode rewards is -117.09715270996094

 Scenario simple_spread Algo rmappo Exp reference_20260925T173510Z_880afb_mappo_w128_seed2 updates 4325/6250 episodes, total num timesteps 13843200/20000000, FPS 9330.

average episode rewards is -112.2614517211914
eval average episode rewards of agent: -111.60131264520541
eval success rate: 0.85

 Scenario simple_spread Algo rmappo Exp reference_20260925T173510Z_880afb_mappo_w128_seed2 updates 4330/6250 episodes, total num timesteps 13859200/20000000, FPS 9330.

average episode rewards is -113.54632568359375

 Scenario simple_spread Algo rmappo Exp reference_20260925T173510Z_880afb_mappo_w128_seed2 updates 4335/6250 episodes, total num timesteps 13875200/20000000, FPS 9330.

average episode rewards is -116.24418640136719

 Scenario simple_spread Algo rmappo Exp reference_20260925T173510Z_880afb_mappo_w128_seed2 updates 4340/6250 episodes, total num timesteps 13891200/20000000, FPS 9330.

average episode rewards is -113.91565704345703

 Scenario simple_spread Algo rmappo Exp reference_20260925T173510Z_880afb_mappo_w128_seed2 updates 4345/6250 episodes, total num timesteps 13907200/20000000, FPS 9330.

average episode rewards is -113.92477416992188

 Scenario simple_spread Algo rmappo Exp reference_20260925T173510Z_880afb_mappo_w128_seed2 updates 4350/6250 episodes, total num timesteps 13923200/20000000, FPS 9329.

average episode rewards is -111.92644500732422
eval average episode rewards of agent: -113.67772997668662
eval success rate: 0.85

 Scenario simple_spread Algo rmappo Exp reference_20260925T173510Z_880afb_mappo_w128_seed2 updates 4355/6250 episodes, total num timesteps 13939200/20000000, FPS 9329.

average episode rewards is -111.67341613769531

 Scenario simple_spread Algo rmappo Exp reference_20260925T173510Z_880afb_mappo_w128_seed2 updates 4360/6250 episodes, total num timesteps 13955200/20000000, FPS 9329.

average episode rewards is -114.8543930053711

 Scenario simple_spread Algo rmappo Exp reference_20260925T173510Z_880afb_mappo_w128_seed2 updates 4365/6250 episodes, total num timesteps 13971200/20000000, FPS 9329.

average episode rewards is -111.4336166381836

 Scenario simple_spread Algo rmappo Exp reference_20260925T173510Z_880afb_mappo_w128_seed2 updates 4370/6250 episodes, total num timesteps 13987200/20000000, FPS 9329.

average episode rewards is -110.53192901611328

 Scenario simple_spread Algo rmappo Exp reference_20260925T173510Z_880afb_mappo_w128_seed2 updates 4375/6250 episodes, total num timesteps 14003200/20000000, FPS 9329.

average episode rewards is -113.09562683105469
eval average episode rewards of agent: -115.36971719174281
eval success rate: 0.95

 Scenario simple_spread Algo rmappo Exp reference_20260925T173510Z_880afb_mappo_w128_seed2 updates 4380/6250 episodes, total num timesteps 14019200/20000000, FPS 9329.

average episode rewards is -114.49278259277344

 Scenario simple_spread Algo rmappo Exp reference_20260925T173510Z_880afb_mappo_w128_seed2 updates 4385/6250 episodes, total num timesteps 14035200/20000000, FPS 9329.

average episode rewards is -113.60853576660156

 Scenario simple_spread Algo rmappo Exp reference_20260925T173510Z_880afb_mappo_w128_seed2 updates 4390/6250 episodes, total num timesteps 14051200/20000000, FPS 9329.

average episode rewards is -114.61796569824219

 Scenario simple_spread Algo rmappo Exp reference_20260925T173510Z_880afb_mappo_w128_seed2 updates 4395/6250 episodes, total num timesteps 14067200/20000000, FPS 9329.

average episode rewards is -117.04888153076172

 Scenario simple_spread Algo rmappo Exp reference_20260925T173510Z_880afb_mappo_w128_seed2 updates 4400/6250 episodes, total num timesteps 14083200/20000000, FPS 9330.

average episode rewards is -113.25872802734375
eval average episode rewards of agent: -113.52671946948038
eval success rate: 0.95

 Scenario simple_spread Algo rmappo Exp reference_20260925T173510Z_880afb_mappo_w128_seed2 updates 4405/6250 episodes, total num timesteps 14099200/20000000, FPS 9330.

average episode rewards is -115.3053970336914

 Scenario simple_spread Algo rmappo Exp reference_20260925T173510Z_880afb_mappo_w128_seed2 updates 4410/6250 episodes, total num timesteps 14115200/20000000, FPS 9329.

average episode rewards is -113.49208068847656

 Scenario simple_spread Algo rmappo Exp reference_20260925T173510Z_880afb_mappo_w128_seed2 updates 4415/6250 episodes, total num timesteps 14131200/20000000, FPS 9329.

average episode rewards is -115.29324340820312

 Scenario simple_spread Algo rmappo Exp reference_20260925T173510Z_880afb_mappo_w128_seed2 updates 4420/6250 episodes, total num timesteps 14147200/20000000, FPS 9329.

average episode rewards is -112.11073303222656

 Scenario simple_spread Algo rmappo Exp reference_20260925T173510Z_880afb_mappo_w128_seed2 updates 4425/6250 episodes, total num timesteps 14163200/20000000, FPS 9329.

average episode rewards is -113.6602554321289
eval average episode rewards of agent: -115.61568316274072
eval success rate: 0.9

 Scenario simple_spread Algo rmappo Exp reference_20260925T173510Z_880afb_mappo_w128_seed2 updates 4430/6250 episodes, total num timesteps 14179200/20000000, FPS 9329.

average episode rewards is -114.66905975341797

 Scenario simple_spread Algo rmappo Exp reference_20260925T173510Z_880afb_mappo_w128_seed2 updates 4435/6250 episodes, total num timesteps 14195200/20000000, FPS 9329.

average episode rewards is -114.35421752929688

 Scenario simple_spread Algo rmappo Exp reference_20260925T173510Z_880afb_mappo_w128_seed2 updates 4440/6250 episodes, total num timesteps 14211200/20000000, FPS 9329.

average episode rewards is -113.71018981933594

 Scenario simple_spread Algo rmappo Exp reference_20260925T173510Z_880afb_mappo_w128_seed2 updates 4445/6250 episodes, total num timesteps 14227200/20000000, FPS 9329.

average episode rewards is -114.57506561279297

 Scenario simple_spread Algo rmappo Exp reference_20260925T173510Z_880afb_mappo_w128_seed2 updates 4450/6250 episodes, total num timesteps 14243200/20000000, FPS 9329.

average episode rewards is -114.79835510253906
eval average episode rewards of agent: -114.60641048931922
eval success rate: 0.95

 Scenario simple_spread Algo rmappo Exp reference_20260925T173510Z_880afb_mappo_w128_seed2 updates 4455/6250 episodes, total num timesteps 14259200/20000000, FPS 9329.

average episode rewards is -114.968994140625

 Scenario simple_spread Algo rmappo Exp reference_20260925T173510Z_880afb_mappo_w128_seed2 updates 4460/6250 episodes, total num timesteps 14275200/20000000, FPS 9329.

average episode rewards is -111.45059204101562

 Scenario simple_spread Algo rmappo Exp reference_20260925T173510Z_880afb_mappo_w128_seed2 updates 4465/6250 episodes, total num timesteps 14291200/20000000, FPS 9329.

average episode rewards is -113.53038787841797

 Scenario simple_spread Algo rmappo Exp reference_20260925T173510Z_880afb_mappo_w128_seed2 updates 4470/6250 episodes, total num timesteps 14307200/20000000, FPS 9328.

average episode rewards is -114.59581756591797

 Scenario simple_spread Algo rmappo Exp reference_20260925T173510Z_880afb_mappo_w128_seed2 updates 4475/6250 episodes, total num timesteps 14323200/20000000, FPS 9329.

average episode rewards is -113.8199462890625
eval average episode rewards of agent: -110.91757375099002
eval success rate: 0.95

 Scenario simple_spread Algo rmappo Exp reference_20260925T173510Z_880afb_mappo_w128_seed2 updates 4480/6250 episodes, total num timesteps 14339200/20000000, FPS 9328.

average episode rewards is -113.72237396240234

 Scenario simple_spread Algo rmappo Exp reference_20260925T173510Z_880afb_mappo_w128_seed2 updates 4485/6250 episodes, total num timesteps 14355200/20000000, FPS 9328.

average episode rewards is -113.76313018798828

 Scenario simple_spread Algo rmappo Exp reference_20260925T173510Z_880afb_mappo_w128_seed2 updates 4490/6250 episodes, total num timesteps 14371200/20000000, FPS 9328.

average episode rewards is -116.83656311035156

 Scenario simple_spread Algo rmappo Exp reference_20260925T173510Z_880afb_mappo_w128_seed2 updates 4495/6250 episodes, total num timesteps 14387200/20000000, FPS 9328.

average episode rewards is -113.08809661865234

 Scenario simple_spread Algo rmappo Exp reference_20260925T173510Z_880afb_mappo_w128_seed2 updates 4500/6250 episodes, total num timesteps 14403200/20000000, FPS 9328.

average episode rewards is -114.6697769165039
eval average episode rewards of agent: -112.17956225984308
eval success rate: 1.0

 Scenario simple_spread Algo rmappo Exp reference_20260925T173510Z_880afb_mappo_w128_seed2 updates 4505/6250 episodes, total num timesteps 14419200/20000000, FPS 9328.

average episode rewards is -113.53832244873047

 Scenario simple_spread Algo rmappo Exp reference_20260925T173510Z_880afb_mappo_w128_seed2 updates 4510/6250 episodes, total num timesteps 14435200/20000000, FPS 9328.

average episode rewards is -113.76914978027344

 Scenario simple_spread Algo rmappo Exp reference_20260925T173510Z_880afb_mappo_w128_seed2 updates 4515/6250 episodes, total num timesteps 14451200/20000000, FPS 9329.

average episode rewards is -110.91221618652344

 Scenario simple_spread Algo rmappo Exp reference_20260925T173510Z_880afb_mappo_w128_seed2 updates 4520/6250 episodes, total num timesteps 14467200/20000000, FPS 9329.

average episode rewards is -111.10428619384766

 Scenario simple_spread Algo rmappo Exp reference_20260925T173510Z_880afb_mappo_w128_seed2 updates 4525/6250 episodes, total num timesteps 14483200/20000000, FPS 9329.

average episode rewards is -111.60118865966797
eval average episode rewards of agent: -113.65847205264781
eval success rate: 0.95

 Scenario simple_spread Algo rmappo Exp reference_20260925T173510Z_880afb_mappo_w128_seed2 updates 4530/6250 episodes, total num timesteps 14499200/20000000, FPS 9328.

average episode rewards is -111.7383804321289

 Scenario simple_spread Algo rmappo Exp reference_20260925T173510Z_880afb_mappo_w128_seed2 updates 4535/6250 episodes, total num timesteps 14515200/20000000, FPS 9328.

average episode rewards is -116.19255828857422

 Scenario simple_spread Algo rmappo Exp reference_20260925T173510Z_880afb_mappo_w128_seed2 updates 4540/6250 episodes, total num timesteps 14531200/20000000, FPS 9328.

average episode rewards is -113.20452880859375

 Scenario simple_spread Algo rmappo Exp reference_20260925T173510Z_880afb_mappo_w128_seed2 updates 4545/6250 episodes, total num timesteps 14547200/20000000, FPS 9328.

average episode rewards is -115.3230209350586

 Scenario simple_spread Algo rmappo Exp reference_20260925T173510Z_880afb_mappo_w128_seed2 updates 4550/6250 episodes, total num timesteps 14563200/20000000, FPS 9328.

average episode rewards is -114.17314147949219
eval average episode rewards of agent: -111.75036976337846
eval success rate: 0.85

 Scenario simple_spread Algo rmappo Exp reference_20260925T173510Z_880afb_mappo_w128_seed2 updates 4555/6250 episodes, total num timesteps 14579200/20000000, FPS 9328.

average episode rewards is -114.01354217529297

 Scenario simple_spread Algo rmappo Exp reference_20260925T173510Z_880afb_mappo_w128_seed2 updates 4560/6250 episodes, total num timesteps 14595200/20000000, FPS 9328.

average episode rewards is -113.77483367919922

 Scenario simple_spread Algo rmappo Exp reference_20260925T173510Z_880afb_mappo_w128_seed2 updates 4565/6250 episodes, total num timesteps 14611200/20000000, FPS 9328.

average episode rewards is -113.11962890625

 Scenario simple_spread Algo rmappo Exp reference_20260925T173510Z_880afb_mappo_w128_seed2 updates 4570/6250 episodes, total num timesteps 14627200/20000000, FPS 9328.

average episode rewards is -113.00922393798828

 Scenario simple_spread Algo rmappo Exp reference_20260925T173510Z_880afb_mappo_w128_seed2 updates 4575/6250 episodes, total num timesteps 14643200/20000000, FPS 9329.

average episode rewards is -113.49836730957031
eval average episode rewards of agent: -111.51352142147744
eval success rate: 0.95

 Scenario simple_spread Algo rmappo Exp reference_20260925T173510Z_880afb_mappo_w128_seed2 updates 4580/6250 episodes, total num timesteps 14659200/20000000, FPS 9329.

average episode rewards is -115.68509674072266

 Scenario simple_spread Algo rmappo Exp reference_20260925T173510Z_880afb_mappo_w128_seed2 updates 4585/6250 episodes, total num timesteps 14675200/20000000, FPS 9329.

average episode rewards is -114.0542984008789

 Scenario simple_spread Algo rmappo Exp reference_20260925T173510Z_880afb_mappo_w128_seed2 updates 4590/6250 episodes, total num timesteps 14691200/20000000, FPS 9328.

average episode rewards is -114.00235748291016

 Scenario simple_spread Algo rmappo Exp reference_20260925T173510Z_880afb_mappo_w128_seed2 updates 4595/6250 episodes, total num timesteps 14707200/20000000, FPS 9328.

average episode rewards is -114.14305114746094

 Scenario simple_spread Algo rmappo Exp reference_20260925T173510Z_880afb_mappo_w128_seed2 updates 4600/6250 episodes, total num timesteps 14723200/20000000, FPS 9328.

average episode rewards is -113.91309356689453
eval average episode rewards of agent: -106.9978763292139
eval success rate: 1.0

 Scenario simple_spread Algo rmappo Exp reference_20260925T173510Z_880afb_mappo_w128_seed2 updates 4605/6250 episodes, total num timesteps 14739200/20000000, FPS 9328.

average episode rewards is -112.80939483642578

 Scenario simple_spread Algo rmappo Exp reference_20260925T173510Z_880afb_mappo_w128_seed2 updates 4610/6250 episodes, total num timesteps 14755200/20000000, FPS 9328.

average episode rewards is -113.3193130493164

 Scenario simple_spread Algo rmappo Exp reference_20260925T173510Z_880afb_mappo_w128_seed2 updates 4615/6250 episodes, total num timesteps 14771200/20000000, FPS 9329.

average episode rewards is -112.39712524414062

 Scenario simple_spread Algo rmappo Exp reference_20260925T173510Z_880afb_mappo_w128_seed2 updates 4620/6250 episodes, total num timesteps 14787200/20000000, FPS 9329.

average episode rewards is -112.03998565673828

 Scenario simple_spread Algo rmappo Exp reference_20260925T173510Z_880afb_mappo_w128_seed2 updates 4625/6250 episodes, total num timesteps 14803200/20000000, FPS 9329.

average episode rewards is -114.7725830078125
eval average episode rewards of agent: -107.81139901102613
eval success rate: 0.95

 Scenario simple_spread Algo rmappo Exp reference_20260925T173510Z_880afb_mappo_w128_seed2 updates 4630/6250 episodes, total num timesteps 14819200/20000000, FPS 9329.

average episode rewards is -111.517822265625

 Scenario simple_spread Algo rmappo Exp reference_20260925T173510Z_880afb_mappo_w128_seed2 updates 4635/6250 episodes, total num timesteps 14835200/20000000, FPS 9329.

average episode rewards is -112.48029327392578

 Scenario simple_spread Algo rmappo Exp reference_20260925T173510Z_880afb_mappo_w128_seed2 updates 4640/6250 episodes, total num timesteps 14851200/20000000, FPS 9329.

average episode rewards is -113.40302276611328

 Scenario simple_spread Algo rmappo Exp reference_20260925T173510Z_880afb_mappo_w128_seed2 updates 4645/6250 episodes, total num timesteps 14867200/20000000, FPS 9329.

average episode rewards is -114.3499984741211

 Scenario simple_spread Algo rmappo Exp reference_20260925T173510Z_880afb_mappo_w128_seed2 updates 4650/6250 episodes, total num timesteps 14883200/20000000, FPS 9328.

average episode rewards is -115.46514129638672
eval average episode rewards of agent: -111.56012690406463
eval success rate: 0.95

 Scenario simple_spread Algo rmappo Exp reference_20260925T173510Z_880afb_mappo_w128_seed2 updates 4655/6250 episodes, total num timesteps 14899200/20000000, FPS 9328.

average episode rewards is -115.02640533447266

 Scenario simple_spread Algo rmappo Exp reference_20260925T173510Z_880afb_mappo_w128_seed2 updates 4660/6250 episodes, total num timesteps 14915200/20000000, FPS 9328.

average episode rewards is -111.29267120361328

 Scenario simple_spread Algo rmappo Exp reference_20260925T173510Z_880afb_mappo_w128_seed2 updates 4665/6250 episodes, total num timesteps 14931200/20000000, FPS 9328.

average episode rewards is -113.75715637207031

 Scenario simple_spread Algo rmappo Exp reference_20260925T173510Z_880afb_mappo_w128_seed2 updates 4670/6250 episodes, total num timesteps 14947200/20000000, FPS 9328.

average episode rewards is -114.07583618164062

 Scenario simple_spread Algo rmappo Exp reference_20260925T173510Z_880afb_mappo_w128_seed2 updates 4675/6250 episodes, total num timesteps 14963200/20000000, FPS 9328.

average episode rewards is -114.34532165527344
eval average episode rewards of agent: -111.2820560223086
eval success rate: 0.85

 Scenario simple_spread Algo rmappo Exp reference_20260925T173510Z_880afb_mappo_w128_seed2 updates 4680/6250 episodes, total num timesteps 14979200/20000000, FPS 9328.

average episode rewards is -112.62213134765625

 Scenario simple_spread Algo rmappo Exp reference_20260925T173510Z_880afb_mappo_w128_seed2 updates 4685/6250 episodes, total num timesteps 14995200/20000000, FPS 9329.

average episode rewards is -112.0006103515625

 Scenario simple_spread Algo rmappo Exp reference_20260925T173510Z_880afb_mappo_w128_seed2 updates 4690/6250 episodes, total num timesteps 15011200/20000000, FPS 9329.

average episode rewards is -116.64356231689453

 Scenario simple_spread Algo rmappo Exp reference_20260925T173510Z_880afb_mappo_w128_seed2 updates 4695/6250 episodes, total num timesteps 15027200/20000000, FPS 9329.

average episode rewards is -111.6067886352539

 Scenario simple_spread Algo rmappo Exp reference_20260925T173510Z_880afb_mappo_w128_seed2 updates 4700/6250 episodes, total num timesteps 15043200/20000000, FPS 9329.

average episode rewards is -112.94184875488281
eval average episode rewards of agent: -116.6907455366909
eval success rate: 0.85

 Scenario simple_spread Algo rmappo Exp reference_20260925T173510Z_880afb_mappo_w128_seed2 updates 4705/6250 episodes, total num timesteps 15059200/20000000, FPS 9329.

average episode rewards is -115.19874572753906

 Scenario simple_spread Algo rmappo Exp reference_20260925T173510Z_880afb_mappo_w128_seed2 updates 4710/6250 episodes, total num timesteps 15075200/20000000, FPS 9328.

average episode rewards is -113.12175750732422

 Scenario simple_spread Algo rmappo Exp reference_20260925T173510Z_880afb_mappo_w128_seed2 updates 4715/6250 episodes, total num timesteps 15091200/20000000, FPS 9328.

average episode rewards is -113.82488250732422

 Scenario simple_spread Algo rmappo Exp reference_20260925T173510Z_880afb_mappo_w128_seed2 updates 4720/6250 episodes, total num timesteps 15107200/20000000, FPS 9328.

average episode rewards is -112.7862777709961

 Scenario simple_spread Algo rmappo Exp reference_20260925T173510Z_880afb_mappo_w128_seed2 updates 4725/6250 episodes, total num timesteps 15123200/20000000, FPS 9328.

average episode rewards is -113.03300476074219
eval average episode rewards of agent: -114.5436753781075
eval success rate: 0.95

 Scenario simple_spread Algo rmappo Exp reference_20260925T173510Z_880afb_mappo_w128_seed2 updates 4730/6250 episodes, total num timesteps 15139200/20000000, FPS 9328.

average episode rewards is -112.06779479980469

 Scenario simple_spread Algo rmappo Exp reference_20260925T173510Z_880afb_mappo_w128_seed2 updates 4735/6250 episodes, total num timesteps 15155200/20000000, FPS 9328.

average episode rewards is -111.45587158203125

 Scenario simple_spread Algo rmappo Exp reference_20260925T173510Z_880afb_mappo_w128_seed2 updates 4740/6250 episodes, total num timesteps 15171200/20000000, FPS 9328.

average episode rewards is -112.89704132080078

 Scenario simple_spread Algo rmappo Exp reference_20260925T173510Z_880afb_mappo_w128_seed2 updates 4745/6250 episodes, total num timesteps 15187200/20000000, FPS 9328.

average episode rewards is -111.09284973144531

 Scenario simple_spread Algo rmappo Exp reference_20260925T173510Z_880afb_mappo_w128_seed2 updates 4750/6250 episodes, total num timesteps 15203200/20000000, FPS 9328.

average episode rewards is -113.96247100830078
eval average episode rewards of agent: -114.20450777196197
eval success rate: 0.9

 Scenario simple_spread Algo rmappo Exp reference_20260925T173510Z_880afb_mappo_w128_seed2 updates 4755/6250 episodes, total num timesteps 15219200/20000000, FPS 9328.

average episode rewards is -113.07674407958984

 Scenario simple_spread Algo rmappo Exp reference_20260925T173510Z_880afb_mappo_w128_seed2 updates 4760/6250 episodes, total num timesteps 15235200/20000000, FPS 9328.

average episode rewards is -114.68196105957031

 Scenario simple_spread Algo rmappo Exp reference_20260925T173510Z_880afb_mappo_w128_seed2 updates 4765/6250 episodes, total num timesteps 15251200/20000000, FPS 9328.

average episode rewards is -113.04489135742188

 Scenario simple_spread Algo rmappo Exp reference_20260925T173510Z_880afb_mappo_w128_seed2 updates 4770/6250 episodes, total num timesteps 15267200/20000000, FPS 9327.

average episode rewards is -114.29947662353516

 Scenario simple_spread Algo rmappo Exp reference_20260925T173510Z_880afb_mappo_w128_seed2 updates 4775/6250 episodes, total num timesteps 15283200/20000000, FPS 9328.

average episode rewards is -112.56546783447266
eval average episode rewards of agent: -112.71755754882429
eval success rate: 0.9

 Scenario simple_spread Algo rmappo Exp reference_20260925T173510Z_880afb_mappo_w128_seed2 updates 4780/6250 episodes, total num timesteps 15299200/20000000, FPS 9327.

average episode rewards is -112.02581787109375

 Scenario simple_spread Algo rmappo Exp reference_20260925T173510Z_880afb_mappo_w128_seed2 updates 4785/6250 episodes, total num timesteps 15315200/20000000, FPS 9328.

average episode rewards is -112.52337646484375

 Scenario simple_spread Algo rmappo Exp reference_20260925T173510Z_880afb_mappo_w128_seed2 updates 4790/6250 episodes, total num timesteps 15331200/20000000, FPS 9328.

average episode rewards is -116.77291107177734

 Scenario simple_spread Algo rmappo Exp reference_20260925T173510Z_880afb_mappo_w128_seed2 updates 4795/6250 episodes, total num timesteps 15347200/20000000, FPS 9328.

average episode rewards is -111.09192657470703

 Scenario simple_spread Algo rmappo Exp reference_20260925T173510Z_880afb_mappo_w128_seed2 updates 4800/6250 episodes, total num timesteps 15363200/20000000, FPS 9328.

average episode rewards is -114.364501953125
eval average episode rewards of agent: -117.33564795756762
eval success rate: 1.0

 Scenario simple_spread Algo rmappo Exp reference_20260925T173510Z_880afb_mappo_w128_seed2 updates 4805/6250 episodes, total num timesteps 15379200/20000000, FPS 9328.

average episode rewards is -110.12264251708984

 Scenario simple_spread Algo rmappo Exp reference_20260925T173510Z_880afb_mappo_w128_seed2 updates 4810/6250 episodes, total num timesteps 15395200/20000000, FPS 9328.

average episode rewards is -113.75079345703125

 Scenario simple_spread Algo rmappo Exp reference_20260925T173510Z_880afb_mappo_w128_seed2 updates 4815/6250 episodes, total num timesteps 15411200/20000000, FPS 9328.

average episode rewards is -112.87540435791016

 Scenario simple_spread Algo rmappo Exp reference_20260925T173510Z_880afb_mappo_w128_seed2 updates 4820/6250 episodes, total num timesteps 15427200/20000000, FPS 9328.

average episode rewards is -112.92121124267578

 Scenario simple_spread Algo rmappo Exp reference_20260925T173510Z_880afb_mappo_w128_seed2 updates 4825/6250 episodes, total num timesteps 15443200/20000000, FPS 9328.

average episode rewards is -111.05643463134766
eval average episode rewards of agent: -106.9927184151379
eval success rate: 0.95

 Scenario simple_spread Algo rmappo Exp reference_20260925T173510Z_880afb_mappo_w128_seed2 updates 4830/6250 episodes, total num timesteps 15459200/20000000, FPS 9327.

average episode rewards is -110.21026611328125

 Scenario simple_spread Algo rmappo Exp reference_20260925T173510Z_880afb_mappo_w128_seed2 updates 4835/6250 episodes, total num timesteps 15475200/20000000, FPS 9327.

average episode rewards is -112.46753692626953

 Scenario simple_spread Algo rmappo Exp reference_20260925T173510Z_880afb_mappo_w128_seed2 updates 4840/6250 episodes, total num timesteps 15491200/20000000, FPS 9327.

average episode rewards is -115.82321166992188

 Scenario simple_spread Algo rmappo Exp reference_20260925T173510Z_880afb_mappo_w128_seed2 updates 4845/6250 episodes, total num timesteps 15507200/20000000, FPS 9327.

average episode rewards is -113.58023071289062

 Scenario simple_spread Algo rmappo Exp reference_20260925T173510Z_880afb_mappo_w128_seed2 updates 4850/6250 episodes, total num timesteps 15523200/20000000, FPS 9328.

average episode rewards is -112.51153564453125
eval average episode rewards of agent: -114.13199339380266
eval success rate: 0.8

 Scenario simple_spread Algo rmappo Exp reference_20260925T173510Z_880afb_mappo_w128_seed2 updates 4855/6250 episodes, total num timesteps 15539200/20000000, FPS 9327.

average episode rewards is -115.31909942626953

 Scenario simple_spread Algo rmappo Exp reference_20260925T173510Z_880afb_mappo_w128_seed2 updates 4860/6250 episodes, total num timesteps 15555200/20000000, FPS 9328.

average episode rewards is -113.75183868408203

 Scenario simple_spread Algo rmappo Exp reference_20260925T173510Z_880afb_mappo_w128_seed2 updates 4865/6250 episodes, total num timesteps 15571200/20000000, FPS 9328.

average episode rewards is -114.05255889892578

 Scenario simple_spread Algo rmappo Exp reference_20260925T173510Z_880afb_mappo_w128_seed2 updates 4870/6250 episodes, total num timesteps 15587200/20000000, FPS 9328.

average episode rewards is -113.64659118652344

 Scenario simple_spread Algo rmappo Exp reference_20260925T173510Z_880afb_mappo_w128_seed2 updates 4875/6250 episodes, total num timesteps 15603200/20000000, FPS 9328.

average episode rewards is -112.1923599243164
eval average episode rewards of agent: -116.7410117205815
eval success rate: 0.9

 Scenario simple_spread Algo rmappo Exp reference_20260925T173510Z_880afb_mappo_w128_seed2 updates 4880/6250 episodes, total num timesteps 15619200/20000000, FPS 9328.

average episode rewards is -113.52312469482422

 Scenario simple_spread Algo rmappo Exp reference_20260925T173510Z_880afb_mappo_w128_seed2 updates 4885/6250 episodes, total num timesteps 15635200/20000000, FPS 9328.

average episode rewards is -113.21903228759766

 Scenario simple_spread Algo rmappo Exp reference_20260925T173510Z_880afb_mappo_w128_seed2 updates 4890/6250 episodes, total num timesteps 15651200/20000000, FPS 9327.

average episode rewards is -113.60429382324219

 Scenario simple_spread Algo rmappo Exp reference_20260925T173510Z_880afb_mappo_w128_seed2 updates 4895/6250 episodes, total num timesteps 15667200/20000000, FPS 9327.

average episode rewards is -113.72207641601562

 Scenario simple_spread Algo rmappo Exp reference_20260925T173510Z_880afb_mappo_w128_seed2 updates 4900/6250 episodes, total num timesteps 15683200/20000000, FPS 9328.

average episode rewards is -113.41931915283203
eval average episode rewards of agent: -114.84785434203683
eval success rate: 1.0

 Scenario simple_spread Algo rmappo Exp reference_20260925T173510Z_880afb_mappo_w128_seed2 updates 4905/6250 episodes, total num timesteps 15699200/20000000, FPS 9327.

average episode rewards is -113.48985290527344

 Scenario simple_spread Algo rmappo Exp reference_20260925T173510Z_880afb_mappo_w128_seed2 updates 4910/6250 episodes, total num timesteps 15715200/20000000, FPS 9328.

average episode rewards is -112.85023498535156

 Scenario simple_spread Algo rmappo Exp reference_20260925T173510Z_880afb_mappo_w128_seed2 updates 4915/6250 episodes, total num timesteps 15731200/20000000, FPS 9328.

average episode rewards is -113.31827545166016

 Scenario simple_spread Algo rmappo Exp reference_20260925T173510Z_880afb_mappo_w128_seed2 updates 4920/6250 episodes, total num timesteps 15747200/20000000, FPS 9328.

average episode rewards is -113.1771469116211

 Scenario simple_spread Algo rmappo Exp reference_20260925T173510Z_880afb_mappo_w128_seed2 updates 4925/6250 episodes, total num timesteps 15763200/20000000, FPS 9328.

average episode rewards is -113.40807342529297
eval average episode rewards of agent: -113.33601280707097
eval success rate: 1.0

 Scenario simple_spread Algo rmappo Exp reference_20260925T173510Z_880afb_mappo_w128_seed2 updates 4930/6250 episodes, total num timesteps 15779200/20000000, FPS 9327.

average episode rewards is -112.7588119506836

 Scenario simple_spread Algo rmappo Exp reference_20260925T173510Z_880afb_mappo_w128_seed2 updates 4935/6250 episodes, total num timesteps 15795200/20000000, FPS 9327.

average episode rewards is -114.1572265625

 Scenario simple_spread Algo rmappo Exp reference_20260925T173510Z_880afb_mappo_w128_seed2 updates 4940/6250 episodes, total num timesteps 15811200/20000000, FPS 9328.

average episode rewards is -114.34365844726562

 Scenario simple_spread Algo rmappo Exp reference_20260925T173510Z_880afb_mappo_w128_seed2 updates 4945/6250 episodes, total num timesteps 15827200/20000000, FPS 9328.

average episode rewards is -114.41998291015625

 Scenario simple_spread Algo rmappo Exp reference_20260925T173510Z_880afb_mappo_w128_seed2 updates 4950/6250 episodes, total num timesteps 15843200/20000000, FPS 9327.

average episode rewards is -114.90058898925781
eval average episode rewards of agent: -116.07674613392527
eval success rate: 0.95

 Scenario simple_spread Algo rmappo Exp reference_20260925T173510Z_880afb_mappo_w128_seed2 updates 4955/6250 episodes, total num timesteps 15859200/20000000, FPS 9327.

average episode rewards is -115.49019622802734

 Scenario simple_spread Algo rmappo Exp reference_20260925T173510Z_880afb_mappo_w128_seed2 updates 4960/6250 episodes, total num timesteps 15875200/20000000, FPS 9327.

average episode rewards is -113.34294128417969

 Scenario simple_spread Algo rmappo Exp reference_20260925T173510Z_880afb_mappo_w128_seed2 updates 4965/6250 episodes, total num timesteps 15891200/20000000, FPS 9327.

average episode rewards is -113.59780883789062

 Scenario simple_spread Algo rmappo Exp reference_20260925T173510Z_880afb_mappo_w128_seed2 updates 4970/6250 episodes, total num timesteps 15907200/20000000, FPS 9327.

average episode rewards is -112.98963165283203

 Scenario simple_spread Algo rmappo Exp reference_20260925T173510Z_880afb_mappo_w128_seed2 updates 4975/6250 episodes, total num timesteps 15923200/20000000, FPS 9327.

average episode rewards is -112.0914306640625
eval average episode rewards of agent: -109.61891631189435
eval success rate: 1.0

 Scenario simple_spread Algo rmappo Exp reference_20260925T173510Z_880afb_mappo_w128_seed2 updates 4980/6250 episodes, total num timesteps 15939200/20000000, FPS 9327.

average episode rewards is -111.63431549072266

 Scenario simple_spread Algo rmappo Exp reference_20260925T173510Z_880afb_mappo_w128_seed2 updates 4985/6250 episodes, total num timesteps 15955200/20000000, FPS 9327.

average episode rewards is -112.7343521118164

 Scenario simple_spread Algo rmappo Exp reference_20260925T173510Z_880afb_mappo_w128_seed2 updates 4990/6250 episodes, total num timesteps 15971200/20000000, FPS 9327.

average episode rewards is -113.31448364257812

 Scenario simple_spread Algo rmappo Exp reference_20260925T173510Z_880afb_mappo_w128_seed2 updates 4995/6250 episodes, total num timesteps 15987200/20000000, FPS 9327.

average episode rewards is -114.3442611694336

 Scenario simple_spread Algo rmappo Exp reference_20260925T173510Z_880afb_mappo_w128_seed2 updates 5000/6250 episodes, total num timesteps 16003200/20000000, FPS 9327.

average episode rewards is -112.8482437133789
eval average episode rewards of agent: -110.51780688779108
eval success rate: 1.0

 Scenario simple_spread Algo rmappo Exp reference_20260925T173510Z_880afb_mappo_w128_seed2 updates 5005/6250 episodes, total num timesteps 16019200/20000000, FPS 9327.

average episode rewards is -112.40727996826172

 Scenario simple_spread Algo rmappo Exp reference_20260925T173510Z_880afb_mappo_w128_seed2 updates 5010/6250 episodes, total num timesteps 16035200/20000000, FPS 9326.

average episode rewards is -111.98468017578125

 Scenario simple_spread Algo rmappo Exp reference_20260925T173510Z_880afb_mappo_w128_seed2 updates 5015/6250 episodes, total num timesteps 16051200/20000000, FPS 9326.

average episode rewards is -114.28926086425781

 Scenario simple_spread Algo rmappo Exp reference_20260925T173510Z_880afb_mappo_w128_seed2 updates 5020/6250 episodes, total num timesteps 16067200/20000000, FPS 9327.

average episode rewards is -113.2247543334961

 Scenario simple_spread Algo rmappo Exp reference_20260925T173510Z_880afb_mappo_w128_seed2 updates 5025/6250 episodes, total num timesteps 16083200/20000000, FPS 9327.

average episode rewards is -115.32242584228516
eval average episode rewards of agent: -111.11138986247147
eval success rate: 0.95

 Scenario simple_spread Algo rmappo Exp reference_20260925T173510Z_880afb_mappo_w128_seed2 updates 5030/6250 episodes, total num timesteps 16099200/20000000, FPS 9327.

average episode rewards is -113.03218841552734

 Scenario simple_spread Algo rmappo Exp reference_20260925T173510Z_880afb_mappo_w128_seed2 updates 5035/6250 episodes, total num timesteps 16115200/20000000, FPS 9327.

average episode rewards is -113.44418334960938

 Scenario simple_spread Algo rmappo Exp reference_20260925T173510Z_880afb_mappo_w128_seed2 updates 5040/6250 episodes, total num timesteps 16131200/20000000, FPS 9327.

average episode rewards is -111.01778411865234

 Scenario simple_spread Algo rmappo Exp reference_20260925T173510Z_880afb_mappo_w128_seed2 updates 5045/6250 episodes, total num timesteps 16147200/20000000, FPS 9327.

average episode rewards is -114.37330627441406

 Scenario simple_spread Algo rmappo Exp reference_20260925T173510Z_880afb_mappo_w128_seed2 updates 5050/6250 episodes, total num timesteps 16163200/20000000, FPS 9327.

average episode rewards is -113.16102600097656
eval average episode rewards of agent: -114.66219374076763
eval success rate: 0.95

 Scenario simple_spread Algo rmappo Exp reference_20260925T173510Z_880afb_mappo_w128_seed2 updates 5055/6250 episodes, total num timesteps 16179200/20000000, FPS 9327.

average episode rewards is -113.78971099853516

 Scenario simple_spread Algo rmappo Exp reference_20260925T173510Z_880afb_mappo_w128_seed2 updates 5060/6250 episodes, total num timesteps 16195200/20000000, FPS 9327.

average episode rewards is -115.65201568603516

 Scenario simple_spread Algo rmappo Exp reference_20260925T173510Z_880afb_mappo_w128_seed2 updates 5065/6250 episodes, total num timesteps 16211200/20000000, FPS 9327.

average episode rewards is -112.72529602050781

 Scenario simple_spread Algo rmappo Exp reference_20260925T173510Z_880afb_mappo_w128_seed2 updates 5070/6250 episodes, total num timesteps 16227200/20000000, FPS 9326.

average episode rewards is -113.80960845947266

 Scenario simple_spread Algo rmappo Exp reference_20260925T173510Z_880afb_mappo_w128_seed2 updates 5075/6250 episodes, total num timesteps 16243200/20000000, FPS 9327.

average episode rewards is -114.23723602294922
eval average episode rewards of agent: -116.11801971155118
eval success rate: 0.9

 Scenario simple_spread Algo rmappo Exp reference_20260925T173510Z_880afb_mappo_w128_seed2 updates 5080/6250 episodes, total num timesteps 16259200/20000000, FPS 9327.

average episode rewards is -116.22674560546875

 Scenario simple_spread Algo rmappo Exp reference_20260925T173510Z_880afb_mappo_w128_seed2 updates 5085/6250 episodes, total num timesteps 16275200/20000000, FPS 9327.

average episode rewards is -113.84224700927734

 Scenario simple_spread Algo rmappo Exp reference_20260925T173510Z_880afb_mappo_w128_seed2 updates 5090/6250 episodes, total num timesteps 16291200/20000000, FPS 9327.

average episode rewards is -112.83029174804688

 Scenario simple_spread Algo rmappo Exp reference_20260925T173510Z_880afb_mappo_w128_seed2 updates 5095/6250 episodes, total num timesteps 16307200/20000000, FPS 9327.

average episode rewards is -112.60852813720703

 Scenario simple_spread Algo rmappo Exp reference_20260925T173510Z_880afb_mappo_w128_seed2 updates 5100/6250 episodes, total num timesteps 16323200/20000000, FPS 9327.

average episode rewards is -115.66295623779297
eval average episode rewards of agent: -115.0960724632311
eval success rate: 0.85

 Scenario simple_spread Algo rmappo Exp reference_20260925T173510Z_880afb_mappo_w128_seed2 updates 5105/6250 episodes, total num timesteps 16339200/20000000, FPS 9327.

average episode rewards is -115.58903503417969

 Scenario simple_spread Algo rmappo Exp reference_20260925T173510Z_880afb_mappo_w128_seed2 updates 5110/6250 episodes, total num timesteps 16355200/20000000, FPS 9327.

average episode rewards is -112.93611145019531

 Scenario simple_spread Algo rmappo Exp reference_20260925T173510Z_880afb_mappo_w128_seed2 updates 5115/6250 episodes, total num timesteps 16371200/20000000, FPS 9327.

average episode rewards is -111.79742431640625

 Scenario simple_spread Algo rmappo Exp reference_20260925T173510Z_880afb_mappo_w128_seed2 updates 5120/6250 episodes, total num timesteps 16387200/20000000, FPS 9328.

average episode rewards is -113.02066040039062

 Scenario simple_spread Algo rmappo Exp reference_20260925T173510Z_880afb_mappo_w128_seed2 updates 5125/6250 episodes, total num timesteps 16403200/20000000, FPS 9328.

average episode rewards is -115.330078125
eval average episode rewards of agent: -113.68806203360242
eval success rate: 0.85

 Scenario simple_spread Algo rmappo Exp reference_20260925T173510Z_880afb_mappo_w128_seed2 updates 5130/6250 episodes, total num timesteps 16419200/20000000, FPS 9328.

average episode rewards is -112.97831726074219

 Scenario simple_spread Algo rmappo Exp reference_20260925T173510Z_880afb_mappo_w128_seed2 updates 5135/6250 episodes, total num timesteps 16435200/20000000, FPS 9327.

average episode rewards is -113.12889862060547

 Scenario simple_spread Algo rmappo Exp reference_20260925T173510Z_880afb_mappo_w128_seed2 updates 5140/6250 episodes, total num timesteps 16451200/20000000, FPS 9327.

average episode rewards is -113.74884796142578

 Scenario simple_spread Algo rmappo Exp reference_20260925T173510Z_880afb_mappo_w128_seed2 updates 5145/6250 episodes, total num timesteps 16467200/20000000, FPS 9327.

average episode rewards is -114.77874755859375

 Scenario simple_spread Algo rmappo Exp reference_20260925T173510Z_880afb_mappo_w128_seed2 updates 5150/6250 episodes, total num timesteps 16483200/20000000, FPS 9327.

average episode rewards is -115.08841705322266
eval average episode rewards of agent: -115.63133925306411
eval success rate: 0.95

 Scenario simple_spread Algo rmappo Exp reference_20260925T173510Z_880afb_mappo_w128_seed2 updates 5155/6250 episodes, total num timesteps 16499200/20000000, FPS 9327.

average episode rewards is -113.8234634399414

 Scenario simple_spread Algo rmappo Exp reference_20260925T173510Z_880afb_mappo_w128_seed2 updates 5160/6250 episodes, total num timesteps 16515200/20000000, FPS 9327.

average episode rewards is -113.31266021728516

 Scenario simple_spread Algo rmappo Exp reference_20260925T173510Z_880afb_mappo_w128_seed2 updates 5165/6250 episodes, total num timesteps 16531200/20000000, FPS 9327.

average episode rewards is -115.00354766845703

 Scenario simple_spread Algo rmappo Exp reference_20260925T173510Z_880afb_mappo_w128_seed2 updates 5170/6250 episodes, total num timesteps 16547200/20000000, FPS 9327.

average episode rewards is -112.39151000976562

 Scenario simple_spread Algo rmappo Exp reference_20260925T173510Z_880afb_mappo_w128_seed2 updates 5175/6250 episodes, total num timesteps 16563200/20000000, FPS 9328.

average episode rewards is -114.79131317138672
eval average episode rewards of agent: -113.81431662279087
eval success rate: 0.9

 Scenario simple_spread Algo rmappo Exp reference_20260925T173510Z_880afb_mappo_w128_seed2 updates 5180/6250 episodes, total num timesteps 16579200/20000000, FPS 9328.

average episode rewards is -112.90272521972656

 Scenario simple_spread Algo rmappo Exp reference_20260925T173510Z_880afb_mappo_w128_seed2 updates 5185/6250 episodes, total num timesteps 16595200/20000000, FPS 9328.

average episode rewards is -113.08064270019531

 Scenario simple_spread Algo rmappo Exp reference_20260925T173510Z_880afb_mappo_w128_seed2 updates 5190/6250 episodes, total num timesteps 16611200/20000000, FPS 9328.

average episode rewards is -112.4759292602539

 Scenario simple_spread Algo rmappo Exp reference_20260925T173510Z_880afb_mappo_w128_seed2 updates 5195/6250 episodes, total num timesteps 16627200/20000000, FPS 9327.

average episode rewards is -111.73688507080078

 Scenario simple_spread Algo rmappo Exp reference_20260925T173510Z_880afb_mappo_w128_seed2 updates 5200/6250 episodes, total num timesteps 16643200/20000000, FPS 9328.

average episode rewards is -114.04457092285156
eval average episode rewards of agent: -111.55704217328298
eval success rate: 0.9

 Scenario simple_spread Algo rmappo Exp reference_20260925T173510Z_880afb_mappo_w128_seed2 updates 5205/6250 episodes, total num timesteps 16659200/20000000, FPS 9327.

average episode rewards is -113.76900482177734

 Scenario simple_spread Algo rmappo Exp reference_20260925T173510Z_880afb_mappo_w128_seed2 updates 5210/6250 episodes, total num timesteps 16675200/20000000, FPS 9328.

average episode rewards is -114.37779998779297

 Scenario simple_spread Algo rmappo Exp reference_20260925T173510Z_880afb_mappo_w128_seed2 updates 5215/6250 episodes, total num timesteps 16691200/20000000, FPS 9328.

average episode rewards is -116.14356994628906

 Scenario simple_spread Algo rmappo Exp reference_20260925T173510Z_880afb_mappo_w128_seed2 updates 5220/6250 episodes, total num timesteps 16707200/20000000, FPS 9328.

average episode rewards is -112.77510070800781

 Scenario simple_spread Algo rmappo Exp reference_20260925T173510Z_880afb_mappo_w128_seed2 updates 5225/6250 episodes, total num timesteps 16723200/20000000, FPS 9328.

average episode rewards is -112.15249633789062
eval average episode rewards of agent: -110.93701442955843
eval success rate: 1.0

 Scenario simple_spread Algo rmappo Exp reference_20260925T173510Z_880afb_mappo_w128_seed2 updates 5230/6250 episodes, total num timesteps 16739200/20000000, FPS 9328.

average episode rewards is -111.4908676147461

 Scenario simple_spread Algo rmappo Exp reference_20260925T173510Z_880afb_mappo_w128_seed2 updates 5235/6250 episodes, total num timesteps 16755200/20000000, FPS 9328.

average episode rewards is -114.27799224853516

 Scenario simple_spread Algo rmappo Exp reference_20260925T173510Z_880afb_mappo_w128_seed2 updates 5240/6250 episodes, total num timesteps 16771200/20000000, FPS 9328.

average episode rewards is -113.42936706542969

 Scenario simple_spread Algo rmappo Exp reference_20260925T173510Z_880afb_mappo_w128_seed2 updates 5245/6250 episodes, total num timesteps 16787200/20000000, FPS 9328.

average episode rewards is -113.14401245117188

 Scenario simple_spread Algo rmappo Exp reference_20260925T173510Z_880afb_mappo_w128_seed2 updates 5250/6250 episodes, total num timesteps 16803200/20000000, FPS 9329.

average episode rewards is -113.8326187133789
eval average episode rewards of agent: -119.75592900732566
eval success rate: 0.85

 Scenario simple_spread Algo rmappo Exp reference_20260925T173510Z_880afb_mappo_w128_seed2 updates 5255/6250 episodes, total num timesteps 16819200/20000000, FPS 9328.

average episode rewards is -116.02484130859375

 Scenario simple_spread Algo rmappo Exp reference_20260925T173510Z_880afb_mappo_w128_seed2 updates 5260/6250 episodes, total num timesteps 16835200/20000000, FPS 9328.

average episode rewards is -112.15885925292969

 Scenario simple_spread Algo rmappo Exp reference_20260925T173510Z_880afb_mappo_w128_seed2 updates 5265/6250 episodes, total num timesteps 16851200/20000000, FPS 9328.

average episode rewards is -111.81295013427734

 Scenario simple_spread Algo rmappo Exp reference_20260925T173510Z_880afb_mappo_w128_seed2 updates 5270/6250 episodes, total num timesteps 16867200/20000000, FPS 9328.

average episode rewards is -115.84928894042969

 Scenario simple_spread Algo rmappo Exp reference_20260925T173510Z_880afb_mappo_w128_seed2 updates 5275/6250 episodes, total num timesteps 16883200/20000000, FPS 9329.

average episode rewards is -111.16413879394531
eval average episode rewards of agent: -113.31856069713119
eval success rate: 0.85

 Scenario simple_spread Algo rmappo Exp reference_20260925T173510Z_880afb_mappo_w128_seed2 updates 5280/6250 episodes, total num timesteps 16899200/20000000, FPS 9329.

average episode rewards is -111.87873077392578

 Scenario simple_spread Algo rmappo Exp reference_20260925T173510Z_880afb_mappo_w128_seed2 updates 5285/6250 episodes, total num timesteps 16915200/20000000, FPS 9329.

average episode rewards is -114.91646575927734

 Scenario simple_spread Algo rmappo Exp reference_20260925T173510Z_880afb_mappo_w128_seed2 updates 5290/6250 episodes, total num timesteps 16931200/20000000, FPS 9329.

average episode rewards is -113.52198028564453

 Scenario simple_spread Algo rmappo Exp reference_20260925T173510Z_880afb_mappo_w128_seed2 updates 5295/6250 episodes, total num timesteps 16947200/20000000, FPS 9329.

average episode rewards is -112.99259948730469

 Scenario simple_spread Algo rmappo Exp reference_20260925T173510Z_880afb_mappo_w128_seed2 updates 5300/6250 episodes, total num timesteps 16963200/20000000, FPS 9329.

average episode rewards is -114.48798370361328
eval average episode rewards of agent: -121.02584134626825
eval success rate: 0.8

 Scenario simple_spread Algo rmappo Exp reference_20260925T173510Z_880afb_mappo_w128_seed2 updates 5305/6250 episodes, total num timesteps 16979200/20000000, FPS 9329.

average episode rewards is -114.4112548828125

 Scenario simple_spread Algo rmappo Exp reference_20260925T173510Z_880afb_mappo_w128_seed2 updates 5310/6250 episodes, total num timesteps 16995200/20000000, FPS 9329.

average episode rewards is -115.95208740234375

 Scenario simple_spread Algo rmappo Exp reference_20260925T173510Z_880afb_mappo_w128_seed2 updates 5315/6250 episodes, total num timesteps 17011200/20000000, FPS 9329.

average episode rewards is -114.66967010498047

 Scenario simple_spread Algo rmappo Exp reference_20260925T173510Z_880afb_mappo_w128_seed2 updates 5320/6250 episodes, total num timesteps 17027200/20000000, FPS 9329.

average episode rewards is -113.57347106933594

 Scenario simple_spread Algo rmappo Exp reference_20260925T173510Z_880afb_mappo_w128_seed2 updates 5325/6250 episodes, total num timesteps 17043200/20000000, FPS 9329.

average episode rewards is -115.65680694580078
eval average episode rewards of agent: -113.58050352745305
eval success rate: 0.9

 Scenario simple_spread Algo rmappo Exp reference_20260925T173510Z_880afb_mappo_w128_seed2 updates 5330/6250 episodes, total num timesteps 17059200/20000000, FPS 9329.

average episode rewards is -110.5436782836914

 Scenario simple_spread Algo rmappo Exp reference_20260925T173510Z_880afb_mappo_w128_seed2 updates 5335/6250 episodes, total num timesteps 17075200/20000000, FPS 9329.

average episode rewards is -113.31464385986328

 Scenario simple_spread Algo rmappo Exp reference_20260925T173510Z_880afb_mappo_w128_seed2 updates 5340/6250 episodes, total num timesteps 17091200/20000000, FPS 9329.

average episode rewards is -115.50272369384766

 Scenario simple_spread Algo rmappo Exp reference_20260925T173510Z_880afb_mappo_w128_seed2 updates 5345/6250 episodes, total num timesteps 17107200/20000000, FPS 9329.

average episode rewards is -114.12323760986328

 Scenario simple_spread Algo rmappo Exp reference_20260925T173510Z_880afb_mappo_w128_seed2 updates 5350/6250 episodes, total num timesteps 17123200/20000000, FPS 9330.

average episode rewards is -115.487060546875
eval average episode rewards of agent: -112.80863061853782
eval success rate: 1.0

 Scenario simple_spread Algo rmappo Exp reference_20260925T173510Z_880afb_mappo_w128_seed2 updates 5355/6250 episodes, total num timesteps 17139200/20000000, FPS 9330.

average episode rewards is -115.58647155761719

 Scenario simple_spread Algo rmappo Exp reference_20260925T173510Z_880afb_mappo_w128_seed2 updates 5360/6250 episodes, total num timesteps 17155200/20000000, FPS 9330.

average episode rewards is -112.6736068725586

 Scenario simple_spread Algo rmappo Exp reference_20260925T173510Z_880afb_mappo_w128_seed2 updates 5365/6250 episodes, total num timesteps 17171200/20000000, FPS 9330.

average episode rewards is -114.140380859375

 Scenario simple_spread Algo rmappo Exp reference_20260925T173510Z_880afb_mappo_w128_seed2 updates 5370/6250 episodes, total num timesteps 17187200/20000000, FPS 9330.

average episode rewards is -113.077880859375

 Scenario simple_spread Algo rmappo Exp reference_20260925T173510Z_880afb_mappo_w128_seed2 updates 5375/6250 episodes, total num timesteps 17203200/20000000, FPS 9329.

average episode rewards is -115.11283111572266
eval average episode rewards of agent: -109.71489791224022
eval success rate: 1.0

 Scenario simple_spread Algo rmappo Exp reference_20260925T173510Z_880afb_mappo_w128_seed2 updates 5380/6250 episodes, total num timesteps 17219200/20000000, FPS 9329.

average episode rewards is -113.41682434082031

 Scenario simple_spread Algo rmappo Exp reference_20260925T173510Z_880afb_mappo_w128_seed2 updates 5385/6250 episodes, total num timesteps 17235200/20000000, FPS 9329.

average episode rewards is -113.57352447509766

 Scenario simple_spread Algo rmappo Exp reference_20260925T173510Z_880afb_mappo_w128_seed2 updates 5390/6250 episodes, total num timesteps 17251200/20000000, FPS 9329.

average episode rewards is -115.22765350341797

 Scenario simple_spread Algo rmappo Exp reference_20260925T173510Z_880afb_mappo_w128_seed2 updates 5395/6250 episodes, total num timesteps 17267200/20000000, FPS 9329.

average episode rewards is -114.8302230834961

 Scenario simple_spread Algo rmappo Exp reference_20260925T173510Z_880afb_mappo_w128_seed2 updates 5400/6250 episodes, total num timesteps 17283200/20000000, FPS 9330.

average episode rewards is -109.69056701660156
eval average episode rewards of agent: -120.7645945744841
eval success rate: 0.85

 Scenario simple_spread Algo rmappo Exp reference_20260925T173510Z_880afb_mappo_w128_seed2 updates 5405/6250 episodes, total num timesteps 17299200/20000000, FPS 9330.

average episode rewards is -114.95958709716797

 Scenario simple_spread Algo rmappo Exp reference_20260925T173510Z_880afb_mappo_w128_seed2 updates 5410/6250 episodes, total num timesteps 17315200/20000000, FPS 9329.

average episode rewards is -111.85506439208984

 Scenario simple_spread Algo rmappo Exp reference_20260925T173510Z_880afb_mappo_w128_seed2 updates 5415/6250 episodes, total num timesteps 17331200/20000000, FPS 9329.

average episode rewards is -115.7990951538086

 Scenario simple_spread Algo rmappo Exp reference_20260925T173510Z_880afb_mappo_w128_seed2 updates 5420/6250 episodes, total num timesteps 17347200/20000000, FPS 9329.

average episode rewards is -114.2247543334961

 Scenario simple_spread Algo rmappo Exp reference_20260925T173510Z_880afb_mappo_w128_seed2 updates 5425/6250 episodes, total num timesteps 17363200/20000000, FPS 9330.

average episode rewards is -114.65116882324219
eval average episode rewards of agent: -118.25623713105394
eval success rate: 0.9

 Scenario simple_spread Algo rmappo Exp reference_20260925T173510Z_880afb_mappo_w128_seed2 updates 5430/6250 episodes, total num timesteps 17379200/20000000, FPS 9330.

average episode rewards is -114.86473083496094

 Scenario simple_spread Algo rmappo Exp reference_20260925T173510Z_880afb_mappo_w128_seed2 updates 5435/6250 episodes, total num timesteps 17395200/20000000, FPS 9329.

average episode rewards is -113.46272277832031

 Scenario simple_spread Algo rmappo Exp reference_20260925T173510Z_880afb_mappo_w128_seed2 updates 5440/6250 episodes, total num timesteps 17411200/20000000, FPS 9329.

average episode rewards is -111.77204895019531

 Scenario simple_spread Algo rmappo Exp reference_20260925T173510Z_880afb_mappo_w128_seed2 updates 5445/6250 episodes, total num timesteps 17427200/20000000, FPS 9329.

average episode rewards is -114.07182312011719

 Scenario simple_spread Algo rmappo Exp reference_20260925T173510Z_880afb_mappo_w128_seed2 updates 5450/6250 episodes, total num timesteps 17443200/20000000, FPS 9329.

average episode rewards is -113.51966857910156
eval average episode rewards of agent: -108.20930079939288
eval success rate: 0.9

 Scenario simple_spread Algo rmappo Exp reference_20260925T173510Z_880afb_mappo_w128_seed2 updates 5455/6250 episodes, total num timesteps 17459200/20000000, FPS 9329.

average episode rewards is -114.46003723144531

 Scenario simple_spread Algo rmappo Exp reference_20260925T173510Z_880afb_mappo_w128_seed2 updates 5460/6250 episodes, total num timesteps 17475200/20000000, FPS 9329.

average episode rewards is -113.64118194580078

 Scenario simple_spread Algo rmappo Exp reference_20260925T173510Z_880afb_mappo_w128_seed2 updates 5465/6250 episodes, total num timesteps 17491200/20000000, FPS 9329.

average episode rewards is -115.54798889160156

 Scenario simple_spread Algo rmappo Exp reference_20260925T173510Z_880afb_mappo_w128_seed2 updates 5470/6250 episodes, total num timesteps 17507200/20000000, FPS 9329.

average episode rewards is -112.71862030029297

 Scenario simple_spread Algo rmappo Exp reference_20260925T173510Z_880afb_mappo_w128_seed2 updates 5475/6250 episodes, total num timesteps 17523200/20000000, FPS 9329.

average episode rewards is -111.23572540283203
eval average episode rewards of agent: -113.64773233100503
eval success rate: 0.9

 Scenario simple_spread Algo rmappo Exp reference_20260925T173510Z_880afb_mappo_w128_seed2 updates 5480/6250 episodes, total num timesteps 17539200/20000000, FPS 9329.

average episode rewards is -113.0818099975586

 Scenario simple_spread Algo rmappo Exp reference_20260925T173510Z_880afb_mappo_w128_seed2 updates 5485/6250 episodes, total num timesteps 17555200/20000000, FPS 9329.

average episode rewards is -115.74177551269531

 Scenario simple_spread Algo rmappo Exp reference_20260925T173510Z_880afb_mappo_w128_seed2 updates 5490/6250 episodes, total num timesteps 17571200/20000000, FPS 9329.

average episode rewards is -114.35791015625

 Scenario simple_spread Algo rmappo Exp reference_20260925T173510Z_880afb_mappo_w128_seed2 updates 5495/6250 episodes, total num timesteps 17587200/20000000, FPS 9329.

average episode rewards is -113.58717346191406

 Scenario simple_spread Algo rmappo Exp reference_20260925T173510Z_880afb_mappo_w128_seed2 updates 5500/6250 episodes, total num timesteps 17603200/20000000, FPS 9329.

average episode rewards is -110.74002838134766
eval average episode rewards of agent: -108.03849253403388
eval success rate: 0.95

 Scenario simple_spread Algo rmappo Exp reference_20260925T173510Z_880afb_mappo_w128_seed2 updates 5505/6250 episodes, total num timesteps 17619200/20000000, FPS 9329.

average episode rewards is -109.96187591552734

 Scenario simple_spread Algo rmappo Exp reference_20260925T173510Z_880afb_mappo_w128_seed2 updates 5510/6250 episodes, total num timesteps 17635200/20000000, FPS 9329.

average episode rewards is -113.45796203613281

 Scenario simple_spread Algo rmappo Exp reference_20260925T173510Z_880afb_mappo_w128_seed2 updates 5515/6250 episodes, total num timesteps 17651200/20000000, FPS 9329.

average episode rewards is -113.46137237548828

 Scenario simple_spread Algo rmappo Exp reference_20260925T173510Z_880afb_mappo_w128_seed2 updates 5520/6250 episodes, total num timesteps 17667200/20000000, FPS 9329.

average episode rewards is -112.8336410522461

 Scenario simple_spread Algo rmappo Exp reference_20260925T173510Z_880afb_mappo_w128_seed2 updates 5525/6250 episodes, total num timesteps 17683200/20000000, FPS 9329.

average episode rewards is -111.29423522949219
eval average episode rewards of agent: -105.15936580061405
eval success rate: 0.9

 Scenario simple_spread Algo rmappo Exp reference_20260925T173510Z_880afb_mappo_w128_seed2 updates 5530/6250 episodes, total num timesteps 17699200/20000000, FPS 9329.

average episode rewards is -110.4593734741211

 Scenario simple_spread Algo rmappo Exp reference_20260925T173510Z_880afb_mappo_w128_seed2 updates 5535/6250 episodes, total num timesteps 17715200/20000000, FPS 9329.

average episode rewards is -113.15679931640625

 Scenario simple_spread Algo rmappo Exp reference_20260925T173510Z_880afb_mappo_w128_seed2 updates 5540/6250 episodes, total num timesteps 17731200/20000000, FPS 9329.

average episode rewards is -113.74848175048828

 Scenario simple_spread Algo rmappo Exp reference_20260925T173510Z_880afb_mappo_w128_seed2 updates 5545/6250 episodes, total num timesteps 17747200/20000000, FPS 9329.

average episode rewards is -111.78244018554688

 Scenario simple_spread Algo rmappo Exp reference_20260925T173510Z_880afb_mappo_w128_seed2 updates 5550/6250 episodes, total num timesteps 17763200/20000000, FPS 9329.

average episode rewards is -111.59307861328125
eval average episode rewards of agent: -115.7514181488686
eval success rate: 0.9

 Scenario simple_spread Algo rmappo Exp reference_20260925T173510Z_880afb_mappo_w128_seed2 updates 5555/6250 episodes, total num timesteps 17779200/20000000, FPS 9328.

average episode rewards is -113.44066619873047

 Scenario simple_spread Algo rmappo Exp reference_20260925T173510Z_880afb_mappo_w128_seed2 updates 5560/6250 episodes, total num timesteps 17795200/20000000, FPS 9328.

average episode rewards is -114.82132720947266

 Scenario simple_spread Algo rmappo Exp reference_20260925T173510Z_880afb_mappo_w128_seed2 updates 5565/6250 episodes, total num timesteps 17811200/20000000, FPS 9328.

average episode rewards is -114.41056823730469

 Scenario simple_spread Algo rmappo Exp reference_20260925T173510Z_880afb_mappo_w128_seed2 updates 5570/6250 episodes, total num timesteps 17827200/20000000, FPS 9330.

average episode rewards is -111.55071258544922

 Scenario simple_spread Algo rmappo Exp reference_20260925T173510Z_880afb_mappo_w128_seed2 updates 5575/6250 episodes, total num timesteps 17843200/20000000, FPS 9331.

average episode rewards is -113.57474517822266
eval average episode rewards of agent: -111.27636356935383
eval success rate: 0.85

 Scenario simple_spread Algo rmappo Exp reference_20260925T173510Z_880afb_mappo_w128_seed2 updates 5580/6250 episodes, total num timesteps 17859200/20000000, FPS 9322.

average episode rewards is -111.3270263671875

 Scenario simple_spread Algo rmappo Exp reference_20260925T173510Z_880afb_mappo_w128_seed2 updates 5585/6250 episodes, total num timesteps 17875200/20000000, FPS 9323.

average episode rewards is -114.1295166015625

 Scenario simple_spread Algo rmappo Exp reference_20260925T173510Z_880afb_mappo_w128_seed2 updates 5590/6250 episodes, total num timesteps 17891200/20000000, FPS 9323.

average episode rewards is -115.0389404296875

 Scenario simple_spread Algo rmappo Exp reference_20260925T173510Z_880afb_mappo_w128_seed2 updates 5595/6250 episodes, total num timesteps 17907200/20000000, FPS 9323.

average episode rewards is -112.2562255859375

 Scenario simple_spread Algo rmappo Exp reference_20260925T173510Z_880afb_mappo_w128_seed2 updates 5600/6250 episodes, total num timesteps 17923200/20000000, FPS 9323.

average episode rewards is -111.65467834472656
eval average episode rewards of agent: -107.87068438561006
eval success rate: 0.9

 Scenario simple_spread Algo rmappo Exp reference_20260925T173510Z_880afb_mappo_w128_seed2 updates 5605/6250 episodes, total num timesteps 17939200/20000000, FPS 9323.

average episode rewards is -110.64300537109375

 Scenario simple_spread Algo rmappo Exp reference_20260925T173510Z_880afb_mappo_w128_seed2 updates 5610/6250 episodes, total num timesteps 17955200/20000000, FPS 9323.

average episode rewards is -115.39031219482422

 Scenario simple_spread Algo rmappo Exp reference_20260925T173510Z_880afb_mappo_w128_seed2 updates 5615/6250 episodes, total num timesteps 17971200/20000000, FPS 9323.

average episode rewards is -114.82332611083984

 Scenario simple_spread Algo rmappo Exp reference_20260925T173510Z_880afb_mappo_w128_seed2 updates 5620/6250 episodes, total num timesteps 17987200/20000000, FPS 9323.

average episode rewards is -112.7788314819336

 Scenario simple_spread Algo rmappo Exp reference_20260925T173510Z_880afb_mappo_w128_seed2 updates 5625/6250 episodes, total num timesteps 18003200/20000000, FPS 9323.

average episode rewards is -111.26522827148438
eval average episode rewards of agent: -111.38230677196768
eval success rate: 0.9

 Scenario simple_spread Algo rmappo Exp reference_20260925T173510Z_880afb_mappo_w128_seed2 updates 5630/6250 episodes, total num timesteps 18019200/20000000, FPS 9323.

average episode rewards is -112.7823257446289

 Scenario simple_spread Algo rmappo Exp reference_20260925T173510Z_880afb_mappo_w128_seed2 updates 5635/6250 episodes, total num timesteps 18035200/20000000, FPS 9323.

average episode rewards is -113.88011169433594

 Scenario simple_spread Algo rmappo Exp reference_20260925T173510Z_880afb_mappo_w128_seed2 updates 5640/6250 episodes, total num timesteps 18051200/20000000, FPS 9323.

average episode rewards is -112.31217193603516

 Scenario simple_spread Algo rmappo Exp reference_20260925T173510Z_880afb_mappo_w128_seed2 updates 5645/6250 episodes, total num timesteps 18067200/20000000, FPS 9323.

average episode rewards is -114.01009368896484

 Scenario simple_spread Algo rmappo Exp reference_20260925T173510Z_880afb_mappo_w128_seed2 updates 5650/6250 episodes, total num timesteps 18083200/20000000, FPS 9323.

average episode rewards is -113.96681213378906
eval average episode rewards of agent: -110.72985134133313
eval success rate: 0.95

 Scenario simple_spread Algo rmappo Exp reference_20260925T173510Z_880afb_mappo_w128_seed2 updates 5655/6250 episodes, total num timesteps 18099200/20000000, FPS 9323.

average episode rewards is -116.33255767822266

 Scenario simple_spread Algo rmappo Exp reference_20260925T173510Z_880afb_mappo_w128_seed2 updates 5660/6250 episodes, total num timesteps 18115200/20000000, FPS 9323.

average episode rewards is -113.32991027832031

 Scenario simple_spread Algo rmappo Exp reference_20260925T173510Z_880afb_mappo_w128_seed2 updates 5665/6250 episodes, total num timesteps 18131200/20000000, FPS 9323.

average episode rewards is -113.75450134277344

 Scenario simple_spread Algo rmappo Exp reference_20260925T173510Z_880afb_mappo_w128_seed2 updates 5670/6250 episodes, total num timesteps 18147200/20000000, FPS 9323.

average episode rewards is -112.7015609741211

 Scenario simple_spread Algo rmappo Exp reference_20260925T173510Z_880afb_mappo_w128_seed2 updates 5675/6250 episodes, total num timesteps 18163200/20000000, FPS 9323.

average episode rewards is -114.1948013305664
eval average episode rewards of agent: -111.52401645676127
eval success rate: 0.9

 Scenario simple_spread Algo rmappo Exp reference_20260925T173510Z_880afb_mappo_w128_seed2 updates 5680/6250 episodes, total num timesteps 18179200/20000000, FPS 9322.

average episode rewards is -113.45393371582031

 Scenario simple_spread Algo rmappo Exp reference_20260925T173510Z_880afb_mappo_w128_seed2 updates 5685/6250 episodes, total num timesteps 18195200/20000000, FPS 9322.

average episode rewards is -111.89799499511719

 Scenario simple_spread Algo rmappo Exp reference_20260925T173510Z_880afb_mappo_w128_seed2 updates 5690/6250 episodes, total num timesteps 18211200/20000000, FPS 9323.

average episode rewards is -113.19774627685547

 Scenario simple_spread Algo rmappo Exp reference_20260925T173510Z_880afb_mappo_w128_seed2 updates 5695/6250 episodes, total num timesteps 18227200/20000000, FPS 9323.

average episode rewards is -114.8328628540039

 Scenario simple_spread Algo rmappo Exp reference_20260925T173510Z_880afb_mappo_w128_seed2 updates 5700/6250 episodes, total num timesteps 18243200/20000000, FPS 9323.

average episode rewards is -114.28985595703125
eval average episode rewards of agent: -112.76683092053928
eval success rate: 1.0

 Scenario simple_spread Algo rmappo Exp reference_20260925T173510Z_880afb_mappo_w128_seed2 updates 5705/6250 episodes, total num timesteps 18259200/20000000, FPS 9323.

average episode rewards is -112.27235412597656

 Scenario simple_spread Algo rmappo Exp reference_20260925T173510Z_880afb_mappo_w128_seed2 updates 5710/6250 episodes, total num timesteps 18275200/20000000, FPS 9323.

average episode rewards is -116.30067443847656

 Scenario simple_spread Algo rmappo Exp reference_20260925T173510Z_880afb_mappo_w128_seed2 updates 5715/6250 episodes, total num timesteps 18291200/20000000, FPS 9323.

average episode rewards is -115.89059448242188

 Scenario simple_spread Algo rmappo Exp reference_20260925T173510Z_880afb_mappo_w128_seed2 updates 5720/6250 episodes, total num timesteps 18307200/20000000, FPS 9323.

average episode rewards is -112.15586853027344

 Scenario simple_spread Algo rmappo Exp reference_20260925T173510Z_880afb_mappo_w128_seed2 updates 5725/6250 episodes, total num timesteps 18323200/20000000, FPS 9323.

average episode rewards is -112.3512954711914
eval average episode rewards of agent: -113.65255326738058
eval success rate: 0.95

 Scenario simple_spread Algo rmappo Exp reference_20260925T173510Z_880afb_mappo_w128_seed2 updates 5730/6250 episodes, total num timesteps 18339200/20000000, FPS 9323.

average episode rewards is -114.18465423583984

 Scenario simple_spread Algo rmappo Exp reference_20260925T173510Z_880afb_mappo_w128_seed2 updates 5735/6250 episodes, total num timesteps 18355200/20000000, FPS 9323.

average episode rewards is -113.46134185791016

 Scenario simple_spread Algo rmappo Exp reference_20260925T173510Z_880afb_mappo_w128_seed2 updates 5740/6250 episodes, total num timesteps 18371200/20000000, FPS 9323.

average episode rewards is -115.51676940917969

 Scenario simple_spread Algo rmappo Exp reference_20260925T173510Z_880afb_mappo_w128_seed2 updates 5745/6250 episodes, total num timesteps 18387200/20000000, FPS 9323.

average episode rewards is -111.8915786743164

 Scenario simple_spread Algo rmappo Exp reference_20260925T173510Z_880afb_mappo_w128_seed2 updates 5750/6250 episodes, total num timesteps 18403200/20000000, FPS 9323.

average episode rewards is -113.33360290527344
eval average episode rewards of agent: -114.5207621672901
eval success rate: 0.9

 Scenario simple_spread Algo rmappo Exp reference_20260925T173510Z_880afb_mappo_w128_seed2 updates 5755/6250 episodes, total num timesteps 18419200/20000000, FPS 9323.

average episode rewards is -109.940185546875

 Scenario simple_spread Algo rmappo Exp reference_20260925T173510Z_880afb_mappo_w128_seed2 updates 5760/6250 episodes, total num timesteps 18435200/20000000, FPS 9323.

average episode rewards is -113.92720794677734

 Scenario simple_spread Algo rmappo Exp reference_20260925T173510Z_880afb_mappo_w128_seed2 updates 5765/6250 episodes, total num timesteps 18451200/20000000, FPS 9323.

average episode rewards is -114.91928100585938

 Scenario simple_spread Algo rmappo Exp reference_20260925T173510Z_880afb_mappo_w128_seed2 updates 5770/6250 episodes, total num timesteps 18467200/20000000, FPS 9323.

average episode rewards is -115.5742416381836

 Scenario simple_spread Algo rmappo Exp reference_20260925T173510Z_880afb_mappo_w128_seed2 updates 5775/6250 episodes, total num timesteps 18483200/20000000, FPS 9323.

average episode rewards is -113.62353515625
eval average episode rewards of agent: -113.09823786519637
eval success rate: 1.0

 Scenario simple_spread Algo rmappo Exp reference_20260925T173510Z_880afb_mappo_w128_seed2 updates 5780/6250 episodes, total num timesteps 18499200/20000000, FPS 9323.

average episode rewards is -113.25955200195312

 Scenario simple_spread Algo rmappo Exp reference_20260925T173510Z_880afb_mappo_w128_seed2 updates 5785/6250 episodes, total num timesteps 18515200/20000000, FPS 9323.

average episode rewards is -111.6505355834961

 Scenario simple_spread Algo rmappo Exp reference_20260925T173510Z_880afb_mappo_w128_seed2 updates 5790/6250 episodes, total num timesteps 18531200/20000000, FPS 9323.

average episode rewards is -117.09931182861328

 Scenario simple_spread Algo rmappo Exp reference_20260925T173510Z_880afb_mappo_w128_seed2 updates 5795/6250 episodes, total num timesteps 18547200/20000000, FPS 9324.

average episode rewards is -113.39823913574219

 Scenario simple_spread Algo rmappo Exp reference_20260925T173510Z_880afb_mappo_w128_seed2 updates 5800/6250 episodes, total num timesteps 18563200/20000000, FPS 9323.

average episode rewards is -113.26782989501953
eval average episode rewards of agent: -107.497051532955
eval success rate: 0.85

 Scenario simple_spread Algo rmappo Exp reference_20260925T173510Z_880afb_mappo_w128_seed2 updates 5805/6250 episodes, total num timesteps 18579200/20000000, FPS 9323.

average episode rewards is -112.42308807373047

 Scenario simple_spread Algo rmappo Exp reference_20260925T173510Z_880afb_mappo_w128_seed2 updates 5810/6250 episodes, total num timesteps 18595200/20000000, FPS 9323.

average episode rewards is -113.99497985839844

 Scenario simple_spread Algo rmappo Exp reference_20260925T173510Z_880afb_mappo_w128_seed2 updates 5815/6250 episodes, total num timesteps 18611200/20000000, FPS 9323.

average episode rewards is -114.11846923828125

 Scenario simple_spread Algo rmappo Exp reference_20260925T173510Z_880afb_mappo_w128_seed2 updates 5820/6250 episodes, total num timesteps 18627200/20000000, FPS 9323.

average episode rewards is -113.48675537109375

 Scenario simple_spread Algo rmappo Exp reference_20260925T173510Z_880afb_mappo_w128_seed2 updates 5825/6250 episodes, total num timesteps 18643200/20000000, FPS 9323.

average episode rewards is -111.68993377685547
eval average episode rewards of agent: -110.44914036049566
eval success rate: 0.95

 Scenario simple_spread Algo rmappo Exp reference_20260925T173510Z_880afb_mappo_w128_seed2 updates 5830/6250 episodes, total num timesteps 18659200/20000000, FPS 9323.

average episode rewards is -114.1717529296875

 Scenario simple_spread Algo rmappo Exp reference_20260925T173510Z_880afb_mappo_w128_seed2 updates 5835/6250 episodes, total num timesteps 18675200/20000000, FPS 9323.

average episode rewards is -111.77940368652344

 Scenario simple_spread Algo rmappo Exp reference_20260925T173510Z_880afb_mappo_w128_seed2 updates 5840/6250 episodes, total num timesteps 18691200/20000000, FPS 9323.

average episode rewards is -113.56690216064453

 Scenario simple_spread Algo rmappo Exp reference_20260925T173510Z_880afb_mappo_w128_seed2 updates 5845/6250 episodes, total num timesteps 18707200/20000000, FPS 9323.

average episode rewards is -112.74119567871094

 Scenario simple_spread Algo rmappo Exp reference_20260925T173510Z_880afb_mappo_w128_seed2 updates 5850/6250 episodes, total num timesteps 18723200/20000000, FPS 9324.

average episode rewards is -115.31675720214844
eval average episode rewards of agent: -111.8288436024561
eval success rate: 0.95

 Scenario simple_spread Algo rmappo Exp reference_20260925T173510Z_880afb_mappo_w128_seed2 updates 5855/6250 episodes, total num timesteps 18739200/20000000, FPS 9323.

average episode rewards is -113.97480773925781

 Scenario simple_spread Algo rmappo Exp reference_20260925T173510Z_880afb_mappo_w128_seed2 updates 5860/6250 episodes, total num timesteps 18755200/20000000, FPS 9323.

average episode rewards is -110.64237213134766

 Scenario simple_spread Algo rmappo Exp reference_20260925T173510Z_880afb_mappo_w128_seed2 updates 5865/6250 episodes, total num timesteps 18771200/20000000, FPS 9323.

average episode rewards is -113.13308715820312

 Scenario simple_spread Algo rmappo Exp reference_20260925T173510Z_880afb_mappo_w128_seed2 updates 5870/6250 episodes, total num timesteps 18787200/20000000, FPS 9323.

average episode rewards is -114.6111831665039

 Scenario simple_spread Algo rmappo Exp reference_20260925T173510Z_880afb_mappo_w128_seed2 updates 5875/6250 episodes, total num timesteps 18803200/20000000, FPS 9323.

average episode rewards is -113.58722686767578
eval average episode rewards of agent: -114.98443578594916
eval success rate: 0.85

 Scenario simple_spread Algo rmappo Exp reference_20260925T173510Z_880afb_mappo_w128_seed2 updates 5880/6250 episodes, total num timesteps 18819200/20000000, FPS 9323.

average episode rewards is -115.15562438964844

 Scenario simple_spread Algo rmappo Exp reference_20260925T173510Z_880afb_mappo_w128_seed2 updates 5885/6250 episodes, total num timesteps 18835200/20000000, FPS 9323.

average episode rewards is -112.78192901611328

 Scenario simple_spread Algo rmappo Exp reference_20260925T173510Z_880afb_mappo_w128_seed2 updates 5890/6250 episodes, total num timesteps 18851200/20000000, FPS 9323.

average episode rewards is -113.3721923828125

 Scenario simple_spread Algo rmappo Exp reference_20260925T173510Z_880afb_mappo_w128_seed2 updates 5895/6250 episodes, total num timesteps 18867200/20000000, FPS 9323.

average episode rewards is -112.604736328125

 Scenario simple_spread Algo rmappo Exp reference_20260925T173510Z_880afb_mappo_w128_seed2 updates 5900/6250 episodes, total num timesteps 18883200/20000000, FPS 9323.

average episode rewards is -114.59957122802734
eval average episode rewards of agent: -109.41539552097505
eval success rate: 1.0

 Scenario simple_spread Algo rmappo Exp reference_20260925T173510Z_880afb_mappo_w128_seed2 updates 5905/6250 episodes, total num timesteps 18899200/20000000, FPS 9323.

average episode rewards is -114.0074462890625

 Scenario simple_spread Algo rmappo Exp reference_20260925T173510Z_880afb_mappo_w128_seed2 updates 5910/6250 episodes, total num timesteps 18915200/20000000, FPS 9323.

average episode rewards is -116.0955581665039

 Scenario simple_spread Algo rmappo Exp reference_20260925T173510Z_880afb_mappo_w128_seed2 updates 5915/6250 episodes, total num timesteps 18931200/20000000, FPS 9323.

average episode rewards is -112.35584259033203

 Scenario simple_spread Algo rmappo Exp reference_20260925T173510Z_880afb_mappo_w128_seed2 updates 5920/6250 episodes, total num timesteps 18947200/20000000, FPS 9323.

average episode rewards is -114.69371032714844

 Scenario simple_spread Algo rmappo Exp reference_20260925T173510Z_880afb_mappo_w128_seed2 updates 5925/6250 episodes, total num timesteps 18963200/20000000, FPS 9323.

average episode rewards is -112.88664245605469
eval average episode rewards of agent: -112.33051256127982
eval success rate: 0.95

 Scenario simple_spread Algo rmappo Exp reference_20260925T173510Z_880afb_mappo_w128_seed2 updates 5930/6250 episodes, total num timesteps 18979200/20000000, FPS 9323.

average episode rewards is -113.09835815429688

 Scenario simple_spread Algo rmappo Exp reference_20260925T173510Z_880afb_mappo_w128_seed2 updates 5935/6250 episodes, total num timesteps 18995200/20000000, FPS 9323.

average episode rewards is -113.53937530517578

 Scenario simple_spread Algo rmappo Exp reference_20260925T173510Z_880afb_mappo_w128_seed2 updates 5940/6250 episodes, total num timesteps 19011200/20000000, FPS 9323.

average episode rewards is -112.94930267333984

 Scenario simple_spread Algo rmappo Exp reference_20260925T173510Z_880afb_mappo_w128_seed2 updates 5945/6250 episodes, total num timesteps 19027200/20000000, FPS 9323.

average episode rewards is -111.88899230957031

 Scenario simple_spread Algo rmappo Exp reference_20260925T173510Z_880afb_mappo_w128_seed2 updates 5950/6250 episodes, total num timesteps 19043200/20000000, FPS 9323.

average episode rewards is -114.64680480957031
eval average episode rewards of agent: -110.71546732623045
eval success rate: 1.0

 Scenario simple_spread Algo rmappo Exp reference_20260925T173510Z_880afb_mappo_w128_seed2 updates 5955/6250 episodes, total num timesteps 19059200/20000000, FPS 9323.

average episode rewards is -115.9504623413086

 Scenario simple_spread Algo rmappo Exp reference_20260925T173510Z_880afb_mappo_w128_seed2 updates 5960/6250 episodes, total num timesteps 19075200/20000000, FPS 9323.

average episode rewards is -112.36380004882812

 Scenario simple_spread Algo rmappo Exp reference_20260925T173510Z_880afb_mappo_w128_seed2 updates 5965/6250 episodes, total num timesteps 19091200/20000000, FPS 9323.

average episode rewards is -113.59717559814453

 Scenario simple_spread Algo rmappo Exp reference_20260925T173510Z_880afb_mappo_w128_seed2 updates 5970/6250 episodes, total num timesteps 19107200/20000000, FPS 9323.

average episode rewards is -110.94992065429688

 Scenario simple_spread Algo rmappo Exp reference_20260925T173510Z_880afb_mappo_w128_seed2 updates 5975/6250 episodes, total num timesteps 19123200/20000000, FPS 9323.

average episode rewards is -115.23152923583984
eval average episode rewards of agent: -110.73894461554771
eval success rate: 1.0

 Scenario simple_spread Algo rmappo Exp reference_20260925T173510Z_880afb_mappo_w128_seed2 updates 5980/6250 episodes, total num timesteps 19139200/20000000, FPS 9322.

average episode rewards is -113.5400390625

 Scenario simple_spread Algo rmappo Exp reference_20260925T173510Z_880afb_mappo_w128_seed2 updates 5985/6250 episodes, total num timesteps 19155200/20000000, FPS 9322.

average episode rewards is -113.73948669433594

 Scenario simple_spread Algo rmappo Exp reference_20260925T173510Z_880afb_mappo_w128_seed2 updates 5990/6250 episodes, total num timesteps 19171200/20000000, FPS 9323.

average episode rewards is -112.04383087158203

 Scenario simple_spread Algo rmappo Exp reference_20260925T173510Z_880afb_mappo_w128_seed2 updates 5995/6250 episodes, total num timesteps 19187200/20000000, FPS 9323.

average episode rewards is -114.73429107666016

 Scenario simple_spread Algo rmappo Exp reference_20260925T173510Z_880afb_mappo_w128_seed2 updates 6000/6250 episodes, total num timesteps 19203200/20000000, FPS 9323.

average episode rewards is -114.69744110107422
eval average episode rewards of agent: -114.91118166842293
eval success rate: 0.9

 Scenario simple_spread Algo rmappo Exp reference_20260925T173510Z_880afb_mappo_w128_seed2 updates 6005/6250 episodes, total num timesteps 19219200/20000000, FPS 9322.

average episode rewards is -112.1290054321289

 Scenario simple_spread Algo rmappo Exp reference_20260925T173510Z_880afb_mappo_w128_seed2 updates 6010/6250 episodes, total num timesteps 19235200/20000000, FPS 9322.

average episode rewards is -114.60711669921875

 Scenario simple_spread Algo rmappo Exp reference_20260925T173510Z_880afb_mappo_w128_seed2 updates 6015/6250 episodes, total num timesteps 19251200/20000000, FPS 9323.

average episode rewards is -112.71279907226562

 Scenario simple_spread Algo rmappo Exp reference_20260925T173510Z_880afb_mappo_w128_seed2 updates 6020/6250 episodes, total num timesteps 19267200/20000000, FPS 9323.

average episode rewards is -111.9736328125

 Scenario simple_spread Algo rmappo Exp reference_20260925T173510Z_880afb_mappo_w128_seed2 updates 6025/6250 episodes, total num timesteps 19283200/20000000, FPS 9323.

average episode rewards is -113.16144561767578
eval average episode rewards of agent: -114.92487672069832
eval success rate: 1.0

 Scenario simple_spread Algo rmappo Exp reference_20260925T173510Z_880afb_mappo_w128_seed2 updates 6030/6250 episodes, total num timesteps 19299200/20000000, FPS 9323.

average episode rewards is -115.9384994506836

 Scenario simple_spread Algo rmappo Exp reference_20260925T173510Z_880afb_mappo_w128_seed2 updates 6035/6250 episodes, total num timesteps 19315200/20000000, FPS 9323.

average episode rewards is -111.63838195800781

 Scenario simple_spread Algo rmappo Exp reference_20260925T173510Z_880afb_mappo_w128_seed2 updates 6040/6250 episodes, total num timesteps 19331200/20000000, FPS 9322.

average episode rewards is -111.65795135498047

 Scenario simple_spread Algo rmappo Exp reference_20260925T173510Z_880afb_mappo_w128_seed2 updates 6045/6250 episodes, total num timesteps 19347200/20000000, FPS 9322.

average episode rewards is -113.3917007446289

 Scenario simple_spread Algo rmappo Exp reference_20260925T173510Z_880afb_mappo_w128_seed2 updates 6050/6250 episodes, total num timesteps 19363200/20000000, FPS 9322.

average episode rewards is -114.6744613647461
eval average episode rewards of agent: -117.0200902469795
eval success rate: 0.95

 Scenario simple_spread Algo rmappo Exp reference_20260925T173510Z_880afb_mappo_w128_seed2 updates 6055/6250 episodes, total num timesteps 19379200/20000000, FPS 9322.

average episode rewards is -114.26414489746094

 Scenario simple_spread Algo rmappo Exp reference_20260925T173510Z_880afb_mappo_w128_seed2 updates 6060/6250 episodes, total num timesteps 19395200/20000000, FPS 9322.

average episode rewards is -112.9403076171875

 Scenario simple_spread Algo rmappo Exp reference_20260925T173510Z_880afb_mappo_w128_seed2 updates 6065/6250 episodes, total num timesteps 19411200/20000000, FPS 9322.

average episode rewards is -113.14387512207031

 Scenario simple_spread Algo rmappo Exp reference_20260925T173510Z_880afb_mappo_w128_seed2 updates 6070/6250 episodes, total num timesteps 19427200/20000000, FPS 9323.

average episode rewards is -114.17533111572266

 Scenario simple_spread Algo rmappo Exp reference_20260925T173510Z_880afb_mappo_w128_seed2 updates 6075/6250 episodes, total num timesteps 19443200/20000000, FPS 9323.

average episode rewards is -115.06334686279297
eval average episode rewards of agent: -114.146015810053
eval success rate: 0.85

 Scenario simple_spread Algo rmappo Exp reference_20260925T173510Z_880afb_mappo_w128_seed2 updates 6080/6250 episodes, total num timesteps 19459200/20000000, FPS 9322.

average episode rewards is -114.12422943115234

 Scenario simple_spread Algo rmappo Exp reference_20260925T173510Z_880afb_mappo_w128_seed2 updates 6085/6250 episodes, total num timesteps 19475200/20000000, FPS 9322.

average episode rewards is -111.72055053710938

 Scenario simple_spread Algo rmappo Exp reference_20260925T173510Z_880afb_mappo_w128_seed2 updates 6090/6250 episodes, total num timesteps 19491200/20000000, FPS 9323.

average episode rewards is -112.15686798095703

 Scenario simple_spread Algo rmappo Exp reference_20260925T173510Z_880afb_mappo_w128_seed2 updates 6095/6250 episodes, total num timesteps 19507200/20000000, FPS 9323.

average episode rewards is -112.87889099121094

 Scenario simple_spread Algo rmappo Exp reference_20260925T173510Z_880afb_mappo_w128_seed2 updates 6100/6250 episodes, total num timesteps 19523200/20000000, FPS 9322.

average episode rewards is -114.23456573486328
eval average episode rewards of agent: -114.55326530151984
eval success rate: 0.85

 Scenario simple_spread Algo rmappo Exp reference_20260925T173510Z_880afb_mappo_w128_seed2 updates 6105/6250 episodes, total num timesteps 19539200/20000000, FPS 9322.

average episode rewards is -112.23091888427734

 Scenario simple_spread Algo rmappo Exp reference_20260925T173510Z_880afb_mappo_w128_seed2 updates 6110/6250 episodes, total num timesteps 19555200/20000000, FPS 9322.

average episode rewards is -112.7681884765625

 Scenario simple_spread Algo rmappo Exp reference_20260925T173510Z_880afb_mappo_w128_seed2 updates 6115/6250 episodes, total num timesteps 19571200/20000000, FPS 9322.

average episode rewards is -114.4736328125

 Scenario simple_spread Algo rmappo Exp reference_20260925T173510Z_880afb_mappo_w128_seed2 updates 6120/6250 episodes, total num timesteps 19587200/20000000, FPS 9322.

average episode rewards is -112.30231475830078

 Scenario simple_spread Algo rmappo Exp reference_20260925T173510Z_880afb_mappo_w128_seed2 updates 6125/6250 episodes, total num timesteps 19603200/20000000, FPS 9322.

average episode rewards is -112.1606674194336
eval average episode rewards of agent: -114.99118698095326
eval success rate: 1.0

 Scenario simple_spread Algo rmappo Exp reference_20260925T173510Z_880afb_mappo_w128_seed2 updates 6130/6250 episodes, total num timesteps 19619200/20000000, FPS 9322.

average episode rewards is -114.019775390625

 Scenario simple_spread Algo rmappo Exp reference_20260925T173510Z_880afb_mappo_w128_seed2 updates 6135/6250 episodes, total num timesteps 19635200/20000000, FPS 9322.

average episode rewards is -114.28910827636719

 Scenario simple_spread Algo rmappo Exp reference_20260925T173510Z_880afb_mappo_w128_seed2 updates 6140/6250 episodes, total num timesteps 19651200/20000000, FPS 9322.

average episode rewards is -114.29301452636719

 Scenario simple_spread Algo rmappo Exp reference_20260925T173510Z_880afb_mappo_w128_seed2 updates 6145/6250 episodes, total num timesteps 19667200/20000000, FPS 9322.

average episode rewards is -111.84748077392578

 Scenario simple_spread Algo rmappo Exp reference_20260925T173510Z_880afb_mappo_w128_seed2 updates 6150/6250 episodes, total num timesteps 19683200/20000000, FPS 9322.

average episode rewards is -112.63372802734375
eval average episode rewards of agent: -111.7527037996943
eval success rate: 0.9

 Scenario simple_spread Algo rmappo Exp reference_20260925T173510Z_880afb_mappo_w128_seed2 updates 6155/6250 episodes, total num timesteps 19699200/20000000, FPS 9322.

average episode rewards is -111.64527130126953

 Scenario simple_spread Algo rmappo Exp reference_20260925T173510Z_880afb_mappo_w128_seed2 updates 6160/6250 episodes, total num timesteps 19715200/20000000, FPS 9322.

average episode rewards is -113.4917984008789

 Scenario simple_spread Algo rmappo Exp reference_20260925T173510Z_880afb_mappo_w128_seed2 updates 6165/6250 episodes, total num timesteps 19731200/20000000, FPS 9322.

average episode rewards is -111.70990753173828

 Scenario simple_spread Algo rmappo Exp reference_20260925T173510Z_880afb_mappo_w128_seed2 updates 6170/6250 episodes, total num timesteps 19747200/20000000, FPS 9322.

average episode rewards is -114.59568786621094

 Scenario simple_spread Algo rmappo Exp reference_20260925T173510Z_880afb_mappo_w128_seed2 updates 6175/6250 episodes, total num timesteps 19763200/20000000, FPS 9322.

average episode rewards is -114.06731414794922
eval average episode rewards of agent: -110.39006847206629
eval success rate: 0.9

 Scenario simple_spread Algo rmappo Exp reference_20260925T173510Z_880afb_mappo_w128_seed2 updates 6180/6250 episodes, total num timesteps 19779200/20000000, FPS 9322.

average episode rewards is -112.55663299560547

 Scenario simple_spread Algo rmappo Exp reference_20260925T173510Z_880afb_mappo_w128_seed2 updates 6185/6250 episodes, total num timesteps 19795200/20000000, FPS 9322.

average episode rewards is -113.33554077148438

 Scenario simple_spread Algo rmappo Exp reference_20260925T173510Z_880afb_mappo_w128_seed2 updates 6190/6250 episodes, total num timesteps 19811200/20000000, FPS 9322.

average episode rewards is -114.01457977294922

 Scenario simple_spread Algo rmappo Exp reference_20260925T173510Z_880afb_mappo_w128_seed2 updates 6195/6250 episodes, total num timesteps 19827200/20000000, FPS 9322.

average episode rewards is -114.18646240234375

 Scenario simple_spread Algo rmappo Exp reference_20260925T173510Z_880afb_mappo_w128_seed2 updates 6200/6250 episodes, total num timesteps 19843200/20000000, FPS 9322.

average episode rewards is -113.59417724609375
eval average episode rewards of agent: -113.3212860531502
eval success rate: 0.95

 Scenario simple_spread Algo rmappo Exp reference_20260925T173510Z_880afb_mappo_w128_seed2 updates 6205/6250 episodes, total num timesteps 19859200/20000000, FPS 9322.

average episode rewards is -112.65998077392578

 Scenario simple_spread Algo rmappo Exp reference_20260925T173510Z_880afb_mappo_w128_seed2 updates 6210/6250 episodes, total num timesteps 19875200/20000000, FPS 9322.

average episode rewards is -113.04329681396484

 Scenario simple_spread Algo rmappo Exp reference_20260925T173510Z_880afb_mappo_w128_seed2 updates 6215/6250 episodes, total num timesteps 19891200/20000000, FPS 9322.

average episode rewards is -114.02210998535156

 Scenario simple_spread Algo rmappo Exp reference_20260925T173510Z_880afb_mappo_w128_seed2 updates 6220/6250 episodes, total num timesteps 19907200/20000000, FPS 9322.

average episode rewards is -114.43815612792969

 Scenario simple_spread Algo rmappo Exp reference_20260925T173510Z_880afb_mappo_w128_seed2 updates 6225/6250 episodes, total num timesteps 19923200/20000000, FPS 9322.

average episode rewards is -112.50762939453125
eval average episode rewards of agent: -109.7394480564951
eval success rate: 0.9

 Scenario simple_spread Algo rmappo Exp reference_20260925T173510Z_880afb_mappo_w128_seed2 updates 6230/6250 episodes, total num timesteps 19939200/20000000, FPS 9322.

average episode rewards is -112.41331481933594

 Scenario simple_spread Algo rmappo Exp reference_20260925T173510Z_880afb_mappo_w128_seed2 updates 6235/6250 episodes, total num timesteps 19955200/20000000, FPS 9322.

average episode rewards is -112.21023559570312

 Scenario simple_spread Algo rmappo Exp reference_20260925T173510Z_880afb_mappo_w128_seed2 updates 6240/6250 episodes, total num timesteps 19971200/20000000, FPS 9322.

average episode rewards is -113.12667083740234

 Scenario simple_spread Algo rmappo Exp reference_20260925T173510Z_880afb_mappo_w128_seed2 updates 6245/6250 episodes, total num timesteps 19987200/20000000, FPS 9322.

average episode rewards is -111.71691131591797
