u are choosing to use rmappo, we set use_recurrent_policy to be True
choose to use gpu...
obs_space:  [Box([-inf -inf -inf -inf -inf -inf -inf -inf -inf -inf -inf -inf -inf -inf
 -inf -inf -inf -inf], [inf inf inf inf inf inf inf inf inf inf inf inf inf inf inf inf inf inf], (18,), float32), Box([-inf -inf -inf -inf -inf -inf -inf -inf -inf -inf -inf -inf -inf -inf
 -inf -inf -inf -inf], [inf inf inf inf inf inf inf inf inf inf inf inf inf inf inf inf inf inf], (18,), float32), Box([-inf -inf -inf -inf -inf -inf -inf -inf -inf -inf -inf -inf -inf -inf
 -inf -inf -inf -inf], [inf inf inf inf inf inf inf inf inf inf inf inf inf inf inf inf inf inf], (18,), float32)]
share_obs_space:  [Box([-inf -inf -inf -inf -inf -inf -inf -inf -inf -inf -inf -inf -inf -inf
 -inf -inf -inf -inf -inf -inf -inf -inf -inf -inf -inf -inf -inf -inf
 -inf -inf -inf -inf -inf -inf -inf -inf -inf -inf -inf -inf -inf -inf
 -inf -inf -inf -inf -inf -inf -inf -inf -inf -inf -inf -inf], [inf inf inf inf inf inf inf inf inf inf inf inf inf inf inf inf inf inf
 inf inf inf inf inf inf inf inf inf inf inf inf inf inf inf inf inf inf
 inf inf inf inf inf inf inf inf inf inf inf inf inf inf inf inf inf inf], (54,), float32), Box([-inf -inf -inf -inf -inf -inf -inf -inf -inf -inf -inf -inf -inf -inf
 -inf -inf -inf -inf -inf -inf -inf -inf -inf -inf -inf -inf -inf -inf
 -inf -inf -inf -inf -inf -inf -inf -inf -inf -inf -inf -inf -inf -inf
 -inf -inf -inf -inf -inf -inf -inf -inf -inf -inf -inf -inf], [inf inf inf inf inf inf inf inf inf inf inf inf inf inf inf inf inf inf
 inf inf inf inf inf inf inf inf inf inf inf inf inf inf inf inf inf inf
 inf inf inf inf inf inf inf inf inf inf inf inf inf inf inf inf inf inf], (54,), float32), Box([-inf -inf -inf -inf -inf -inf -inf -inf -inf -inf -inf -inf -inf -inf
 -inf -inf -inf -inf -inf -inf -inf -inf -inf -inf -inf -inf -inf -inf
 -inf -inf -inf -inf -inf -inf -inf -inf -inf -inf -inf -inf -inf -inf
 -inf -inf -inf -inf -inf -inf -inf -inf -inf -inf -inf -inf], [inf inf inf inf inf inf inf inf inf inf inf inf inf inf inf inf inf inf
 inf inf inf inf inf inf inf inf inf inf inf inf inf inf inf inf inf inf
 inf inf inf inf inf inf inf inf inf inf inf inf inf inf inf inf inf inf], (54,), float32)]
act_space:  [Discrete(5), Discrete(5), Discrete(5)]

 Scenario simple_spread Algo rmappo Exp reference_20260925T173510Z_880afb_ippo_w128_seed1 updates 0/6250 episodes, total num timesteps 3200/20000000, FPS 6202.

average episode rewards is -224.0366973876953
eval average episode rewards of agent: -190.39984234964206
eval success rate: 0.05

 Scenario simple_spread Algo rmappo Exp reference_20260925T173510Z_880afb_ippo_w128_seed1 updates 5/6250 episodes, total num timesteps 19200/20000000, FPS 8617.

average episode rewards is -190.3392791748047

 Scenario simple_spread Algo rmappo Exp reference_20260925T173510Z_880afb_ippo_w128_seed1 updates 10/6250 episodes, total num timesteps 35200/20000000, FPS 9437.

average episode rewards is -185.1138458251953

 Scenario simple_spread Algo rmappo Exp reference_20260925T173510Z_880afb_ippo_w128_seed1 updates 15/6250 episodes, total num timesteps 51200/20000000, FPS 9846.

average episode rewards is -177.13539123535156

 Scenario simple_spread Algo rmappo Exp reference_20260925T173510Z_880afb_ippo_w128_seed1 updates 20/6250 episodes, total num timesteps 67200/20000000, FPS 9981.

average episode rewards is -184.3239288330078

 Scenario simple_spread Algo rmappo Exp reference_20260925T173510Z_880afb_ippo_w128_seed1 updates 25/6250 episodes, total num timesteps 83200/20000000, FPS 9993.

average episode rewards is -177.96299743652344
eval average episode rewards of agent: -175.8787603038454
eval success rate: 0.0

 Scenario simple_spread Algo rmappo Exp reference_20260925T173510Z_880afb_ippo_w128_seed1 updates 30/6250 episodes, total num timesteps 99200/20000000, FPS 10002.

average episode rewards is -178.7324676513672

 Scenario simple_spread Algo rmappo Exp reference_20260925T173510Z_880afb_ippo_w128_seed1 updates 35/6250 episodes, total num timesteps 115200/20000000, FPS 10050.

average episode rewards is -176.75216674804688

 Scenario simple_spread Algo rmappo Exp reference_20260925T173510Z_880afb_ippo_w128_seed1 updates 40/6250 episodes, total num timesteps 131200/20000000, FPS 10034.

average episode rewards is -175.6033935546875

 Scenario simple_spread Algo rmappo Exp reference_20260925T173510Z_880afb_ippo_w128_seed1 updates 45/6250 episodes, total num timesteps 147200/20000000, FPS 10039.

average episode rewards is -174.7100830078125

 Scenario simple_spread Algo rmappo Exp reference_20260925T173510Z_880afb_ippo_w128_seed1 updates 50/6250 episodes, total num timesteps 163200/20000000, FPS 10058.

average episode rewards is -171.92138671875
eval average episode rewards of agent: -182.9754460711029
eval success rate: 0.0

 Scenario simple_spread Algo rmappo Exp reference_20260925T173510Z_880afb_ippo_w128_seed1 updates 55/6250 episodes, total num timesteps 179200/20000000, FPS 10054.

average episode rewards is -170.941162109375

 Scenario simple_spread Algo rmappo Exp reference_20260925T173510Z_880afb_ippo_w128_seed1 updates 60/6250 episodes, total num timesteps 195200/20000000, FPS 10038.

average episode rewards is -168.58811950683594

 Scenario simple_spread Algo rmappo Exp reference_20260925T173510Z_880afb_ippo_w128_seed1 updates 65/6250 episodes, total num timesteps 211200/20000000, FPS 9990.

average episode rewards is -167.77439880371094

 Scenario simple_spread Algo rmappo Exp reference_20260925T173510Z_880afb_ippo_w128_seed1 updates 70/6250 episodes, total num timesteps 227200/20000000, FPS 10002.

average episode rewards is -164.72860717773438

 Scenario simple_spread Algo rmappo Exp reference_20260925T173510Z_880afb_ippo_w128_seed1 updates 75/6250 episodes, total num timesteps 243200/20000000, FPS 9985.

average episode rewards is -161.49180603027344
eval average episode rewards of agent: -158.13202956934643
eval success rate: 0.0

 Scenario simple_spread Algo rmappo Exp reference_20260925T173510Z_880afb_ippo_w128_seed1 updates 80/6250 episodes, total num timesteps 259200/20000000, FPS 9952.

average episode rewards is -162.45196533203125

 Scenario simple_spread Algo rmappo Exp reference_20260925T173510Z_880afb_ippo_w128_seed1 updates 85/6250 episodes, total num timesteps 275200/20000000, FPS 9953.

average episode rewards is -157.3145751953125

 Scenario simple_spread Algo rmappo Exp reference_20260925T173510Z_880afb_ippo_w128_seed1 updates 90/6250 episodes, total num timesteps 291200/20000000, FPS 9968.

average episode rewards is -156.25662231445312

 Scenario simple_spread Algo rmappo Exp reference_20260925T173510Z_880afb_ippo_w128_seed1 updates 95/6250 episodes, total num timesteps 307200/20000000, FPS 9955.

average episode rewards is -158.5946502685547

 Scenario simple_spread Algo rmappo Exp reference_20260925T173510Z_880afb_ippo_w128_seed1 updates 100/6250 episodes, total num timesteps 323200/20000000, FPS 9955.

average episode rewards is -151.96981811523438
eval average episode rewards of agent: -154.75688756436756
eval success rate: 0.05

 Scenario simple_spread Algo rmappo Exp reference_20260925T173510Z_880afb_ippo_w128_seed1 updates 105/6250 episodes, total num timesteps 339200/20000000, FPS 9944.

average episode rewards is -150.8448486328125

 Scenario simple_spread Algo rmappo Exp reference_20260925T173510Z_880afb_ippo_w128_seed1 updates 110/6250 episodes, total num timesteps 355200/20000000, FPS 9947.

average episode rewards is -153.11924743652344

 Scenario simple_spread Algo rmappo Exp reference_20260925T173510Z_880afb_ippo_w128_seed1 updates 115/6250 episodes, total num timesteps 371200/20000000, FPS 9946.

average episode rewards is -152.90374755859375

 Scenario simple_spread Algo rmappo Exp reference_20260925T173510Z_880afb_ippo_w128_seed1 updates 120/6250 episodes, total num timesteps 387200/20000000, FPS 9942.

average episode rewards is -151.84713745117188

 Scenario simple_spread Algo rmappo Exp reference_20260925T173510Z_880afb_ippo_w128_seed1 updates 125/6250 episodes, total num timesteps 403200/20000000, FPS 9915.

average episode rewards is -150.4288330078125
eval average episode rewards of agent: -142.15740538986896
eval success rate: 0.15

 Scenario simple_spread Algo rmappo Exp reference_20260925T173510Z_880afb_ippo_w128_seed1 updates 130/6250 episodes, total num timesteps 419200/20000000, FPS 9913.

average episode rewards is -147.668701171875

 Scenario simple_spread Algo rmappo Exp reference_20260925T173510Z_880afb_ippo_w128_seed1 updates 135/6250 episodes, total num timesteps 435200/20000000, FPS 9919.

average episode rewards is -148.6962127685547

 Scenario simple_spread Algo rmappo Exp reference_20260925T173510Z_880afb_ippo_w128_seed1 updates 140/6250 episodes, total num timesteps 451200/20000000, FPS 9920.

average episode rewards is -148.01084899902344

 Scenario simple_spread Algo rmappo Exp reference_20260925T173510Z_880afb_ippo_w128_seed1 updates 145/6250 episodes, total num timesteps 467200/20000000, FPS 9923.

average episode rewards is -145.6591796875

 Scenario simple_spread Algo rmappo Exp reference_20260925T173510Z_880afb_ippo_w128_seed1 updates 150/6250 episodes, total num timesteps 483200/20000000, FPS 9930.

average episode rewards is -147.57968139648438
eval average episode rewards of agent: -135.7735867066464
eval success rate: 0.15

 Scenario simple_spread Algo rmappo Exp reference_20260925T173510Z_880afb_ippo_w128_seed1 updates 155/6250 episodes, total num timesteps 499200/20000000, FPS 9917.

average episode rewards is -145.48846435546875

 Scenario simple_spread Algo rmappo Exp reference_20260925T173510Z_880afb_ippo_w128_seed1 updates 160/6250 episodes, total num timesteps 515200/20000000, FPS 9922.

average episode rewards is -144.79977416992188

 Scenario simple_spread Algo rmappo Exp reference_20260925T173510Z_880afb_ippo_w128_seed1 updates 165/6250 episodes, total num timesteps 531200/20000000, FPS 9927.

average episode rewards is -144.8497772216797

 Scenario simple_spread Algo rmappo Exp reference_20260925T173510Z_880afb_ippo_w128_seed1 updates 170/6250 episodes, total num timesteps 547200/20000000, FPS 9923.

average episode rewards is -143.29661560058594

 Scenario simple_spread Algo rmappo Exp reference_20260925T173510Z_880afb_ippo_w128_seed1 updates 175/6250 episodes, total num timesteps 563200/20000000, FPS 9924.

average episode rewards is -145.03662109375
eval average episode rewards of agent: -145.66569158948553
eval success rate: 0.1

 Scenario simple_spread Algo rmappo Exp reference_20260925T173510Z_880afb_ippo_w128_seed1 updates 180/6250 episodes, total num timesteps 579200/20000000, FPS 9903.

average episode rewards is -142.06149291992188

 Scenario simple_spread Algo rmappo Exp reference_20260925T173510Z_880afb_ippo_w128_seed1 updates 185/6250 episodes, total num timesteps 595200/20000000, FPS 9902.

average episode rewards is -141.65521240234375

 Scenario simple_spread Algo rmappo Exp reference_20260925T173510Z_880afb_ippo_w128_seed1 updates 190/6250 episodes, total num timesteps 611200/20000000, FPS 9912.

average episode rewards is -139.15386962890625

 Scenario simple_spread Algo rmappo Exp reference_20260925T173510Z_880afb_ippo_w128_seed1 updates 195/6250 episodes, total num timesteps 627200/20000000, FPS 9912.

average episode rewards is -138.58944702148438

 Scenario simple_spread Algo rmappo Exp reference_20260925T173510Z_880afb_ippo_w128_seed1 updates 200/6250 episodes, total num timesteps 643200/20000000, FPS 9916.

average episode rewards is -137.70111083984375
eval average episode rewards of agent: -132.41542936105532
eval success rate: 0.2

 Scenario simple_spread Algo rmappo Exp reference_20260925T173510Z_880afb_ippo_w128_seed1 updates 205/6250 episodes, total num timesteps 659200/20000000, FPS 9913.

average episode rewards is -139.4381103515625

 Scenario simple_spread Algo rmappo Exp reference_20260925T173510Z_880afb_ippo_w128_seed1 updates 210/6250 episodes, total num timesteps 675200/20000000, FPS 9911.

average episode rewards is -137.60377502441406

 Scenario simple_spread Algo rmappo Exp reference_20260925T173510Z_880afb_ippo_w128_seed1 updates 215/6250 episodes, total num timesteps 691200/20000000, FPS 9915.

average episode rewards is -134.47415161132812

 Scenario simple_spread Algo rmappo Exp reference_20260925T173510Z_880afb_ippo_w128_seed1 updates 220/6250 episodes, total num timesteps 707200/20000000, FPS 9920.

average episode rewards is -135.73196411132812

 Scenario simple_spread Algo rmappo Exp reference_20260925T173510Z_880afb_ippo_w128_seed1 updates 225/6250 episodes, total num timesteps 723200/20000000, FPS 9920.

average episode rewards is -134.40618896484375
eval average episode rewards of agent: -126.43916082596438
eval success rate: 0.3

 Scenario simple_spread Algo rmappo Exp reference_20260925T173510Z_880afb_ippo_w128_seed1 updates 230/6250 episodes, total num timesteps 739200/20000000, FPS 9913.

average episode rewards is -135.06533813476562

 Scenario simple_spread Algo rmappo Exp reference_20260925T173510Z_880afb_ippo_w128_seed1 updates 235/6250 episodes, total num timesteps 755200/20000000, FPS 9915.

average episode rewards is -134.0674591064453

 Scenario simple_spread Algo rmappo Exp reference_20260925T173510Z_880afb_ippo_w128_seed1 updates 240/6250 episodes, total num timesteps 771200/20000000, FPS 9904.

average episode rewards is -133.22499084472656

 Scenario simple_spread Algo rmappo Exp reference_20260925T173510Z_880afb_ippo_w128_seed1 updates 245/6250 episodes, total num timesteps 787200/20000000, FPS 9908.

average episode rewards is -134.8346710205078

 Scenario simple_spread Algo rmappo Exp reference_20260925T173510Z_880afb_ippo_w128_seed1 updates 250/6250 episodes, total num timesteps 803200/20000000, FPS 9908.

average episode rewards is -130.56712341308594
eval average episode rewards of agent: -130.31636228449713
eval success rate: 0.35

 Scenario simple_spread Algo rmappo Exp reference_20260925T173510Z_880afb_ippo_w128_seed1 updates 255/6250 episodes, total num timesteps 819200/20000000, FPS 9906.

average episode rewards is -136.07693481445312

 Scenario simple_spread Algo rmappo Exp reference_20260925T173510Z_880afb_ippo_w128_seed1 updates 260/6250 episodes, total num timesteps 835200/20000000, FPS 9909.

average episode rewards is -135.54428100585938

 Scenario simple_spread Algo rmappo Exp reference_20260925T173510Z_880afb_ippo_w128_seed1 updates 265/6250 episodes, total num timesteps 851200/20000000, FPS 9907.

average episode rewards is -132.30157470703125

 Scenario simple_spread Algo rmappo Exp reference_20260925T173510Z_880afb_ippo_w128_seed1 updates 270/6250 episodes, total num timesteps 867200/20000000, FPS 9911.

average episode rewards is -131.87225341796875

 Scenario simple_spread Algo rmappo Exp reference_20260925T173510Z_880afb_ippo_w128_seed1 updates 275/6250 episodes, total num timesteps 883200/20000000, FPS 9911.

average episode rewards is -132.75094604492188
eval average episode rewards of agent: -129.48157166039616
eval success rate: 0.3

 Scenario simple_spread Algo rmappo Exp reference_20260925T173510Z_880afb_ippo_w128_seed1 updates 280/6250 episodes, total num timesteps 899200/20000000, FPS 9907.

average episode rewards is -132.67234802246094

 Scenario simple_spread Algo rmappo Exp reference_20260925T173510Z_880afb_ippo_w128_seed1 updates 285/6250 episodes, total num timesteps 915200/20000000, FPS 9906.

average episode rewards is -130.30674743652344

 Scenario simple_spread Algo rmappo Exp reference_20260925T173510Z_880afb_ippo_w128_seed1 updates 290/6250 episodes, total num timesteps 931200/20000000, FPS 9903.

average episode rewards is -134.1392822265625

 Scenario simple_spread Algo rmappo Exp reference_20260925T173510Z_880afb_ippo_w128_seed1 updates 295/6250 episodes, total num timesteps 947200/20000000, FPS 9906.

average episode rewards is -131.2477569580078

 Scenario simple_spread Algo rmappo Exp reference_20260925T173510Z_880afb_ippo_w128_seed1 updates 300/6250 episodes, total num timesteps 963200/20000000, FPS 9893.

average episode rewards is -129.73855590820312
eval average episode rewards of agent: -133.12462047038682
eval success rate: 0.25

 Scenario simple_spread Algo rmappo Exp reference_20260925T173510Z_880afb_ippo_w128_seed1 updates 305/6250 episodes, total num timesteps 979200/20000000, FPS 9891.

average episode rewards is -130.626220703125

 Scenario simple_spread Algo rmappo Exp reference_20260925T173510Z_880afb_ippo_w128_seed1 updates 310/6250 episodes, total num timesteps 995200/20000000, FPS 9889.

average episode rewards is -128.02056884765625

 Scenario simple_spread Algo rmappo Exp reference_20260925T173510Z_880afb_ippo_w128_seed1 updates 315/6250 episodes, total num timesteps 1011200/20000000, FPS 9891.

average episode rewards is -130.30206298828125

 Scenario simple_spread Algo rmappo Exp reference_20260925T173510Z_880afb_ippo_w128_seed1 updates 320/6250 episodes, total num timesteps 1027200/20000000, FPS 9891.

average episode rewards is -130.6114959716797

 Scenario simple_spread Algo rmappo Exp reference_20260925T173510Z_880afb_ippo_w128_seed1 updates 325/6250 episodes, total num timesteps 1043200/20000000, FPS 9893.

average episode rewards is -131.11715698242188
eval average episode rewards of agent: -133.42830584917263
eval success rate: 0.3

 Scenario simple_spread Algo rmappo Exp reference_20260925T173510Z_880afb_ippo_w128_seed1 updates 330/6250 episodes, total num timesteps 1059200/20000000, FPS 9891.

average episode rewards is -126.9516372680664

 Scenario simple_spread Algo rmappo Exp reference_20260925T173510Z_880afb_ippo_w128_seed1 updates 335/6250 episodes, total num timesteps 1075200/20000000, FPS 9892.

average episode rewards is -127.997314453125

 Scenario simple_spread Algo rmappo Exp reference_20260925T173510Z_880afb_ippo_w128_seed1 updates 340/6250 episodes, total num timesteps 1091200/20000000, FPS 9891.

average episode rewards is -129.6173858642578

 Scenario simple_spread Algo rmappo Exp reference_20260925T173510Z_880afb_ippo_w128_seed1 updates 345/6250 episodes, total num timesteps 1107200/20000000, FPS 9889.

average episode rewards is -128.49835205078125

 Scenario simple_spread Algo rmappo Exp reference_20260925T173510Z_880afb_ippo_w128_seed1 updates 350/6250 episodes, total num timesteps 1123200/20000000, FPS 9892.

average episode rewards is -130.408203125
eval average episode rewards of agent: -122.09008612989716
eval success rate: 0.45

 Scenario simple_spread Algo rmappo Exp reference_20260925T173510Z_880afb_ippo_w128_seed1 updates 355/6250 episodes, total num timesteps 1139200/20000000, FPS 9889.

average episode rewards is -127.88628387451172

 Scenario simple_spread Algo rmappo Exp reference_20260925T173510Z_880afb_ippo_w128_seed1 updates 360/6250 episodes, total num timesteps 1155200/20000000, FPS 9878.

average episode rewards is -124.92494201660156

 Scenario simple_spread Algo rmappo Exp reference_20260925T173510Z_880afb_ippo_w128_seed1 updates 365/6250 episodes, total num timesteps 1171200/20000000, FPS 9881.

average episode rewards is -127.3101577758789

 Scenario simple_spread Algo rmappo Exp reference_20260925T173510Z_880afb_ippo_w128_seed1 updates 370/6250 episodes, total num timesteps 1187200/20000000, FPS 9880.

average episode rewards is -125.02625274658203

 Scenario simple_spread Algo rmappo Exp reference_20260925T173510Z_880afb_ippo_w128_seed1 updates 375/6250 episodes, total num timesteps 1203200/20000000, FPS 9880.

average episode rewards is -125.78748321533203
eval average episode rewards of agent: -121.4724341314288
eval success rate: 0.5

 Scenario simple_spread Algo rmappo Exp reference_20260925T173510Z_880afb_ippo_w128_seed1 updates 380/6250 episodes, total num timesteps 1219200/20000000, FPS 9878.

average episode rewards is -124.86567687988281

 Scenario simple_spread Algo rmappo Exp reference_20260925T173510Z_880afb_ippo_w128_seed1 updates 385/6250 episodes, total num timesteps 1235200/20000000, FPS 9880.

average episode rewards is -126.08634185791016

 Scenario simple_spread Algo rmappo Exp reference_20260925T173510Z_880afb_ippo_w128_seed1 updates 390/6250 episodes, total num timesteps 1251200/20000000, FPS 9882.

average episode rewards is -126.4875259399414

 Scenario simple_spread Algo rmappo Exp reference_20260925T173510Z_880afb_ippo_w128_seed1 updates 395/6250 episodes, total num timesteps 1267200/20000000, FPS 9882.

average episode rewards is -125.55253601074219

 Scenario simple_spread Algo rmappo Exp reference_20260925T173510Z_880afb_ippo_w128_seed1 updates 400/6250 episodes, total num timesteps 1283200/20000000, FPS 9884.

average episode rewards is -126.26842498779297
eval average episode rewards of agent: -119.65135593819392
eval success rate: 0.6

 Scenario simple_spread Algo rmappo Exp reference_20260925T173510Z_880afb_ippo_w128_seed1 updates 405/6250 episodes, total num timesteps 1299200/20000000, FPS 9883.

average episode rewards is -125.78504180908203

 Scenario simple_spread Algo rmappo Exp reference_20260925T173510Z_880afb_ippo_w128_seed1 updates 410/6250 episodes, total num timesteps 1315200/20000000, FPS 9881.

average episode rewards is -126.53639221191406

 Scenario simple_spread Algo rmappo Exp reference_20260925T173510Z_880afb_ippo_w128_seed1 updates 415/6250 episodes, total num timesteps 1331200/20000000, FPS 9880.

average episode rewards is -122.4472885131836

 Scenario simple_spread Algo rmappo Exp reference_20260925T173510Z_880afb_ippo_w128_seed1 updates 420/6250 episodes, total num timesteps 1347200/20000000, FPS 9871.

average episode rewards is -123.80110931396484

 Scenario simple_spread Algo rmappo Exp reference_20260925T173510Z_880afb_ippo_w128_seed1 updates 425/6250 episodes, total num timesteps 1363200/20000000, FPS 9872.

average episode rewards is -125.8921127319336
eval average episode rewards of agent: -128.43124113799948
eval success rate: 0.55

 Scenario simple_spread Algo rmappo Exp reference_20260925T173510Z_880afb_ippo_w128_seed1 updates 430/6250 episodes, total num timesteps 1379200/20000000, FPS 9872.

average episode rewards is -123.24913787841797

 Scenario simple_spread Algo rmappo Exp reference_20260925T173510Z_880afb_ippo_w128_seed1 updates 435/6250 episodes, total num timesteps 1395200/20000000, FPS 9872.

average episode rewards is -125.19957733154297

 Scenario simple_spread Algo rmappo Exp reference_20260925T173510Z_880afb_ippo_w128_seed1 updates 440/6250 episodes, total num timesteps 1411200/20000000, FPS 9871.

average episode rewards is -124.8875961303711

 Scenario simple_spread Algo rmappo Exp reference_20260925T173510Z_880afb_ippo_w128_seed1 updates 445/6250 episodes, total num timesteps 1427200/20000000, FPS 9873.

average episode rewards is -127.06230926513672

 Scenario simple_spread Algo rmappo Exp reference_20260925T173510Z_880afb_ippo_w128_seed1 updates 450/6250 episodes, total num timesteps 1443200/20000000, FPS 9874.

average episode rewards is -124.66791534423828
eval average episode rewards of agent: -122.26765894353524
eval success rate: 0.55

 Scenario simple_spread Algo rmappo Exp reference_20260925T173510Z_880afb_ippo_w128_seed1 updates 455/6250 episodes, total num timesteps 1459200/20000000, FPS 9870.

average episode rewards is -125.08598327636719

 Scenario simple_spread Algo rmappo Exp reference_20260925T173510Z_880afb_ippo_w128_seed1 updates 460/6250 episodes, total num timesteps 1475200/20000000, FPS 9873.

average episode rewards is -124.13548278808594

 Scenario simple_spread Algo rmappo Exp reference_20260925T173510Z_880afb_ippo_w128_seed1 updates 465/6250 episodes, total num timesteps 1491200/20000000, FPS 9875.

average episode rewards is -121.88583374023438

 Scenario simple_spread Algo rmappo Exp reference_20260925T173510Z_880afb_ippo_w128_seed1 updates 470/6250 episodes, total num timesteps 1507200/20000000, FPS 9873.

average episode rewards is -125.06172943115234

 Scenario simple_spread Algo rmappo Exp reference_20260925T173510Z_880afb_ippo_w128_seed1 updates 475/6250 episodes, total num timesteps 1523200/20000000, FPS 9872.

average episode rewards is -124.09748077392578
eval average episode rewards of agent: -118.51788422870588
eval success rate: 0.7

 Scenario simple_spread Algo rmappo Exp reference_20260925T173510Z_880afb_ippo_w128_seed1 updates 480/6250 episodes, total num timesteps 1539200/20000000, FPS 9862.

average episode rewards is -126.50556945800781

 Scenario simple_spread Algo rmappo Exp reference_20260925T173510Z_880afb_ippo_w128_seed1 updates 485/6250 episodes, total num timesteps 1555200/20000000, FPS 9861.

average episode rewards is -124.90628814697266

 Scenario simple_spread Algo rmappo Exp reference_20260925T173510Z_880afb_ippo_w128_seed1 updates 490/6250 episodes, total num timesteps 1571200/20000000, FPS 9862.

average episode rewards is -123.51396179199219

 Scenario simple_spread Algo rmappo Exp reference_20260925T173510Z_880afb_ippo_w128_seed1 updates 495/6250 episodes, total num timesteps 1587200/20000000, FPS 9864.

average episode rewards is -123.42594909667969

 Scenario simple_spread Algo rmappo Exp reference_20260925T173510Z_880afb_ippo_w128_seed1 updates 500/6250 episodes, total num timesteps 1603200/20000000, FPS 9863.

average episode rewards is -123.6914291381836
eval average episode rewards of agent: -116.03442998895167
eval success rate: 0.75

 Scenario simple_spread Algo rmappo Exp reference_20260925T173510Z_880afb_ippo_w128_seed1 updates 505/6250 episodes, total num timesteps 1619200/20000000, FPS 9862.

average episode rewards is -125.21504211425781

 Scenario simple_spread Algo rmappo Exp reference_20260925T173510Z_880afb_ippo_w128_seed1 updates 510/6250 episodes, total num timesteps 1635200/20000000, FPS 9862.

average episode rewards is -122.97607421875

 Scenario simple_spread Algo rmappo Exp reference_20260925T173510Z_880afb_ippo_w128_seed1 updates 515/6250 episodes, total num timesteps 1651200/20000000, FPS 9863.

average episode rewards is -121.83221435546875

 Scenario simple_spread Algo rmappo Exp reference_20260925T173510Z_880afb_ippo_w128_seed1 updates 520/6250 episodes, total num timesteps 1667200/20000000, FPS 9863.

average episode rewards is -123.49539947509766

 Scenario simple_spread Algo rmappo Exp reference_20260925T173510Z_880afb_ippo_w128_seed1 updates 525/6250 episodes, total num timesteps 1683200/20000000, FPS 9865.

average episode rewards is -124.47261810302734
eval average episode rewards of agent: -121.70004090974479
eval success rate: 0.9

 Scenario simple_spread Algo rmappo Exp reference_20260925T173510Z_880afb_ippo_w128_seed1 updates 530/6250 episodes, total num timesteps 1699200/20000000, FPS 9862.

average episode rewards is -120.97823333740234

 Scenario simple_spread Algo rmappo Exp reference_20260925T173510Z_880afb_ippo_w128_seed1 updates 535/6250 episodes, total num timesteps 1715200/20000000, FPS 9854.

average episode rewards is -119.25572204589844

 Scenario simple_spread Algo rmappo Exp reference_20260925T173510Z_880afb_ippo_w128_seed1 updates 540/6250 episodes, total num timesteps 1731200/20000000, FPS 9853.

average episode rewards is -124.53884887695312

 Scenario simple_spread Algo rmappo Exp reference_20260925T173510Z_880afb_ippo_w128_seed1 updates 545/6250 episodes, total num timesteps 1747200/20000000, FPS 9853.

average episode rewards is -120.30567169189453

 Scenario simple_spread Algo rmappo Exp reference_20260925T173510Z_880afb_ippo_w128_seed1 updates 550/6250 episodes, total num timesteps 1763200/20000000, FPS 9856.

average episode rewards is -122.85086822509766
eval average episode rewards of agent: -119.07485777215797
eval success rate: 0.7

 Scenario simple_spread Algo rmappo Exp reference_20260925T173510Z_880afb_ippo_w128_seed1 updates 555/6250 episodes, total num timesteps 1779200/20000000, FPS 9855.

average episode rewards is -122.51580810546875

 Scenario simple_spread Algo rmappo Exp reference_20260925T173510Z_880afb_ippo_w128_seed1 updates 560/6250 episodes, total num timesteps 1795200/20000000, FPS 9856.

average episode rewards is -122.38702392578125

 Scenario simple_spread Algo rmappo Exp reference_20260925T173510Z_880afb_ippo_w128_seed1 updates 565/6250 episodes, total num timesteps 1811200/20000000, FPS 9858.

average episode rewards is -120.68202209472656

 Scenario simple_spread Algo rmappo Exp reference_20260925T173510Z_880afb_ippo_w128_seed1 updates 570/6250 episodes, total num timesteps 1827200/20000000, FPS 9859.

average episode rewards is -119.29325866699219

 Scenario simple_spread Algo rmappo Exp reference_20260925T173510Z_880afb_ippo_w128_seed1 updates 575/6250 episodes, total num timesteps 1843200/20000000, FPS 9858.

average episode rewards is -122.6353530883789
eval average episode rewards of agent: -116.18634381198798
eval success rate: 0.65

 Scenario simple_spread Algo rmappo Exp reference_20260925T173510Z_880afb_ippo_w128_seed1 updates 580/6250 episodes, total num timesteps 1859200/20000000, FPS 9854.

average episode rewards is -121.97643280029297

 Scenario simple_spread Algo rmappo Exp reference_20260925T173510Z_880afb_ippo_w128_seed1 updates 585/6250 episodes, total num timesteps 1875200/20000000, FPS 9857.

average episode rewards is -120.3658447265625

 Scenario simple_spread Algo rmappo Exp reference_20260925T173510Z_880afb_ippo_w128_seed1 updates 590/6250 episodes, total num timesteps 1891200/20000000, FPS 9857.

average episode rewards is -121.79827880859375

 Scenario simple_spread Algo rmappo Exp reference_20260925T173510Z_880afb_ippo_w128_seed1 updates 595/6250 episodes, total num timesteps 1907200/20000000, FPS 9849.

average episode rewards is -119.44856262207031

 Scenario simple_spread Algo rmappo Exp reference_20260925T173510Z_880afb_ippo_w128_seed1 updates 600/6250 episodes, total num timesteps 1923200/20000000, FPS 9849.

average episode rewards is -121.10760498046875
eval average episode rewards of agent: -117.21097954723238
eval success rate: 0.7

 Scenario simple_spread Algo rmappo Exp reference_20260925T173510Z_880afb_ippo_w128_seed1 updates 605/6250 episodes, total num timesteps 1939200/20000000, FPS 9846.

average episode rewards is -121.36384582519531

 Scenario simple_spread Algo rmappo Exp reference_20260925T173510Z_880afb_ippo_w128_seed1 updates 610/6250 episodes, total num timesteps 1955200/20000000, FPS 9848.

average episode rewards is -122.73218536376953

 Scenario simple_spread Algo rmappo Exp reference_20260925T173510Z_880afb_ippo_w128_seed1 updates 615/6250 episodes, total num timesteps 1971200/20000000, FPS 9850.

average episode rewards is -121.07276916503906

 Scenario simple_spread Algo rmappo Exp reference_20260925T173510Z_880afb_ippo_w128_seed1 updates 620/6250 episodes, total num timesteps 1987200/20000000, FPS 9848.

average episode rewards is -121.13560485839844

 Scenario simple_spread Algo rmappo Exp reference_20260925T173510Z_880afb_ippo_w128_seed1 updates 625/6250 episodes, total num timesteps 2003200/20000000, FPS 9848.

average episode rewards is -120.9274673461914
eval average episode rewards of agent: -118.86473182867127
eval success rate: 0.75

 Scenario simple_spread Algo rmappo Exp reference_20260925T173510Z_880afb_ippo_w128_seed1 updates 630/6250 episodes, total num timesteps 2019200/20000000, FPS 9847.

average episode rewards is -120.63651275634766

 Scenario simple_spread Algo rmappo Exp reference_20260925T173510Z_880afb_ippo_w128_seed1 updates 635/6250 episodes, total num timesteps 2035200/20000000, FPS 9846.

average episode rewards is -120.627197265625

 Scenario simple_spread Algo rmappo Exp reference_20260925T173510Z_880afb_ippo_w128_seed1 updates 640/6250 episodes, total num timesteps 2051200/20000000, FPS 9848.

average episode rewards is -123.3443832397461

 Scenario simple_spread Algo rmappo Exp reference_20260925T173510Z_880afb_ippo_w128_seed1 updates 645/6250 episodes, total num timesteps 2067200/20000000, FPS 9849.

average episode rewards is -121.04405212402344

 Scenario simple_spread Algo rmappo Exp reference_20260925T173510Z_880afb_ippo_w128_seed1 updates 650/6250 episodes, total num timesteps 2083200/20000000, FPS 9848.

average episode rewards is -119.49014282226562
eval average episode rewards of agent: -119.18219984526164
eval success rate: 0.8

 Scenario simple_spread Algo rmappo Exp reference_20260925T173510Z_880afb_ippo_w128_seed1 updates 655/6250 episodes, total num timesteps 2099200/20000000, FPS 9841.

average episode rewards is -121.89705657958984

 Scenario simple_spread Algo rmappo Exp reference_20260925T173510Z_880afb_ippo_w128_seed1 updates 660/6250 episodes, total num timesteps 2115200/20000000, FPS 9840.

average episode rewards is -121.60765075683594

 Scenario simple_spread Algo rmappo Exp reference_20260925T173510Z_880afb_ippo_w128_seed1 updates 665/6250 episodes, total num timesteps 2131200/20000000, FPS 9840.

average episode rewards is -120.75988006591797

 Scenario simple_spread Algo rmappo Exp reference_20260925T173510Z_880afb_ippo_w128_seed1 updates 670/6250 episodes, total num timesteps 2147200/20000000, FPS 9842.

average episode rewards is -123.06404113769531

 Scenario simple_spread Algo rmappo Exp reference_20260925T173510Z_880afb_ippo_w128_seed1 updates 675/6250 episodes, total num timesteps 2163200/20000000, FPS 9843.

average episode rewards is -120.66368103027344
eval average episode rewards of agent: -116.21654764994055
eval success rate: 0.85

 Scenario simple_spread Algo rmappo Exp reference_20260925T173510Z_880afb_ippo_w128_seed1 updates 680/6250 episodes, total num timesteps 2179200/20000000, FPS 9841.

average episode rewards is -121.08074188232422

 Scenario simple_spread Algo rmappo Exp reference_20260925T173510Z_880afb_ippo_w128_seed1 updates 685/6250 episodes, total num timesteps 2195200/20000000, FPS 9842.

average episode rewards is -120.33466339111328

 Scenario simple_spread Algo rmappo Exp reference_20260925T173510Z_880afb_ippo_w128_seed1 updates 690/6250 episodes, total num timesteps 2211200/20000000, FPS 9843.

average episode rewards is -120.68659210205078

 Scenario simple_spread Algo rmappo Exp reference_20260925T173510Z_880afb_ippo_w128_seed1 updates 695/6250 episodes, total num timesteps 2227200/20000000, FPS 9843.

average episode rewards is -118.80718231201172

 Scenario simple_spread Algo rmappo Exp reference_20260925T173510Z_880afb_ippo_w128_seed1 updates 700/6250 episodes, total num timesteps 2243200/20000000, FPS 9845.

average episode rewards is -119.18671417236328
eval average episode rewards of agent: -124.88052768076717
eval success rate: 0.85

 Scenario simple_spread Algo rmappo Exp reference_20260925T173510Z_880afb_ippo_w128_seed1 updates 705/6250 episodes, total num timesteps 2259200/20000000, FPS 9843.

average episode rewards is -122.17909240722656

 Scenario simple_spread Algo rmappo Exp reference_20260925T173510Z_880afb_ippo_w128_seed1 updates 710/6250 episodes, total num timesteps 2275200/20000000, FPS 9844.

average episode rewards is -122.61067962646484

 Scenario simple_spread Algo rmappo Exp reference_20260925T173510Z_880afb_ippo_w128_seed1 updates 715/6250 episodes, total num timesteps 2291200/20000000, FPS 9838.

average episode rewards is -120.44965362548828

 Scenario simple_spread Algo rmappo Exp reference_20260925T173510Z_880afb_ippo_w128_seed1 updates 720/6250 episodes, total num timesteps 2307200/20000000, FPS 9839.

average episode rewards is -119.63539123535156

 Scenario simple_spread Algo rmappo Exp reference_20260925T173510Z_880afb_ippo_w128_seed1 updates 725/6250 episodes, total num timesteps 2323200/20000000, FPS 9840.

average episode rewards is -119.53192901611328
eval average episode rewards of agent: -119.06078544424356
eval success rate: 0.7

 Scenario simple_spread Algo rmappo Exp reference_20260925T173510Z_880afb_ippo_w128_seed1 updates 730/6250 episodes, total num timesteps 2339200/20000000, FPS 9839.

average episode rewards is -121.85430908203125

 Scenario simple_spread Algo rmappo Exp reference_20260925T173510Z_880afb_ippo_w128_seed1 updates 735/6250 episodes, total num timesteps 2355200/20000000, FPS 9840.

average episode rewards is -119.87024688720703

 Scenario simple_spread Algo rmappo Exp reference_20260925T173510Z_880afb_ippo_w128_seed1 updates 740/6250 episodes, total num timesteps 2371200/20000000, FPS 9840.

average episode rewards is -122.28031158447266

 Scenario simple_spread Algo rmappo Exp reference_20260925T173510Z_880afb_ippo_w128_seed1 updates 745/6250 episodes, total num timesteps 2387200/20000000, FPS 9843.

average episode rewards is -119.26697540283203

 Scenario simple_spread Algo rmappo Exp reference_20260925T173510Z_880afb_ippo_w128_seed1 updates 750/6250 episodes, total num timesteps 2403200/20000000, FPS 9843.

average episode rewards is -121.45246124267578
eval average episode rewards of agent: -116.87260834021467
eval success rate: 0.85

 Scenario simple_spread Algo rmappo Exp reference_20260925T173510Z_880afb_ippo_w128_seed1 updates 755/6250 episodes, total num timesteps 2419200/20000000, FPS 9842.

average episode rewards is -119.93889617919922

 Scenario simple_spread Algo rmappo Exp reference_20260925T173510Z_880afb_ippo_w128_seed1 updates 760/6250 episodes, total num timesteps 2435200/20000000, FPS 9843.

average episode rewards is -120.38910675048828

 Scenario simple_spread Algo rmappo Exp reference_20260925T173510Z_880afb_ippo_w128_seed1 updates 765/6250 episodes, total num timesteps 2451200/20000000, FPS 9844.

average episode rewards is -119.89257049560547

 Scenario simple_spread Algo rmappo Exp reference_20260925T173510Z_880afb_ippo_w128_seed1 updates 770/6250 episodes, total num timesteps 2467200/20000000, FPS 9844.

average episode rewards is -119.4233627319336

 Scenario simple_spread Algo rmappo Exp reference_20260925T173510Z_880afb_ippo_w128_seed1 updates 775/6250 episodes, total num timesteps 2483200/20000000, FPS 9839.

average episode rewards is -120.40226745605469
eval average episode rewards of agent: -118.1975089383876
eval success rate: 0.8

 Scenario simple_spread Algo rmappo Exp reference_20260925T173510Z_880afb_ippo_w128_seed1 updates 780/6250 episodes, total num timesteps 2499200/20000000, FPS 9837.

average episode rewards is -120.00200653076172

 Scenario simple_spread Algo rmappo Exp reference_20260925T173510Z_880afb_ippo_w128_seed1 updates 785/6250 episodes, total num timesteps 2515200/20000000, FPS 9838.

average episode rewards is -119.180908203125

 Scenario simple_spread Algo rmappo Exp reference_20260925T173510Z_880afb_ippo_w128_seed1 updates 790/6250 episodes, total num timesteps 2531200/20000000, FPS 9838.

average episode rewards is -119.96148681640625

 Scenario simple_spread Algo rmappo Exp reference_20260925T173510Z_880afb_ippo_w128_seed1 updates 795/6250 episodes, total num timesteps 2547200/20000000, FPS 9839.

average episode rewards is -119.63420867919922

 Scenario simple_spread Algo rmappo Exp reference_20260925T173510Z_880afb_ippo_w128_seed1 updates 800/6250 episodes, total num timesteps 2563200/20000000, FPS 9841.

average episode rewards is -118.07933807373047
eval average episode rewards of agent: -123.86644407969675
eval success rate: 0.8

 Scenario simple_spread Algo rmappo Exp reference_20260925T173510Z_880afb_ippo_w128_seed1 updates 805/6250 episodes, total num timesteps 2579200/20000000, FPS 9840.

average episode rewards is -121.70002746582031

 Scenario simple_spread Algo rmappo Exp reference_20260925T173510Z_880afb_ippo_w128_seed1 updates 810/6250 episodes, total num timesteps 2595200/20000000, FPS 9840.

average episode rewards is -121.60482788085938

 Scenario simple_spread Algo rmappo Exp reference_20260925T173510Z_880afb_ippo_w128_seed1 updates 815/6250 episodes, total num timesteps 2611200/20000000, FPS 9840.

average episode rewards is -121.62356567382812

 Scenario simple_spread Algo rmappo Exp reference_20260925T173510Z_880afb_ippo_w128_seed1 updates 820/6250 episodes, total num timesteps 2627200/20000000, FPS 9842.

average episode rewards is -122.18041229248047

 Scenario simple_spread Algo rmappo Exp reference_20260925T173510Z_880afb_ippo_w128_seed1 updates 825/6250 episodes, total num timesteps 2643200/20000000, FPS 9842.

average episode rewards is -121.21685791015625
eval average episode rewards of agent: -121.22239221046885
eval success rate: 0.8

 Scenario simple_spread Algo rmappo Exp reference_20260925T173510Z_880afb_ippo_w128_seed1 updates 830/6250 episodes, total num timesteps 2659200/20000000, FPS 9838.

average episode rewards is -118.8205337524414

 Scenario simple_spread Algo rmappo Exp reference_20260925T173510Z_880afb_ippo_w128_seed1 updates 835/6250 episodes, total num timesteps 2675200/20000000, FPS 9839.

average episode rewards is -120.4646224975586

 Scenario simple_spread Algo rmappo Exp reference_20260925T173510Z_880afb_ippo_w128_seed1 updates 840/6250 episodes, total num timesteps 2691200/20000000, FPS 9841.

average episode rewards is -119.24198913574219

 Scenario simple_spread Algo rmappo Exp reference_20260925T173510Z_880afb_ippo_w128_seed1 updates 845/6250 episodes, total num timesteps 2707200/20000000, FPS 9840.

average episode rewards is -120.58997344970703

 Scenario simple_spread Algo rmappo Exp reference_20260925T173510Z_880afb_ippo_w128_seed1 updates 850/6250 episodes, total num timesteps 2723200/20000000, FPS 9842.

average episode rewards is -121.55467224121094
eval average episode rewards of agent: -129.2965494092799
eval success rate: 0.7

 Scenario simple_spread Algo rmappo Exp reference_20260925T173510Z_880afb_ippo_w128_seed1 updates 855/6250 episodes, total num timesteps 2739200/20000000, FPS 9842.

average episode rewards is -120.95992279052734

 Scenario simple_spread Algo rmappo Exp reference_20260925T173510Z_880afb_ippo_w128_seed1 updates 860/6250 episodes, total num timesteps 2755200/20000000, FPS 9844.

average episode rewards is -119.66461181640625

 Scenario simple_spread Algo rmappo Exp reference_20260925T173510Z_880afb_ippo_w128_seed1 updates 865/6250 episodes, total num timesteps 2771200/20000000, FPS 9843.

average episode rewards is -120.14600372314453

 Scenario simple_spread Algo rmappo Exp reference_20260925T173510Z_880afb_ippo_w128_seed1 updates 870/6250 episodes, total num timesteps 2787200/20000000, FPS 9844.

average episode rewards is -120.02371215820312

 Scenario simple_spread Algo rmappo Exp reference_20260925T173510Z_880afb_ippo_w128_seed1 updates 875/6250 episodes, total num timesteps 2803200/20000000, FPS 9846.

average episode rewards is -120.9340591430664
eval average episode rewards of agent: -118.94017470087344
eval success rate: 0.75

 Scenario simple_spread Algo rmappo Exp reference_20260925T173510Z_880afb_ippo_w128_seed1 updates 880/6250 episodes, total num timesteps 2819200/20000000, FPS 9846.

average episode rewards is -119.98744201660156

 Scenario simple_spread Algo rmappo Exp reference_20260925T173510Z_880afb_ippo_w128_seed1 updates 885/6250 episodes, total num timesteps 2835200/20000000, FPS 9848.

average episode rewards is -119.24576568603516

 Scenario simple_spread Algo rmappo Exp reference_20260925T173510Z_880afb_ippo_w128_seed1 updates 890/6250 episodes, total num timesteps 2851200/20000000, FPS 9843.

average episode rewards is -118.9218521118164

 Scenario simple_spread Algo rmappo Exp reference_20260925T173510Z_880afb_ippo_w128_seed1 updates 895/6250 episodes, total num timesteps 2867200/20000000, FPS 9846.

average episode rewards is -120.8194351196289

 Scenario simple_spread Algo rmappo Exp reference_20260925T173510Z_880afb_ippo_w128_seed1 updates 900/6250 episodes, total num timesteps 2883200/20000000, FPS 9847.

average episode rewards is -118.66996002197266
eval average episode rewards of agent: -117.92366248770455
eval success rate: 0.65

 Scenario simple_spread Algo rmappo Exp reference_20260925T173510Z_880afb_ippo_w128_seed1 updates 905/6250 episodes, total num timesteps 2899200/20000000, FPS 9845.

average episode rewards is -122.26691436767578

 Scenario simple_spread Algo rmappo Exp reference_20260925T173510Z_880afb_ippo_w128_seed1 updates 910/6250 episodes, total num timesteps 2915200/20000000, FPS 9847.

average episode rewards is -121.42933654785156

 Scenario simple_spread Algo rmappo Exp reference_20260925T173510Z_880afb_ippo_w128_seed1 updates 915/6250 episodes, total num timesteps 2931200/20000000, FPS 9847.

average episode rewards is -119.18331146240234

 Scenario simple_spread Algo rmappo Exp reference_20260925T173510Z_880afb_ippo_w128_seed1 updates 920/6250 episodes, total num timesteps 2947200/20000000, FPS 9847.

average episode rewards is -118.33492279052734

 Scenario simple_spread Algo rmappo Exp reference_20260925T173510Z_880afb_ippo_w128_seed1 updates 925/6250 episodes, total num timesteps 2963200/20000000, FPS 9848.

average episode rewards is -119.16133117675781
eval average episode rewards of agent: -120.36507332533351
eval success rate: 0.8

 Scenario simple_spread Algo rmappo Exp reference_20260925T173510Z_880afb_ippo_w128_seed1 updates 930/6250 episodes, total num timesteps 2979200/20000000, FPS 9848.

average episode rewards is -125.35543823242188

 Scenario simple_spread Algo rmappo Exp reference_20260925T173510Z_880afb_ippo_w128_seed1 updates 935/6250 episodes, total num timesteps 2995200/20000000, FPS 9849.

average episode rewards is -119.29022216796875

 Scenario simple_spread Algo rmappo Exp reference_20260925T173510Z_880afb_ippo_w128_seed1 updates 940/6250 episodes, total num timesteps 3011200/20000000, FPS 9850.

average episode rewards is -122.16389465332031

 Scenario simple_spread Algo rmappo Exp reference_20260925T173510Z_880afb_ippo_w128_seed1 updates 945/6250 episodes, total num timesteps 3027200/20000000, FPS 9850.

average episode rewards is -121.2357177734375

 Scenario simple_spread Algo rmappo Exp reference_20260925T173510Z_880afb_ippo_w128_seed1 updates 950/6250 episodes, total num timesteps 3043200/20000000, FPS 9847.

average episode rewards is -122.6873779296875
eval average episode rewards of agent: -118.70473433471744
eval success rate: 0.75

 Scenario simple_spread Algo rmappo Exp reference_20260925T173510Z_880afb_ippo_w128_seed1 updates 955/6250 episodes, total num timesteps 3059200/20000000, FPS 9845.

average episode rewards is -119.11872863769531

 Scenario simple_spread Algo rmappo Exp reference_20260925T173510Z_880afb_ippo_w128_seed1 updates 960/6250 episodes, total num timesteps 3075200/20000000, FPS 9844.

average episode rewards is -120.77579498291016

 Scenario simple_spread Algo rmappo Exp reference_20260925T173510Z_880afb_ippo_w128_seed1 updates 965/6250 episodes, total num timesteps 3091200/20000000, FPS 9845.

average episode rewards is -119.10279083251953

 Scenario simple_spread Algo rmappo Exp reference_20260925T173510Z_880afb_ippo_w128_seed1 updates 970/6250 episodes, total num timesteps 3107200/20000000, FPS 9846.

average episode rewards is -121.82170104980469

 Scenario simple_spread Algo rmappo Exp reference_20260925T173510Z_880afb_ippo_w128_seed1 updates 975/6250 episodes, total num timesteps 3123200/20000000, FPS 9847.

average episode rewards is -119.80134582519531
eval average episode rewards of agent: -119.06822611889648
eval success rate: 0.8

 Scenario simple_spread Algo rmappo Exp reference_20260925T173510Z_880afb_ippo_w128_seed1 updates 980/6250 episodes, total num timesteps 3139200/20000000, FPS 9845.

average episode rewards is -117.1596908569336

 Scenario simple_spread Algo rmappo Exp reference_20260925T173510Z_880afb_ippo_w128_seed1 updates 985/6250 episodes, total num timesteps 3155200/20000000, FPS 9847.

average episode rewards is -118.12519836425781

 Scenario simple_spread Algo rmappo Exp reference_20260925T173510Z_880afb_ippo_w128_seed1 updates 990/6250 episodes, total num timesteps 3171200/20000000, FPS 9848.

average episode rewards is -120.21910095214844

 Scenario simple_spread Algo rmappo Exp reference_20260925T173510Z_880afb_ippo_w128_seed1 updates 995/6250 episodes, total num timesteps 3187200/20000000, FPS 9848.

average episode rewards is -117.08805847167969

 Scenario simple_spread Algo rmappo Exp reference_20260925T173510Z_880afb_ippo_w128_seed1 updates 1000/6250 episodes, total num timesteps 3203200/20000000, FPS 9850.

average episode rewards is -119.21891021728516
eval average episode rewards of agent: -115.75767308455401
eval success rate: 1.0

 Scenario simple_spread Algo rmappo Exp reference_20260925T173510Z_880afb_ippo_w128_seed1 updates 1005/6250 episodes, total num timesteps 3219200/20000000, FPS 9849.

average episode rewards is -119.5368881225586

 Scenario simple_spread Algo rmappo Exp reference_20260925T173510Z_880afb_ippo_w128_seed1 updates 1010/6250 episodes, total num timesteps 3235200/20000000, FPS 9845.

average episode rewards is -116.6656494140625

 Scenario simple_spread Algo rmappo Exp reference_20260925T173510Z_880afb_ippo_w128_seed1 updates 1015/6250 episodes, total num timesteps 3251200/20000000, FPS 9845.

average episode rewards is -118.9896469116211

 Scenario simple_spread Algo rmappo Exp reference_20260925T173510Z_880afb_ippo_w128_seed1 updates 1020/6250 episodes, total num timesteps 3267200/20000000, FPS 9847.

average episode rewards is -120.05765533447266

 Scenario simple_spread Algo rmappo Exp reference_20260925T173510Z_880afb_ippo_w128_seed1 updates 1025/6250 episodes, total num timesteps 3283200/20000000, FPS 9848.

average episode rewards is -115.45579528808594
eval average episode rewards of agent: -116.53436569722729
eval success rate: 0.8

 Scenario simple_spread Algo rmappo Exp reference_20260925T173510Z_880afb_ippo_w128_seed1 updates 1030/6250 episodes, total num timesteps 3299200/20000000, FPS 9847.

average episode rewards is -118.09677124023438

 Scenario simple_spread Algo rmappo Exp reference_20260925T173510Z_880afb_ippo_w128_seed1 updates 1035/6250 episodes, total num timesteps 3315200/20000000, FPS 9847.

average episode rewards is -119.7571029663086

 Scenario simple_spread Algo rmappo Exp reference_20260925T173510Z_880afb_ippo_w128_seed1 updates 1040/6250 episodes, total num timesteps 3331200/20000000, FPS 9849.

average episode rewards is -117.06831359863281

 Scenario simple_spread Algo rmappo Exp reference_20260925T173510Z_880afb_ippo_w128_seed1 updates 1045/6250 episodes, total num timesteps 3347200/20000000, FPS 9850.

average episode rewards is -118.7097396850586

 Scenario simple_spread Algo rmappo Exp reference_20260925T173510Z_880afb_ippo_w128_seed1 updates 1050/6250 episodes, total num timesteps 3363200/20000000, FPS 9850.

average episode rewards is -117.56468200683594
eval average episode rewards of agent: -114.63344613626141
eval success rate: 0.75

 Scenario simple_spread Algo rmappo Exp reference_20260925T173510Z_880afb_ippo_w128_seed1 updates 1055/6250 episodes, total num timesteps 3379200/20000000, FPS 9848.

average episode rewards is -117.28547668457031

 Scenario simple_spread Algo rmappo Exp reference_20260925T173510Z_880afb_ippo_w128_seed1 updates 1060/6250 episodes, total num timesteps 3395200/20000000, FPS 9850.

average episode rewards is -120.55023956298828

 Scenario simple_spread Algo rmappo Exp reference_20260925T173510Z_880afb_ippo_w128_seed1 updates 1065/6250 episodes, total num timesteps 3411200/20000000, FPS 9851.

average episode rewards is -119.070068359375

 Scenario simple_spread Algo rmappo Exp reference_20260925T173510Z_880afb_ippo_w128_seed1 updates 1070/6250 episodes, total num timesteps 3427200/20000000, FPS 9849.

average episode rewards is -116.9566421508789

 Scenario simple_spread Algo rmappo Exp reference_20260925T173510Z_880afb_ippo_w128_seed1 updates 1075/6250 episodes, total num timesteps 3443200/20000000, FPS 9850.

average episode rewards is -118.6579360961914
eval average episode rewards of agent: -112.97584212503537
eval success rate: 0.7

 Scenario simple_spread Algo rmappo Exp reference_20260925T173510Z_880afb_ippo_w128_seed1 updates 1080/6250 episodes, total num timesteps 3459200/20000000, FPS 9850.

average episode rewards is -119.1446533203125

 Scenario simple_spread Algo rmappo Exp reference_20260925T173510Z_880afb_ippo_w128_seed1 updates 1085/6250 episodes, total num timesteps 3475200/20000000, FPS 9851.

average episode rewards is -117.23969268798828

 Scenario simple_spread Algo rmappo Exp reference_20260925T173510Z_880afb_ippo_w128_seed1 updates 1090/6250 episodes, total num timesteps 3491200/20000000, FPS 9850.

average episode rewards is -119.73478698730469

 Scenario simple_spread Algo rmappo Exp reference_20260925T173510Z_880afb_ippo_w128_seed1 updates 1095/6250 episodes, total num timesteps 3507200/20000000, FPS 9851.

average episode rewards is -119.2841796875

 Scenario simple_spread Algo rmappo Exp reference_20260925T173510Z_880afb_ippo_w128_seed1 updates 1100/6250 episodes, total num timesteps 3523200/20000000, FPS 9852.

average episode rewards is -120.07569885253906
eval average episode rewards of agent: -114.27359801073713
eval success rate: 0.95

 Scenario simple_spread Algo rmappo Exp reference_20260925T173510Z_880afb_ippo_w128_seed1 updates 1105/6250 episodes, total num timesteps 3539200/20000000, FPS 9852.

average episode rewards is -121.03703308105469

 Scenario simple_spread Algo rmappo Exp reference_20260925T173510Z_880afb_ippo_w128_seed1 updates 1110/6250 episodes, total num timesteps 3555200/20000000, FPS 9852.

average episode rewards is -115.92716217041016

 Scenario simple_spread Algo rmappo Exp reference_20260925T173510Z_880afb_ippo_w128_seed1 updates 1115/6250 episodes, total num timesteps 3571200/20000000, FPS 9853.

average episode rewards is -117.21426391601562

 Scenario simple_spread Algo rmappo Exp reference_20260925T173510Z_880afb_ippo_w128_seed1 updates 1120/6250 episodes, total num timesteps 3587200/20000000, FPS 9855.

average episode rewards is -118.68743896484375

 Scenario simple_spread Algo rmappo Exp reference_20260925T173510Z_880afb_ippo_w128_seed1 updates 1125/6250 episodes, total num timesteps 3603200/20000000, FPS 9852.

average episode rewards is -118.88873291015625
eval average episode rewards of agent: -123.41526810875982
eval success rate: 0.6

 Scenario simple_spread Algo rmappo Exp reference_20260925T173510Z_880afb_ippo_w128_seed1 updates 1130/6250 episodes, total num timesteps 3619200/20000000, FPS 9850.

average episode rewards is -117.18367004394531

 Scenario simple_spread Algo rmappo Exp reference_20260925T173510Z_880afb_ippo_w128_seed1 updates 1135/6250 episodes, total num timesteps 3635200/20000000, FPS 9851.

average episode rewards is -116.04312896728516

 Scenario simple_spread Algo rmappo Exp reference_20260925T173510Z_880afb_ippo_w128_seed1 updates 1140/6250 episodes, total num timesteps 3651200/20000000, FPS 9851.

average episode rewards is -119.5940170288086

 Scenario simple_spread Algo rmappo Exp reference_20260925T173510Z_880afb_ippo_w128_seed1 updates 1145/6250 episodes, total num timesteps 3667200/20000000, FPS 9852.

average episode rewards is -115.74103546142578

 Scenario simple_spread Algo rmappo Exp reference_20260925T173510Z_880afb_ippo_w128_seed1 updates 1150/6250 episodes, total num timesteps 3683200/20000000, FPS 9852.

average episode rewards is -117.56379699707031
eval average episode rewards of agent: -115.52481356278044
eval success rate: 0.85

 Scenario simple_spread Algo rmappo Exp reference_20260925T173510Z_880afb_ippo_w128_seed1 updates 1155/6250 episodes, total num timesteps 3699200/20000000, FPS 9851.

average episode rewards is -120.395751953125

 Scenario simple_spread Algo rmappo Exp reference_20260925T173510Z_880afb_ippo_w128_seed1 updates 1160/6250 episodes, total num timesteps 3715200/20000000, FPS 9853.

average episode rewards is -119.97127532958984

 Scenario simple_spread Algo rmappo Exp reference_20260925T173510Z_880afb_ippo_w128_seed1 updates 1165/6250 episodes, total num timesteps 3731200/20000000, FPS 9853.

average episode rewards is -117.81192779541016

 Scenario simple_spread Algo rmappo Exp reference_20260925T173510Z_880afb_ippo_w128_seed1 updates 1170/6250 episodes, total num timesteps 3747200/20000000, FPS 9853.

average episode rewards is -118.34429168701172

 Scenario simple_spread Algo rmappo Exp reference_20260925T173510Z_880afb_ippo_w128_seed1 updates 1175/6250 episodes, total num timesteps 3763200/20000000, FPS 9855.

average episode rewards is -118.71916198730469
eval average episode rewards of agent: -120.76904985522343
eval success rate: 0.9

 Scenario simple_spread Algo rmappo Exp reference_20260925T173510Z_880afb_ippo_w128_seed1 updates 1180/6250 episodes, total num timesteps 3779200/20000000, FPS 9855.

average episode rewards is -118.57899475097656

 Scenario simple_spread Algo rmappo Exp reference_20260925T173510Z_880afb_ippo_w128_seed1 updates 1185/6250 episodes, total num timesteps 3795200/20000000, FPS 9852.

average episode rewards is -119.60233306884766

 Scenario simple_spread Algo rmappo Exp reference_20260925T173510Z_880afb_ippo_w128_seed1 updates 1190/6250 episodes, total num timesteps 3811200/20000000, FPS 9853.

average episode rewards is -116.68531036376953

 Scenario simple_spread Algo rmappo Exp reference_20260925T173510Z_880afb_ippo_w128_seed1 updates 1195/6250 episodes, total num timesteps 3827200/20000000, FPS 9855.

average episode rewards is -115.90294647216797

 Scenario simple_spread Algo rmappo Exp reference_20260925T173510Z_880afb_ippo_w128_seed1 updates 1200/6250 episodes, total num timesteps 3843200/20000000, FPS 9855.

average episode rewards is -117.66209411621094
eval average episode rewards of agent: -118.61735709544236
eval success rate: 0.8

 Scenario simple_spread Algo rmappo Exp reference_20260925T173510Z_880afb_ippo_w128_seed1 updates 1205/6250 episodes, total num timesteps 3859200/20000000, FPS 9854.

average episode rewards is -118.60203552246094

 Scenario simple_spread Algo rmappo Exp reference_20260925T173510Z_880afb_ippo_w128_seed1 updates 1210/6250 episodes, total num timesteps 3875200/20000000, FPS 9853.

average episode rewards is -120.08927154541016

 Scenario simple_spread Algo rmappo Exp reference_20260925T173510Z_880afb_ippo_w128_seed1 updates 1215/6250 episodes, total num timesteps 3891200/20000000, FPS 9854.

average episode rewards is -116.30548095703125

 Scenario simple_spread Algo rmappo Exp reference_20260925T173510Z_880afb_ippo_w128_seed1 updates 1220/6250 episodes, total num timesteps 3907200/20000000, FPS 9854.

average episode rewards is -118.48519134521484

 Scenario simple_spread Algo rmappo Exp reference_20260925T173510Z_880afb_ippo_w128_seed1 updates 1225/6250 episodes, total num timesteps 3923200/20000000, FPS 9855.

average episode rewards is -116.82649993896484
eval average episode rewards of agent: -118.29409768693414
eval success rate: 0.7

 Scenario simple_spread Algo rmappo Exp reference_20260925T173510Z_880afb_ippo_w128_seed1 updates 1230/6250 episodes, total num timesteps 3939200/20000000, FPS 9854.

average episode rewards is -117.63932800292969

 Scenario simple_spread Algo rmappo Exp reference_20260925T173510Z_880afb_ippo_w128_seed1 updates 1235/6250 episodes, total num timesteps 3955200/20000000, FPS 9854.

average episode rewards is -119.91261291503906

 Scenario simple_spread Algo rmappo Exp reference_20260925T173510Z_880afb_ippo_w128_seed1 updates 1240/6250 episodes, total num timesteps 3971200/20000000, FPS 9856.

average episode rewards is -119.02953338623047

 Scenario simple_spread Algo rmappo Exp reference_20260925T173510Z_880afb_ippo_w128_seed1 updates 1245/6250 episodes, total num timesteps 3987200/20000000, FPS 9854.

average episode rewards is -118.60841369628906

 Scenario simple_spread Algo rmappo Exp reference_20260925T173510Z_880afb_ippo_w128_seed1 updates 1250/6250 episodes, total num timesteps 4003200/20000000, FPS 9855.

average episode rewards is -114.46198272705078
eval average episode rewards of agent: -116.05515946109107
eval success rate: 0.8

 Scenario simple_spread Algo rmappo Exp reference_20260925T173510Z_880afb_ippo_w128_seed1 updates 1255/6250 episodes, total num timesteps 4019200/20000000, FPS 9856.

average episode rewards is -116.51803588867188

 Scenario simple_spread Algo rmappo Exp reference_20260925T173510Z_880afb_ippo_w128_seed1 updates 1260/6250 episodes, total num timesteps 4035200/20000000, FPS 9856.

average episode rewards is -115.9234848022461

 Scenario simple_spread Algo rmappo Exp reference_20260925T173510Z_880afb_ippo_w128_seed1 updates 1265/6250 episodes, total num timesteps 4051200/20000000, FPS 9856.

average episode rewards is -114.69158172607422

 Scenario simple_spread Algo rmappo Exp reference_20260925T173510Z_880afb_ippo_w128_seed1 updates 1270/6250 episodes, total num timesteps 4067200/20000000, FPS 9857.

average episode rewards is -117.59011840820312

 Scenario simple_spread Algo rmappo Exp reference_20260925T173510Z_880afb_ippo_w128_seed1 updates 1275/6250 episodes, total num timesteps 4083200/20000000, FPS 9858.

average episode rewards is -117.11906433105469
eval average episode rewards of agent: -113.98632808335748
eval success rate: 0.9

 Scenario simple_spread Algo rmappo Exp reference_20260925T173510Z_880afb_ippo_w128_seed1 updates 1280/6250 episodes, total num timesteps 4099200/20000000, FPS 9857.

average episode rewards is -118.91426849365234

 Scenario simple_spread Algo rmappo Exp reference_20260925T173510Z_880afb_ippo_w128_seed1 updates 1285/6250 episodes, total num timesteps 4115200/20000000, FPS 9857.

average episode rewards is -117.98038482666016

 Scenario simple_spread Algo rmappo Exp reference_20260925T173510Z_880afb_ippo_w128_seed1 updates 1290/6250 episodes, total num timesteps 4131200/20000000, FPS 9858.

average episode rewards is -117.71958923339844

 Scenario simple_spread Algo rmappo Exp reference_20260925T173510Z_880afb_ippo_w128_seed1 updates 1295/6250 episodes, total num timesteps 4147200/20000000, FPS 9858.

average episode rewards is -116.79960632324219

 Scenario simple_spread Algo rmappo Exp reference_20260925T173510Z_880afb_ippo_w128_seed1 updates 1300/6250 episodes, total num timesteps 4163200/20000000, FPS 9858.

average episode rewards is -115.6972427368164
eval average episode rewards of agent: -119.0127929898475
eval success rate: 0.9

 Scenario simple_spread Algo rmappo Exp reference_20260925T173510Z_880afb_ippo_w128_seed1 updates 1305/6250 episodes, total num timesteps 4179200/20000000, FPS 9854.

average episode rewards is -116.0777359008789

 Scenario simple_spread Algo rmappo Exp reference_20260925T173510Z_880afb_ippo_w128_seed1 updates 1310/6250 episodes, total num timesteps 4195200/20000000, FPS 9855.

average episode rewards is -117.79801940917969

 Scenario simple_spread Algo rmappo Exp reference_20260925T173510Z_880afb_ippo_w128_seed1 updates 1315/6250 episodes, total num timesteps 4211200/20000000, FPS 9857.

average episode rewards is -115.42637634277344

 Scenario simple_spread Algo rmappo Exp reference_20260925T173510Z_880afb_ippo_w128_seed1 updates 1320/6250 episodes, total num timesteps 4227200/20000000, FPS 9857.

average episode rewards is -115.83171844482422

 Scenario simple_spread Algo rmappo Exp reference_20260925T173510Z_880afb_ippo_w128_seed1 updates 1325/6250 episodes, total num timesteps 4243200/20000000, FPS 9857.

average episode rewards is -115.2838134765625
eval average episode rewards of agent: -117.05203442571514
eval success rate: 0.9

 Scenario simple_spread Algo rmappo Exp reference_20260925T173510Z_880afb_ippo_w128_seed1 updates 1330/6250 episodes, total num timesteps 4259200/20000000, FPS 9855.

average episode rewards is -118.03470611572266

 Scenario simple_spread Algo rmappo Exp reference_20260925T173510Z_880afb_ippo_w128_seed1 updates 1335/6250 episodes, total num timesteps 4275200/20000000, FPS 9856.

average episode rewards is -117.43305969238281

 Scenario simple_spread Algo rmappo Exp reference_20260925T173510Z_880afb_ippo_w128_seed1 updates 1340/6250 episodes, total num timesteps 4291200/20000000, FPS 9857.

average episode rewards is -117.91926574707031

 Scenario simple_spread Algo rmappo Exp reference_20260925T173510Z_880afb_ippo_w128_seed1 updates 1345/6250 episodes, total num timesteps 4307200/20000000, FPS 9858.

average episode rewards is -117.01509094238281

 Scenario simple_spread Algo rmappo Exp reference_20260925T173510Z_880afb_ippo_w128_seed1 updates 1350/6250 episodes, total num timesteps 4323200/20000000, FPS 9858.

average episode rewards is -117.05826568603516
eval average episode rewards of agent: -117.8275849954967
eval success rate: 0.9

 Scenario simple_spread Algo rmappo Exp reference_20260925T173510Z_880afb_ippo_w128_seed1 updates 1355/6250 episodes, total num timesteps 4339200/20000000, FPS 9856.

average episode rewards is -118.69383239746094

 Scenario simple_spread Algo rmappo Exp reference_20260925T173510Z_880afb_ippo_w128_seed1 updates 1360/6250 episodes, total num timesteps 4355200/20000000, FPS 9857.

average episode rewards is -118.4773941040039

 Scenario simple_spread Algo rmappo Exp reference_20260925T173510Z_880afb_ippo_w128_seed1 updates 1365/6250 episodes, total num timesteps 4371200/20000000, FPS 9854.

average episode rewards is -116.30855560302734

 Scenario simple_spread Algo rmappo Exp reference_20260925T173510Z_880afb_ippo_w128_seed1 updates 1370/6250 episodes, total num timesteps 4387200/20000000, FPS 9855.

average episode rewards is -116.31751251220703

 Scenario simple_spread Algo rmappo Exp reference_20260925T173510Z_880afb_ippo_w128_seed1 updates 1375/6250 episodes, total num timesteps 4403200/20000000, FPS 9856.

average episode rewards is -116.06434631347656
eval average episode rewards of agent: -115.30656337774094
eval success rate: 0.95

 Scenario simple_spread Algo rmappo Exp reference_20260925T173510Z_880afb_ippo_w128_seed1 updates 1380/6250 episodes, total num timesteps 4419200/20000000, FPS 9855.

average episode rewards is -116.20655059814453

 Scenario simple_spread Algo rmappo Exp reference_20260925T173510Z_880afb_ippo_w128_seed1 updates 1385/6250 episodes, total num timesteps 4435200/20000000, FPS 9856.

average episode rewards is -116.97976684570312

 Scenario simple_spread Algo rmappo Exp reference_20260925T173510Z_880afb_ippo_w128_seed1 updates 1390/6250 episodes, total num timesteps 4451200/20000000, FPS 9857.

average episode rewards is -116.97355651855469

 Scenario simple_spread Algo rmappo Exp reference_20260925T173510Z_880afb_ippo_w128_seed1 updates 1395/6250 episodes, total num timesteps 4467200/20000000, FPS 9857.

average episode rewards is -116.327880859375

 Scenario simple_spread Algo rmappo Exp reference_20260925T173510Z_880afb_ippo_w128_seed1 updates 1400/6250 episodes, total num timesteps 4483200/20000000, FPS 9858.

average episode rewards is -117.39838409423828
eval average episode rewards of agent: -115.23938516372391
eval success rate: 0.95

 Scenario simple_spread Algo rmappo Exp reference_20260925T173510Z_880afb_ippo_w128_seed1 updates 1405/6250 episodes, total num timesteps 4499200/20000000, FPS 9857.

average episode rewards is -117.44696044921875

 Scenario simple_spread Algo rmappo Exp reference_20260925T173510Z_880afb_ippo_w128_seed1 updates 1410/6250 episodes, total num timesteps 4515200/20000000, FPS 9858.

average episode rewards is -116.8717041015625

 Scenario simple_spread Algo rmappo Exp reference_20260925T173510Z_880afb_ippo_w128_seed1 updates 1415/6250 episodes, total num timesteps 4531200/20000000, FPS 9858.

average episode rewards is -116.558837890625

 Scenario simple_spread Algo rmappo Exp reference_20260925T173510Z_880afb_ippo_w128_seed1 updates 1420/6250 episodes, total num timesteps 4547200/20000000, FPS 9859.

average episode rewards is -114.10920715332031

 Scenario simple_spread Algo rmappo Exp reference_20260925T173510Z_880afb_ippo_w128_seed1 updates 1425/6250 episodes, total num timesteps 4563200/20000000, FPS 9857.

average episode rewards is -117.40472412109375
eval average episode rewards of agent: -113.75464717285759
eval success rate: 0.85

 Scenario simple_spread Algo rmappo Exp reference_20260925T173510Z_880afb_ippo_w128_seed1 updates 1430/6250 episodes, total num timesteps 4579200/20000000, FPS 9857.

average episode rewards is -116.12870788574219

 Scenario simple_spread Algo rmappo Exp reference_20260925T173510Z_880afb_ippo_w128_seed1 updates 1435/6250 episodes, total num timesteps 4595200/20000000, FPS 9858.

average episode rewards is -116.62776184082031

 Scenario simple_spread Algo rmappo Exp reference_20260925T173510Z_880afb_ippo_w128_seed1 updates 1440/6250 episodes, total num timesteps 4611200/20000000, FPS 9859.

average episode rewards is -117.88325500488281

 Scenario simple_spread Algo rmappo Exp reference_20260925T173510Z_880afb_ippo_w128_seed1 updates 1445/6250 episodes, total num timesteps 4627200/20000000, FPS 9860.

average episode rewards is -117.79261779785156

 Scenario simple_spread Algo rmappo Exp reference_20260925T173510Z_880afb_ippo_w128_seed1 updates 1450/6250 episodes, total num timesteps 4643200/20000000, FPS 9860.

average episode rewards is -116.27424621582031
eval average episode rewards of agent: -123.39779106909923
eval success rate: 0.9

 Scenario simple_spread Algo rmappo Exp reference_20260925T173510Z_880afb_ippo_w128_seed1 updates 1455/6250 episodes, total num timesteps 4659200/20000000, FPS 9859.

average episode rewards is -115.73937225341797

 Scenario simple_spread Algo rmappo Exp reference_20260925T173510Z_880afb_ippo_w128_seed1 updates 1460/6250 episodes, total num timesteps 4675200/20000000, FPS 9859.

average episode rewards is -118.82796478271484

 Scenario simple_spread Algo rmappo Exp reference_20260925T173510Z_880afb_ippo_w128_seed1 updates 1465/6250 episodes, total num timesteps 4691200/20000000, FPS 9860.

average episode rewards is -116.45660400390625

 Scenario simple_spread Algo rmappo Exp reference_20260925T173510Z_880afb_ippo_w128_seed1 updates 1470/6250 episodes, total num timesteps 4707200/20000000, FPS 9861.

average episode rewards is -116.05032348632812

 Scenario simple_spread Algo rmappo Exp reference_20260925T173510Z_880afb_ippo_w128_seed1 updates 1475/6250 episodes, total num timesteps 4723200/20000000, FPS 9861.

average episode rewards is -114.8625717163086
eval average episode rewards of agent: -109.94425911807497
eval success rate: 0.9

 Scenario simple_spread Algo rmappo Exp reference_20260925T173510Z_880afb_ippo_w128_seed1 updates 1480/6250 episodes, total num timesteps 4739200/20000000, FPS 9858.

average episode rewards is -117.02825927734375

 Scenario simple_spread Algo rmappo Exp reference_20260925T173510Z_880afb_ippo_w128_seed1 updates 1485/6250 episodes, total num timesteps 4755200/20000000, FPS 9859.

average episode rewards is -115.15828704833984

 Scenario simple_spread Algo rmappo Exp reference_20260925T173510Z_880afb_ippo_w128_seed1 updates 1490/6250 episodes, total num timesteps 4771200/20000000, FPS 9859.

average episode rewards is -116.10574340820312

 Scenario simple_spread Algo rmappo Exp reference_20260925T173510Z_880afb_ippo_w128_seed1 updates 1495/6250 episodes, total num timesteps 4787200/20000000, FPS 9860.

average episode rewards is -115.23187255859375

 Scenario simple_spread Algo rmappo Exp reference_20260925T173510Z_880afb_ippo_w128_seed1 updates 1500/6250 episodes, total num timesteps 4803200/20000000, FPS 9861.

average episode rewards is -115.019287109375
eval average episode rewards of agent: -117.77820294646972
eval success rate: 0.9

 Scenario simple_spread Algo rmappo Exp reference_20260925T173510Z_880afb_ippo_w128_seed1 updates 1505/6250 episodes, total num timesteps 4819200/20000000, FPS 9860.

average episode rewards is -118.7719955444336

 Scenario simple_spread Algo rmappo Exp reference_20260925T173510Z_880afb_ippo_w128_seed1 updates 1510/6250 episodes, total num timesteps 4835200/20000000, FPS 9861.

average episode rewards is -116.53071594238281

 Scenario simple_spread Algo rmappo Exp reference_20260925T173510Z_880afb_ippo_w128_seed1 updates 1515/6250 episodes, total num timesteps 4851200/20000000, FPS 9860.

average episode rewards is -117.63530731201172

 Scenario simple_spread Algo rmappo Exp reference_20260925T173510Z_880afb_ippo_w128_seed1 updates 1520/6250 episodes, total num timesteps 4867200/20000000, FPS 9861.

average episode rewards is -118.01416778564453

 Scenario simple_spread Algo rmappo Exp reference_20260925T173510Z_880afb_ippo_w128_seed1 updates 1525/6250 episodes, total num timesteps 4883200/20000000, FPS 9862.

average episode rewards is -117.60107421875
eval average episode rewards of agent: -108.99290916595469
eval success rate: 0.85

 Scenario simple_spread Algo rmappo Exp reference_20260925T173510Z_880afb_ippo_w128_seed1 updates 1530/6250 episodes, total num timesteps 4899200/20000000, FPS 9862.

average episode rewards is -115.27750396728516

 Scenario simple_spread Algo rmappo Exp reference_20260925T173510Z_880afb_ippo_w128_seed1 updates 1535/6250 episodes, total num timesteps 4915200/20000000, FPS 9861.

average episode rewards is -115.94454956054688

 Scenario simple_spread Algo rmappo Exp reference_20260925T173510Z_880afb_ippo_w128_seed1 updates 1540/6250 episodes, total num timesteps 4931200/20000000, FPS 9860.

average episode rewards is -116.83538818359375

 Scenario simple_spread Algo rmappo Exp reference_20260925T173510Z_880afb_ippo_w128_seed1 updates 1545/6250 episodes, total num timesteps 4947200/20000000, FPS 9859.

average episode rewards is -116.56326293945312

 Scenario simple_spread Algo rmappo Exp reference_20260925T173510Z_880afb_ippo_w128_seed1 updates 1550/6250 episodes, total num timesteps 4963200/20000000, FPS 9860.

average episode rewards is -115.2160873413086
eval average episode rewards of agent: -115.62966948166273
eval success rate: 0.95

 Scenario simple_spread Algo rmappo Exp reference_20260925T173510Z_880afb_ippo_w128_seed1 updates 1555/6250 episodes, total num timesteps 4979200/20000000, FPS 9860.

average episode rewards is -114.59294891357422

 Scenario simple_spread Algo rmappo Exp reference_20260925T173510Z_880afb_ippo_w128_seed1 updates 1560/6250 episodes, total num timesteps 4995200/20000000, FPS 9861.

average episode rewards is -116.81889343261719

 Scenario simple_spread Algo rmappo Exp reference_20260925T173510Z_880afb_ippo_w128_seed1 updates 1565/6250 episodes, total num timesteps 5011200/20000000, FPS 9861.

average episode rewards is -115.12640380859375

 Scenario simple_spread Algo rmappo Exp reference_20260925T173510Z_880afb_ippo_w128_seed1 updates 1570/6250 episodes, total num timesteps 5027200/20000000, FPS 9862.

average episode rewards is -116.3204345703125

 Scenario simple_spread Algo rmappo Exp reference_20260925T173510Z_880afb_ippo_w128_seed1 updates 1575/6250 episodes, total num timesteps 5043200/20000000, FPS 9862.

average episode rewards is -117.09285736083984
eval average episode rewards of agent: -112.95523775586426
eval success rate: 0.85

 Scenario simple_spread Algo rmappo Exp reference_20260925T173510Z_880afb_ippo_w128_seed1 updates 1580/6250 episodes, total num timesteps 5059200/20000000, FPS 9861.

average episode rewards is -116.53607177734375

 Scenario simple_spread Algo rmappo Exp reference_20260925T173510Z_880afb_ippo_w128_seed1 updates 1585/6250 episodes, total num timesteps 5075200/20000000, FPS 9861.

average episode rewards is -117.22164154052734

 Scenario simple_spread Algo rmappo Exp reference_20260925T173510Z_880afb_ippo_w128_seed1 updates 1590/6250 episodes, total num timesteps 5091200/20000000, FPS 9861.

average episode rewards is -116.3456802368164

 Scenario simple_spread Algo rmappo Exp reference_20260925T173510Z_880afb_ippo_w128_seed1 updates 1595/6250 episodes, total num timesteps 5107200/20000000, FPS 9861.

average episode rewards is -115.54078674316406

 Scenario simple_spread Algo rmappo Exp reference_20260925T173510Z_880afb_ippo_w128_seed1 updates 1600/6250 episodes, total num timesteps 5123200/20000000, FPS 9860.

average episode rewards is -118.2816162109375
eval average episode rewards of agent: -109.37345690384576
eval success rate: 1.0

 Scenario simple_spread Algo rmappo Exp reference_20260925T173510Z_880afb_ippo_w128_seed1 updates 1605/6250 episodes, total num timesteps 5139200/20000000, FPS 9858.

average episode rewards is -115.61698913574219

 Scenario simple_spread Algo rmappo Exp reference_20260925T173510Z_880afb_ippo_w128_seed1 updates 1610/6250 episodes, total num timesteps 5155200/20000000, FPS 9859.

average episode rewards is -116.20667266845703

 Scenario simple_spread Algo rmappo Exp reference_20260925T173510Z_880afb_ippo_w128_seed1 updates 1615/6250 episodes, total num timesteps 5171200/20000000, FPS 9860.

average episode rewards is -117.43852996826172

 Scenario simple_spread Algo rmappo Exp reference_20260925T173510Z_880afb_ippo_w128_seed1 updates 1620/6250 episodes, total num timesteps 5187200/20000000, FPS 9860.

average episode rewards is -116.33118438720703

 Scenario simple_spread Algo rmappo Exp reference_20260925T173510Z_880afb_ippo_w128_seed1 updates 1625/6250 episodes, total num timesteps 5203200/20000000, FPS 9861.

average episode rewards is -116.50019836425781
eval average episode rewards of agent: -115.46363688126294
eval success rate: 0.95

 Scenario simple_spread Algo rmappo Exp reference_20260925T173510Z_880afb_ippo_w128_seed1 updates 1630/6250 episodes, total num timesteps 5219200/20000000, FPS 9861.

average episode rewards is -116.1427230834961

 Scenario simple_spread Algo rmappo Exp reference_20260925T173510Z_880afb_ippo_w128_seed1 updates 1635/6250 episodes, total num timesteps 5235200/20000000, FPS 9861.

average episode rewards is -114.97662353515625

 Scenario simple_spread Algo rmappo Exp reference_20260925T173510Z_880afb_ippo_w128_seed1 updates 1640/6250 episodes, total num timesteps 5251200/20000000, FPS 9862.

average episode rewards is -114.0177230834961

 Scenario simple_spread Algo rmappo Exp reference_20260925T173510Z_880afb_ippo_w128_seed1 updates 1645/6250 episodes, total num timesteps 5267200/20000000, FPS 9863.

average episode rewards is -115.23959350585938

 Scenario simple_spread Algo rmappo Exp reference_20260925T173510Z_880afb_ippo_w128_seed1 updates 1650/6250 episodes, total num timesteps 5283200/20000000, FPS 9863.

average episode rewards is -115.7953109741211
eval average episode rewards of agent: -116.57914876755315
eval success rate: 0.95

 Scenario simple_spread Algo rmappo Exp reference_20260925T173510Z_880afb_ippo_w128_seed1 updates 1655/6250 episodes, total num timesteps 5299200/20000000, FPS 9862.

average episode rewards is -115.50773620605469

 Scenario simple_spread Algo rmappo Exp reference_20260925T173510Z_880afb_ippo_w128_seed1 updates 1660/6250 episodes, total num timesteps 5315200/20000000, FPS 9860.

average episode rewards is -115.84921264648438

 Scenario simple_spread Algo rmappo Exp reference_20260925T173510Z_880afb_ippo_w128_seed1 updates 1665/6250 episodes, total num timesteps 5331200/20000000, FPS 9860.

average episode rewards is -116.4298095703125

 Scenario simple_spread Algo rmappo Exp reference_20260925T173510Z_880afb_ippo_w128_seed1 updates 1670/6250 episodes, total num timesteps 5347200/20000000, FPS 9862.

average episode rewards is -118.29835510253906

 Scenario simple_spread Algo rmappo Exp reference_20260925T173510Z_880afb_ippo_w128_seed1 updates 1675/6250 episodes, total num timesteps 5363200/20000000, FPS 9862.

average episode rewards is -116.18363952636719
eval average episode rewards of agent: -115.38775591008078
eval success rate: 0.85

 Scenario simple_spread Algo rmappo Exp reference_20260925T173510Z_880afb_ippo_w128_seed1 updates 1680/6250 episodes, total num timesteps 5379200/20000000, FPS 9861.

average episode rewards is -114.5318832397461

 Scenario simple_spread Algo rmappo Exp reference_20260925T173510Z_880afb_ippo_w128_seed1 updates 1685/6250 episodes, total num timesteps 5395200/20000000, FPS 9861.

average episode rewards is -115.11360168457031

 Scenario simple_spread Algo rmappo Exp reference_20260925T173510Z_880afb_ippo_w128_seed1 updates 1690/6250 episodes, total num timesteps 5411200/20000000, FPS 9862.

average episode rewards is -116.84263610839844

 Scenario simple_spread Algo rmappo Exp reference_20260925T173510Z_880afb_ippo_w128_seed1 updates 1695/6250 episodes, total num timesteps 5427200/20000000, FPS 9861.

average episode rewards is -116.02518463134766

 Scenario simple_spread Algo rmappo Exp reference_20260925T173510Z_880afb_ippo_w128_seed1 updates 1700/6250 episodes, total num timesteps 5443200/20000000, FPS 9862.

average episode rewards is -117.8838119506836
eval average episode rewards of agent: -113.63034380901898
eval success rate: 0.8

 Scenario simple_spread Algo rmappo Exp reference_20260925T173510Z_880afb_ippo_w128_seed1 updates 1705/6250 episodes, total num timesteps 5459200/20000000, FPS 9862.

average episode rewards is -116.5971908569336

 Scenario simple_spread Algo rmappo Exp reference_20260925T173510Z_880afb_ippo_w128_seed1 updates 1710/6250 episodes, total num timesteps 5475200/20000000, FPS 9863.

average episode rewards is -115.8532485961914

 Scenario simple_spread Algo rmappo Exp reference_20260925T173510Z_880afb_ippo_w128_seed1 updates 1715/6250 episodes, total num timesteps 5491200/20000000, FPS 9863.

average episode rewards is -116.7399673461914

 Scenario simple_spread Algo rmappo Exp reference_20260925T173510Z_880afb_ippo_w128_seed1 updates 1720/6250 episodes, total num timesteps 5507200/20000000, FPS 9861.

average episode rewards is -116.94388580322266

 Scenario simple_spread Algo rmappo Exp reference_20260925T173510Z_880afb_ippo_w128_seed1 updates 1725/6250 episodes, total num timesteps 5523200/20000000, FPS 9862.

average episode rewards is -113.17827606201172
eval average episode rewards of agent: -114.2235292905311
eval success rate: 0.9

 Scenario simple_spread Algo rmappo Exp reference_20260925T173510Z_880afb_ippo_w128_seed1 updates 1730/6250 episodes, total num timesteps 5539200/20000000, FPS 9862.

average episode rewards is -113.05235290527344

 Scenario simple_spread Algo rmappo Exp reference_20260925T173510Z_880afb_ippo_w128_seed1 updates 1735/6250 episodes, total num timesteps 5555200/20000000, FPS 9862.

average episode rewards is -115.7229995727539

 Scenario simple_spread Algo rmappo Exp reference_20260925T173510Z_880afb_ippo_w128_seed1 updates 1740/6250 episodes, total num timesteps 5571200/20000000, FPS 9862.

average episode rewards is -114.77283477783203

 Scenario simple_spread Algo rmappo Exp reference_20260925T173510Z_880afb_ippo_w128_seed1 updates 1745/6250 episodes, total num timesteps 5587200/20000000, FPS 9864.

average episode rewards is -116.54132843017578

 Scenario simple_spread Algo rmappo Exp reference_20260925T173510Z_880afb_ippo_w128_seed1 updates 1750/6250 episodes, total num timesteps 5603200/20000000, FPS 9865.

average episode rewards is -118.0033950805664
eval average episode rewards of agent: -119.69513058372276
eval success rate: 0.9

 Scenario simple_spread Algo rmappo Exp reference_20260925T173510Z_880afb_ippo_w128_seed1 updates 1755/6250 episodes, total num timesteps 5619200/20000000, FPS 9864.

average episode rewards is -117.02849578857422

 Scenario simple_spread Algo rmappo Exp reference_20260925T173510Z_880afb_ippo_w128_seed1 updates 1760/6250 episodes, total num timesteps 5635200/20000000, FPS 9866.

average episode rewards is -118.20502471923828

 Scenario simple_spread Algo rmappo Exp reference_20260925T173510Z_880afb_ippo_w128_seed1 updates 1765/6250 episodes, total num timesteps 5651200/20000000, FPS 9866.

average episode rewards is -114.74864196777344

 Scenario simple_spread Algo rmappo Exp reference_20260925T173510Z_880afb_ippo_w128_seed1 updates 1770/6250 episodes, total num timesteps 5667200/20000000, FPS 9866.

average episode rewards is -118.06388854980469

 Scenario simple_spread Algo rmappo Exp reference_20260925T173510Z_880afb_ippo_w128_seed1 updates 1775/6250 episodes, total num timesteps 5683200/20000000, FPS 9867.

average episode rewards is -113.56976318359375
eval average episode rewards of agent: -117.2346230380031
eval success rate: 1.0

 Scenario simple_spread Algo rmappo Exp reference_20260925T173510Z_880afb_ippo_w128_seed1 updates 1780/6250 episodes, total num timesteps 5699200/20000000, FPS 9864.

average episode rewards is -113.00525665283203

 Scenario simple_spread Algo rmappo Exp reference_20260925T173510Z_880afb_ippo_w128_seed1 updates 1785/6250 episodes, total num timesteps 5715200/20000000, FPS 9865.

average episode rewards is -117.03050994873047

 Scenario simple_spread Algo rmappo Exp reference_20260925T173510Z_880afb_ippo_w128_seed1 updates 1790/6250 episodes, total num timesteps 5731200/20000000, FPS 9865.

average episode rewards is -115.52287292480469

 Scenario simple_spread Algo rmappo Exp reference_20260925T173510Z_880afb_ippo_w128_seed1 updates 1795/6250 episodes, total num timesteps 5747200/20000000, FPS 9865.

average episode rewards is -117.2005615234375

 Scenario simple_spread Algo rmappo Exp reference_20260925T173510Z_880afb_ippo_w128_seed1 updates 1800/6250 episodes, total num timesteps 5763200/20000000, FPS 9866.

average episode rewards is -111.81695556640625
eval average episode rewards of agent: -112.89552317353535
eval success rate: 1.0

 Scenario simple_spread Algo rmappo Exp reference_20260925T173510Z_880afb_ippo_w128_seed1 updates 1805/6250 episodes, total num timesteps 5779200/20000000, FPS 9865.

average episode rewards is -113.0898208618164

 Scenario simple_spread Algo rmappo Exp reference_20260925T173510Z_880afb_ippo_w128_seed1 updates 1810/6250 episodes, total num timesteps 5795200/20000000, FPS 9866.

average episode rewards is -117.17890167236328

 Scenario simple_spread Algo rmappo Exp reference_20260925T173510Z_880afb_ippo_w128_seed1 updates 1815/6250 episodes, total num timesteps 5811200/20000000, FPS 9866.

average episode rewards is -113.43177795410156

 Scenario simple_spread Algo rmappo Exp reference_20260925T173510Z_880afb_ippo_w128_seed1 updates 1820/6250 episodes, total num timesteps 5827200/20000000, FPS 9867.

average episode rewards is -117.46531677246094

 Scenario simple_spread Algo rmappo Exp reference_20260925T173510Z_880afb_ippo_w128_seed1 updates 1825/6250 episodes, total num timesteps 5843200/20000000, FPS 9868.

average episode rewards is -116.89373016357422
eval average episode rewards of agent: -109.63258220540884
eval success rate: 0.95

 Scenario simple_spread Algo rmappo Exp reference_20260925T173510Z_880afb_ippo_w128_seed1 updates 1830/6250 episodes, total num timesteps 5859200/20000000, FPS 9868.

average episode rewards is -116.01991271972656

 Scenario simple_spread Algo rmappo Exp reference_20260925T173510Z_880afb_ippo_w128_seed1 updates 1835/6250 episodes, total num timesteps 5875200/20000000, FPS 9868.

average episode rewards is -116.44740295410156

 Scenario simple_spread Algo rmappo Exp reference_20260925T173510Z_880afb_ippo_w128_seed1 updates 1840/6250 episodes, total num timesteps 5891200/20000000, FPS 9867.

average episode rewards is -115.88007354736328

 Scenario simple_spread Algo rmappo Exp reference_20260925T173510Z_880afb_ippo_w128_seed1 updates 1845/6250 episodes, total num timesteps 5907200/20000000, FPS 9867.

average episode rewards is -116.30326843261719

 Scenario simple_spread Algo rmappo Exp reference_20260925T173510Z_880afb_ippo_w128_seed1 updates 1850/6250 episodes, total num timesteps 5923200/20000000, FPS 9867.

average episode rewards is -117.86636352539062
eval average episode rewards of agent: -114.35614091371455
eval success rate: 0.85

 Scenario simple_spread Algo rmappo Exp reference_20260925T173510Z_880afb_ippo_w128_seed1 updates 1855/6250 episodes, total num timesteps 5939200/20000000, FPS 9867.

average episode rewards is -116.47599029541016

 Scenario simple_spread Algo rmappo Exp reference_20260925T173510Z_880afb_ippo_w128_seed1 updates 1860/6250 episodes, total num timesteps 5955200/20000000, FPS 9867.

average episode rewards is -115.88419342041016

 Scenario simple_spread Algo rmappo Exp reference_20260925T173510Z_880afb_ippo_w128_seed1 updates 1865/6250 episodes, total num timesteps 5971200/20000000, FPS 9868.

average episode rewards is -114.65861511230469

 Scenario simple_spread Algo rmappo Exp reference_20260925T173510Z_880afb_ippo_w128_seed1 updates 1870/6250 episodes, total num timesteps 5987200/20000000, FPS 9869.

average episode rewards is -117.5448989868164

 Scenario simple_spread Algo rmappo Exp reference_20260925T173510Z_880afb_ippo_w128_seed1 updates 1875/6250 episodes, total num timesteps 6003200/20000000, FPS 9870.

average episode rewards is -114.57327270507812
eval average episode rewards of agent: -114.00172664895346
eval success rate: 0.9

 Scenario simple_spread Algo rmappo Exp reference_20260925T173510Z_880afb_ippo_w128_seed1 updates 1880/6250 episodes, total num timesteps 6019200/20000000, FPS 9869.

average episode rewards is -115.91609954833984

 Scenario simple_spread Algo rmappo Exp reference_20260925T173510Z_880afb_ippo_w128_seed1 updates 1885/6250 episodes, total num timesteps 6035200/20000000, FPS 9870.

average episode rewards is -114.65779876708984

 Scenario simple_spread Algo rmappo Exp reference_20260925T173510Z_880afb_ippo_w128_seed1 updates 1890/6250 episodes, total num timesteps 6051200/20000000, FPS 9870.

average episode rewards is -114.3838882446289

 Scenario simple_spread Algo rmappo Exp reference_20260925T173510Z_880afb_ippo_w128_seed1 updates 1895/6250 episodes, total num timesteps 6067200/20000000, FPS 9870.

average episode rewards is -112.61425018310547

 Scenario simple_spread Algo rmappo Exp reference_20260925T173510Z_880afb_ippo_w128_seed1 updates 1900/6250 episodes, total num timesteps 6083200/20000000, FPS 9868.

average episode rewards is -116.20061492919922
eval average episode rewards of agent: -114.37895649761559
eval success rate: 0.85

 Scenario simple_spread Algo rmappo Exp reference_20260925T173510Z_880afb_ippo_w128_seed1 updates 1905/6250 episodes, total num timesteps 6099200/20000000, FPS 9868.

average episode rewards is -116.72135925292969

 Scenario simple_spread Algo rmappo Exp reference_20260925T173510Z_880afb_ippo_w128_seed1 updates 1910/6250 episodes, total num timesteps 6115200/20000000, FPS 9869.

average episode rewards is -116.84217834472656

 Scenario simple_spread Algo rmappo Exp reference_20260925T173510Z_880afb_ippo_w128_seed1 updates 1915/6250 episodes, total num timesteps 6131200/20000000, FPS 9869.

average episode rewards is -114.7705078125

 Scenario simple_spread Algo rmappo Exp reference_20260925T173510Z_880afb_ippo_w128_seed1 updates 1920/6250 episodes, total num timesteps 6147200/20000000, FPS 9869.

average episode rewards is -114.61861419677734

 Scenario simple_spread Algo rmappo Exp reference_20260925T173510Z_880afb_ippo_w128_seed1 updates 1925/6250 episodes, total num timesteps 6163200/20000000, FPS 9871.

average episode rewards is -116.17535400390625
eval average episode rewards of agent: -114.4938266845934
eval success rate: 0.85

 Scenario simple_spread Algo rmappo Exp reference_20260925T173510Z_880afb_ippo_w128_seed1 updates 1930/6250 episodes, total num timesteps 6179200/20000000, FPS 9870.

average episode rewards is -111.41114044189453

 Scenario simple_spread Algo rmappo Exp reference_20260925T173510Z_880afb_ippo_w128_seed1 updates 1935/6250 episodes, total num timesteps 6195200/20000000, FPS 9870.

average episode rewards is -116.26224517822266

 Scenario simple_spread Algo rmappo Exp reference_20260925T173510Z_880afb_ippo_w128_seed1 updates 1940/6250 episodes, total num timesteps 6211200/20000000, FPS 9870.

average episode rewards is -114.0060043334961

 Scenario simple_spread Algo rmappo Exp reference_20260925T173510Z_880afb_ippo_w128_seed1 updates 1945/6250 episodes, total num timesteps 6227200/20000000, FPS 9870.

average episode rewards is -114.5894546508789

 Scenario simple_spread Algo rmappo Exp reference_20260925T173510Z_880afb_ippo_w128_seed1 updates 1950/6250 episodes, total num timesteps 6243200/20000000, FPS 9870.

average episode rewards is -112.00884246826172
eval average episode rewards of agent: -110.70369841088609
eval success rate: 0.95

 Scenario simple_spread Algo rmappo Exp reference_20260925T173510Z_880afb_ippo_w128_seed1 updates 1955/6250 episodes, total num timesteps 6259200/20000000, FPS 9868.

average episode rewards is -114.71807098388672

 Scenario simple_spread Algo rmappo Exp reference_20260925T173510Z_880afb_ippo_w128_seed1 updates 1960/6250 episodes, total num timesteps 6275200/20000000, FPS 9869.

average episode rewards is -114.57425689697266

 Scenario simple_spread Algo rmappo Exp reference_20260925T173510Z_880afb_ippo_w128_seed1 updates 1965/6250 episodes, total num timesteps 6291200/20000000, FPS 9869.

average episode rewards is -112.99858093261719

 Scenario simple_spread Algo rmappo Exp reference_20260925T173510Z_880afb_ippo_w128_seed1 updates 1970/6250 episodes, total num timesteps 6307200/20000000, FPS 9869.

average episode rewards is -114.39141082763672

 Scenario simple_spread Algo rmappo Exp reference_20260925T173510Z_880afb_ippo_w128_seed1 updates 1975/6250 episodes, total num timesteps 6323200/20000000, FPS 9869.

average episode rewards is -114.5719985961914
eval average episode rewards of agent: -119.4045951489599
eval success rate: 0.9

 Scenario simple_spread Algo rmappo Exp reference_20260925T173510Z_880afb_ippo_w128_seed1 updates 1980/6250 episodes, total num timesteps 6339200/20000000, FPS 9869.

average episode rewards is -114.4095687866211

 Scenario simple_spread Algo rmappo Exp reference_20260925T173510Z_880afb_ippo_w128_seed1 updates 1985/6250 episodes, total num timesteps 6355200/20000000, FPS 9869.

average episode rewards is -113.63943481445312

 Scenario simple_spread Algo rmappo Exp reference_20260925T173510Z_880afb_ippo_w128_seed1 updates 1990/6250 episodes, total num timesteps 6371200/20000000, FPS 9869.

average episode rewards is -115.71533966064453

 Scenario simple_spread Algo rmappo Exp reference_20260925T173510Z_880afb_ippo_w128_seed1 updates 1995/6250 episodes, total num timesteps 6387200/20000000, FPS 9870.

average episode rewards is -117.09282684326172

 Scenario simple_spread Algo rmappo Exp reference_20260925T173510Z_880afb_ippo_w128_seed1 updates 2000/6250 episodes, total num timesteps 6403200/20000000, FPS 9871.

average episode rewards is -112.69606018066406
eval average episode rewards of agent: -118.24240785541468
eval success rate: 0.85

 Scenario simple_spread Algo rmappo Exp reference_20260925T173510Z_880afb_ippo_w128_seed1 updates 2005/6250 episodes, total num timesteps 6419200/20000000, FPS 9871.

average episode rewards is -115.86644744873047

 Scenario simple_spread Algo rmappo Exp reference_20260925T173510Z_880afb_ippo_w128_seed1 updates 2010/6250 episodes, total num timesteps 6435200/20000000, FPS 9871.

average episode rewards is -112.3774642944336

 Scenario simple_spread Algo rmappo Exp reference_20260925T173510Z_880afb_ippo_w128_seed1 updates 2015/6250 episodes, total num timesteps 6451200/20000000, FPS 9869.

average episode rewards is -113.95958709716797

 Scenario simple_spread Algo rmappo Exp reference_20260925T173510Z_880afb_ippo_w128_seed1 updates 2020/6250 episodes, total num timesteps 6467200/20000000, FPS 9869.

average episode rewards is -115.86746215820312

 Scenario simple_spread Algo rmappo Exp reference_20260925T173510Z_880afb_ippo_w128_seed1 updates 2025/6250 episodes, total num timesteps 6483200/20000000, FPS 9869.

average episode rewards is -115.885009765625
eval average episode rewards of agent: -114.54159726742498
eval success rate: 0.9

 Scenario simple_spread Algo rmappo Exp reference_20260925T173510Z_880afb_ippo_w128_seed1 updates 2030/6250 episodes, total num timesteps 6499200/20000000, FPS 9869.

average episode rewards is -114.76139831542969

 Scenario simple_spread Algo rmappo Exp reference_20260925T173510Z_880afb_ippo_w128_seed1 updates 2035/6250 episodes, total num timesteps 6515200/20000000, FPS 9870.

average episode rewards is -115.70716857910156

 Scenario simple_spread Algo rmappo Exp reference_20260925T173510Z_880afb_ippo_w128_seed1 updates 2040/6250 episodes, total num timesteps 6531200/20000000, FPS 9870.

average episode rewards is -113.84395599365234

 Scenario simple_spread Algo rmappo Exp reference_20260925T173510Z_880afb_ippo_w128_seed1 updates 2045/6250 episodes, total num timesteps 6547200/20000000, FPS 9870.

average episode rewards is -118.13511657714844

 Scenario simple_spread Algo rmappo Exp reference_20260925T173510Z_880afb_ippo_w128_seed1 updates 2050/6250 episodes, total num timesteps 6563200/20000000, FPS 9871.

average episode rewards is -115.41252136230469
eval average episode rewards of agent: -110.91983013766982
eval success rate: 0.95

 Scenario simple_spread Algo rmappo Exp reference_20260925T173510Z_880afb_ippo_w128_seed1 updates 2055/6250 episodes, total num timesteps 6579200/20000000, FPS 9870.

average episode rewards is -116.7794189453125

 Scenario simple_spread Algo rmappo Exp reference_20260925T173510Z_880afb_ippo_w128_seed1 updates 2060/6250 episodes, total num timesteps 6595200/20000000, FPS 9871.

average episode rewards is -114.85997772216797

 Scenario simple_spread Algo rmappo Exp reference_20260925T173510Z_880afb_ippo_w128_seed1 updates 2065/6250 episodes, total num timesteps 6611200/20000000, FPS 9872.

average episode rewards is -111.36213684082031

 Scenario simple_spread Algo rmappo Exp reference_20260925T173510Z_880afb_ippo_w128_seed1 updates 2070/6250 episodes, total num timesteps 6627200/20000000, FPS 9872.

average episode rewards is -114.7588119506836

 Scenario simple_spread Algo rmappo Exp reference_20260925T173510Z_880afb_ippo_w128_seed1 updates 2075/6250 episodes, total num timesteps 6643200/20000000, FPS 9870.

average episode rewards is -114.64155578613281
eval average episode rewards of agent: -118.29459482640031
eval success rate: 0.95

 Scenario simple_spread Algo rmappo Exp reference_20260925T173510Z_880afb_ippo_w128_seed1 updates 2080/6250 episodes, total num timesteps 6659200/20000000, FPS 9870.

average episode rewards is -115.49334716796875

 Scenario simple_spread Algo rmappo Exp reference_20260925T173510Z_880afb_ippo_w128_seed1 updates 2085/6250 episodes, total num timesteps 6675200/20000000, FPS 9869.

average episode rewards is -116.06320190429688

 Scenario simple_spread Algo rmappo Exp reference_20260925T173510Z_880afb_ippo_w128_seed1 updates 2090/6250 episodes, total num timesteps 6691200/20000000, FPS 9870.

average episode rewards is -115.70911407470703

 Scenario simple_spread Algo rmappo Exp reference_20260925T173510Z_880afb_ippo_w128_seed1 updates 2095/6250 episodes, total num timesteps 6707200/20000000, FPS 9871.

average episode rewards is -116.74687957763672

 Scenario simple_spread Algo rmappo Exp reference_20260925T173510Z_880afb_ippo_w128_seed1 updates 2100/6250 episodes, total num timesteps 6723200/20000000, FPS 9870.

average episode rewards is -114.98722076416016
eval average episode rewards of agent: -112.97869212630665
eval success rate: 0.9

 Scenario simple_spread Algo rmappo Exp reference_20260925T173510Z_880afb_ippo_w128_seed1 updates 2105/6250 episodes, total num timesteps 6739200/20000000, FPS 9870.

average episode rewards is -117.4014663696289

 Scenario simple_spread Algo rmappo Exp reference_20260925T173510Z_880afb_ippo_w128_seed1 updates 2110/6250 episodes, total num timesteps 6755200/20000000, FPS 9870.

average episode rewards is -114.12374114990234

 Scenario simple_spread Algo rmappo Exp reference_20260925T173510Z_880afb_ippo_w128_seed1 updates 2115/6250 episodes, total num timesteps 6771200/20000000, FPS 9870.

average episode rewards is -115.14798736572266

 Scenario simple_spread Algo rmappo Exp reference_20260925T173510Z_880afb_ippo_w128_seed1 updates 2120/6250 episodes, total num timesteps 6787200/20000000, FPS 9871.

average episode rewards is -116.08097839355469

 Scenario simple_spread Algo rmappo Exp reference_20260925T173510Z_880afb_ippo_w128_seed1 updates 2125/6250 episodes, total num timesteps 6803200/20000000, FPS 9871.

average episode rewards is -116.54423522949219
eval average episode rewards of agent: -115.38706864855752
eval success rate: 0.9

 Scenario simple_spread Algo rmappo Exp reference_20260925T173510Z_880afb_ippo_w128_seed1 updates 2130/6250 episodes, total num timesteps 6819200/20000000, FPS 9871.

average episode rewards is -114.28086853027344

 Scenario simple_spread Algo rmappo Exp reference_20260925T173510Z_880afb_ippo_w128_seed1 updates 2135/6250 episodes, total num timesteps 6835200/20000000, FPS 9870.

average episode rewards is -116.71721649169922

 Scenario simple_spread Algo rmappo Exp reference_20260925T173510Z_880afb_ippo_w128_seed1 updates 2140/6250 episodes, total num timesteps 6851200/20000000, FPS 9870.

average episode rewards is -113.12934112548828

 Scenario simple_spread Algo rmappo Exp reference_20260925T173510Z_880afb_ippo_w128_seed1 updates 2145/6250 episodes, total num timesteps 6867200/20000000, FPS 9871.

average episode rewards is -115.6932373046875

 Scenario simple_spread Algo rmappo Exp reference_20260925T173510Z_880afb_ippo_w128_seed1 updates 2150/6250 episodes, total num timesteps 6883200/20000000, FPS 9871.

average episode rewards is -116.30550384521484
eval average episode rewards of agent: -116.17186547627142
eval success rate: 0.8

 Scenario simple_spread Algo rmappo Exp reference_20260925T173510Z_880afb_ippo_w128_seed1 updates 2155/6250 episodes, total num timesteps 6899200/20000000, FPS 9870.

average episode rewards is -115.61942291259766

 Scenario simple_spread Algo rmappo Exp reference_20260925T173510Z_880afb_ippo_w128_seed1 updates 2160/6250 episodes, total num timesteps 6915200/20000000, FPS 9870.

average episode rewards is -115.13798522949219

 Scenario simple_spread Algo rmappo Exp reference_20260925T173510Z_880afb_ippo_w128_seed1 updates 2165/6250 episodes, total num timesteps 6931200/20000000, FPS 9871.

average episode rewards is -113.82984924316406

 Scenario simple_spread Algo rmappo Exp reference_20260925T173510Z_880afb_ippo_w128_seed1 updates 2170/6250 episodes, total num timesteps 6947200/20000000, FPS 9871.

average episode rewards is -115.1946792602539

 Scenario simple_spread Algo rmappo Exp reference_20260925T173510Z_880afb_ippo_w128_seed1 updates 2175/6250 episodes, total num timesteps 6963200/20000000, FPS 9871.

average episode rewards is -114.91898345947266
eval average episode rewards of agent: -112.58158749887599
eval success rate: 1.0

 Scenario simple_spread Algo rmappo Exp reference_20260925T173510Z_880afb_ippo_w128_seed1 updates 2180/6250 episodes, total num timesteps 6979200/20000000, FPS 9871.

average episode rewards is -115.54536437988281

 Scenario simple_spread Algo rmappo Exp reference_20260925T173510Z_880afb_ippo_w128_seed1 updates 2185/6250 episodes, total num timesteps 6995200/20000000, FPS 9872.

average episode rewards is -115.54875183105469

 Scenario simple_spread Algo rmappo Exp reference_20260925T173510Z_880afb_ippo_w128_seed1 updates 2190/6250 episodes, total num timesteps 7011200/20000000, FPS 9873.

average episode rewards is -113.54671478271484

 Scenario simple_spread Algo rmappo Exp reference_20260925T173510Z_880afb_ippo_w128_seed1 updates 2195/6250 episodes, total num timesteps 7027200/20000000, FPS 9871.

average episode rewards is -114.62576293945312

 Scenario simple_spread Algo rmappo Exp reference_20260925T173510Z_880afb_ippo_w128_seed1 updates 2200/6250 episodes, total num timesteps 7043200/20000000, FPS 9872.

average episode rewards is -113.92252349853516
eval average episode rewards of agent: -112.02493799740925
eval success rate: 0.9

 Scenario simple_spread Algo rmappo Exp reference_20260925T173510Z_880afb_ippo_w128_seed1 updates 2205/6250 episodes, total num timesteps 7059200/20000000, FPS 9871.

average episode rewards is -115.26091003417969

 Scenario simple_spread Algo rmappo Exp reference_20260925T173510Z_880afb_ippo_w128_seed1 updates 2210/6250 episodes, total num timesteps 7075200/20000000, FPS 9871.

average episode rewards is -116.94772338867188

 Scenario simple_spread Algo rmappo Exp reference_20260925T173510Z_880afb_ippo_w128_seed1 updates 2215/6250 episodes, total num timesteps 7091200/20000000, FPS 9872.

average episode rewards is -115.04986572265625

 Scenario simple_spread Algo rmappo Exp reference_20260925T173510Z_880afb_ippo_w128_seed1 updates 2220/6250 episodes, total num timesteps 7107200/20000000, FPS 9872.

average episode rewards is -113.58971405029297

 Scenario simple_spread Algo rmappo Exp reference_20260925T173510Z_880afb_ippo_w128_seed1 updates 2225/6250 episodes, total num timesteps 7123200/20000000, FPS 9872.

average episode rewards is -113.35639953613281
eval average episode rewards of agent: -107.75870319144397
eval success rate: 1.0

 Scenario simple_spread Algo rmappo Exp reference_20260925T173510Z_880afb_ippo_w128_seed1 updates 2230/6250 episodes, total num timesteps 7139200/20000000, FPS 9872.

average episode rewards is -116.02457427978516

 Scenario simple_spread Algo rmappo Exp reference_20260925T173510Z_880afb_ippo_w128_seed1 updates 2235/6250 episodes, total num timesteps 7155200/20000000, FPS 9872.

average episode rewards is -117.9148178100586

 Scenario simple_spread Algo rmappo Exp reference_20260925T173510Z_880afb_ippo_w128_seed1 updates 2240/6250 episodes, total num timesteps 7171200/20000000, FPS 9873.

average episode rewards is -111.69263458251953

 Scenario simple_spread Algo rmappo Exp reference_20260925T173510Z_880afb_ippo_w128_seed1 updates 2245/6250 episodes, total num timesteps 7187200/20000000, FPS 9873.

average episode rewards is -116.60928344726562

 Scenario simple_spread Algo rmappo Exp reference_20260925T173510Z_880afb_ippo_w128_seed1 updates 2250/6250 episodes, total num timesteps 7203200/20000000, FPS 9873.

average episode rewards is -115.34697723388672
eval average episode rewards of agent: -115.05586621924769
eval success rate: 0.95

 Scenario simple_spread Algo rmappo Exp reference_20260925T173510Z_880afb_ippo_w128_seed1 updates 2255/6250 episodes, total num timesteps 7219200/20000000, FPS 9871.

average episode rewards is -116.11005401611328

 Scenario simple_spread Algo rmappo Exp reference_20260925T173510Z_880afb_ippo_w128_seed1 updates 2260/6250 episodes, total num timesteps 7235200/20000000, FPS 9872.

average episode rewards is -116.97481536865234

 Scenario simple_spread Algo rmappo Exp reference_20260925T173510Z_880afb_ippo_w128_seed1 updates 2265/6250 episodes, total num timesteps 7251200/20000000, FPS 9872.

average episode rewards is -111.69110870361328

 Scenario simple_spread Algo rmappo Exp reference_20260925T173510Z_880afb_ippo_w128_seed1 updates 2270/6250 episodes, total num timesteps 7267200/20000000, FPS 9872.

average episode rewards is -115.39714050292969

 Scenario simple_spread Algo rmappo Exp reference_20260925T173510Z_880afb_ippo_w128_seed1 updates 2275/6250 episodes, total num timesteps 7283200/20000000, FPS 9873.

average episode rewards is -113.30791473388672
eval average episode rewards of agent: -122.7708042740289
eval success rate: 0.95

 Scenario simple_spread Algo rmappo Exp reference_20260925T173510Z_880afb_ippo_w128_seed1 updates 2280/6250 episodes, total num timesteps 7299200/20000000, FPS 9872.

average episode rewards is -115.36847686767578

 Scenario simple_spread Algo rmappo Exp reference_20260925T173510Z_880afb_ippo_w128_seed1 updates 2285/6250 episodes, total num timesteps 7315200/20000000, FPS 9872.

average episode rewards is -112.14099884033203

 Scenario simple_spread Algo rmappo Exp reference_20260925T173510Z_880afb_ippo_w128_seed1 updates 2290/6250 episodes, total num timesteps 7331200/20000000, FPS 9873.

average episode rewards is -112.13336181640625

 Scenario simple_spread Algo rmappo Exp reference_20260925T173510Z_880afb_ippo_w128_seed1 updates 2295/6250 episodes, total num timesteps 7347200/20000000, FPS 9873.

average episode rewards is -114.4011001586914

 Scenario simple_spread Algo rmappo Exp reference_20260925T173510Z_880afb_ippo_w128_seed1 updates 2300/6250 episodes, total num timesteps 7363200/20000000, FPS 9873.

average episode rewards is -113.07576751708984
eval average episode rewards of agent: -109.51186939446643
eval success rate: 1.0

 Scenario simple_spread Algo rmappo Exp reference_20260925T173510Z_880afb_ippo_w128_seed1 updates 2305/6250 episodes, total num timesteps 7379200/20000000, FPS 9873.

average episode rewards is -115.03833770751953

 Scenario simple_spread Algo rmappo Exp reference_20260925T173510Z_880afb_ippo_w128_seed1 updates 2310/6250 episodes, total num timesteps 7395200/20000000, FPS 9874.

average episode rewards is -115.4713363647461

 Scenario simple_spread Algo rmappo Exp reference_20260925T173510Z_880afb_ippo_w128_seed1 updates 2315/6250 episodes, total num timesteps 7411200/20000000, FPS 9873.

average episode rewards is -118.56971740722656

 Scenario simple_spread Algo rmappo Exp reference_20260925T173510Z_880afb_ippo_w128_seed1 updates 2320/6250 episodes, total num timesteps 7427200/20000000, FPS 9873.

average episode rewards is -115.00426483154297

 Scenario simple_spread Algo rmappo Exp reference_20260925T173510Z_880afb_ippo_w128_seed1 updates 2325/6250 episodes, total num timesteps 7443200/20000000, FPS 9874.

average episode rewards is -114.5782241821289
eval average episode rewards of agent: -117.77280584633014
eval success rate: 0.95

 Scenario simple_spread Algo rmappo Exp reference_20260925T173510Z_880afb_ippo_w128_seed1 updates 2330/6250 episodes, total num timesteps 7459200/20000000, FPS 9873.

average episode rewards is -114.13016510009766

 Scenario simple_spread Algo rmappo Exp reference_20260925T173510Z_880afb_ippo_w128_seed1 updates 2335/6250 episodes, total num timesteps 7475200/20000000, FPS 9873.

average episode rewards is -114.404296875

 Scenario simple_spread Algo rmappo Exp reference_20260925T173510Z_880afb_ippo_w128_seed1 updates 2340/6250 episodes, total num timesteps 7491200/20000000, FPS 9873.

average episode rewards is -113.3182144165039

 Scenario simple_spread Algo rmappo Exp reference_20260925T173510Z_880afb_ippo_w128_seed1 updates 2345/6250 episodes, total num timesteps 7507200/20000000, FPS 9874.

average episode rewards is -114.90602111816406

 Scenario simple_spread Algo rmappo Exp reference_20260925T173510Z_880afb_ippo_w128_seed1 updates 2350/6250 episodes, total num timesteps 7523200/20000000, FPS 9875.

average episode rewards is -114.47262573242188
eval average episode rewards of agent: -111.68523661102057
eval success rate: 0.9

 Scenario simple_spread Algo rmappo Exp reference_20260925T173510Z_880afb_ippo_w128_seed1 updates 2355/6250 episodes, total num timesteps 7539200/20000000, FPS 9874.

average episode rewards is -115.02554321289062

 Scenario simple_spread Algo rmappo Exp reference_20260925T173510Z_880afb_ippo_w128_seed1 updates 2360/6250 episodes, total num timesteps 7555200/20000000, FPS 9875.

average episode rewards is -114.52013397216797

 Scenario simple_spread Algo rmappo Exp reference_20260925T173510Z_880afb_ippo_w128_seed1 updates 2365/6250 episodes, total num timesteps 7571200/20000000, FPS 9875.

average episode rewards is -115.02899932861328

 Scenario simple_spread Algo rmappo Exp reference_20260925T173510Z_880afb_ippo_w128_seed1 updates 2370/6250 episodes, total num timesteps 7587200/20000000, FPS 9875.

average episode rewards is -117.87959289550781

 Scenario simple_spread Algo rmappo Exp reference_20260925T173510Z_880afb_ippo_w128_seed1 updates 2375/6250 episodes, total num timesteps 7603200/20000000, FPS 9874.

average episode rewards is -114.44931030273438
eval average episode rewards of agent: -116.97456648694441
eval success rate: 0.75

 Scenario simple_spread Algo rmappo Exp reference_20260925T173510Z_880afb_ippo_w128_seed1 updates 2380/6250 episodes, total num timesteps 7619200/20000000, FPS 9874.

average episode rewards is -113.48900604248047

 Scenario simple_spread Algo rmappo Exp reference_20260925T173510Z_880afb_ippo_w128_seed1 updates 2385/6250 episodes, total num timesteps 7635200/20000000, FPS 9874.

average episode rewards is -113.80412292480469

 Scenario simple_spread Algo rmappo Exp reference_20260925T173510Z_880afb_ippo_w128_seed1 updates 2390/6250 episodes, total num timesteps 7651200/20000000, FPS 9875.

average episode rewards is -114.41390228271484

 Scenario simple_spread Algo rmappo Exp reference_20260925T173510Z_880afb_ippo_w128_seed1 updates 2395/6250 episodes, total num timesteps 7667200/20000000, FPS 9876.

average episode rewards is -114.9710693359375

 Scenario simple_spread Algo rmappo Exp reference_20260925T173510Z_880afb_ippo_w128_seed1 updates 2400/6250 episodes, total num timesteps 7683200/20000000, FPS 9876.

average episode rewards is -114.23937225341797
eval average episode rewards of agent: -108.91179757700459
eval success rate: 0.95

 Scenario simple_spread Algo rmappo Exp reference_20260925T173510Z_880afb_ippo_w128_seed1 updates 2405/6250 episodes, total num timesteps 7699200/20000000, FPS 9876.

average episode rewards is -114.74910736083984

 Scenario simple_spread Algo rmappo Exp reference_20260925T173510Z_880afb_ippo_w128_seed1 updates 2410/6250 episodes, total num timesteps 7715200/20000000, FPS 9877.

average episode rewards is -115.55396270751953

 Scenario simple_spread Algo rmappo Exp reference_20260925T173510Z_880afb_ippo_w128_seed1 updates 2415/6250 episodes, total num timesteps 7731200/20000000, FPS 9877.

average episode rewards is -115.35433197021484

 Scenario simple_spread Algo rmappo Exp reference_20260925T173510Z_880afb_ippo_w128_seed1 updates 2420/6250 episodes, total num timesteps 7747200/20000000, FPS 9877.

average episode rewards is -114.33991241455078

 Scenario simple_spread Algo rmappo Exp reference_20260925T173510Z_880afb_ippo_w128_seed1 updates 2425/6250 episodes, total num timesteps 7763200/20000000, FPS 9877.

average episode rewards is -113.45736694335938
eval average episode rewards of agent: -114.66620092994805
eval success rate: 0.95

 Scenario simple_spread Algo rmappo Exp reference_20260925T173510Z_880afb_ippo_w128_seed1 updates 2430/6250 episodes, total num timesteps 7779200/20000000, FPS 9877.

average episode rewards is -115.2511978149414

 Scenario simple_spread Algo rmappo Exp reference_20260925T173510Z_880afb_ippo_w128_seed1 updates 2435/6250 episodes, total num timesteps 7795200/20000000, FPS 9876.

average episode rewards is -113.33016967773438

 Scenario simple_spread Algo rmappo Exp reference_20260925T173510Z_880afb_ippo_w128_seed1 updates 2440/6250 episodes, total num timesteps 7811200/20000000, FPS 9876.

average episode rewards is -115.1450424194336

 Scenario simple_spread Algo rmappo Exp reference_20260925T173510Z_880afb_ippo_w128_seed1 updates 2445/6250 episodes, total num timesteps 7827200/20000000, FPS 9876.

average episode rewards is -114.72455596923828

 Scenario simple_spread Algo rmappo Exp reference_20260925T173510Z_880afb_ippo_w128_seed1 updates 2450/6250 episodes, total num timesteps 7843200/20000000, FPS 9876.

average episode rewards is -114.2100830078125
eval average episode rewards of agent: -114.91252991720583
eval success rate: 0.85

 Scenario simple_spread Algo rmappo Exp reference_20260925T173510Z_880afb_ippo_w128_seed1 updates 2455/6250 episodes, total num timesteps 7859200/20000000, FPS 9876.

average episode rewards is -112.98899841308594

 Scenario simple_spread Algo rmappo Exp reference_20260925T173510Z_880afb_ippo_w128_seed1 updates 2460/6250 episodes, total num timesteps 7875200/20000000, FPS 9876.

average episode rewards is -113.84469604492188

 Scenario simple_spread Algo rmappo Exp reference_20260925T173510Z_880afb_ippo_w128_seed1 updates 2465/6250 episodes, total num timesteps 7891200/20000000, FPS 9876.

average episode rewards is -113.30181121826172

 Scenario simple_spread Algo rmappo Exp reference_20260925T173510Z_880afb_ippo_w128_seed1 updates 2470/6250 episodes, total num timesteps 7907200/20000000, FPS 9876.

average episode rewards is -113.77862548828125

 Scenario simple_spread Algo rmappo Exp reference_20260925T173510Z_880afb_ippo_w128_seed1 updates 2475/6250 episodes, total num timesteps 7923200/20000000, FPS 9876.

average episode rewards is -115.77152252197266
eval average episode rewards of agent: -110.493726454971
eval success rate: 0.95

 Scenario simple_spread Algo rmappo Exp reference_20260925T173510Z_880afb_ippo_w128_seed1 updates 2480/6250 episodes, total num timesteps 7939200/20000000, FPS 9876.

average episode rewards is -112.90473937988281

 Scenario simple_spread Algo rmappo Exp reference_20260925T173510Z_880afb_ippo_w128_seed1 updates 2485/6250 episodes, total num timesteps 7955200/20000000, FPS 9877.

average episode rewards is -113.470458984375

 Scenario simple_spread Algo rmappo Exp reference_20260925T173510Z_880afb_ippo_w128_seed1 updates 2490/6250 episodes, total num timesteps 7971200/20000000, FPS 9877.

average episode rewards is -115.42589569091797

 Scenario simple_spread Algo rmappo Exp reference_20260925T173510Z_880afb_ippo_w128_seed1 updates 2495/6250 episodes, total num timesteps 7987200/20000000, FPS 9876.

average episode rewards is -114.07608795166016

 Scenario simple_spread Algo rmappo Exp reference_20260925T173510Z_880afb_ippo_w128_seed1 updates 2500/6250 episodes, total num timesteps 8003200/20000000, FPS 9876.

average episode rewards is -113.05925750732422
eval average episode rewards of agent: -119.87810913423591
eval success rate: 0.9

 Scenario simple_spread Algo rmappo Exp reference_20260925T173510Z_880afb_ippo_w128_seed1 updates 2505/6250 episodes, total num timesteps 8019200/20000000, FPS 9876.

average episode rewards is -111.6092529296875

 Scenario simple_spread Algo rmappo Exp reference_20260925T173510Z_880afb_ippo_w128_seed1 updates 2510/6250 episodes, total num timesteps 8035200/20000000, FPS 9876.

average episode rewards is -115.44007110595703

 Scenario simple_spread Algo rmappo Exp reference_20260925T173510Z_880afb_ippo_w128_seed1 updates 2515/6250 episodes, total num timesteps 8051200/20000000, FPS 9876.

average episode rewards is -115.2502670288086

 Scenario simple_spread Algo rmappo Exp reference_20260925T173510Z_880afb_ippo_w128_seed1 updates 2520/6250 episodes, total num timesteps 8067200/20000000, FPS 9877.

average episode rewards is -114.34302520751953

 Scenario simple_spread Algo rmappo Exp reference_20260925T173510Z_880afb_ippo_w128_seed1 updates 2525/6250 episodes, total num timesteps 8083200/20000000, FPS 9877.

average episode rewards is -114.26111602783203
eval average episode rewards of agent: -112.61320833310342
eval success rate: 0.95

 Scenario simple_spread Algo rmappo Exp reference_20260925T173510Z_880afb_ippo_w128_seed1 updates 2530/6250 episodes, total num timesteps 8099200/20000000, FPS 9876.

average episode rewards is -113.27252197265625

 Scenario simple_spread Algo rmappo Exp reference_20260925T173510Z_880afb_ippo_w128_seed1 updates 2535/6250 episodes, total num timesteps 8115200/20000000, FPS 9877.

average episode rewards is -113.37845611572266

 Scenario simple_spread Algo rmappo Exp reference_20260925T173510Z_880afb_ippo_w128_seed1 updates 2540/6250 episodes, total num timesteps 8131200/20000000, FPS 9877.

average episode rewards is -114.2506103515625

 Scenario simple_spread Algo rmappo Exp reference_20260925T173510Z_880afb_ippo_w128_seed1 updates 2545/6250 episodes, total num timesteps 8147200/20000000, FPS 9877.

average episode rewards is -116.78399658203125

 Scenario simple_spread Algo rmappo Exp reference_20260925T173510Z_880afb_ippo_w128_seed1 updates 2550/6250 episodes, total num timesteps 8163200/20000000, FPS 9877.

average episode rewards is -114.07579040527344
eval average episode rewards of agent: -115.47053903938482
eval success rate: 0.9

 Scenario simple_spread Algo rmappo Exp reference_20260925T173510Z_880afb_ippo_w128_seed1 updates 2555/6250 episodes, total num timesteps 8179200/20000000, FPS 9875.

average episode rewards is -114.7388916015625

 Scenario simple_spread Algo rmappo Exp reference_20260925T173510Z_880afb_ippo_w128_seed1 updates 2560/6250 episodes, total num timesteps 8195200/20000000, FPS 9876.

average episode rewards is -114.43110656738281

 Scenario simple_spread Algo rmappo Exp reference_20260925T173510Z_880afb_ippo_w128_seed1 updates 2565/6250 episodes, total num timesteps 8211200/20000000, FPS 9877.

average episode rewards is -113.45740509033203

 Scenario simple_spread Algo rmappo Exp reference_20260925T173510Z_880afb_ippo_w128_seed1 updates 2570/6250 episodes, total num timesteps 8227200/20000000, FPS 9877.

average episode rewards is -115.53927612304688

 Scenario simple_spread Algo rmappo Exp reference_20260925T173510Z_880afb_ippo_w128_seed1 updates 2575/6250 episodes, total num timesteps 8243200/20000000, FPS 9877.

average episode rewards is -114.90708923339844
eval average episode rewards of agent: -109.89336319537682
eval success rate: 1.0

 Scenario simple_spread Algo rmappo Exp reference_20260925T173510Z_880afb_ippo_w128_seed1 updates 2580/6250 episodes, total num timesteps 8259200/20000000, FPS 9876.

average episode rewards is -114.6431884765625

 Scenario simple_spread Algo rmappo Exp reference_20260925T173510Z_880afb_ippo_w128_seed1 updates 2585/6250 episodes, total num timesteps 8275200/20000000, FPS 9876.

average episode rewards is -113.73365783691406

 Scenario simple_spread Algo rmappo Exp reference_20260925T173510Z_880afb_ippo_w128_seed1 updates 2590/6250 episodes, total num timesteps 8291200/20000000, FPS 9877.

average episode rewards is -113.71990203857422

 Scenario simple_spread Algo rmappo Exp reference_20260925T173510Z_880afb_ippo_w128_seed1 updates 2595/6250 episodes, total num timesteps 8307200/20000000, FPS 9877.

average episode rewards is -112.94356536865234

 Scenario simple_spread Algo rmappo Exp reference_20260925T173510Z_880afb_ippo_w128_seed1 updates 2600/6250 episodes, total num timesteps 8323200/20000000, FPS 9877.

average episode rewards is -113.40668487548828
eval average episode rewards of agent: -107.22333734678276
eval success rate: 1.0

 Scenario simple_spread Algo rmappo Exp reference_20260925T173510Z_880afb_ippo_w128_seed1 updates 2605/6250 episodes, total num timesteps 8339200/20000000, FPS 9876.

average episode rewards is -115.3482437133789

 Scenario simple_spread Algo rmappo Exp reference_20260925T173510Z_880afb_ippo_w128_seed1 updates 2610/6250 episodes, total num timesteps 8355200/20000000, FPS 9877.

average episode rewards is -115.32263946533203

 Scenario simple_spread Algo rmappo Exp reference_20260925T173510Z_880afb_ippo_w128_seed1 updates 2615/6250 episodes, total num timesteps 8371200/20000000, FPS 9875.

average episode rewards is -116.21468353271484

 Scenario simple_spread Algo rmappo Exp reference_20260925T173510Z_880afb_ippo_w128_seed1 updates 2620/6250 episodes, total num timesteps 8387200/20000000, FPS 9876.

average episode rewards is -113.5813980102539

 Scenario simple_spread Algo rmappo Exp reference_20260925T173510Z_880afb_ippo_w128_seed1 updates 2625/6250 episodes, total num timesteps 8403200/20000000, FPS 9876.

average episode rewards is -114.05387115478516
eval average episode rewards of agent: -117.1623968835721
eval success rate: 0.9

 Scenario simple_spread Algo rmappo Exp reference_20260925T173510Z_880afb_ippo_w128_seed1 updates 2630/6250 episodes, total num timesteps 8419200/20000000, FPS 9875.

average episode rewards is -113.82167053222656

 Scenario simple_spread Algo rmappo Exp reference_20260925T173510Z_880afb_ippo_w128_seed1 updates 2635/6250 episodes, total num timesteps 8435200/20000000, FPS 9876.

average episode rewards is -114.89588928222656

 Scenario simple_spread Algo rmappo Exp reference_20260925T173510Z_880afb_ippo_w128_seed1 updates 2640/6250 episodes, total num timesteps 8451200/20000000, FPS 9876.

average episode rewards is -114.70667266845703

 Scenario simple_spread Algo rmappo Exp reference_20260925T173510Z_880afb_ippo_w128_seed1 updates 2645/6250 episodes, total num timesteps 8467200/20000000, FPS 9876.

average episode rewards is -113.21395874023438

 Scenario simple_spread Algo rmappo Exp reference_20260925T173510Z_880afb_ippo_w128_seed1 updates 2650/6250 episodes, total num timesteps 8483200/20000000, FPS 9876.

average episode rewards is -116.64676666259766
eval average episode rewards of agent: -113.20866539143101
eval success rate: 0.85

 Scenario simple_spread Algo rmappo Exp reference_20260925T173510Z_880afb_ippo_w128_seed1 updates 2655/6250 episodes, total num timesteps 8499200/20000000, FPS 9876.

average episode rewards is -114.57475280761719

 Scenario simple_spread Algo rmappo Exp reference_20260925T173510Z_880afb_ippo_w128_seed1 updates 2660/6250 episodes, total num timesteps 8515200/20000000, FPS 9876.

average episode rewards is -114.88867950439453

 Scenario simple_spread Algo rmappo Exp reference_20260925T173510Z_880afb_ippo_w128_seed1 updates 2665/6250 episodes, total num timesteps 8531200/20000000, FPS 9877.

average episode rewards is -113.81100463867188

 Scenario simple_spread Algo rmappo Exp reference_20260925T173510Z_880afb_ippo_w128_seed1 updates 2670/6250 episodes, total num timesteps 8547200/20000000, FPS 9875.

average episode rewards is -113.50032043457031

 Scenario simple_spread Algo rmappo Exp reference_20260925T173510Z_880afb_ippo_w128_seed1 updates 2675/6250 episodes, total num timesteps 8563200/20000000, FPS 9876.

average episode rewards is -115.19019317626953
eval average episode rewards of agent: -114.77684417748158
eval success rate: 0.95

 Scenario simple_spread Algo rmappo Exp reference_20260925T173510Z_880afb_ippo_w128_seed1 updates 2680/6250 episodes, total num timesteps 8579200/20000000, FPS 9875.

average episode rewards is -115.37085723876953

 Scenario simple_spread Algo rmappo Exp reference_20260925T173510Z_880afb_ippo_w128_seed1 updates 2685/6250 episodes, total num timesteps 8595200/20000000, FPS 9875.

average episode rewards is -115.43444061279297

 Scenario simple_spread Algo rmappo Exp reference_20260925T173510Z_880afb_ippo_w128_seed1 updates 2690/6250 episodes, total num timesteps 8611200/20000000, FPS 9875.

average episode rewards is -115.16337585449219

 Scenario simple_spread Algo rmappo Exp reference_20260925T173510Z_880afb_ippo_w128_seed1 updates 2695/6250 episodes, total num timesteps 8627200/20000000, FPS 9876.

average episode rewards is -115.36962890625

 Scenario simple_spread Algo rmappo Exp reference_20260925T173510Z_880afb_ippo_w128_seed1 updates 2700/6250 episodes, total num timesteps 8643200/20000000, FPS 9876.

average episode rewards is -115.63236999511719
eval average episode rewards of agent: -113.85356963845526
eval success rate: 0.85

 Scenario simple_spread Algo rmappo Exp reference_20260925T173510Z_880afb_ippo_w128_seed1 updates 2705/6250 episodes, total num timesteps 8659200/20000000, FPS 9876.

average episode rewards is -115.4234390258789

 Scenario simple_spread Algo rmappo Exp reference_20260925T173510Z_880afb_ippo_w128_seed1 updates 2710/6250 episodes, total num timesteps 8675200/20000000, FPS 9876.

average episode rewards is -114.2279281616211

 Scenario simple_spread Algo rmappo Exp reference_20260925T173510Z_880afb_ippo_w128_seed1 updates 2715/6250 episodes, total num timesteps 8691200/20000000, FPS 9876.

average episode rewards is -113.61910247802734

 Scenario simple_spread Algo rmappo Exp reference_20260925T173510Z_880afb_ippo_w128_seed1 updates 2720/6250 episodes, total num timesteps 8707200/20000000, FPS 9877.

average episode rewards is -112.77625274658203

 Scenario simple_spread Algo rmappo Exp reference_20260925T173510Z_880afb_ippo_w128_seed1 updates 2725/6250 episodes, total num timesteps 8723200/20000000, FPS 9877.

average episode rewards is -111.28173065185547
eval average episode rewards of agent: -118.25907020878076
eval success rate: 0.9

 Scenario simple_spread Algo rmappo Exp reference_20260925T173510Z_880afb_ippo_w128_seed1 updates 2730/6250 episodes, total num timesteps 8739200/20000000, FPS 9875.

average episode rewards is -115.30740356445312

 Scenario simple_spread Algo rmappo Exp reference_20260925T173510Z_880afb_ippo_w128_seed1 updates 2735/6250 episodes, total num timesteps 8755200/20000000, FPS 9876.

average episode rewards is -113.9023208618164

 Scenario simple_spread Algo rmappo Exp reference_20260925T173510Z_880afb_ippo_w128_seed1 updates 2740/6250 episodes, total num timesteps 8771200/20000000, FPS 9876.

average episode rewards is -112.20227813720703

 Scenario simple_spread Algo rmappo Exp reference_20260925T173510Z_880afb_ippo_w128_seed1 updates 2745/6250 episodes, total num timesteps 8787200/20000000, FPS 9876.

average episode rewards is -112.47522735595703

 Scenario simple_spread Algo rmappo Exp reference_20260925T173510Z_880afb_ippo_w128_seed1 updates 2750/6250 episodes, total num timesteps 8803200/20000000, FPS 9876.

average episode rewards is -114.90029907226562
eval average episode rewards of agent: -114.37706641404976
eval success rate: 0.9

 Scenario simple_spread Algo rmappo Exp reference_20260925T173510Z_880afb_ippo_w128_seed1 updates 2755/6250 episodes, total num timesteps 8819200/20000000, FPS 9876.

average episode rewards is -115.89286041259766

 Scenario simple_spread Algo rmappo Exp reference_20260925T173510Z_880afb_ippo_w128_seed1 updates 2760/6250 episodes, total num timesteps 8835200/20000000, FPS 9876.

average episode rewards is -112.36194610595703

 Scenario simple_spread Algo rmappo Exp reference_20260925T173510Z_880afb_ippo_w128_seed1 updates 2765/6250 episodes, total num timesteps 8851200/20000000, FPS 9876.

average episode rewards is -113.9796142578125

 Scenario simple_spread Algo rmappo Exp reference_20260925T173510Z_880afb_ippo_w128_seed1 updates 2770/6250 episodes, total num timesteps 8867200/20000000, FPS 9877.

average episode rewards is -111.34054565429688

 Scenario simple_spread Algo rmappo Exp reference_20260925T173510Z_880afb_ippo_w128_seed1 updates 2775/6250 episodes, total num timesteps 8883200/20000000, FPS 9877.

average episode rewards is -112.3077392578125
eval average episode rewards of agent: -111.0651983211794
eval success rate: 0.8

 Scenario simple_spread Algo rmappo Exp reference_20260925T173510Z_880afb_ippo_w128_seed1 updates 2780/6250 episodes, total num timesteps 8899200/20000000, FPS 9877.

average episode rewards is -115.77899169921875

 Scenario simple_spread Algo rmappo Exp reference_20260925T173510Z_880afb_ippo_w128_seed1 updates 2785/6250 episodes, total num timesteps 8915200/20000000, FPS 9877.

average episode rewards is -113.35220336914062

 Scenario simple_spread Algo rmappo Exp reference_20260925T173510Z_880afb_ippo_w128_seed1 updates 2790/6250 episodes, total num timesteps 8931200/20000000, FPS 9876.

average episode rewards is -114.237060546875

 Scenario simple_spread Algo rmappo Exp reference_20260925T173510Z_880afb_ippo_w128_seed1 updates 2795/6250 episodes, total num timesteps 8947200/20000000, FPS 9876.

average episode rewards is -114.60992431640625

 Scenario simple_spread Algo rmappo Exp reference_20260925T173510Z_880afb_ippo_w128_seed1 updates 2800/6250 episodes, total num timesteps 8963200/20000000, FPS 9876.

average episode rewards is -112.73619079589844
eval average episode rewards of agent: -109.07830772688641
eval success rate: 0.95

 Scenario simple_spread Algo rmappo Exp reference_20260925T173510Z_880afb_ippo_w128_seed1 updates 2805/6250 episodes, total num timesteps 8979200/20000000, FPS 9876.

average episode rewards is -112.27482604980469

 Scenario simple_spread Algo rmappo Exp reference_20260925T173510Z_880afb_ippo_w128_seed1 updates 2810/6250 episodes, total num timesteps 8995200/20000000, FPS 9876.

average episode rewards is -113.06063079833984

 Scenario simple_spread Algo rmappo Exp reference_20260925T173510Z_880afb_ippo_w128_seed1 updates 2815/6250 episodes, total num timesteps 9011200/20000000, FPS 9876.

average episode rewards is -112.69707489013672

 Scenario simple_spread Algo rmappo Exp reference_20260925T173510Z_880afb_ippo_w128_seed1 updates 2820/6250 episodes, total num timesteps 9027200/20000000, FPS 9877.

average episode rewards is -113.28402709960938

 Scenario simple_spread Algo rmappo Exp reference_20260925T173510Z_880afb_ippo_w128_seed1 updates 2825/6250 episodes, total num timesteps 9043200/20000000, FPS 9877.

average episode rewards is -116.1828842163086
eval average episode rewards of agent: -109.34862351060912
eval success rate: 0.95

 Scenario simple_spread Algo rmappo Exp reference_20260925T173510Z_880afb_ippo_w128_seed1 updates 2830/6250 episodes, total num timesteps 9059200/20000000, FPS 9877.

average episode rewards is -113.71760559082031

 Scenario simple_spread Algo rmappo Exp reference_20260925T173510Z_880afb_ippo_w128_seed1 updates 2835/6250 episodes, total num timesteps 9075200/20000000, FPS 9877.

average episode rewards is -114.71430206298828

 Scenario simple_spread Algo rmappo Exp reference_20260925T173510Z_880afb_ippo_w128_seed1 updates 2840/6250 episodes, total num timesteps 9091200/20000000, FPS 9877.

average episode rewards is -113.47782897949219

 Scenario simple_spread Algo rmappo Exp reference_20260925T173510Z_880afb_ippo_w128_seed1 updates 2845/6250 episodes, total num timesteps 9107200/20000000, FPS 9878.

average episode rewards is -113.25382232666016

 Scenario simple_spread Algo rmappo Exp reference_20260925T173510Z_880afb_ippo_w128_seed1 updates 2850/6250 episodes, total num timesteps 9123200/20000000, FPS 9877.

average episode rewards is -114.79068756103516
eval average episode rewards of agent: -113.39514685354037
eval success rate: 0.9

 Scenario simple_spread Algo rmappo Exp reference_20260925T173510Z_880afb_ippo_w128_seed1 updates 2855/6250 episodes, total num timesteps 9139200/20000000, FPS 9876.

average episode rewards is -112.25189208984375

 Scenario simple_spread Algo rmappo Exp reference_20260925T173510Z_880afb_ippo_w128_seed1 updates 2860/6250 episodes, total num timesteps 9155200/20000000, FPS 9876.

average episode rewards is -113.55058288574219

 Scenario simple_spread Algo rmappo Exp reference_20260925T173510Z_880afb_ippo_w128_seed1 updates 2865/6250 episodes, total num timesteps 9171200/20000000, FPS 9877.

average episode rewards is -112.2034683227539

 Scenario simple_spread Algo rmappo Exp reference_20260925T173510Z_880afb_ippo_w128_seed1 updates 2870/6250 episodes, total num timesteps 9187200/20000000, FPS 9877.

average episode rewards is -113.92542266845703

 Scenario simple_spread Algo rmappo Exp reference_20260925T173510Z_880afb_ippo_w128_seed1 updates 2875/6250 episodes, total num timesteps 9203200/20000000, FPS 9877.

average episode rewards is -113.8087158203125
eval average episode rewards of agent: -112.07777425889638
eval success rate: 0.95

 Scenario simple_spread Algo rmappo Exp reference_20260925T173510Z_880afb_ippo_w128_seed1 updates 2880/6250 episodes, total num timesteps 9219200/20000000, FPS 9877.

average episode rewards is -113.58712768554688

 Scenario simple_spread Algo rmappo Exp reference_20260925T173510Z_880afb_ippo_w128_seed1 updates 2885/6250 episodes, total num timesteps 9235200/20000000, FPS 9878.

average episode rewards is -113.2573013305664

 Scenario simple_spread Algo rmappo Exp reference_20260925T173510Z_880afb_ippo_w128_seed1 updates 2890/6250 episodes, total num timesteps 9251200/20000000, FPS 9878.

average episode rewards is -114.00504302978516

 Scenario simple_spread Algo rmappo Exp reference_20260925T173510Z_880afb_ippo_w128_seed1 updates 2895/6250 episodes, total num timesteps 9267200/20000000, FPS 9878.

average episode rewards is -116.206787109375

 Scenario simple_spread Algo rmappo Exp reference_20260925T173510Z_880afb_ippo_w128_seed1 updates 2900/6250 episodes, total num timesteps 9283200/20000000, FPS 9878.

average episode rewards is -112.1728515625
eval average episode rewards of agent: -110.82767711375116
eval success rate: 0.95

 Scenario simple_spread Algo rmappo Exp reference_20260925T173510Z_880afb_ippo_w128_seed1 updates 2905/6250 episodes, total num timesteps 9299200/20000000, FPS 9878.

average episode rewards is -114.7750244140625

 Scenario simple_spread Algo rmappo Exp reference_20260925T173510Z_880afb_ippo_w128_seed1 updates 2910/6250 episodes, total num timesteps 9315200/20000000, FPS 9877.

average episode rewards is -115.69876861572266

 Scenario simple_spread Algo rmappo Exp reference_20260925T173510Z_880afb_ippo_w128_seed1 updates 2915/6250 episodes, total num timesteps 9331200/20000000, FPS 9878.

average episode rewards is -116.05491638183594

 Scenario simple_spread Algo rmappo Exp reference_20260925T173510Z_880afb_ippo_w128_seed1 updates 2920/6250 episodes, total num timesteps 9347200/20000000, FPS 9878.

average episode rewards is -114.6220474243164

 Scenario simple_spread Algo rmappo Exp reference_20260925T173510Z_880afb_ippo_w128_seed1 updates 2925/6250 episodes, total num timesteps 9363200/20000000, FPS 9878.

average episode rewards is -112.0387191772461
eval average episode rewards of agent: -113.20796608173097
eval success rate: 0.8

 Scenario simple_spread Algo rmappo Exp reference_20260925T173510Z_880afb_ippo_w128_seed1 updates 2930/6250 episodes, total num timesteps 9379200/20000000, FPS 9877.

average episode rewards is -111.04006958007812

 Scenario simple_spread Algo rmappo Exp reference_20260925T173510Z_880afb_ippo_w128_seed1 updates 2935/6250 episodes, total num timesteps 9395200/20000000, FPS 9878.

average episode rewards is -113.78815460205078

 Scenario simple_spread Algo rmappo Exp reference_20260925T173510Z_880afb_ippo_w128_seed1 updates 2940/6250 episodes, total num timesteps 9411200/20000000, FPS 9877.

average episode rewards is -113.84733581542969

 Scenario simple_spread Algo rmappo Exp reference_20260925T173510Z_880afb_ippo_w128_seed1 updates 2945/6250 episodes, total num timesteps 9427200/20000000, FPS 9878.

average episode rewards is -111.42862701416016

 Scenario simple_spread Algo rmappo Exp reference_20260925T173510Z_880afb_ippo_w128_seed1 updates 2950/6250 episodes, total num timesteps 9443200/20000000, FPS 9878.

average episode rewards is -114.66658020019531
eval average episode rewards of agent: -112.68121414863994
eval success rate: 0.9

 Scenario simple_spread Algo rmappo Exp reference_20260925T173510Z_880afb_ippo_w128_seed1 updates 2955/6250 episodes, total num timesteps 9459200/20000000, FPS 9877.

average episode rewards is -112.6768569946289

 Scenario simple_spread Algo rmappo Exp reference_20260925T173510Z_880afb_ippo_w128_seed1 updates 2960/6250 episodes, total num timesteps 9475200/20000000, FPS 9878.

average episode rewards is -115.68730926513672

 Scenario simple_spread Algo rmappo Exp reference_20260925T173510Z_880afb_ippo_w128_seed1 updates 2965/6250 episodes, total num timesteps 9491200/20000000, FPS 9878.

average episode rewards is -112.74695587158203

 Scenario simple_spread Algo rmappo Exp reference_20260925T173510Z_880afb_ippo_w128_seed1 updates 2970/6250 episodes, total num timesteps 9507200/20000000, FPS 9877.

average episode rewards is -115.66425323486328

 Scenario simple_spread Algo rmappo Exp reference_20260925T173510Z_880afb_ippo_w128_seed1 updates 2975/6250 episodes, total num timesteps 9523200/20000000, FPS 9877.

average episode rewards is -112.41577911376953
eval average episode rewards of agent: -114.53983167033606
eval success rate: 0.9

 Scenario simple_spread Algo rmappo Exp reference_20260925T173510Z_880afb_ippo_w128_seed1 updates 2980/6250 episodes, total num timesteps 9539200/20000000, FPS 9877.

average episode rewards is -114.81482696533203

 Scenario simple_spread Algo rmappo Exp reference_20260925T173510Z_880afb_ippo_w128_seed1 updates 2985/6250 episodes, total num timesteps 9555200/20000000, FPS 9877.

average episode rewards is -114.17060852050781

 Scenario simple_spread Algo rmappo Exp reference_20260925T173510Z_880afb_ippo_w128_seed1 updates 2990/6250 episodes, total num timesteps 9571200/20000000, FPS 9878.

average episode rewards is -114.58038330078125

 Scenario simple_spread Algo rmappo Exp reference_20260925T173510Z_880afb_ippo_w128_seed1 updates 2995/6250 episodes, total num timesteps 9587200/20000000, FPS 9877.

average episode rewards is -114.6209487915039

 Scenario simple_spread Algo rmappo Exp reference_20260925T173510Z_880afb_ippo_w128_seed1 updates 3000/6250 episodes, total num timesteps 9603200/20000000, FPS 9877.

average episode rewards is -112.9275894165039
eval average episode rewards of agent: -112.33409047996018
eval success rate: 0.95

 Scenario simple_spread Algo rmappo Exp reference_20260925T173510Z_880afb_ippo_w128_seed1 updates 3005/6250 episodes, total num timesteps 9619200/20000000, FPS 9877.

average episode rewards is -113.11865234375

 Scenario simple_spread Algo rmappo Exp reference_20260925T173510Z_880afb_ippo_w128_seed1 updates 3010/6250 episodes, total num timesteps 9635200/20000000, FPS 9878.

average episode rewards is -114.66524505615234

 Scenario simple_spread Algo rmappo Exp reference_20260925T173510Z_880afb_ippo_w128_seed1 updates 3015/6250 episodes, total num timesteps 9651200/20000000, FPS 9878.

average episode rewards is -115.37339782714844

 Scenario simple_spread Algo rmappo Exp reference_20260925T173510Z_880afb_ippo_w128_seed1 updates 3020/6250 episodes, total num timesteps 9667200/20000000, FPS 9879.

average episode rewards is -111.40573120117188

 Scenario simple_spread Algo rmappo Exp reference_20260925T173510Z_880afb_ippo_w128_seed1 updates 3025/6250 episodes, total num timesteps 9683200/20000000, FPS 9878.

average episode rewards is -112.85638427734375
eval average episode rewards of agent: -114.34517784579606
eval success rate: 0.95

 Scenario simple_spread Algo rmappo Exp reference_20260925T173510Z_880afb_ippo_w128_seed1 updates 3030/6250 episodes, total num timesteps 9699200/20000000, FPS 9877.

average episode rewards is -115.3142318725586

 Scenario simple_spread Algo rmappo Exp reference_20260925T173510Z_880afb_ippo_w128_seed1 updates 3035/6250 episodes, total num timesteps 9715200/20000000, FPS 9877.

average episode rewards is -111.65742492675781

 Scenario simple_spread Algo rmappo Exp reference_20260925T173510Z_880afb_ippo_w128_seed1 updates 3040/6250 episodes, total num timesteps 9731200/20000000, FPS 9877.

average episode rewards is -112.07122802734375

 Scenario simple_spread Algo rmappo Exp reference_20260925T173510Z_880afb_ippo_w128_seed1 updates 3045/6250 episodes, total num timesteps 9747200/20000000, FPS 9877.

average episode rewards is -113.19781494140625

 Scenario simple_spread Algo rmappo Exp reference_20260925T173510Z_880afb_ippo_w128_seed1 updates 3050/6250 episodes, total num timesteps 9763200/20000000, FPS 9877.

average episode rewards is -115.46971893310547
eval average episode rewards of agent: -111.38110186366367
eval success rate: 0.9

 Scenario simple_spread Algo rmappo Exp reference_20260925T173510Z_880afb_ippo_w128_seed1 updates 3055/6250 episodes, total num timesteps 9779200/20000000, FPS 9877.

average episode rewards is -115.72240447998047

 Scenario simple_spread Algo rmappo Exp reference_20260925T173510Z_880afb_ippo_w128_seed1 updates 3060/6250 episodes, total num timesteps 9795200/20000000, FPS 9877.

average episode rewards is -115.05213928222656

 Scenario simple_spread Algo rmappo Exp reference_20260925T173510Z_880afb_ippo_w128_seed1 updates 3065/6250 episodes, total num timesteps 9811200/20000000, FPS 9878.

average episode rewards is -114.14523315429688

 Scenario simple_spread Algo rmappo Exp reference_20260925T173510Z_880afb_ippo_w128_seed1 updates 3070/6250 episodes, total num timesteps 9827200/20000000, FPS 9878.

average episode rewards is -113.04655456542969

 Scenario simple_spread Algo rmappo Exp reference_20260925T173510Z_880afb_ippo_w128_seed1 updates 3075/6250 episodes, total num timesteps 9843200/20000000, FPS 9878.

average episode rewards is -113.45002746582031
eval average episode rewards of agent: -110.73089025865742
eval success rate: 1.0

 Scenario simple_spread Algo rmappo Exp reference_20260925T173510Z_880afb_ippo_w128_seed1 updates 3080/6250 episodes, total num timesteps 9859200/20000000, FPS 9877.

average episode rewards is -114.50150299072266

 Scenario simple_spread Algo rmappo Exp reference_20260925T173510Z_880afb_ippo_w128_seed1 updates 3085/6250 episodes, total num timesteps 9875200/20000000, FPS 9877.

average episode rewards is -114.58138275146484

 Scenario simple_spread Algo rmappo Exp reference_20260925T173510Z_880afb_ippo_w128_seed1 updates 3090/6250 episodes, total num timesteps 9891200/20000000, FPS 9877.

average episode rewards is -112.30599975585938

 Scenario simple_spread Algo rmappo Exp reference_20260925T173510Z_880afb_ippo_w128_seed1 updates 3095/6250 episodes, total num timesteps 9907200/20000000, FPS 9877.

average episode rewards is -112.2593994140625

 Scenario simple_spread Algo rmappo Exp reference_20260925T173510Z_880afb_ippo_w128_seed1 updates 3100/6250 episodes, total num timesteps 9923200/20000000, FPS 9877.

average episode rewards is -116.45533752441406
eval average episode rewards of agent: -111.5216964606772
eval success rate: 0.9

 Scenario simple_spread Algo rmappo Exp reference_20260925T173510Z_880afb_ippo_w128_seed1 updates 3105/6250 episodes, total num timesteps 9939200/20000000, FPS 9877.

average episode rewards is -112.41690826416016

 Scenario simple_spread Algo rmappo Exp reference_20260925T173510Z_880afb_ippo_w128_seed1 updates 3110/6250 episodes, total num timesteps 9955200/20000000, FPS 9877.

average episode rewards is -112.17821502685547

 Scenario simple_spread Algo rmappo Exp reference_20260925T173510Z_880afb_ippo_w128_seed1 updates 3115/6250 episodes, total num timesteps 9971200/20000000, FPS 9878.

average episode rewards is -115.04305267333984

 Scenario simple_spread Algo rmappo Exp reference_20260925T173510Z_880afb_ippo_w128_seed1 updates 3120/6250 episodes, total num timesteps 9987200/20000000, FPS 9878.

average episode rewards is -113.17771911621094

 Scenario simple_spread Algo rmappo Exp reference_20260925T173510Z_880afb_ippo_w128_seed1 updates 3125/6250 episodes, total num timesteps 10003200/20000000, FPS 9878.

average episode rewards is -115.06684112548828
eval average episode rewards of agent: -113.24689401886629
eval success rate: 0.95

 Scenario simple_spread Algo rmappo Exp reference_20260925T173510Z_880afb_ippo_w128_seed1 updates 3130/6250 episodes, total num timesteps 10019200/20000000, FPS 9877.

average episode rewards is -114.38365936279297

 Scenario simple_spread Algo rmappo Exp reference_20260925T173510Z_880afb_ippo_w128_seed1 updates 3135/6250 episodes, total num timesteps 10035200/20000000, FPS 9878.

average episode rewards is -115.43797302246094

 Scenario simple_spread Algo rmappo Exp reference_20260925T173510Z_880afb_ippo_w128_seed1 updates 3140/6250 episodes, total num timesteps 10051200/20000000, FPS 9878.

average episode rewards is -114.48397827148438

 Scenario simple_spread Algo rmappo Exp reference_20260925T173510Z_880afb_ippo_w128_seed1 updates 3145/6250 episodes, total num timesteps 10067200/20000000, FPS 9878.

average episode rewards is -113.77046203613281

 Scenario simple_spread Algo rmappo Exp reference_20260925T173510Z_880afb_ippo_w128_seed1 updates 3150/6250 episodes, total num timesteps 10083200/20000000, FPS 9877.

average episode rewards is -114.2904281616211
eval average episode rewards of agent: -114.77685543499092
eval success rate: 0.95

 Scenario simple_spread Algo rmappo Exp reference_20260925T173510Z_880afb_ippo_w128_seed1 updates 3155/6250 episodes, total num timesteps 10099200/20000000, FPS 9876.

average episode rewards is -114.19278717041016

 Scenario simple_spread Algo rmappo Exp reference_20260925T173510Z_880afb_ippo_w128_seed1 updates 3160/6250 episodes, total num timesteps 10115200/20000000, FPS 9877.

average episode rewards is -113.7176742553711

 Scenario simple_spread Algo rmappo Exp reference_20260925T173510Z_880afb_ippo_w128_seed1 updates 3165/6250 episodes, total num timesteps 10131200/20000000, FPS 9877.

average episode rewards is -114.6556396484375

 Scenario simple_spread Algo rmappo Exp reference_20260925T173510Z_880afb_ippo_w128_seed1 updates 3170/6250 episodes, total num timesteps 10147200/20000000, FPS 9877.

average episode rewards is -115.61241149902344

 Scenario simple_spread Algo rmappo Exp reference_20260925T173510Z_880afb_ippo_w128_seed1 updates 3175/6250 episodes, total num timesteps 10163200/20000000, FPS 9878.

average episode rewards is -115.72283172607422
eval average episode rewards of agent: -112.77823590627106
eval success rate: 1.0

 Scenario simple_spread Algo rmappo Exp reference_20260925T173510Z_880afb_ippo_w128_seed1 updates 3180/6250 episodes, total num timesteps 10179200/20000000, FPS 9877.

average episode rewards is -114.52561950683594

 Scenario simple_spread Algo rmappo Exp reference_20260925T173510Z_880afb_ippo_w128_seed1 updates 3185/6250 episodes, total num timesteps 10195200/20000000, FPS 9877.

average episode rewards is -114.73252868652344

 Scenario simple_spread Algo rmappo Exp reference_20260925T173510Z_880afb_ippo_w128_seed1 updates 3190/6250 episodes, total num timesteps 10211200/20000000, FPS 9877.

average episode rewards is -114.76864624023438

 Scenario simple_spread Algo rmappo Exp reference_20260925T173510Z_880afb_ippo_w128_seed1 updates 3195/6250 episodes, total num timesteps 10227200/20000000, FPS 9877.

average episode rewards is -113.43812561035156

 Scenario simple_spread Algo rmappo Exp reference_20260925T173510Z_880afb_ippo_w128_seed1 updates 3200/6250 episodes, total num timesteps 10243200/20000000, FPS 9878.

average episode rewards is -114.86627197265625
eval average episode rewards of agent: -111.06850136679665
eval success rate: 0.9

 Scenario simple_spread Algo rmappo Exp reference_20260925T173510Z_880afb_ippo_w128_seed1 updates 3205/6250 episodes, total num timesteps 10259200/20000000, FPS 9878.

average episode rewards is -115.65180969238281

 Scenario simple_spread Algo rmappo Exp reference_20260925T173510Z_880afb_ippo_w128_seed1 updates 3210/6250 episodes, total num timesteps 10275200/20000000, FPS 9877.

average episode rewards is -112.99686431884766

 Scenario simple_spread Algo rmappo Exp reference_20260925T173510Z_880afb_ippo_w128_seed1 updates 3215/6250 episodes, total num timesteps 10291200/20000000, FPS 9877.

average episode rewards is -111.8091812133789

 Scenario simple_spread Algo rmappo Exp reference_20260925T173510Z_880afb_ippo_w128_seed1 updates 3220/6250 episodes, total num timesteps 10307200/20000000, FPS 9877.

average episode rewards is -113.89688110351562

 Scenario simple_spread Algo rmappo Exp reference_20260925T173510Z_880afb_ippo_w128_seed1 updates 3225/6250 episodes, total num timesteps 10323200/20000000, FPS 9877.

average episode rewards is -114.93280029296875
eval average episode rewards of agent: -110.07949075052038
eval success rate: 1.0

 Scenario simple_spread Algo rmappo Exp reference_20260925T173510Z_880afb_ippo_w128_seed1 updates 3230/6250 episodes, total num timesteps 10339200/20000000, FPS 9877.

average episode rewards is -115.40433502197266

 Scenario simple_spread Algo rmappo Exp reference_20260925T173510Z_880afb_ippo_w128_seed1 updates 3235/6250 episodes, total num timesteps 10355200/20000000, FPS 9877.

average episode rewards is -112.96658325195312

 Scenario simple_spread Algo rmappo Exp reference_20260925T173510Z_880afb_ippo_w128_seed1 updates 3240/6250 episodes, total num timesteps 10371200/20000000, FPS 9878.

average episode rewards is -113.6361083984375

 Scenario simple_spread Algo rmappo Exp reference_20260925T173510Z_880afb_ippo_w128_seed1 updates 3245/6250 episodes, total num timesteps 10387200/20000000, FPS 9878.

average episode rewards is -111.74295043945312

 Scenario simple_spread Algo rmappo Exp reference_20260925T173510Z_880afb_ippo_w128_seed1 updates 3250/6250 episodes, total num timesteps 10403200/20000000, FPS 9878.

average episode rewards is -113.84671783447266
eval average episode rewards of agent: -113.77489750218601
eval success rate: 1.0

 Scenario simple_spread Algo rmappo Exp reference_20260925T173510Z_880afb_ippo_w128_seed1 updates 3255/6250 episodes, total num timesteps 10419200/20000000, FPS 9878.

average episode rewards is -111.46276092529297

 Scenario simple_spread Algo rmappo Exp reference_20260925T173510Z_880afb_ippo_w128_seed1 updates 3260/6250 episodes, total num timesteps 10435200/20000000, FPS 9878.

average episode rewards is -111.8917236328125

 Scenario simple_spread Algo rmappo Exp reference_20260925T173510Z_880afb_ippo_w128_seed1 updates 3265/6250 episodes, total num timesteps 10451200/20000000, FPS 9878.

average episode rewards is -112.43983459472656

 Scenario simple_spread Algo rmappo Exp reference_20260925T173510Z_880afb_ippo_w128_seed1 updates 3270/6250 episodes, total num timesteps 10467200/20000000, FPS 9877.

average episode rewards is -113.68448638916016

 Scenario simple_spread Algo rmappo Exp reference_20260925T173510Z_880afb_ippo_w128_seed1 updates 3275/6250 episodes, total num timesteps 10483200/20000000, FPS 9877.

average episode rewards is -114.60183715820312
eval average episode rewards of agent: -107.0818302173935
eval success rate: 1.0

 Scenario simple_spread Algo rmappo Exp reference_20260925T173510Z_880afb_ippo_w128_seed1 updates 3280/6250 episodes, total num timesteps 10499200/20000000, FPS 9877.

average episode rewards is -113.05342864990234

 Scenario simple_spread Algo rmappo Exp reference_20260925T173510Z_880afb_ippo_w128_seed1 updates 3285/6250 episodes, total num timesteps 10515200/20000000, FPS 9877.

average episode rewards is -115.7833480834961

 Scenario simple_spread Algo rmappo Exp reference_20260925T173510Z_880afb_ippo_w128_seed1 updates 3290/6250 episodes, total num timesteps 10531200/20000000, FPS 9877.

average episode rewards is -115.24488067626953

 Scenario simple_spread Algo rmappo Exp reference_20260925T173510Z_880afb_ippo_w128_seed1 updates 3295/6250 episodes, total num timesteps 10547200/20000000, FPS 9877.

average episode rewards is -114.12930297851562

 Scenario simple_spread Algo rmappo Exp reference_20260925T173510Z_880afb_ippo_w128_seed1 updates 3300/6250 episodes, total num timesteps 10563200/20000000, FPS 9878.

average episode rewards is -115.13713836669922
eval average episode rewards of agent: -122.00060973996833
eval success rate: 0.9

 Scenario simple_spread Algo rmappo Exp reference_20260925T173510Z_880afb_ippo_w128_seed1 updates 3305/6250 episodes, total num timesteps 10579200/20000000, FPS 9878.

average episode rewards is -114.51663970947266

 Scenario simple_spread Algo rmappo Exp reference_20260925T173510Z_880afb_ippo_w128_seed1 updates 3310/6250 episodes, total num timesteps 10595200/20000000, FPS 9878.

average episode rewards is -114.45149230957031

 Scenario simple_spread Algo rmappo Exp reference_20260925T173510Z_880afb_ippo_w128_seed1 updates 3315/6250 episodes, total num timesteps 10611200/20000000, FPS 9878.

average episode rewards is -112.96682739257812

 Scenario simple_spread Algo rmappo Exp reference_20260925T173510Z_880afb_ippo_w128_seed1 updates 3320/6250 episodes, total num timesteps 10627200/20000000, FPS 9878.

average episode rewards is -111.1261215209961

 Scenario simple_spread Algo rmappo Exp reference_20260925T173510Z_880afb_ippo_w128_seed1 updates 3325/6250 episodes, total num timesteps 10643200/20000000, FPS 9878.

average episode rewards is -116.70746612548828
eval average episode rewards of agent: -110.34028371874025
eval success rate: 0.95

 Scenario simple_spread Algo rmappo Exp reference_20260925T173510Z_880afb_ippo_w128_seed1 updates 3330/6250 episodes, total num timesteps 10659200/20000000, FPS 9877.

average episode rewards is -110.64482116699219

 Scenario simple_spread Algo rmappo Exp reference_20260925T173510Z_880afb_ippo_w128_seed1 updates 3335/6250 episodes, total num timesteps 10675200/20000000, FPS 9878.

average episode rewards is -112.96178436279297

 Scenario simple_spread Algo rmappo Exp reference_20260925T173510Z_880afb_ippo_w128_seed1 updates 3340/6250 episodes, total num timesteps 10691200/20000000, FPS 9878.

average episode rewards is -112.08625793457031

 Scenario simple_spread Algo rmappo Exp reference_20260925T173510Z_880afb_ippo_w128_seed1 updates 3345/6250 episodes, total num timesteps 10707200/20000000, FPS 9878.

average episode rewards is -115.45231628417969

 Scenario simple_spread Algo rmappo Exp reference_20260925T173510Z_880afb_ippo_w128_seed1 updates 3350/6250 episodes, total num timesteps 10723200/20000000, FPS 9878.

average episode rewards is -113.59659576416016
eval average episode rewards of agent: -111.50033973341213
eval success rate: 0.85

 Scenario simple_spread Algo rmappo Exp reference_20260925T173510Z_880afb_ippo_w128_seed1 updates 3355/6250 episodes, total num timesteps 10739200/20000000, FPS 9878.

average episode rewards is -114.05025482177734

 Scenario simple_spread Algo rmappo Exp reference_20260925T173510Z_880afb_ippo_w128_seed1 updates 3360/6250 episodes, total num timesteps 10755200/20000000, FPS 9878.

average episode rewards is -115.2292251586914

 Scenario simple_spread Algo rmappo Exp reference_20260925T173510Z_880afb_ippo_w128_seed1 updates 3365/6250 episodes, total num timesteps 10771200/20000000, FPS 9878.

average episode rewards is -112.98847198486328

 Scenario simple_spread Algo rmappo Exp reference_20260925T173510Z_880afb_ippo_w128_seed1 updates 3370/6250 episodes, total num timesteps 10787200/20000000, FPS 9878.

average episode rewards is -116.10308837890625

 Scenario simple_spread Algo rmappo Exp reference_20260925T173510Z_880afb_ippo_w128_seed1 updates 3375/6250 episodes, total num timesteps 10803200/20000000, FPS 9878.

average episode rewards is -112.47049713134766
eval average episode rewards of agent: -118.07940603542337
eval success rate: 0.9

 Scenario simple_spread Algo rmappo Exp reference_20260925T173510Z_880afb_ippo_w128_seed1 updates 3380/6250 episodes, total num timesteps 10819200/20000000, FPS 9878.

average episode rewards is -113.6357421875

 Scenario simple_spread Algo rmappo Exp reference_20260925T173510Z_880afb_ippo_w128_seed1 updates 3385/6250 episodes, total num timesteps 10835200/20000000, FPS 9878.

average episode rewards is -114.76824188232422

 Scenario simple_spread Algo rmappo Exp reference_20260925T173510Z_880afb_ippo_w128_seed1 updates 3390/6250 episodes, total num timesteps 10851200/20000000, FPS 9878.

average episode rewards is -113.52447509765625

 Scenario simple_spread Algo rmappo Exp reference_20260925T173510Z_880afb_ippo_w128_seed1 updates 3395/6250 episodes, total num timesteps 10867200/20000000, FPS 9878.

average episode rewards is -112.89039611816406

 Scenario simple_spread Algo rmappo Exp reference_20260925T173510Z_880afb_ippo_w128_seed1 updates 3400/6250 episodes, total num timesteps 10883200/20000000, FPS 9878.

average episode rewards is -114.03679656982422
eval average episode rewards of agent: -116.44997134656143
eval success rate: 0.85

 Scenario simple_spread Algo rmappo Exp reference_20260925T173510Z_880afb_ippo_w128_seed1 updates 3405/6250 episodes, total num timesteps 10899200/20000000, FPS 9878.

average episode rewards is -111.4564208984375

 Scenario simple_spread Algo rmappo Exp reference_20260925T173510Z_880afb_ippo_w128_seed1 updates 3410/6250 episodes, total num timesteps 10915200/20000000, FPS 9878.

average episode rewards is -112.32986450195312

 Scenario simple_spread Algo rmappo Exp reference_20260925T173510Z_880afb_ippo_w128_seed1 updates 3415/6250 episodes, total num timesteps 10931200/20000000, FPS 9878.

average episode rewards is -114.34963989257812

 Scenario simple_spread Algo rmappo Exp reference_20260925T173510Z_880afb_ippo_w128_seed1 updates 3420/6250 episodes, total num timesteps 10947200/20000000, FPS 9879.

average episode rewards is -113.94728088378906

 Scenario simple_spread Algo rmappo Exp reference_20260925T173510Z_880afb_ippo_w128_seed1 updates 3425/6250 episodes, total num timesteps 10963200/20000000, FPS 9879.

average episode rewards is -114.69196319580078
eval average episode rewards of agent: -110.3020030678335
eval success rate: 1.0

 Scenario simple_spread Algo rmappo Exp reference_20260925T173510Z_880afb_ippo_w128_seed1 updates 3430/6250 episodes, total num timesteps 10979200/20000000, FPS 9879.

average episode rewards is -112.60499572753906

 Scenario simple_spread Algo rmappo Exp reference_20260925T173510Z_880afb_ippo_w128_seed1 updates 3435/6250 episodes, total num timesteps 10995200/20000000, FPS 9879.

average episode rewards is -114.58064270019531

 Scenario simple_spread Algo rmappo Exp reference_20260925T173510Z_880afb_ippo_w128_seed1 updates 3440/6250 episodes, total num timesteps 11011200/20000000, FPS 9879.

average episode rewards is -114.57951354980469

 Scenario simple_spread Algo rmappo Exp reference_20260925T173510Z_880afb_ippo_w128_seed1 updates 3445/6250 episodes, total num timesteps 11027200/20000000, FPS 9880.

average episode rewards is -114.10144805908203

 Scenario simple_spread Algo rmappo Exp reference_20260925T173510Z_880afb_ippo_w128_seed1 updates 3450/6250 episodes, total num timesteps 11043200/20000000, FPS 9879.

average episode rewards is -115.69279479980469
eval average episode rewards of agent: -117.25931382471107
eval success rate: 0.9

 Scenario simple_spread Algo rmappo Exp reference_20260925T173510Z_880afb_ippo_w128_seed1 updates 3455/6250 episodes, total num timesteps 11059200/20000000, FPS 9878.

average episode rewards is -113.3819351196289

 Scenario simple_spread Algo rmappo Exp reference_20260925T173510Z_880afb_ippo_w128_seed1 updates 3460/6250 episodes, total num timesteps 11075200/20000000, FPS 9878.

average episode rewards is -113.79115295410156

 Scenario simple_spread Algo rmappo Exp reference_20260925T173510Z_880afb_ippo_w128_seed1 updates 3465/6250 episodes, total num timesteps 11091200/20000000, FPS 9878.

average episode rewards is -114.16490173339844

 Scenario simple_spread Algo rmappo Exp reference_20260925T173510Z_880afb_ippo_w128_seed1 updates 3470/6250 episodes, total num timesteps 11107200/20000000, FPS 9879.

average episode rewards is -111.68681335449219

 Scenario simple_spread Algo rmappo Exp reference_20260925T173510Z_880afb_ippo_w128_seed1 updates 3475/6250 episodes, total num timesteps 11123200/20000000, FPS 9879.

average episode rewards is -114.26861572265625
eval average episode rewards of agent: -111.93061098580688
eval success rate: 0.9

 Scenario simple_spread Algo rmappo Exp reference_20260925T173510Z_880afb_ippo_w128_seed1 updates 3480/6250 episodes, total num timesteps 11139200/20000000, FPS 9878.

average episode rewards is -116.42547607421875

 Scenario simple_spread Algo rmappo Exp reference_20260925T173510Z_880afb_ippo_w128_seed1 updates 3485/6250 episodes, total num timesteps 11155200/20000000, FPS 9879.

average episode rewards is -114.87664031982422

 Scenario simple_spread Algo rmappo Exp reference_20260925T173510Z_880afb_ippo_w128_seed1 updates 3490/6250 episodes, total num timesteps 11171200/20000000, FPS 9879.

average episode rewards is -113.99104309082031

 Scenario simple_spread Algo rmappo Exp reference_20260925T173510Z_880afb_ippo_w128_seed1 updates 3495/6250 episodes, total num timesteps 11187200/20000000, FPS 9879.

average episode rewards is -115.0533218383789

 Scenario simple_spread Algo rmappo Exp reference_20260925T173510Z_880afb_ippo_w128_seed1 updates 3500/6250 episodes, total num timesteps 11203200/20000000, FPS 9879.

average episode rewards is -114.43761444091797
eval average episode rewards of agent: -110.9338160322575
eval success rate: 0.9

 Scenario simple_spread Algo rmappo Exp reference_20260925T173510Z_880afb_ippo_w128_seed1 updates 3505/6250 episodes, total num timesteps 11219200/20000000, FPS 9879.

average episode rewards is -112.77836608886719

 Scenario simple_spread Algo rmappo Exp reference_20260925T173510Z_880afb_ippo_w128_seed1 updates 3510/6250 episodes, total num timesteps 11235200/20000000, FPS 9878.

average episode rewards is -110.8367919921875

 Scenario simple_spread Algo rmappo Exp reference_20260925T173510Z_880afb_ippo_w128_seed1 updates 3515/6250 episodes, total num timesteps 11251200/20000000, FPS 9878.

average episode rewards is -115.3265151977539

 Scenario simple_spread Algo rmappo Exp reference_20260925T173510Z_880afb_ippo_w128_seed1 updates 3520/6250 episodes, total num timesteps 11267200/20000000, FPS 9878.

average episode rewards is -114.45635223388672

 Scenario simple_spread Algo rmappo Exp reference_20260925T173510Z_880afb_ippo_w128_seed1 updates 3525/6250 episodes, total num timesteps 11283200/20000000, FPS 9879.

average episode rewards is -113.167724609375
eval average episode rewards of agent: -112.10379653922043
eval success rate: 0.95

 Scenario simple_spread Algo rmappo Exp reference_20260925T173510Z_880afb_ippo_w128_seed1 updates 3530/6250 episodes, total num timesteps 11299200/20000000, FPS 9879.

average episode rewards is -112.01216125488281

 Scenario simple_spread Algo rmappo Exp reference_20260925T173510Z_880afb_ippo_w128_seed1 updates 3535/6250 episodes, total num timesteps 11315200/20000000, FPS 9879.

average episode rewards is -112.43084716796875

 Scenario simple_spread Algo rmappo Exp reference_20260925T173510Z_880afb_ippo_w128_seed1 updates 3540/6250 episodes, total num timesteps 11331200/20000000, FPS 9879.

average episode rewards is -112.49674224853516

 Scenario simple_spread Algo rmappo Exp reference_20260925T173510Z_880afb_ippo_w128_seed1 updates 3545/6250 episodes, total num timesteps 11347200/20000000, FPS 9879.

average episode rewards is -115.02503204345703

 Scenario simple_spread Algo rmappo Exp reference_20260925T173510Z_880afb_ippo_w128_seed1 updates 3550/6250 episodes, total num timesteps 11363200/20000000, FPS 9879.

average episode rewards is -111.41565704345703
eval average episode rewards of agent: -112.11813746666077
eval success rate: 0.95

 Scenario simple_spread Algo rmappo Exp reference_20260925T173510Z_880afb_ippo_w128_seed1 updates 3555/6250 episodes, total num timesteps 11379200/20000000, FPS 9879.

average episode rewards is -115.70445251464844

 Scenario simple_spread Algo rmappo Exp reference_20260925T173510Z_880afb_ippo_w128_seed1 updates 3560/6250 episodes, total num timesteps 11395200/20000000, FPS 9879.

average episode rewards is -116.08536529541016

 Scenario simple_spread Algo rmappo Exp reference_20260925T173510Z_880afb_ippo_w128_seed1 updates 3565/6250 episodes, total num timesteps 11411200/20000000, FPS 9879.

average episode rewards is -111.34431457519531

 Scenario simple_spread Algo rmappo Exp reference_20260925T173510Z_880afb_ippo_w128_seed1 updates 3570/6250 episodes, total num timesteps 11427200/20000000, FPS 9878.

average episode rewards is -113.89912414550781

 Scenario simple_spread Algo rmappo Exp reference_20260925T173510Z_880afb_ippo_w128_seed1 updates 3575/6250 episodes, total num timesteps 11443200/20000000, FPS 9879.

average episode rewards is -113.48506164550781
eval average episode rewards of agent: -115.81506740102817
eval success rate: 0.95

 Scenario simple_spread Algo rmappo Exp reference_20260925T173510Z_880afb_ippo_w128_seed1 updates 3580/6250 episodes, total num timesteps 11459200/20000000, FPS 9879.

average episode rewards is -112.19331359863281

 Scenario simple_spread Algo rmappo Exp reference_20260925T173510Z_880afb_ippo_w128_seed1 updates 3585/6250 episodes, total num timesteps 11475200/20000000, FPS 9879.

average episode rewards is -112.39273834228516

 Scenario simple_spread Algo rmappo Exp reference_20260925T173510Z_880afb_ippo_w128_seed1 updates 3590/6250 episodes, total num timesteps 11491200/20000000, FPS 9879.

average episode rewards is -114.1259994506836

 Scenario simple_spread Algo rmappo Exp reference_20260925T173510Z_880afb_ippo_w128_seed1 updates 3595/6250 episodes, total num timesteps 11507200/20000000, FPS 9880.

average episode rewards is -114.34843444824219

 Scenario simple_spread Algo rmappo Exp reference_20260925T173510Z_880afb_ippo_w128_seed1 updates 3600/6250 episodes, total num timesteps 11523200/20000000, FPS 9880.

average episode rewards is -116.52849578857422
eval average episode rewards of agent: -113.3031344199721
eval success rate: 0.95

 Scenario simple_spread Algo rmappo Exp reference_20260925T173510Z_880afb_ippo_w128_seed1 updates 3605/6250 episodes, total num timesteps 11539200/20000000, FPS 9880.

average episode rewards is -115.30734252929688

 Scenario simple_spread Algo rmappo Exp reference_20260925T173510Z_880afb_ippo_w128_seed1 updates 3610/6250 episodes, total num timesteps 11555200/20000000, FPS 9880.

average episode rewards is -112.9111557006836

 Scenario simple_spread Algo rmappo Exp reference_20260925T173510Z_880afb_ippo_w128_seed1 updates 3615/6250 episodes, total num timesteps 11571200/20000000, FPS 9880.

average episode rewards is -113.0706787109375

 Scenario simple_spread Algo rmappo Exp reference_20260925T173510Z_880afb_ippo_w128_seed1 updates 3620/6250 episodes, total num timesteps 11587200/20000000, FPS 9880.

average episode rewards is -115.0208740234375

 Scenario simple_spread Algo rmappo Exp reference_20260925T173510Z_880afb_ippo_w128_seed1 updates 3625/6250 episodes, total num timesteps 11603200/20000000, FPS 9880.

average episode rewards is -111.32435607910156
eval average episode rewards of agent: -114.60369845773239
eval success rate: 0.85

 Scenario simple_spread Algo rmappo Exp reference_20260925T173510Z_880afb_ippo_w128_seed1 updates 3630/6250 episodes, total num timesteps 11619200/20000000, FPS 9879.

average episode rewards is -111.84917449951172

 Scenario simple_spread Algo rmappo Exp reference_20260925T173510Z_880afb_ippo_w128_seed1 updates 3635/6250 episodes, total num timesteps 11635200/20000000, FPS 9879.

average episode rewards is -111.4037857055664

 Scenario simple_spread Algo rmappo Exp reference_20260925T173510Z_880afb_ippo_w128_seed1 updates 3640/6250 episodes, total num timesteps 11651200/20000000, FPS 9879.

average episode rewards is -111.85603332519531

 Scenario simple_spread Algo rmappo Exp reference_20260925T173510Z_880afb_ippo_w128_seed1 updates 3645/6250 episodes, total num timesteps 11667200/20000000, FPS 9879.

average episode rewards is -114.74185943603516

 Scenario simple_spread Algo rmappo Exp reference_20260925T173510Z_880afb_ippo_w128_seed1 updates 3650/6250 episodes, total num timesteps 11683200/20000000, FPS 9880.

average episode rewards is -113.5279541015625
eval average episode rewards of agent: -111.68345773690567
eval success rate: 0.95

 Scenario simple_spread Algo rmappo Exp reference_20260925T173510Z_880afb_ippo_w128_seed1 updates 3655/6250 episodes, total num timesteps 11699200/20000000, FPS 9880.

average episode rewards is -113.52371978759766

 Scenario simple_spread Algo rmappo Exp reference_20260925T173510Z_880afb_ippo_w128_seed1 updates 3660/6250 episodes, total num timesteps 11715200/20000000, FPS 9880.

average episode rewards is -114.79403686523438

 Scenario simple_spread Algo rmappo Exp reference_20260925T173510Z_880afb_ippo_w128_seed1 updates 3665/6250 episodes, total num timesteps 11731200/20000000, FPS 9880.

average episode rewards is -112.68812561035156

 Scenario simple_spread Algo rmappo Exp reference_20260925T173510Z_880afb_ippo_w128_seed1 updates 3670/6250 episodes, total num timesteps 11747200/20000000, FPS 9880.

average episode rewards is -113.35096740722656

 Scenario simple_spread Algo rmappo Exp reference_20260925T173510Z_880afb_ippo_w128_seed1 updates 3675/6250 episodes, total num timesteps 11763200/20000000, FPS 9880.

average episode rewards is -112.37659454345703
eval average episode rewards of agent: -109.43564595495003
eval success rate: 1.0

 Scenario simple_spread Algo rmappo Exp reference_20260925T173510Z_880afb_ippo_w128_seed1 updates 3680/6250 episodes, total num timesteps 11779200/20000000, FPS 9880.

average episode rewards is -110.66205596923828

 Scenario simple_spread Algo rmappo Exp reference_20260925T173510Z_880afb_ippo_w128_seed1 updates 3685/6250 episodes, total num timesteps 11795200/20000000, FPS 9880.

average episode rewards is -114.90454864501953

 Scenario simple_spread Algo rmappo Exp reference_20260925T173510Z_880afb_ippo_w128_seed1 updates 3690/6250 episodes, total num timesteps 11811200/20000000, FPS 9879.

average episode rewards is -111.1704330444336

 Scenario simple_spread Algo rmappo Exp reference_20260925T173510Z_880afb_ippo_w128_seed1 updates 3695/6250 episodes, total num timesteps 11827200/20000000, FPS 9879.

average episode rewards is -111.77835083007812

 Scenario simple_spread Algo rmappo Exp reference_20260925T173510Z_880afb_ippo_w128_seed1 updates 3700/6250 episodes, total num timesteps 11843200/20000000, FPS 9880.

average episode rewards is -112.97425842285156
eval average episode rewards of agent: -119.65001507041517
eval success rate: 0.8

 Scenario simple_spread Algo rmappo Exp reference_20260925T173510Z_880afb_ippo_w128_seed1 updates 3705/6250 episodes, total num timesteps 11859200/20000000, FPS 9879.

average episode rewards is -114.4489517211914

 Scenario simple_spread Algo rmappo Exp reference_20260925T173510Z_880afb_ippo_w128_seed1 updates 3710/6250 episodes, total num timesteps 11875200/20000000, FPS 9879.

average episode rewards is -114.9491195678711

 Scenario simple_spread Algo rmappo Exp reference_20260925T173510Z_880afb_ippo_w128_seed1 updates 3715/6250 episodes, total num timesteps 11891200/20000000, FPS 9880.

average episode rewards is -113.52230072021484

 Scenario simple_spread Algo rmappo Exp reference_20260925T173510Z_880afb_ippo_w128_seed1 updates 3720/6250 episodes, total num timesteps 11907200/20000000, FPS 9879.

average episode rewards is -112.54134368896484

 Scenario simple_spread Algo rmappo Exp reference_20260925T173510Z_880afb_ippo_w128_seed1 updates 3725/6250 episodes, total num timesteps 11923200/20000000, FPS 9880.

average episode rewards is -112.2651596069336
eval average episode rewards of agent: -107.49287020906196
eval success rate: 0.95

 Scenario simple_spread Algo rmappo Exp reference_20260925T173510Z_880afb_ippo_w128_seed1 updates 3730/6250 episodes, total num timesteps 11939200/20000000, FPS 9879.

average episode rewards is -112.3612289428711

 Scenario simple_spread Algo rmappo Exp reference_20260925T173510Z_880afb_ippo_w128_seed1 updates 3735/6250 episodes, total num timesteps 11955200/20000000, FPS 9879.

average episode rewards is -112.3585205078125

 Scenario simple_spread Algo rmappo Exp reference_20260925T173510Z_880afb_ippo_w128_seed1 updates 3740/6250 episodes, total num timesteps 11971200/20000000, FPS 9880.

average episode rewards is -111.72563934326172

 Scenario simple_spread Algo rmappo Exp reference_20260925T173510Z_880afb_ippo_w128_seed1 updates 3745/6250 episodes, total num timesteps 11987200/20000000, FPS 9880.

average episode rewards is -114.88565063476562

 Scenario simple_spread Algo rmappo Exp reference_20260925T173510Z_880afb_ippo_w128_seed1 updates 3750/6250 episodes, total num timesteps 12003200/20000000, FPS 9879.

average episode rewards is -111.15275573730469
eval average episode rewards of agent: -112.9931266454507
eval success rate: 1.0

 Scenario simple_spread Algo rmappo Exp reference_20260925T173510Z_880afb_ippo_w128_seed1 updates 3755/6250 episodes, total num timesteps 12019200/20000000, FPS 9879.

average episode rewards is -112.91609954833984

 Scenario simple_spread Algo rmappo Exp reference_20260925T173510Z_880afb_ippo_w128_seed1 updates 3760/6250 episodes, total num timesteps 12035200/20000000, FPS 9879.

average episode rewards is -113.82706451416016

 Scenario simple_spread Algo rmappo Exp reference_20260925T173510Z_880afb_ippo_w128_seed1 updates 3765/6250 episodes, total num timesteps 12051200/20000000, FPS 9879.

average episode rewards is -110.06722259521484

 Scenario simple_spread Algo rmappo Exp reference_20260925T173510Z_880afb_ippo_w128_seed1 updates 3770/6250 episodes, total num timesteps 12067200/20000000, FPS 9880.

average episode rewards is -112.33147430419922

 Scenario simple_spread Algo rmappo Exp reference_20260925T173510Z_880afb_ippo_w128_seed1 updates 3775/6250 episodes, total num timesteps 12083200/20000000, FPS 9880.

average episode rewards is -116.34942626953125
eval average episode rewards of agent: -112.26124865271494
eval success rate: 0.95

 Scenario simple_spread Algo rmappo Exp reference_20260925T173510Z_880afb_ippo_w128_seed1 updates 3780/6250 episodes, total num timesteps 12099200/20000000, FPS 9880.

average episode rewards is -113.05147552490234

 Scenario simple_spread Algo rmappo Exp reference_20260925T173510Z_880afb_ippo_w128_seed1 updates 3785/6250 episodes, total num timesteps 12115200/20000000, FPS 9880.

average episode rewards is -113.8530044555664

 Scenario simple_spread Algo rmappo Exp reference_20260925T173510Z_880afb_ippo_w128_seed1 updates 3790/6250 episodes, total num timesteps 12131200/20000000, FPS 9880.

average episode rewards is -112.84537506103516

 Scenario simple_spread Algo rmappo Exp reference_20260925T173510Z_880afb_ippo_w128_seed1 updates 3795/6250 episodes, total num timesteps 12147200/20000000, FPS 9880.

average episode rewards is -113.23750305175781

 Scenario simple_spread Algo rmappo Exp reference_20260925T173510Z_880afb_ippo_w128_seed1 updates 3800/6250 episodes, total num timesteps 12163200/20000000, FPS 9881.

average episode rewards is -114.3055191040039
eval average episode rewards of agent: -112.79701846843281
eval success rate: 0.9

 Scenario simple_spread Algo rmappo Exp reference_20260925T173510Z_880afb_ippo_w128_seed1 updates 3805/6250 episodes, total num timesteps 12179200/20000000, FPS 9880.

average episode rewards is -114.79704284667969

 Scenario simple_spread Algo rmappo Exp reference_20260925T173510Z_880afb_ippo_w128_seed1 updates 3810/6250 episodes, total num timesteps 12195200/20000000, FPS 9879.

average episode rewards is -111.62681579589844

 Scenario simple_spread Algo rmappo Exp reference_20260925T173510Z_880afb_ippo_w128_seed1 updates 3815/6250 episodes, total num timesteps 12211200/20000000, FPS 9880.

average episode rewards is -112.80479431152344

 Scenario simple_spread Algo rmappo Exp reference_20260925T173510Z_880afb_ippo_w128_seed1 updates 3820/6250 episodes, total num timesteps 12227200/20000000, FPS 9880.

average episode rewards is -111.71817779541016

 Scenario simple_spread Algo rmappo Exp reference_20260925T173510Z_880afb_ippo_w128_seed1 updates 3825/6250 episodes, total num timesteps 12243200/20000000, FPS 9880.

average episode rewards is -112.74549102783203
eval average episode rewards of agent: -110.71945999410026
eval success rate: 0.95

 Scenario simple_spread Algo rmappo Exp reference_20260925T173510Z_880afb_ippo_w128_seed1 updates 3830/6250 episodes, total num timesteps 12259200/20000000, FPS 9880.

average episode rewards is -113.6440658569336

 Scenario simple_spread Algo rmappo Exp reference_20260925T173510Z_880afb_ippo_w128_seed1 updates 3835/6250 episodes, total num timesteps 12275200/20000000, FPS 9880.

average episode rewards is -112.92762756347656

 Scenario simple_spread Algo rmappo Exp reference_20260925T173510Z_880afb_ippo_w128_seed1 updates 3840/6250 episodes, total num timesteps 12291200/20000000, FPS 9881.

average episode rewards is -112.57048797607422

 Scenario simple_spread Algo rmappo Exp reference_20260925T173510Z_880afb_ippo_w128_seed1 updates 3845/6250 episodes, total num timesteps 12307200/20000000, FPS 9881.

average episode rewards is -115.1422348022461

 Scenario simple_spread Algo rmappo Exp reference_20260925T173510Z_880afb_ippo_w128_seed1 updates 3850/6250 episodes, total num timesteps 12323200/20000000, FPS 9881.

average episode rewards is -114.01268005371094
eval average episode rewards of agent: -109.595130312752
eval success rate: 0.95

 Scenario simple_spread Algo rmappo Exp reference_20260925T173510Z_880afb_ippo_w128_seed1 updates 3855/6250 episodes, total num timesteps 12339200/20000000, FPS 9880.

average episode rewards is -112.40005493164062

 Scenario simple_spread Algo rmappo Exp reference_20260925T173510Z_880afb_ippo_w128_seed1 updates 3860/6250 episodes, total num timesteps 12355200/20000000, FPS 9881.

average episode rewards is -115.0405044555664

 Scenario simple_spread Algo rmappo Exp reference_20260925T173510Z_880afb_ippo_w128_seed1 updates 3865/6250 episodes, total num timesteps 12371200/20000000, FPS 9881.

average episode rewards is -112.71797180175781

 Scenario simple_spread Algo rmappo Exp reference_20260925T173510Z_880afb_ippo_w128_seed1 updates 3870/6250 episodes, total num timesteps 12387200/20000000, FPS 9880.

average episode rewards is -110.76710510253906

 Scenario simple_spread Algo rmappo Exp reference_20260925T173510Z_880afb_ippo_w128_seed1 updates 3875/6250 episodes, total num timesteps 12403200/20000000, FPS 9881.

average episode rewards is -114.50983428955078
eval average episode rewards of agent: -112.65600841324199
eval success rate: 0.8

 Scenario simple_spread Algo rmappo Exp reference_20260925T173510Z_880afb_ippo_w128_seed1 updates 3880/6250 episodes, total num timesteps 12419200/20000000, FPS 9880.

average episode rewards is -115.12017059326172

 Scenario simple_spread Algo rmappo Exp reference_20260925T173510Z_880afb_ippo_w128_seed1 updates 3885/6250 episodes, total num timesteps 12435200/20000000, FPS 9880.

average episode rewards is -116.66525268554688

 Scenario simple_spread Algo rmappo Exp reference_20260925T173510Z_880afb_ippo_w128_seed1 updates 3890/6250 episodes, total num timesteps 12451200/20000000, FPS 9881.

average episode rewards is -114.28133392333984

 Scenario simple_spread Algo rmappo Exp reference_20260925T173510Z_880afb_ippo_w128_seed1 updates 3895/6250 episodes, total num timesteps 12467200/20000000, FPS 9881.

average episode rewards is -113.1398696899414

 Scenario simple_spread Algo rmappo Exp reference_20260925T173510Z_880afb_ippo_w128_seed1 updates 3900/6250 episodes, total num timesteps 12483200/20000000, FPS 9881.

average episode rewards is -112.79096984863281
eval average episode rewards of agent: -115.22482967696591
eval success rate: 0.95

 Scenario simple_spread Algo rmappo Exp reference_20260925T173510Z_880afb_ippo_w128_seed1 updates 3905/6250 episodes, total num timesteps 12499200/20000000, FPS 9881.

average episode rewards is -111.78857421875

 Scenario simple_spread Algo rmappo Exp reference_20260925T173510Z_880afb_ippo_w128_seed1 updates 3910/6250 episodes, total num timesteps 12515200/20000000, FPS 9881.

average episode rewards is -114.79566955566406

 Scenario simple_spread Algo rmappo Exp reference_20260925T173510Z_880afb_ippo_w128_seed1 updates 3915/6250 episodes, total num timesteps 12531200/20000000, FPS 9881.

average episode rewards is -113.70806884765625

 Scenario simple_spread Algo rmappo Exp reference_20260925T173510Z_880afb_ippo_w128_seed1 updates 3920/6250 episodes, total num timesteps 12547200/20000000, FPS 9882.

average episode rewards is -112.65754699707031

 Scenario simple_spread Algo rmappo Exp reference_20260925T173510Z_880afb_ippo_w128_seed1 updates 3925/6250 episodes, total num timesteps 12563200/20000000, FPS 9882.

average episode rewards is -114.9703598022461
eval average episode rewards of agent: -114.91277300336009
eval success rate: 0.9

 Scenario simple_spread Algo rmappo Exp reference_20260925T173510Z_880afb_ippo_w128_seed1 updates 3930/6250 episodes, total num timesteps 12579200/20000000, FPS 9881.

average episode rewards is -112.84058380126953

 Scenario simple_spread Algo rmappo Exp reference_20260925T173510Z_880afb_ippo_w128_seed1 updates 3935/6250 episodes, total num timesteps 12595200/20000000, FPS 9881.

average episode rewards is -112.2090072631836

 Scenario simple_spread Algo rmappo Exp reference_20260925T173510Z_880afb_ippo_w128_seed1 updates 3940/6250 episodes, total num timesteps 12611200/20000000, FPS 9881.

average episode rewards is -112.99308776855469

 Scenario simple_spread Algo rmappo Exp reference_20260925T173510Z_880afb_ippo_w128_seed1 updates 3945/6250 episodes, total num timesteps 12627200/20000000, FPS 9881.

average episode rewards is -114.50477600097656

 Scenario simple_spread Algo rmappo Exp reference_20260925T173510Z_880afb_ippo_w128_seed1 updates 3950/6250 episodes, total num timesteps 12643200/20000000, FPS 9881.

average episode rewards is -109.73585510253906
eval average episode rewards of agent: -111.8884593107651
eval success rate: 1.0

 Scenario simple_spread Algo rmappo Exp reference_20260925T173510Z_880afb_ippo_w128_seed1 updates 3955/6250 episodes, total num timesteps 12659200/20000000, FPS 9881.

average episode rewards is -113.69830322265625

 Scenario simple_spread Algo rmappo Exp reference_20260925T173510Z_880afb_ippo_w128_seed1 updates 3960/6250 episodes, total num timesteps 12675200/20000000, FPS 9881.

average episode rewards is -114.37464904785156

 Scenario simple_spread Algo rmappo Exp reference_20260925T173510Z_880afb_ippo_w128_seed1 updates 3965/6250 episodes, total num timesteps 12691200/20000000, FPS 9882.

average episode rewards is -112.2481460571289

 Scenario simple_spread Algo rmappo Exp reference_20260925T173510Z_880afb_ippo_w128_seed1 updates 3970/6250 episodes, total num timesteps 12707200/20000000, FPS 9882.

average episode rewards is -113.59361267089844

 Scenario simple_spread Algo rmappo Exp reference_20260925T173510Z_880afb_ippo_w128_seed1 updates 3975/6250 episodes, total num timesteps 12723200/20000000, FPS 9882.

average episode rewards is -113.00862884521484
eval average episode rewards of agent: -109.72108334795311
eval success rate: 0.95

 Scenario simple_spread Algo rmappo Exp reference_20260925T173510Z_880afb_ippo_w128_seed1 updates 3980/6250 episodes, total num timesteps 12739200/20000000, FPS 9881.

average episode rewards is -110.77181243896484

 Scenario simple_spread Algo rmappo Exp reference_20260925T173510Z_880afb_ippo_w128_seed1 updates 3985/6250 episodes, total num timesteps 12755200/20000000, FPS 9882.

average episode rewards is -110.3973388671875

 Scenario simple_spread Algo rmappo Exp reference_20260925T173510Z_880afb_ippo_w128_seed1 updates 3990/6250 episodes, total num timesteps 12771200/20000000, FPS 9881.

average episode rewards is -111.84965515136719

 Scenario simple_spread Algo rmappo Exp reference_20260925T173510Z_880afb_ippo_w128_seed1 updates 3995/6250 episodes, total num timesteps 12787200/20000000, FPS 9881.

average episode rewards is -112.70096588134766

 Scenario simple_spread Algo rmappo Exp reference_20260925T173510Z_880afb_ippo_w128_seed1 updates 4000/6250 episodes, total num timesteps 12803200/20000000, FPS 9881.

average episode rewards is -110.71842956542969
eval average episode rewards of agent: -114.1125724771827
eval success rate: 0.9

 Scenario simple_spread Algo rmappo Exp reference_20260925T173510Z_880afb_ippo_w128_seed1 updates 4005/6250 episodes, total num timesteps 12819200/20000000, FPS 9881.

average episode rewards is -113.94268035888672

 Scenario simple_spread Algo rmappo Exp reference_20260925T173510Z_880afb_ippo_w128_seed1 updates 4010/6250 episodes, total num timesteps 12835200/20000000, FPS 9881.

average episode rewards is -112.1021499633789

 Scenario simple_spread Algo rmappo Exp reference_20260925T173510Z_880afb_ippo_w128_seed1 updates 4015/6250 episodes, total num timesteps 12851200/20000000, FPS 9881.

average episode rewards is -112.08775329589844

 Scenario simple_spread Algo rmappo Exp reference_20260925T173510Z_880afb_ippo_w128_seed1 updates 4020/6250 episodes, total num timesteps 12867200/20000000, FPS 9882.

average episode rewards is -115.76590728759766

 Scenario simple_spread Algo rmappo Exp reference_20260925T173510Z_880afb_ippo_w128_seed1 updates 4025/6250 episodes, total num timesteps 12883200/20000000, FPS 9882.

average episode rewards is -112.24225616455078
eval average episode rewards of agent: -110.72355411816982
eval success rate: 0.95

 Scenario simple_spread Algo rmappo Exp reference_20260925T173510Z_880afb_ippo_w128_seed1 updates 4030/6250 episodes, total num timesteps 12899200/20000000, FPS 9881.

average episode rewards is -110.9364013671875

 Scenario simple_spread Algo rmappo Exp reference_20260925T173510Z_880afb_ippo_w128_seed1 updates 4035/6250 episodes, total num timesteps 12915200/20000000, FPS 9882.

average episode rewards is -113.20050811767578

 Scenario simple_spread Algo rmappo Exp reference_20260925T173510Z_880afb_ippo_w128_seed1 updates 4040/6250 episodes, total num timesteps 12931200/20000000, FPS 9882.

average episode rewards is -112.4866943359375

 Scenario simple_spread Algo rmappo Exp reference_20260925T173510Z_880afb_ippo_w128_seed1 updates 4045/6250 episodes, total num timesteps 12947200/20000000, FPS 9882.

average episode rewards is -112.65589904785156

 Scenario simple_spread Algo rmappo Exp reference_20260925T173510Z_880afb_ippo_w128_seed1 updates 4050/6250 episodes, total num timesteps 12963200/20000000, FPS 9881.

average episode rewards is -113.35404205322266
eval average episode rewards of agent: -117.18497403887467
eval success rate: 0.9

 Scenario simple_spread Algo rmappo Exp reference_20260925T173510Z_880afb_ippo_w128_seed1 updates 4055/6250 episodes, total num timesteps 12979200/20000000, FPS 9881.

average episode rewards is -111.2767105102539

 Scenario simple_spread Algo rmappo Exp reference_20260925T173510Z_880afb_ippo_w128_seed1 updates 4060/6250 episodes, total num timesteps 12995200/20000000, FPS 9881.

average episode rewards is -114.92366790771484

 Scenario simple_spread Algo rmappo Exp reference_20260925T173510Z_880afb_ippo_w128_seed1 updates 4065/6250 episodes, total num timesteps 13011200/20000000, FPS 9882.

average episode rewards is -115.16497039794922

 Scenario simple_spread Algo rmappo Exp reference_20260925T173510Z_880afb_ippo_w128_seed1 updates 4070/6250 episodes, total num timesteps 13027200/20000000, FPS 9882.

average episode rewards is -111.9558334350586

 Scenario simple_spread Algo rmappo Exp reference_20260925T173510Z_880afb_ippo_w128_seed1 updates 4075/6250 episodes, total num timesteps 13043200/20000000, FPS 9882.

average episode rewards is -113.65960693359375
eval average episode rewards of agent: -109.96947573396581
eval success rate: 0.95

 Scenario simple_spread Algo rmappo Exp reference_20260925T173510Z_880afb_ippo_w128_seed1 updates 4080/6250 episodes, total num timesteps 13059200/20000000, FPS 9882.

average episode rewards is -113.04077911376953

 Scenario simple_spread Algo rmappo Exp reference_20260925T173510Z_880afb_ippo_w128_seed1 updates 4085/6250 episodes, total num timesteps 13075200/20000000, FPS 9882.

average episode rewards is -111.68431091308594

 Scenario simple_spread Algo rmappo Exp reference_20260925T173510Z_880afb_ippo_w128_seed1 updates 4090/6250 episodes, total num timesteps 13091200/20000000, FPS 9883.

average episode rewards is -113.15848541259766

 Scenario simple_spread Algo rmappo Exp reference_20260925T173510Z_880afb_ippo_w128_seed1 updates 4095/6250 episodes, total num timesteps 13107200/20000000, FPS 9883.

average episode rewards is -114.3594970703125

 Scenario simple_spread Algo rmappo Exp reference_20260925T173510Z_880afb_ippo_w128_seed1 updates 4100/6250 episodes, total num timesteps 13123200/20000000, FPS 9883.

average episode rewards is -112.98404693603516
eval average episode rewards of agent: -109.80591112324039
eval success rate: 0.95

 Scenario simple_spread Algo rmappo Exp reference_20260925T173510Z_880afb_ippo_w128_seed1 updates 4105/6250 episodes, total num timesteps 13139200/20000000, FPS 9883.

average episode rewards is -111.40925598144531

 Scenario simple_spread Algo rmappo Exp reference_20260925T173510Z_880afb_ippo_w128_seed1 updates 4110/6250 episodes, total num timesteps 13155200/20000000, FPS 9882.

average episode rewards is -114.69815063476562

 Scenario simple_spread Algo rmappo Exp reference_20260925T173510Z_880afb_ippo_w128_seed1 updates 4115/6250 episodes, total num timesteps 13171200/20000000, FPS 9882.

average episode rewards is -112.55960083007812

 Scenario simple_spread Algo rmappo Exp reference_20260925T173510Z_880afb_ippo_w128_seed1 updates 4120/6250 episodes, total num timesteps 13187200/20000000, FPS 9883.

average episode rewards is -112.90968322753906

 Scenario simple_spread Algo rmappo Exp reference_20260925T173510Z_880afb_ippo_w128_seed1 updates 4125/6250 episodes, total num timesteps 13203200/20000000, FPS 9883.

average episode rewards is -113.37469482421875
eval average episode rewards of agent: -112.69715712429452
eval success rate: 0.9

 Scenario simple_spread Algo rmappo Exp reference_20260925T173510Z_880afb_ippo_w128_seed1 updates 4130/6250 episodes, total num timesteps 13219200/20000000, FPS 9883.

average episode rewards is -112.09309387207031

 Scenario simple_spread Algo rmappo Exp reference_20260925T173510Z_880afb_ippo_w128_seed1 updates 4135/6250 episodes, total num timesteps 13235200/20000000, FPS 9883.

average episode rewards is -113.2019271850586

 Scenario simple_spread Algo rmappo Exp reference_20260925T173510Z_880afb_ippo_w128_seed1 updates 4140/6250 episodes, total num timesteps 13251200/20000000, FPS 9883.

average episode rewards is -112.87752532958984

 Scenario simple_spread Algo rmappo Exp reference_20260925T173510Z_880afb_ippo_w128_seed1 updates 4145/6250 episodes, total num timesteps 13267200/20000000, FPS 9884.

average episode rewards is -111.69873809814453

 Scenario simple_spread Algo rmappo Exp reference_20260925T173510Z_880afb_ippo_w128_seed1 updates 4150/6250 episodes, total num timesteps 13283200/20000000, FPS 9884.

average episode rewards is -112.86376953125
eval average episode rewards of agent: -113.05213206069733
eval success rate: 0.85

 Scenario simple_spread Algo rmappo Exp reference_20260925T173510Z_880afb_ippo_w128_seed1 updates 4155/6250 episodes, total num timesteps 13299200/20000000, FPS 9884.

average episode rewards is -111.29058837890625

 Scenario simple_spread Algo rmappo Exp reference_20260925T173510Z_880afb_ippo_w128_seed1 updates 4160/6250 episodes, total num timesteps 13315200/20000000, FPS 9884.

average episode rewards is -111.90750885009766

 Scenario simple_spread Algo rmappo Exp reference_20260925T173510Z_880afb_ippo_w128_seed1 updates 4165/6250 episodes, total num timesteps 13331200/20000000, FPS 9884.

average episode rewards is -114.90858459472656

 Scenario simple_spread Algo rmappo Exp reference_20260925T173510Z_880afb_ippo_w128_seed1 updates 4170/6250 episodes, total num timesteps 13347200/20000000, FPS 9883.

average episode rewards is -112.22856903076172

 Scenario simple_spread Algo rmappo Exp reference_20260925T173510Z_880afb_ippo_w128_seed1 updates 4175/6250 episodes, total num timesteps 13363200/20000000, FPS 9883.

average episode rewards is -111.01492309570312
eval average episode rewards of agent: -117.31918778095226
eval success rate: 0.9

 Scenario simple_spread Algo rmappo Exp reference_20260925T173510Z_880afb_ippo_w128_seed1 updates 4180/6250 episodes, total num timesteps 13379200/20000000, FPS 9883.

average episode rewards is -112.08440399169922

 Scenario simple_spread Algo rmappo Exp reference_20260925T173510Z_880afb_ippo_w128_seed1 updates 4185/6250 episodes, total num timesteps 13395200/20000000, FPS 9883.

average episode rewards is -110.74000549316406

 Scenario simple_spread Algo rmappo Exp reference_20260925T173510Z_880afb_ippo_w128_seed1 updates 4190/6250 episodes, total num timesteps 13411200/20000000, FPS 9883.

average episode rewards is -112.69796752929688

 Scenario simple_spread Algo rmappo Exp reference_20260925T173510Z_880afb_ippo_w128_seed1 updates 4195/6250 episodes, total num timesteps 13427200/20000000, FPS 9883.

average episode rewards is -111.28813934326172

 Scenario simple_spread Algo rmappo Exp reference_20260925T173510Z_880afb_ippo_w128_seed1 updates 4200/6250 episodes, total num timesteps 13443200/20000000, FPS 9883.

average episode rewards is -114.4861068725586
eval average episode rewards of agent: -109.00749176134273
eval success rate: 1.0

 Scenario simple_spread Algo rmappo Exp reference_20260925T173510Z_880afb_ippo_w128_seed1 updates 4205/6250 episodes, total num timesteps 13459200/20000000, FPS 9883.

average episode rewards is -113.54551696777344

 Scenario simple_spread Algo rmappo Exp reference_20260925T173510Z_880afb_ippo_w128_seed1 updates 4210/6250 episodes, total num timesteps 13475200/20000000, FPS 9883.

average episode rewards is -109.20276641845703

 Scenario simple_spread Algo rmappo Exp reference_20260925T173510Z_880afb_ippo_w128_seed1 updates 4215/6250 episodes, total num timesteps 13491200/20000000, FPS 9884.

average episode rewards is -110.85485076904297

 Scenario simple_spread Algo rmappo Exp reference_20260925T173510Z_880afb_ippo_w128_seed1 updates 4220/6250 episodes, total num timesteps 13507200/20000000, FPS 9884.

average episode rewards is -111.26582336425781

 Scenario simple_spread Algo rmappo Exp reference_20260925T173510Z_880afb_ippo_w128_seed1 updates 4225/6250 episodes, total num timesteps 13523200/20000000, FPS 9883.

average episode rewards is -113.4790267944336
eval average episode rewards of agent: -110.2900159967165
eval success rate: 1.0

 Scenario simple_spread Algo rmappo Exp reference_20260925T173510Z_880afb_ippo_w128_seed1 updates 4230/6250 episodes, total num timesteps 13539200/20000000, FPS 9882.

average episode rewards is -112.50331115722656

 Scenario simple_spread Algo rmappo Exp reference_20260925T173510Z_880afb_ippo_w128_seed1 updates 4235/6250 episodes, total num timesteps 13555200/20000000, FPS 9883.

average episode rewards is -112.52436828613281

 Scenario simple_spread Algo rmappo Exp reference_20260925T173510Z_880afb_ippo_w128_seed1 updates 4240/6250 episodes, total num timesteps 13571200/20000000, FPS 9883.

average episode rewards is -111.38533020019531

 Scenario simple_spread Algo rmappo Exp reference_20260925T173510Z_880afb_ippo_w128_seed1 updates 4245/6250 episodes, total num timesteps 13587200/20000000, FPS 9883.

average episode rewards is -113.58671569824219

 Scenario simple_spread Algo rmappo Exp reference_20260925T173510Z_880afb_ippo_w128_seed1 updates 4250/6250 episodes, total num timesteps 13603200/20000000, FPS 9883.

average episode rewards is -112.3796615600586
eval average episode rewards of agent: -115.87124621389032
eval success rate: 1.0

 Scenario simple_spread Algo rmappo Exp reference_20260925T173510Z_880afb_ippo_w128_seed1 updates 4255/6250 episodes, total num timesteps 13619200/20000000, FPS 9883.

average episode rewards is -110.8971939086914

 Scenario simple_spread Algo rmappo Exp reference_20260925T173510Z_880afb_ippo_w128_seed1 updates 4260/6250 episodes, total num timesteps 13635200/20000000, FPS 9883.

average episode rewards is -112.37129211425781

 Scenario simple_spread Algo rmappo Exp reference_20260925T173510Z_880afb_ippo_w128_seed1 updates 4265/6250 episodes, total num timesteps 13651200/20000000, FPS 9883.

average episode rewards is -112.19666290283203

 Scenario simple_spread Algo rmappo Exp reference_20260925T173510Z_880afb_ippo_w128_seed1 updates 4270/6250 episodes, total num timesteps 13667200/20000000, FPS 9883.

average episode rewards is -111.36100006103516

 Scenario simple_spread Algo rmappo Exp reference_20260925T173510Z_880afb_ippo_w128_seed1 updates 4275/6250 episodes, total num timesteps 13683200/20000000, FPS 9884.

average episode rewards is -112.0030517578125
eval average episode rewards of agent: -108.05486784767147
eval success rate: 1.0

 Scenario simple_spread Algo rmappo Exp reference_20260925T173510Z_880afb_ippo_w128_seed1 updates 4280/6250 episodes, total num timesteps 13699200/20000000, FPS 9884.

average episode rewards is -111.15928649902344

 Scenario simple_spread Algo rmappo Exp reference_20260925T173510Z_880afb_ippo_w128_seed1 updates 4285/6250 episodes, total num timesteps 13715200/20000000, FPS 9884.

average episode rewards is -112.58003997802734

 Scenario simple_spread Algo rmappo Exp reference_20260925T173510Z_880afb_ippo_w128_seed1 updates 4290/6250 episodes, total num timesteps 13731200/20000000, FPS 9883.

average episode rewards is -112.84459686279297

 Scenario simple_spread Algo rmappo Exp reference_20260925T173510Z_880afb_ippo_w128_seed1 updates 4295/6250 episodes, total num timesteps 13747200/20000000, FPS 9884.

average episode rewards is -112.87841796875

 Scenario simple_spread Algo rmappo Exp reference_20260925T173510Z_880afb_ippo_w128_seed1 updates 4300/6250 episodes, total num timesteps 13763200/20000000, FPS 9884.

average episode rewards is -112.04704284667969
eval average episode rewards of agent: -111.44480643332842
eval success rate: 0.9

 Scenario simple_spread Algo rmappo Exp reference_20260925T173510Z_880afb_ippo_w128_seed1 updates 4305/6250 episodes, total num timesteps 13779200/20000000, FPS 9883.

average episode rewards is -110.73065185546875

 Scenario simple_spread Algo rmappo Exp reference_20260925T173510Z_880afb_ippo_w128_seed1 updates 4310/6250 episodes, total num timesteps 13795200/20000000, FPS 9884.

average episode rewards is -111.7410888671875

 Scenario simple_spread Algo rmappo Exp reference_20260925T173510Z_880afb_ippo_w128_seed1 updates 4315/6250 episodes, total num timesteps 13811200/20000000, FPS 9884.

average episode rewards is -112.52112579345703

 Scenario simple_spread Algo rmappo Exp reference_20260925T173510Z_880afb_ippo_w128_seed1 updates 4320/6250 episodes, total num timesteps 13827200/20000000, FPS 9884.

average episode rewards is -113.58472442626953

 Scenario simple_spread Algo rmappo Exp reference_20260925T173510Z_880afb_ippo_w128_seed1 updates 4325/6250 episodes, total num timesteps 13843200/20000000, FPS 9884.

average episode rewards is -111.2030029296875
eval average episode rewards of agent: -113.03891606348637
eval success rate: 0.9

 Scenario simple_spread Algo rmappo Exp reference_20260925T173510Z_880afb_ippo_w128_seed1 updates 4330/6250 episodes, total num timesteps 13859200/20000000, FPS 9884.

average episode rewards is -113.24697875976562

 Scenario simple_spread Algo rmappo Exp reference_20260925T173510Z_880afb_ippo_w128_seed1 updates 4335/6250 episodes, total num timesteps 13875200/20000000, FPS 9884.

average episode rewards is -112.29426574707031

 Scenario simple_spread Algo rmappo Exp reference_20260925T173510Z_880afb_ippo_w128_seed1 updates 4340/6250 episodes, total num timesteps 13891200/20000000, FPS 9884.

average episode rewards is -113.71199035644531

 Scenario simple_spread Algo rmappo Exp reference_20260925T173510Z_880afb_ippo_w128_seed1 updates 4345/6250 episodes, total num timesteps 13907200/20000000, FPS 9884.

average episode rewards is -110.86402130126953

 Scenario simple_spread Algo rmappo Exp reference_20260925T173510Z_880afb_ippo_w128_seed1 updates 4350/6250 episodes, total num timesteps 13923200/20000000, FPS 9883.

average episode rewards is -113.60386657714844
eval average episode rewards of agent: -112.77539757952925
eval success rate: 0.85

 Scenario simple_spread Algo rmappo Exp reference_20260925T173510Z_880afb_ippo_w128_seed1 updates 4355/6250 episodes, total num timesteps 13939200/20000000, FPS 9883.

average episode rewards is -111.6749496459961

 Scenario simple_spread Algo rmappo Exp reference_20260925T173510Z_880afb_ippo_w128_seed1 updates 4360/6250 episodes, total num timesteps 13955200/20000000, FPS 9883.

average episode rewards is -110.81019592285156

 Scenario simple_spread Algo rmappo Exp reference_20260925T173510Z_880afb_ippo_w128_seed1 updates 4365/6250 episodes, total num timesteps 13971200/20000000, FPS 9884.

average episode rewards is -114.78434753417969

 Scenario simple_spread Algo rmappo Exp reference_20260925T173510Z_880afb_ippo_w128_seed1 updates 4370/6250 episodes, total num timesteps 13987200/20000000, FPS 9884.

average episode rewards is -114.07383728027344

 Scenario simple_spread Algo rmappo Exp reference_20260925T173510Z_880afb_ippo_w128_seed1 updates 4375/6250 episodes, total num timesteps 14003200/20000000, FPS 9884.

average episode rewards is -112.71240997314453
eval average episode rewards of agent: -114.1610717460565
eval success rate: 0.85

 Scenario simple_spread Algo rmappo Exp reference_20260925T173510Z_880afb_ippo_w128_seed1 updates 4380/6250 episodes, total num timesteps 14019200/20000000, FPS 9883.

average episode rewards is -111.9913101196289

 Scenario simple_spread Algo rmappo Exp reference_20260925T173510Z_880afb_ippo_w128_seed1 updates 4385/6250 episodes, total num timesteps 14035200/20000000, FPS 9883.

average episode rewards is -113.79939270019531

 Scenario simple_spread Algo rmappo Exp reference_20260925T173510Z_880afb_ippo_w128_seed1 updates 4390/6250 episodes, total num timesteps 14051200/20000000, FPS 9884.

average episode rewards is -114.73796081542969

 Scenario simple_spread Algo rmappo Exp reference_20260925T173510Z_880afb_ippo_w128_seed1 updates 4395/6250 episodes, total num timesteps 14067200/20000000, FPS 9884.

average episode rewards is -112.93809509277344

 Scenario simple_spread Algo rmappo Exp reference_20260925T173510Z_880afb_ippo_w128_seed1 updates 4400/6250 episodes, total num timesteps 14083200/20000000, FPS 9884.

average episode rewards is -113.74783325195312
eval average episode rewards of agent: -115.24557904479846
eval success rate: 0.9

 Scenario simple_spread Algo rmappo Exp reference_20260925T173510Z_880afb_ippo_w128_seed1 updates 4405/6250 episodes, total num timesteps 14099200/20000000, FPS 9884.

average episode rewards is -111.9566421508789

 Scenario simple_spread Algo rmappo Exp reference_20260925T173510Z_880afb_ippo_w128_seed1 updates 4410/6250 episodes, total num timesteps 14115200/20000000, FPS 9883.

average episode rewards is -112.18862915039062

 Scenario simple_spread Algo rmappo Exp reference_20260925T173510Z_880afb_ippo_w128_seed1 updates 4415/6250 episodes, total num timesteps 14131200/20000000, FPS 9883.

average episode rewards is -112.1047592163086

 Scenario simple_spread Algo rmappo Exp reference_20260925T173510Z_880afb_ippo_w128_seed1 updates 4420/6250 episodes, total num timesteps 14147200/20000000, FPS 9883.

average episode rewards is -113.2017822265625

 Scenario simple_spread Algo rmappo Exp reference_20260925T173510Z_880afb_ippo_w128_seed1 updates 4425/6250 episodes, total num timesteps 14163200/20000000, FPS 9883.

average episode rewards is -111.1378402709961
eval average episode rewards of agent: -112.12970200121163
eval success rate: 0.9

 Scenario simple_spread Algo rmappo Exp reference_20260925T173510Z_880afb_ippo_w128_seed1 updates 4430/6250 episodes, total num timesteps 14179200/20000000, FPS 9883.

average episode rewards is -112.82539367675781

 Scenario simple_spread Algo rmappo Exp reference_20260925T173510Z_880afb_ippo_w128_seed1 updates 4435/6250 episodes, total num timesteps 14195200/20000000, FPS 9884.

average episode rewards is -113.85989379882812

 Scenario simple_spread Algo rmappo Exp reference_20260925T173510Z_880afb_ippo_w128_seed1 updates 4440/6250 episodes, total num timesteps 14211200/20000000, FPS 9883.

average episode rewards is -112.99877166748047

 Scenario simple_spread Algo rmappo Exp reference_20260925T173510Z_880afb_ippo_w128_seed1 updates 4445/6250 episodes, total num timesteps 14227200/20000000, FPS 9884.

average episode rewards is -114.96170806884766

 Scenario simple_spread Algo rmappo Exp reference_20260925T173510Z_880afb_ippo_w128_seed1 updates 4450/6250 episodes, total num timesteps 14243200/20000000, FPS 9884.

average episode rewards is -114.56926727294922
eval average episode rewards of agent: -116.41171188228165
eval success rate: 0.85

 Scenario simple_spread Algo rmappo Exp reference_20260925T173510Z_880afb_ippo_w128_seed1 updates 4455/6250 episodes, total num timesteps 14259200/20000000, FPS 9884.

average episode rewards is -111.71495819091797

 Scenario simple_spread Algo rmappo Exp reference_20260925T173510Z_880afb_ippo_w128_seed1 updates 4460/6250 episodes, total num timesteps 14275200/20000000, FPS 9884.

average episode rewards is -112.35118103027344

 Scenario simple_spread Algo rmappo Exp reference_20260925T173510Z_880afb_ippo_w128_seed1 updates 4465/6250 episodes, total num timesteps 14291200/20000000, FPS 9884.

average episode rewards is -112.49311828613281

 Scenario simple_spread Algo rmappo Exp reference_20260925T173510Z_880afb_ippo_w128_seed1 updates 4470/6250 episodes, total num timesteps 14307200/20000000, FPS 9883.

average episode rewards is -111.77471923828125

 Scenario simple_spread Algo rmappo Exp reference_20260925T173510Z_880afb_ippo_w128_seed1 updates 4475/6250 episodes, total num timesteps 14323200/20000000, FPS 9884.

average episode rewards is -113.9745864868164
eval average episode rewards of agent: -115.7253347352136
eval success rate: 0.9

 Scenario simple_spread Algo rmappo Exp reference_20260925T173510Z_880afb_ippo_w128_seed1 updates 4480/6250 episodes, total num timesteps 14339200/20000000, FPS 9884.

average episode rewards is -112.42608642578125

 Scenario simple_spread Algo rmappo Exp reference_20260925T173510Z_880afb_ippo_w128_seed1 updates 4485/6250 episodes, total num timesteps 14355200/20000000, FPS 9884.

average episode rewards is -113.21464538574219

 Scenario simple_spread Algo rmappo Exp reference_20260925T173510Z_880afb_ippo_w128_seed1 updates 4490/6250 episodes, total num timesteps 14371200/20000000, FPS 9884.

average episode rewards is -113.03033447265625

 Scenario simple_spread Algo rmappo Exp reference_20260925T173510Z_880afb_ippo_w128_seed1 updates 4495/6250 episodes, total num timesteps 14387200/20000000, FPS 9885.

average episode rewards is -113.39912414550781

 Scenario simple_spread Algo rmappo Exp reference_20260925T173510Z_880afb_ippo_w128_seed1 updates 4500/6250 episodes, total num timesteps 14403200/20000000, FPS 9885.

average episode rewards is -112.08960723876953
eval average episode rewards of agent: -113.14087177427739
eval success rate: 1.0

 Scenario simple_spread Algo rmappo Exp reference_20260925T173510Z_880afb_ippo_w128_seed1 updates 4505/6250 episodes, total num timesteps 14419200/20000000, FPS 9884.

average episode rewards is -115.50920104980469

 Scenario simple_spread Algo rmappo Exp reference_20260925T173510Z_880afb_ippo_w128_seed1 updates 4510/6250 episodes, total num timesteps 14435200/20000000, FPS 9884.

average episode rewards is -112.67813110351562

 Scenario simple_spread Algo rmappo Exp reference_20260925T173510Z_880afb_ippo_w128_seed1 updates 4515/6250 episodes, total num timesteps 14451200/20000000, FPS 9884.

average episode rewards is -113.63549041748047

 Scenario simple_spread Algo rmappo Exp reference_20260925T173510Z_880afb_ippo_w128_seed1 updates 4520/6250 episodes, total num timesteps 14467200/20000000, FPS 9885.

average episode rewards is -111.21288299560547

 Scenario simple_spread Algo rmappo Exp reference_20260925T173510Z_880afb_ippo_w128_seed1 updates 4525/6250 episodes, total num timesteps 14483200/20000000, FPS 9885.

average episode rewards is -110.60091400146484
eval average episode rewards of agent: -115.08401891230065
eval success rate: 0.9

 Scenario simple_spread Algo rmappo Exp reference_20260925T173510Z_880afb_ippo_w128_seed1 updates 4530/6250 episodes, total num timesteps 14499200/20000000, FPS 9884.

average episode rewards is -110.99791717529297

 Scenario simple_spread Algo rmappo Exp reference_20260925T173510Z_880afb_ippo_w128_seed1 updates 4535/6250 episodes, total num timesteps 14515200/20000000, FPS 9884.

average episode rewards is -111.54511260986328

 Scenario simple_spread Algo rmappo Exp reference_20260925T173510Z_880afb_ippo_w128_seed1 updates 4540/6250 episodes, total num timesteps 14531200/20000000, FPS 9884.

average episode rewards is -112.12147521972656

 Scenario simple_spread Algo rmappo Exp reference_20260925T173510Z_880afb_ippo_w128_seed1 updates 4545/6250 episodes, total num timesteps 14547200/20000000, FPS 9884.

average episode rewards is -112.66746520996094

 Scenario simple_spread Algo rmappo Exp reference_20260925T173510Z_880afb_ippo_w128_seed1 updates 4550/6250 episodes, total num timesteps 14563200/20000000, FPS 9884.

average episode rewards is -115.13665008544922
eval average episode rewards of agent: -109.4466960064306
eval success rate: 1.0

 Scenario simple_spread Algo rmappo Exp reference_20260925T173510Z_880afb_ippo_w128_seed1 updates 4555/6250 episodes, total num timesteps 14579200/20000000, FPS 9884.

average episode rewards is -113.90071868896484

 Scenario simple_spread Algo rmappo Exp reference_20260925T173510Z_880afb_ippo_w128_seed1 updates 4560/6250 episodes, total num timesteps 14595200/20000000, FPS 9885.

average episode rewards is -113.63687133789062

 Scenario simple_spread Algo rmappo Exp reference_20260925T173510Z_880afb_ippo_w128_seed1 updates 4565/6250 episodes, total num timesteps 14611200/20000000, FPS 9884.

average episode rewards is -114.3572006225586

 Scenario simple_spread Algo rmappo Exp reference_20260925T173510Z_880afb_ippo_w128_seed1 updates 4570/6250 episodes, total num timesteps 14627200/20000000, FPS 9884.

average episode rewards is -111.73851776123047

 Scenario simple_spread Algo rmappo Exp reference_20260925T173510Z_880afb_ippo_w128_seed1 updates 4575/6250 episodes, total num timesteps 14643200/20000000, FPS 9885.

average episode rewards is -113.97417449951172
eval average episode rewards of agent: -111.05327616180512
eval success rate: 1.0

 Scenario simple_spread Algo rmappo Exp reference_20260925T173510Z_880afb_ippo_w128_seed1 updates 4580/6250 episodes, total num timesteps 14659200/20000000, FPS 9884.

average episode rewards is -113.55377197265625

 Scenario simple_spread Algo rmappo Exp reference_20260925T173510Z_880afb_ippo_w128_seed1 updates 4585/6250 episodes, total num timesteps 14675200/20000000, FPS 9884.

average episode rewards is -111.68225860595703

 Scenario simple_spread Algo rmappo Exp reference_20260925T173510Z_880afb_ippo_w128_seed1 updates 4590/6250 episodes, total num timesteps 14691200/20000000, FPS 9884.

average episode rewards is -113.35481262207031

 Scenario simple_spread Algo rmappo Exp reference_20260925T173510Z_880afb_ippo_w128_seed1 updates 4595/6250 episodes, total num timesteps 14707200/20000000, FPS 9884.

average episode rewards is -111.89564514160156

 Scenario simple_spread Algo rmappo Exp reference_20260925T173510Z_880afb_ippo_w128_seed1 updates 4600/6250 episodes, total num timesteps 14723200/20000000, FPS 9884.

average episode rewards is -111.7484359741211
eval average episode rewards of agent: -109.73812610976611
eval success rate: 0.9

 Scenario simple_spread Algo rmappo Exp reference_20260925T173510Z_880afb_ippo_w128_seed1 updates 4605/6250 episodes, total num timesteps 14739200/20000000, FPS 9884.

average episode rewards is -112.90300750732422

 Scenario simple_spread Algo rmappo Exp reference_20260925T173510Z_880afb_ippo_w128_seed1 updates 4610/6250 episodes, total num timesteps 14755200/20000000, FPS 9884.

average episode rewards is -110.38314056396484

 Scenario simple_spread Algo rmappo Exp reference_20260925T173510Z_880afb_ippo_w128_seed1 updates 4615/6250 episodes, total num timesteps 14771200/20000000, FPS 9884.

average episode rewards is -112.04778289794922

 Scenario simple_spread Algo rmappo Exp reference_20260925T173510Z_880afb_ippo_w128_seed1 updates 4620/6250 episodes, total num timesteps 14787200/20000000, FPS 9884.

average episode rewards is -113.02088165283203

 Scenario simple_spread Algo rmappo Exp reference_20260925T173510Z_880afb_ippo_w128_seed1 updates 4625/6250 episodes, total num timesteps 14803200/20000000, FPS 9885.

average episode rewards is -114.0106201171875
eval average episode rewards of agent: -106.87608989069606
eval success rate: 0.95

 Scenario simple_spread Algo rmappo Exp reference_20260925T173510Z_880afb_ippo_w128_seed1 updates 4630/6250 episodes, total num timesteps 14819200/20000000, FPS 9884.

average episode rewards is -112.82398986816406

 Scenario simple_spread Algo rmappo Exp reference_20260925T173510Z_880afb_ippo_w128_seed1 updates 4635/6250 episodes, total num timesteps 14835200/20000000, FPS 9884.

average episode rewards is -110.92440032958984

 Scenario simple_spread Algo rmappo Exp reference_20260925T173510Z_880afb_ippo_w128_seed1 updates 4640/6250 episodes, total num timesteps 14851200/20000000, FPS 9885.

average episode rewards is -112.82865142822266

 Scenario simple_spread Algo rmappo Exp reference_20260925T173510Z_880afb_ippo_w128_seed1 updates 4645/6250 episodes, total num timesteps 14867200/20000000, FPS 9885.

average episode rewards is -113.61058807373047

 Scenario simple_spread Algo rmappo Exp reference_20260925T173510Z_880afb_ippo_w128_seed1 updates 4650/6250 episodes, total num timesteps 14883200/20000000, FPS 9884.

average episode rewards is -113.69403839111328
eval average episode rewards of agent: -113.10515617168527
eval success rate: 1.0

 Scenario simple_spread Algo rmappo Exp reference_20260925T173510Z_880afb_ippo_w128_seed1 updates 4655/6250 episodes, total num timesteps 14899200/20000000, FPS 9884.

average episode rewards is -111.62813568115234

 Scenario simple_spread Algo rmappo Exp reference_20260925T173510Z_880afb_ippo_w128_seed1 updates 4660/6250 episodes, total num timesteps 14915200/20000000, FPS 9884.

average episode rewards is -113.18973541259766

 Scenario simple_spread Algo rmappo Exp reference_20260925T173510Z_880afb_ippo_w128_seed1 updates 4665/6250 episodes, total num timesteps 14931200/20000000, FPS 9884.

average episode rewards is -114.73323059082031

 Scenario simple_spread Algo rmappo Exp reference_20260925T173510Z_880afb_ippo_w128_seed1 updates 4670/6250 episodes, total num timesteps 14947200/20000000, FPS 9884.

average episode rewards is -111.595703125

 Scenario simple_spread Algo rmappo Exp reference_20260925T173510Z_880afb_ippo_w128_seed1 updates 4675/6250 episodes, total num timesteps 14963200/20000000, FPS 9884.

average episode rewards is -113.11026763916016
eval average episode rewards of agent: -109.87866997382876
eval success rate: 0.85

 Scenario simple_spread Algo rmappo Exp reference_20260925T173510Z_880afb_ippo_w128_seed1 updates 4680/6250 episodes, total num timesteps 14979200/20000000, FPS 9884.

average episode rewards is -111.78923034667969

 Scenario simple_spread Algo rmappo Exp reference_20260925T173510Z_880afb_ippo_w128_seed1 updates 4685/6250 episodes, total num timesteps 14995200/20000000, FPS 9884.

average episode rewards is -113.31851196289062

 Scenario simple_spread Algo rmappo Exp reference_20260925T173510Z_880afb_ippo_w128_seed1 updates 4690/6250 episodes, total num timesteps 15011200/20000000, FPS 9885.

average episode rewards is -113.02491760253906

 Scenario simple_spread Algo rmappo Exp reference_20260925T173510Z_880afb_ippo_w128_seed1 updates 4695/6250 episodes, total num timesteps 15027200/20000000, FPS 9885.

average episode rewards is -109.13816833496094

 Scenario simple_spread Algo rmappo Exp reference_20260925T173510Z_880afb_ippo_w128_seed1 updates 4700/6250 episodes, total num timesteps 15043200/20000000, FPS 9885.

average episode rewards is -113.49372863769531
eval average episode rewards of agent: -113.00724690727598
eval success rate: 0.95

 Scenario simple_spread Algo rmappo Exp reference_20260925T173510Z_880afb_ippo_w128_seed1 updates 4705/6250 episodes, total num timesteps 15059200/20000000, FPS 9884.

average episode rewards is -112.09335327148438

 Scenario simple_spread Algo rmappo Exp reference_20260925T173510Z_880afb_ippo_w128_seed1 updates 4710/6250 episodes, total num timesteps 15075200/20000000, FPS 9884.

average episode rewards is -110.577880859375

 Scenario simple_spread Algo rmappo Exp reference_20260925T173510Z_880afb_ippo_w128_seed1 updates 4715/6250 episodes, total num timesteps 15091200/20000000, FPS 9884.

average episode rewards is -113.73341369628906

 Scenario simple_spread Algo rmappo Exp reference_20260925T173510Z_880afb_ippo_w128_seed1 updates 4720/6250 episodes, total num timesteps 15107200/20000000, FPS 9884.

average episode rewards is -110.62899780273438

 Scenario simple_spread Algo rmappo Exp reference_20260925T173510Z_880afb_ippo_w128_seed1 updates 4725/6250 episodes, total num timesteps 15123200/20000000, FPS 9884.

average episode rewards is -112.9500732421875
eval average episode rewards of agent: -115.0767608379007
eval success rate: 0.95

 Scenario simple_spread Algo rmappo Exp reference_20260925T173510Z_880afb_ippo_w128_seed1 updates 4730/6250 episodes, total num timesteps 15139200/20000000, FPS 9884.

average episode rewards is -113.65445709228516

 Scenario simple_spread Algo rmappo Exp reference_20260925T173510Z_880afb_ippo_w128_seed1 updates 4735/6250 episodes, total num timesteps 15155200/20000000, FPS 9884.

average episode rewards is -110.86845397949219

 Scenario simple_spread Algo rmappo Exp reference_20260925T173510Z_880afb_ippo_w128_seed1 updates 4740/6250 episodes, total num timesteps 15171200/20000000, FPS 9884.

average episode rewards is -110.51033782958984

 Scenario simple_spread Algo rmappo Exp reference_20260925T173510Z_880afb_ippo_w128_seed1 updates 4745/6250 episodes, total num timesteps 15187200/20000000, FPS 9884.

average episode rewards is -110.33778381347656

 Scenario simple_spread Algo rmappo Exp reference_20260925T173510Z_880afb_ippo_w128_seed1 updates 4750/6250 episodes, total num timesteps 15203200/20000000, FPS 9884.

average episode rewards is -112.32856750488281
eval average episode rewards of agent: -115.5719325566725
eval success rate: 0.9

 Scenario simple_spread Algo rmappo Exp reference_20260925T173510Z_880afb_ippo_w128_seed1 updates 4755/6250 episodes, total num timesteps 15219200/20000000, FPS 9884.

average episode rewards is -111.81678771972656

 Scenario simple_spread Algo rmappo Exp reference_20260925T173510Z_880afb_ippo_w128_seed1 updates 4760/6250 episodes, total num timesteps 15235200/20000000, FPS 9884.

average episode rewards is -112.8428726196289

 Scenario simple_spread Algo rmappo Exp reference_20260925T173510Z_880afb_ippo_w128_seed1 updates 4765/6250 episodes, total num timesteps 15251200/20000000, FPS 9884.

average episode rewards is -113.58888244628906

 Scenario simple_spread Algo rmappo Exp reference_20260925T173510Z_880afb_ippo_w128_seed1 updates 4770/6250 episodes, total num timesteps 15267200/20000000, FPS 9884.

average episode rewards is -110.9588623046875

 Scenario simple_spread Algo rmappo Exp reference_20260925T173510Z_880afb_ippo_w128_seed1 updates 4775/6250 episodes, total num timesteps 15283200/20000000, FPS 9884.

average episode rewards is -110.66800689697266
eval average episode rewards of agent: -109.82605231850899
eval success rate: 0.9

 Scenario simple_spread Algo rmappo Exp reference_20260925T173510Z_880afb_ippo_w128_seed1 updates 4780/6250 episodes, total num timesteps 15299200/20000000, FPS 9884.

average episode rewards is -112.64891815185547

 Scenario simple_spread Algo rmappo Exp reference_20260925T173510Z_880afb_ippo_w128_seed1 updates 4785/6250 episodes, total num timesteps 15315200/20000000, FPS 9884.

average episode rewards is -111.0953598022461

 Scenario simple_spread Algo rmappo Exp reference_20260925T173510Z_880afb_ippo_w128_seed1 updates 4790/6250 episodes, total num timesteps 15331200/20000000, FPS 9884.

average episode rewards is -112.51971435546875

 Scenario simple_spread Algo rmappo Exp reference_20260925T173510Z_880afb_ippo_w128_seed1 updates 4795/6250 episodes, total num timesteps 15347200/20000000, FPS 9884.

average episode rewards is -110.87195587158203

 Scenario simple_spread Algo rmappo Exp reference_20260925T173510Z_880afb_ippo_w128_seed1 updates 4800/6250 episodes, total num timesteps 15363200/20000000, FPS 9884.

average episode rewards is -112.44940948486328
eval average episode rewards of agent: -119.11479028110084
eval success rate: 0.95

 Scenario simple_spread Algo rmappo Exp reference_20260925T173510Z_880afb_ippo_w128_seed1 updates 4805/6250 episodes, total num timesteps 15379200/20000000, FPS 9884.

average episode rewards is -110.2590560913086

 Scenario simple_spread Algo rmappo Exp reference_20260925T173510Z_880afb_ippo_w128_seed1 updates 4810/6250 episodes, total num timesteps 15395200/20000000, FPS 9884.

average episode rewards is -113.28694915771484

 Scenario simple_spread Algo rmappo Exp reference_20260925T173510Z_880afb_ippo_w128_seed1 updates 4815/6250 episodes, total num timesteps 15411200/20000000, FPS 9884.

average episode rewards is -114.18675231933594

 Scenario simple_spread Algo rmappo Exp reference_20260925T173510Z_880afb_ippo_w128_seed1 updates 4820/6250 episodes, total num timesteps 15427200/20000000, FPS 9884.

average episode rewards is -112.8092269897461

 Scenario simple_spread Algo rmappo Exp reference_20260925T173510Z_880afb_ippo_w128_seed1 updates 4825/6250 episodes, total num timesteps 15443200/20000000, FPS 9884.

average episode rewards is -111.9280014038086
eval average episode rewards of agent: -107.43669423634914
eval success rate: 1.0

 Scenario simple_spread Algo rmappo Exp reference_20260925T173510Z_880afb_ippo_w128_seed1 updates 4830/6250 episodes, total num timesteps 15459200/20000000, FPS 9883.

average episode rewards is -112.12232971191406

 Scenario simple_spread Algo rmappo Exp reference_20260925T173510Z_880afb_ippo_w128_seed1 updates 4835/6250 episodes, total num timesteps 15475200/20000000, FPS 9883.

average episode rewards is -111.30377960205078

 Scenario simple_spread Algo rmappo Exp reference_20260925T173510Z_880afb_ippo_w128_seed1 updates 4840/6250 episodes, total num timesteps 15491200/20000000, FPS 9883.

average episode rewards is -110.32691955566406

 Scenario simple_spread Algo rmappo Exp reference_20260925T173510Z_880afb_ippo_w128_seed1 updates 4845/6250 episodes, total num timesteps 15507200/20000000, FPS 9883.

average episode rewards is -112.21549224853516

 Scenario simple_spread Algo rmappo Exp reference_20260925T173510Z_880afb_ippo_w128_seed1 updates 4850/6250 episodes, total num timesteps 15523200/20000000, FPS 9883.

average episode rewards is -109.91838836669922
eval average episode rewards of agent: -115.39792859333654
eval success rate: 0.85

 Scenario simple_spread Algo rmappo Exp reference_20260925T173510Z_880afb_ippo_w128_seed1 updates 4855/6250 episodes, total num timesteps 15539200/20000000, FPS 9883.

average episode rewards is -111.85140991210938

 Scenario simple_spread Algo rmappo Exp reference_20260925T173510Z_880afb_ippo_w128_seed1 updates 4860/6250 episodes, total num timesteps 15555200/20000000, FPS 9883.

average episode rewards is -112.98506164550781

 Scenario simple_spread Algo rmappo Exp reference_20260925T173510Z_880afb_ippo_w128_seed1 updates 4865/6250 episodes, total num timesteps 15571200/20000000, FPS 9883.

average episode rewards is -110.98054504394531

 Scenario simple_spread Algo rmappo Exp reference_20260925T173510Z_880afb_ippo_w128_seed1 updates 4870/6250 episodes, total num timesteps 15587200/20000000, FPS 9883.

average episode rewards is -113.50760650634766

 Scenario simple_spread Algo rmappo Exp reference_20260925T173510Z_880afb_ippo_w128_seed1 updates 4875/6250 episodes, total num timesteps 15603200/20000000, FPS 9884.

average episode rewards is -112.11988067626953
eval average episode rewards of agent: -111.70525437063922
eval success rate: 0.95

 Scenario simple_spread Algo rmappo Exp reference_20260925T173510Z_880afb_ippo_w128_seed1 updates 4880/6250 episodes, total num timesteps 15619200/20000000, FPS 9883.

average episode rewards is -112.93536376953125

 Scenario simple_spread Algo rmappo Exp reference_20260925T173510Z_880afb_ippo_w128_seed1 updates 4885/6250 episodes, total num timesteps 15635200/20000000, FPS 9884.

average episode rewards is -113.23644256591797

 Scenario simple_spread Algo rmappo Exp reference_20260925T173510Z_880afb_ippo_w128_seed1 updates 4890/6250 episodes, total num timesteps 15651200/20000000, FPS 9883.

average episode rewards is -113.60897064208984

 Scenario simple_spread Algo rmappo Exp reference_20260925T173510Z_880afb_ippo_w128_seed1 updates 4895/6250 episodes, total num timesteps 15667200/20000000, FPS 9883.

average episode rewards is -114.49803161621094

 Scenario simple_spread Algo rmappo Exp reference_20260925T173510Z_880afb_ippo_w128_seed1 updates 4900/6250 episodes, total num timesteps 15683200/20000000, FPS 9883.

average episode rewards is -113.13687896728516
eval average episode rewards of agent: -108.59366626696003
eval success rate: 1.0

 Scenario simple_spread Algo rmappo Exp reference_20260925T173510Z_880afb_ippo_w128_seed1 updates 4905/6250 episodes, total num timesteps 15699200/20000000, FPS 9883.

average episode rewards is -112.80964660644531

 Scenario simple_spread Algo rmappo Exp reference_20260925T173510Z_880afb_ippo_w128_seed1 updates 4910/6250 episodes, total num timesteps 15715200/20000000, FPS 9883.

average episode rewards is -108.9462890625

 Scenario simple_spread Algo rmappo Exp reference_20260925T173510Z_880afb_ippo_w128_seed1 updates 4915/6250 episodes, total num timesteps 15731200/20000000, FPS 9883.

average episode rewards is -113.72066497802734

 Scenario simple_spread Algo rmappo Exp reference_20260925T173510Z_880afb_ippo_w128_seed1 updates 4920/6250 episodes, total num timesteps 15747200/20000000, FPS 9884.

average episode rewards is -110.32952117919922

 Scenario simple_spread Algo rmappo Exp reference_20260925T173510Z_880afb_ippo_w128_seed1 updates 4925/6250 episodes, total num timesteps 15763200/20000000, FPS 9884.

average episode rewards is -110.36858367919922
eval average episode rewards of agent: -115.23982777039446
eval success rate: 0.9

 Scenario simple_spread Algo rmappo Exp reference_20260925T173510Z_880afb_ippo_w128_seed1 updates 4930/6250 episodes, total num timesteps 15779200/20000000, FPS 9883.

average episode rewards is -113.39429473876953

 Scenario simple_spread Algo rmappo Exp reference_20260925T173510Z_880afb_ippo_w128_seed1 updates 4935/6250 episodes, total num timesteps 15795200/20000000, FPS 9883.

average episode rewards is -111.32272338867188

 Scenario simple_spread Algo rmappo Exp reference_20260925T173510Z_880afb_ippo_w128_seed1 updates 4940/6250 episodes, total num timesteps 15811200/20000000, FPS 9883.

average episode rewards is -111.1464614868164

 Scenario simple_spread Algo rmappo Exp reference_20260925T173510Z_880afb_ippo_w128_seed1 updates 4945/6250 episodes, total num timesteps 15827200/20000000, FPS 9883.

average episode rewards is -110.86023712158203

 Scenario simple_spread Algo rmappo Exp reference_20260925T173510Z_880afb_ippo_w128_seed1 updates 4950/6250 episodes, total num timesteps 15843200/20000000, FPS 9883.

average episode rewards is -113.06134796142578
eval average episode rewards of agent: -118.01126464048129
eval success rate: 0.85

 Scenario simple_spread Algo rmappo Exp reference_20260925T173510Z_880afb_ippo_w128_seed1 updates 4955/6250 episodes, total num timesteps 15859200/20000000, FPS 9883.

average episode rewards is -110.80110931396484

 Scenario simple_spread Algo rmappo Exp reference_20260925T173510Z_880afb_ippo_w128_seed1 updates 4960/6250 episodes, total num timesteps 15875200/20000000, FPS 9883.

average episode rewards is -108.54508972167969

 Scenario simple_spread Algo rmappo Exp reference_20260925T173510Z_880afb_ippo_w128_seed1 updates 4965/6250 episodes, total num timesteps 15891200/20000000, FPS 9883.

average episode rewards is -112.82759094238281

 Scenario simple_spread Algo rmappo Exp reference_20260925T173510Z_880afb_ippo_w128_seed1 updates 4970/6250 episodes, total num timesteps 15907200/20000000, FPS 9883.

average episode rewards is -112.0141372680664

 Scenario simple_spread Algo rmappo Exp reference_20260925T173510Z_880afb_ippo_w128_seed1 updates 4975/6250 episodes, total num timesteps 15923200/20000000, FPS 9883.

average episode rewards is -111.33592224121094
eval average episode rewards of agent: -109.36820353931425
eval success rate: 0.9

 Scenario simple_spread Algo rmappo Exp reference_20260925T173510Z_880afb_ippo_w128_seed1 updates 4980/6250 episodes, total num timesteps 15939200/20000000, FPS 9883.

average episode rewards is -112.18448638916016

 Scenario simple_spread Algo rmappo Exp reference_20260925T173510Z_880afb_ippo_w128_seed1 updates 4985/6250 episodes, total num timesteps 15955200/20000000, FPS 9883.

average episode rewards is -113.2022705078125

 Scenario simple_spread Algo rmappo Exp reference_20260925T173510Z_880afb_ippo_w128_seed1 updates 4990/6250 episodes, total num timesteps 15971200/20000000, FPS 9883.

average episode rewards is -112.5961685180664

 Scenario simple_spread Algo rmappo Exp reference_20260925T173510Z_880afb_ippo_w128_seed1 updates 4995/6250 episodes, total num timesteps 15987200/20000000, FPS 9883.

average episode rewards is -111.74098205566406

 Scenario simple_spread Algo rmappo Exp reference_20260925T173510Z_880afb_ippo_w128_seed1 updates 5000/6250 episodes, total num timesteps 16003200/20000000, FPS 9883.

average episode rewards is -110.87258911132812
eval average episode rewards of agent: -106.53295493238737
eval success rate: 1.0

 Scenario simple_spread Algo rmappo Exp reference_20260925T173510Z_880afb_ippo_w128_seed1 updates 5005/6250 episodes, total num timesteps 16019200/20000000, FPS 9883.

average episode rewards is -113.01949310302734

 Scenario simple_spread Algo rmappo Exp reference_20260925T173510Z_880afb_ippo_w128_seed1 updates 5010/6250 episodes, total num timesteps 16035200/20000000, FPS 9883.

average episode rewards is -111.21656036376953

 Scenario simple_spread Algo rmappo Exp reference_20260925T173510Z_880afb_ippo_w128_seed1 updates 5015/6250 episodes, total num timesteps 16051200/20000000, FPS 9882.

average episode rewards is -111.13380432128906

 Scenario simple_spread Algo rmappo Exp reference_20260925T173510Z_880afb_ippo_w128_seed1 updates 5020/6250 episodes, total num timesteps 16067200/20000000, FPS 9882.

average episode rewards is -113.07841491699219

 Scenario simple_spread Algo rmappo Exp reference_20260925T173510Z_880afb_ippo_w128_seed1 updates 5025/6250 episodes, total num timesteps 16083200/20000000, FPS 9883.

average episode rewards is -110.58778381347656
eval average episode rewards of agent: -110.66814411739355
eval success rate: 0.85

 Scenario simple_spread Algo rmappo Exp reference_20260925T173510Z_880afb_ippo_w128_seed1 updates 5030/6250 episodes, total num timesteps 16099200/20000000, FPS 9882.

average episode rewards is -110.14412689208984

 Scenario simple_spread Algo rmappo Exp reference_20260925T173510Z_880afb_ippo_w128_seed1 updates 5035/6250 episodes, total num timesteps 16115200/20000000, FPS 9883.

average episode rewards is -111.6678237915039

 Scenario simple_spread Algo rmappo Exp reference_20260925T173510Z_880afb_ippo_w128_seed1 updates 5040/6250 episodes, total num timesteps 16131200/20000000, FPS 9883.

average episode rewards is -113.2562484741211

 Scenario simple_spread Algo rmappo Exp reference_20260925T173510Z_880afb_ippo_w128_seed1 updates 5045/6250 episodes, total num timesteps 16147200/20000000, FPS 9883.

average episode rewards is -111.88712310791016

 Scenario simple_spread Algo rmappo Exp reference_20260925T173510Z_880afb_ippo_w128_seed1 updates 5050/6250 episodes, total num timesteps 16163200/20000000, FPS 9883.

average episode rewards is -113.43328857421875
eval average episode rewards of agent: -114.4626548537125
eval success rate: 0.9

 Scenario simple_spread Algo rmappo Exp reference_20260925T173510Z_880afb_ippo_w128_seed1 updates 5055/6250 episodes, total num timesteps 16179200/20000000, FPS 9883.

average episode rewards is -108.59236907958984

 Scenario simple_spread Algo rmappo Exp reference_20260925T173510Z_880afb_ippo_w128_seed1 updates 5060/6250 episodes, total num timesteps 16195200/20000000, FPS 9883.

average episode rewards is -112.3501205444336

 Scenario simple_spread Algo rmappo Exp reference_20260925T173510Z_880afb_ippo_w128_seed1 updates 5065/6250 episodes, total num timesteps 16211200/20000000, FPS 9883.

average episode rewards is -111.90532684326172

 Scenario simple_spread Algo rmappo Exp reference_20260925T173510Z_880afb_ippo_w128_seed1 updates 5070/6250 episodes, total num timesteps 16227200/20000000, FPS 9883.

average episode rewards is -113.69400024414062

 Scenario simple_spread Algo rmappo Exp reference_20260925T173510Z_880afb_ippo_w128_seed1 updates 5075/6250 episodes, total num timesteps 16243200/20000000, FPS 9883.

average episode rewards is -113.02682495117188
eval average episode rewards of agent: -114.14643245804193
eval success rate: 1.0

 Scenario simple_spread Algo rmappo Exp reference_20260925T173510Z_880afb_ippo_w128_seed1 updates 5080/6250 episodes, total num timesteps 16259200/20000000, FPS 9883.

average episode rewards is -110.93462371826172

 Scenario simple_spread Algo rmappo Exp reference_20260925T173510Z_880afb_ippo_w128_seed1 updates 5085/6250 episodes, total num timesteps 16275200/20000000, FPS 9883.

average episode rewards is -110.95989990234375

 Scenario simple_spread Algo rmappo Exp reference_20260925T173510Z_880afb_ippo_w128_seed1 updates 5090/6250 episodes, total num timesteps 16291200/20000000, FPS 9883.

average episode rewards is -112.2031478881836

 Scenario simple_spread Algo rmappo Exp reference_20260925T173510Z_880afb_ippo_w128_seed1 updates 5095/6250 episodes, total num timesteps 16307200/20000000, FPS 9883.

average episode rewards is -114.30493927001953

 Scenario simple_spread Algo rmappo Exp reference_20260925T173510Z_880afb_ippo_w128_seed1 updates 5100/6250 episodes, total num timesteps 16323200/20000000, FPS 9884.

average episode rewards is -111.69811248779297
eval average episode rewards of agent: -110.63774522719135
eval success rate: 0.95

 Scenario simple_spread Algo rmappo Exp reference_20260925T173510Z_880afb_ippo_w128_seed1 updates 5105/6250 episodes, total num timesteps 16339200/20000000, FPS 9883.

average episode rewards is -111.77754211425781

 Scenario simple_spread Algo rmappo Exp reference_20260925T173510Z_880afb_ippo_w128_seed1 updates 5110/6250 episodes, total num timesteps 16355200/20000000, FPS 9884.

average episode rewards is -110.76903533935547

 Scenario simple_spread Algo rmappo Exp reference_20260925T173510Z_880afb_ippo_w128_seed1 updates 5115/6250 episodes, total num timesteps 16371200/20000000, FPS 9884.

average episode rewards is -112.76887512207031

 Scenario simple_spread Algo rmappo Exp reference_20260925T173510Z_880afb_ippo_w128_seed1 updates 5120/6250 episodes, total num timesteps 16387200/20000000, FPS 9884.

average episode rewards is -115.44501495361328

 Scenario simple_spread Algo rmappo Exp reference_20260925T173510Z_880afb_ippo_w128_seed1 updates 5125/6250 episodes, total num timesteps 16403200/20000000, FPS 9884.

average episode rewards is -110.48857116699219
eval average episode rewards of agent: -113.52170776158621
eval success rate: 0.95

 Scenario simple_spread Algo rmappo Exp reference_20260925T173510Z_880afb_ippo_w128_seed1 updates 5130/6250 episodes, total num timesteps 16419200/20000000, FPS 9884.

average episode rewards is -111.44239807128906

 Scenario simple_spread Algo rmappo Exp reference_20260925T173510Z_880afb_ippo_w128_seed1 updates 5135/6250 episodes, total num timesteps 16435200/20000000, FPS 9884.

average episode rewards is -112.442626953125

 Scenario simple_spread Algo rmappo Exp reference_20260925T173510Z_880afb_ippo_w128_seed1 updates 5140/6250 episodes, total num timesteps 16451200/20000000, FPS 9884.

average episode rewards is -110.35548400878906

 Scenario simple_spread Algo rmappo Exp reference_20260925T173510Z_880afb_ippo_w128_seed1 updates 5145/6250 episodes, total num timesteps 16467200/20000000, FPS 9884.

average episode rewards is -109.91059875488281

 Scenario simple_spread Algo rmappo Exp reference_20260925T173510Z_880afb_ippo_w128_seed1 updates 5150/6250 episodes, total num timesteps 16483200/20000000, FPS 9885.

average episode rewards is -111.23055267333984
eval average episode rewards of agent: -112.51598412960523
eval success rate: 0.9

 Scenario simple_spread Algo rmappo Exp reference_20260925T173510Z_880afb_ippo_w128_seed1 updates 5155/6250 episodes, total num timesteps 16499200/20000000, FPS 9885.

average episode rewards is -114.26444244384766

 Scenario simple_spread Algo rmappo Exp reference_20260925T173510Z_880afb_ippo_w128_seed1 updates 5160/6250 episodes, total num timesteps 16515200/20000000, FPS 9885.

average episode rewards is -112.75161743164062

 Scenario simple_spread Algo rmappo Exp reference_20260925T173510Z_880afb_ippo_w128_seed1 updates 5165/6250 episodes, total num timesteps 16531200/20000000, FPS 9885.

average episode rewards is -112.18348693847656

 Scenario simple_spread Algo rmappo Exp reference_20260925T173510Z_880afb_ippo_w128_seed1 updates 5170/6250 episodes, total num timesteps 16547200/20000000, FPS 9885.

average episode rewards is -113.68598937988281

 Scenario simple_spread Algo rmappo Exp reference_20260925T173510Z_880afb_ippo_w128_seed1 updates 5175/6250 episodes, total num timesteps 16563200/20000000, FPS 9885.

average episode rewards is -110.758056640625
eval average episode rewards of agent: -112.72257833484136
eval success rate: 0.95

 Scenario simple_spread Algo rmappo Exp reference_20260925T173510Z_880afb_ippo_w128_seed1 updates 5180/6250 episodes, total num timesteps 16579200/20000000, FPS 9886.

average episode rewards is -111.68477630615234

 Scenario simple_spread Algo rmappo Exp reference_20260925T173510Z_880afb_ippo_w128_seed1 updates 5185/6250 episodes, total num timesteps 16595200/20000000, FPS 9886.

average episode rewards is -111.75778198242188

 Scenario simple_spread Algo rmappo Exp reference_20260925T173510Z_880afb_ippo_w128_seed1 updates 5190/6250 episodes, total num timesteps 16611200/20000000, FPS 9886.

average episode rewards is -113.26393127441406

 Scenario simple_spread Algo rmappo Exp reference_20260925T173510Z_880afb_ippo_w128_seed1 updates 5195/6250 episodes, total num timesteps 16627200/20000000, FPS 9885.

average episode rewards is -112.32421112060547

 Scenario simple_spread Algo rmappo Exp reference_20260925T173510Z_880afb_ippo_w128_seed1 updates 5200/6250 episodes, total num timesteps 16643200/20000000, FPS 9886.

average episode rewards is -113.96359252929688
eval average episode rewards of agent: -110.76332835200532
eval success rate: 0.9

 Scenario simple_spread Algo rmappo Exp reference_20260925T173510Z_880afb_ippo_w128_seed1 updates 5205/6250 episodes, total num timesteps 16659200/20000000, FPS 9886.

average episode rewards is -113.48018646240234

 Scenario simple_spread Algo rmappo Exp reference_20260925T173510Z_880afb_ippo_w128_seed1 updates 5210/6250 episodes, total num timesteps 16675200/20000000, FPS 9886.

average episode rewards is -112.06058502197266

 Scenario simple_spread Algo rmappo Exp reference_20260925T173510Z_880afb_ippo_w128_seed1 updates 5215/6250 episodes, total num timesteps 16691200/20000000, FPS 9886.

average episode rewards is -112.87394714355469

 Scenario simple_spread Algo rmappo Exp reference_20260925T173510Z_880afb_ippo_w128_seed1 updates 5220/6250 episodes, total num timesteps 16707200/20000000, FPS 9886.

average episode rewards is -110.18344116210938

 Scenario simple_spread Algo rmappo Exp reference_20260925T173510Z_880afb_ippo_w128_seed1 updates 5225/6250 episodes, total num timesteps 16723200/20000000, FPS 9887.

average episode rewards is -111.46199798583984
eval average episode rewards of agent: -114.59227327315065
eval success rate: 0.95

 Scenario simple_spread Algo rmappo Exp reference_20260925T173510Z_880afb_ippo_w128_seed1 updates 5230/6250 episodes, total num timesteps 16739200/20000000, FPS 9887.

average episode rewards is -111.46410369873047

 Scenario simple_spread Algo rmappo Exp reference_20260925T173510Z_880afb_ippo_w128_seed1 updates 5235/6250 episodes, total num timesteps 16755200/20000000, FPS 9887.

average episode rewards is -112.4635009765625

 Scenario simple_spread Algo rmappo Exp reference_20260925T173510Z_880afb_ippo_w128_seed1 updates 5240/6250 episodes, total num timesteps 16771200/20000000, FPS 9887.

average episode rewards is -111.07026672363281

 Scenario simple_spread Algo rmappo Exp reference_20260925T173510Z_880afb_ippo_w128_seed1 updates 5245/6250 episodes, total num timesteps 16787200/20000000, FPS 9887.

average episode rewards is -114.01901245117188

 Scenario simple_spread Algo rmappo Exp reference_20260925T173510Z_880afb_ippo_w128_seed1 updates 5250/6250 episodes, total num timesteps 16803200/20000000, FPS 9887.

average episode rewards is -112.31006622314453
eval average episode rewards of agent: -110.15184512422249
eval success rate: 1.0

 Scenario simple_spread Algo rmappo Exp reference_20260925T173510Z_880afb_ippo_w128_seed1 updates 5255/6250 episodes, total num timesteps 16819200/20000000, FPS 9887.

average episode rewards is -112.81060028076172

 Scenario simple_spread Algo rmappo Exp reference_20260925T173510Z_880afb_ippo_w128_seed1 updates 5260/6250 episodes, total num timesteps 16835200/20000000, FPS 9887.

average episode rewards is -111.8447265625

 Scenario simple_spread Algo rmappo Exp reference_20260925T173510Z_880afb_ippo_w128_seed1 updates 5265/6250 episodes, total num timesteps 16851200/20000000, FPS 9887.

average episode rewards is -111.4322509765625

 Scenario simple_spread Algo rmappo Exp reference_20260925T173510Z_880afb_ippo_w128_seed1 updates 5270/6250 episodes, total num timesteps 16867200/20000000, FPS 9887.

average episode rewards is -113.62767028808594

 Scenario simple_spread Algo rmappo Exp reference_20260925T173510Z_880afb_ippo_w128_seed1 updates 5275/6250 episodes, total num timesteps 16883200/20000000, FPS 9887.

average episode rewards is -110.95813751220703
eval average episode rewards of agent: -115.08973973068902
eval success rate: 1.0

 Scenario simple_spread Algo rmappo Exp reference_20260925T173510Z_880afb_ippo_w128_seed1 updates 5280/6250 episodes, total num timesteps 16899200/20000000, FPS 9888.

average episode rewards is -114.28606414794922

 Scenario simple_spread Algo rmappo Exp reference_20260925T173510Z_880afb_ippo_w128_seed1 updates 5285/6250 episodes, total num timesteps 16915200/20000000, FPS 9888.

average episode rewards is -111.68986511230469

 Scenario simple_spread Algo rmappo Exp reference_20260925T173510Z_880afb_ippo_w128_seed1 updates 5290/6250 episodes, total num timesteps 16931200/20000000, FPS 9888.

average episode rewards is -112.86019134521484

 Scenario simple_spread Algo rmappo Exp reference_20260925T173510Z_880afb_ippo_w128_seed1 updates 5295/6250 episodes, total num timesteps 16947200/20000000, FPS 9888.

average episode rewards is -112.99977111816406

 Scenario simple_spread Algo rmappo Exp reference_20260925T173510Z_880afb_ippo_w128_seed1 updates 5300/6250 episodes, total num timesteps 16963200/20000000, FPS 9888.

average episode rewards is -112.0844497680664
eval average episode rewards of agent: -116.98554806077142
eval success rate: 1.0

 Scenario simple_spread Algo rmappo Exp reference_20260925T173510Z_880afb_ippo_w128_seed1 updates 5305/6250 episodes, total num timesteps 16979200/20000000, FPS 9888.

average episode rewards is -113.0844497680664

 Scenario simple_spread Algo rmappo Exp reference_20260925T173510Z_880afb_ippo_w128_seed1 updates 5310/6250 episodes, total num timesteps 16995200/20000000, FPS 9888.

average episode rewards is -113.60353088378906

 Scenario simple_spread Algo rmappo Exp reference_20260925T173510Z_880afb_ippo_w128_seed1 updates 5315/6250 episodes, total num timesteps 17011200/20000000, FPS 9887.

average episode rewards is -113.06641387939453

 Scenario simple_spread Algo rmappo Exp reference_20260925T173510Z_880afb_ippo_w128_seed1 updates 5320/6250 episodes, total num timesteps 17027200/20000000, FPS 9887.

average episode rewards is -111.90565490722656

 Scenario simple_spread Algo rmappo Exp reference_20260925T173510Z_880afb_ippo_w128_seed1 updates 5325/6250 episodes, total num timesteps 17043200/20000000, FPS 9887.

average episode rewards is -113.42529296875
eval average episode rewards of agent: -110.34967328761182
eval success rate: 1.0

 Scenario simple_spread Algo rmappo Exp reference_20260925T173510Z_880afb_ippo_w128_seed1 updates 5330/6250 episodes, total num timesteps 17059200/20000000, FPS 9887.

average episode rewards is -112.10337829589844

 Scenario simple_spread Algo rmappo Exp reference_20260925T173510Z_880afb_ippo_w128_seed1 updates 5335/6250 episodes, total num timesteps 17075200/20000000, FPS 9888.

average episode rewards is -111.16612243652344

 Scenario simple_spread Algo rmappo Exp reference_20260925T173510Z_880afb_ippo_w128_seed1 updates 5340/6250 episodes, total num timesteps 17091200/20000000, FPS 9888.

average episode rewards is -112.58213806152344

 Scenario simple_spread Algo rmappo Exp reference_20260925T173510Z_880afb_ippo_w128_seed1 updates 5345/6250 episodes, total num timesteps 17107200/20000000, FPS 9888.

average episode rewards is -109.44873046875

 Scenario simple_spread Algo rmappo Exp reference_20260925T173510Z_880afb_ippo_w128_seed1 updates 5350/6250 episodes, total num timesteps 17123200/20000000, FPS 9888.

average episode rewards is -111.55677032470703
eval average episode rewards of agent: -110.93541508379491
eval success rate: 0.95

 Scenario simple_spread Algo rmappo Exp reference_20260925T173510Z_880afb_ippo_w128_seed1 updates 5355/6250 episodes, total num timesteps 17139200/20000000, FPS 9888.

average episode rewards is -112.55459594726562

 Scenario simple_spread Algo rmappo Exp reference_20260925T173510Z_880afb_ippo_w128_seed1 updates 5360/6250 episodes, total num timesteps 17155200/20000000, FPS 9888.

average episode rewards is -114.0389175415039

 Scenario simple_spread Algo rmappo Exp reference_20260925T173510Z_880afb_ippo_w128_seed1 updates 5365/6250 episodes, total num timesteps 17171200/20000000, FPS 9889.

average episode rewards is -112.63642120361328

 Scenario simple_spread Algo rmappo Exp reference_20260925T173510Z_880afb_ippo_w128_seed1 updates 5370/6250 episodes, total num timesteps 17187200/20000000, FPS 9889.

average episode rewards is -112.19770812988281

 Scenario simple_spread Algo rmappo Exp reference_20260925T173510Z_880afb_ippo_w128_seed1 updates 5375/6250 episodes, total num timesteps 17203200/20000000, FPS 9888.

average episode rewards is -112.75393676757812
eval average episode rewards of agent: -107.5019395572623
eval success rate: 0.9

 Scenario simple_spread Algo rmappo Exp reference_20260925T173510Z_880afb_ippo_w128_seed1 updates 5380/6250 episodes, total num timesteps 17219200/20000000, FPS 9888.

average episode rewards is -112.0853042602539

 Scenario simple_spread Algo rmappo Exp reference_20260925T173510Z_880afb_ippo_w128_seed1 updates 5385/6250 episodes, total num timesteps 17235200/20000000, FPS 9889.

average episode rewards is -111.16038513183594

 Scenario simple_spread Algo rmappo Exp reference_20260925T173510Z_880afb_ippo_w128_seed1 updates 5390/6250 episodes, total num timesteps 17251200/20000000, FPS 9889.

average episode rewards is -111.92094421386719

 Scenario simple_spread Algo rmappo Exp reference_20260925T173510Z_880afb_ippo_w128_seed1 updates 5395/6250 episodes, total num timesteps 17267200/20000000, FPS 9889.

average episode rewards is -113.27900695800781

 Scenario simple_spread Algo rmappo Exp reference_20260925T173510Z_880afb_ippo_w128_seed1 updates 5400/6250 episodes, total num timesteps 17283200/20000000, FPS 9889.

average episode rewards is -113.42135620117188
eval average episode rewards of agent: -117.05824350278704
eval success rate: 0.9

 Scenario simple_spread Algo rmappo Exp reference_20260925T173510Z_880afb_ippo_w128_seed1 updates 5405/6250 episodes, total num timesteps 17299200/20000000, FPS 9889.

average episode rewards is -112.20326232910156

 Scenario simple_spread Algo rmappo Exp reference_20260925T173510Z_880afb_ippo_w128_seed1 updates 5410/6250 episodes, total num timesteps 17315200/20000000, FPS 9889.

average episode rewards is -112.37435150146484

 Scenario simple_spread Algo rmappo Exp reference_20260925T173510Z_880afb_ippo_w128_seed1 updates 5415/6250 episodes, total num timesteps 17331200/20000000, FPS 9890.

average episode rewards is -110.93462371826172

 Scenario simple_spread Algo rmappo Exp reference_20260925T173510Z_880afb_ippo_w128_seed1 updates 5420/6250 episodes, total num timesteps 17347200/20000000, FPS 9890.

average episode rewards is -112.72123718261719

 Scenario simple_spread Algo rmappo Exp reference_20260925T173510Z_880afb_ippo_w128_seed1 updates 5425/6250 episodes, total num timesteps 17363200/20000000, FPS 9890.

average episode rewards is -110.50525665283203
eval average episode rewards of agent: -118.36108079908396
eval success rate: 0.9

 Scenario simple_spread Algo rmappo Exp reference_20260925T173510Z_880afb_ippo_w128_seed1 updates 5430/6250 episodes, total num timesteps 17379200/20000000, FPS 9890.

average episode rewards is -112.60272216796875

 Scenario simple_spread Algo rmappo Exp reference_20260925T173510Z_880afb_ippo_w128_seed1 updates 5435/6250 episodes, total num timesteps 17395200/20000000, FPS 9889.

average episode rewards is -110.69922637939453

 Scenario simple_spread Algo rmappo Exp reference_20260925T173510Z_880afb_ippo_w128_seed1 updates 5440/6250 episodes, total num timesteps 17411200/20000000, FPS 9890.

average episode rewards is -112.52831268310547

 Scenario simple_spread Algo rmappo Exp reference_20260925T173510Z_880afb_ippo_w128_seed1 updates 5445/6250 episodes, total num timesteps 17427200/20000000, FPS 9890.

average episode rewards is -114.69681549072266

 Scenario simple_spread Algo rmappo Exp reference_20260925T173510Z_880afb_ippo_w128_seed1 updates 5450/6250 episodes, total num timesteps 17443200/20000000, FPS 9890.

average episode rewards is -111.60212707519531
eval average episode rewards of agent: -109.80145899801178
eval success rate: 0.95

 Scenario simple_spread Algo rmappo Exp reference_20260925T173510Z_880afb_ippo_w128_seed1 updates 5455/6250 episodes, total num timesteps 17459200/20000000, FPS 9890.

average episode rewards is -113.37803649902344

 Scenario simple_spread Algo rmappo Exp reference_20260925T173510Z_880afb_ippo_w128_seed1 updates 5460/6250 episodes, total num timesteps 17475200/20000000, FPS 9890.

average episode rewards is -112.66864776611328

 Scenario simple_spread Algo rmappo Exp reference_20260925T173510Z_880afb_ippo_w128_seed1 updates 5465/6250 episodes, total num timesteps 17491200/20000000, FPS 9891.

average episode rewards is -113.16373443603516

 Scenario simple_spread Algo rmappo Exp reference_20260925T173510Z_880afb_ippo_w128_seed1 updates 5470/6250 episodes, total num timesteps 17507200/20000000, FPS 9891.

average episode rewards is -112.22601318359375

 Scenario simple_spread Algo rmappo Exp reference_20260925T173510Z_880afb_ippo_w128_seed1 updates 5475/6250 episodes, total num timesteps 17523200/20000000, FPS 9891.

average episode rewards is -114.1748275756836
eval average episode rewards of agent: -117.86079516124936
eval success rate: 0.95

 Scenario simple_spread Algo rmappo Exp reference_20260925T173510Z_880afb_ippo_w128_seed1 updates 5480/6250 episodes, total num timesteps 17539200/20000000, FPS 9891.

average episode rewards is -113.02188873291016

 Scenario simple_spread Algo rmappo Exp reference_20260925T173510Z_880afb_ippo_w128_seed1 updates 5485/6250 episodes, total num timesteps 17555200/20000000, FPS 9891.

average episode rewards is -111.88636779785156

 Scenario simple_spread Algo rmappo Exp reference_20260925T173510Z_880afb_ippo_w128_seed1 updates 5490/6250 episodes, total num timesteps 17571200/20000000, FPS 9891.

average episode rewards is -114.14561462402344

 Scenario simple_spread Algo rmappo Exp reference_20260925T173510Z_880afb_ippo_w128_seed1 updates 5495/6250 episodes, total num timesteps 17587200/20000000, FPS 9891.

average episode rewards is -112.35173034667969

 Scenario simple_spread Algo rmappo Exp reference_20260925T173510Z_880afb_ippo_w128_seed1 updates 5500/6250 episodes, total num timesteps 17603200/20000000, FPS 9891.

average episode rewards is -112.16144561767578
eval average episode rewards of agent: -107.80596373627053
eval success rate: 0.95

 Scenario simple_spread Algo rmappo Exp reference_20260925T173510Z_880afb_ippo_w128_seed1 updates 5505/6250 episodes, total num timesteps 17619200/20000000, FPS 9891.

average episode rewards is -113.8941421508789

 Scenario simple_spread Algo rmappo Exp reference_20260925T173510Z_880afb_ippo_w128_seed1 updates 5510/6250 episodes, total num timesteps 17635200/20000000, FPS 9891.

average episode rewards is -110.74911499023438

 Scenario simple_spread Algo rmappo Exp reference_20260925T173510Z_880afb_ippo_w128_seed1 updates 5515/6250 episodes, total num timesteps 17651200/20000000, FPS 9891.

average episode rewards is -108.6313705444336

 Scenario simple_spread Algo rmappo Exp reference_20260925T173510Z_880afb_ippo_w128_seed1 updates 5520/6250 episodes, total num timesteps 17667200/20000000, FPS 9891.

average episode rewards is -112.9693603515625

 Scenario simple_spread Algo rmappo Exp reference_20260925T173510Z_880afb_ippo_w128_seed1 updates 5525/6250 episodes, total num timesteps 17683200/20000000, FPS 9891.

average episode rewards is -112.48577880859375
eval average episode rewards of agent: -109.8078439632228
eval success rate: 1.0

 Scenario simple_spread Algo rmappo Exp reference_20260925T173510Z_880afb_ippo_w128_seed1 updates 5530/6250 episodes, total num timesteps 17699200/20000000, FPS 9891.

average episode rewards is -113.1846923828125

 Scenario simple_spread Algo rmappo Exp reference_20260925T173510Z_880afb_ippo_w128_seed1 updates 5535/6250 episodes, total num timesteps 17715200/20000000, FPS 9891.

average episode rewards is -111.6053466796875

 Scenario simple_spread Algo rmappo Exp reference_20260925T173510Z_880afb_ippo_w128_seed1 updates 5540/6250 episodes, total num timesteps 17731200/20000000, FPS 9891.

average episode rewards is -111.32295989990234

 Scenario simple_spread Algo rmappo Exp reference_20260925T173510Z_880afb_ippo_w128_seed1 updates 5545/6250 episodes, total num timesteps 17747200/20000000, FPS 9891.

average episode rewards is -112.51252746582031

 Scenario simple_spread Algo rmappo Exp reference_20260925T173510Z_880afb_ippo_w128_seed1 updates 5550/6250 episodes, total num timesteps 17763200/20000000, FPS 9892.

average episode rewards is -111.6043472290039
eval average episode rewards of agent: -112.45764896667579
eval success rate: 1.0

 Scenario simple_spread Algo rmappo Exp reference_20260925T173510Z_880afb_ippo_w128_seed1 updates 5555/6250 episodes, total num timesteps 17779200/20000000, FPS 9891.

average episode rewards is -111.98612213134766

 Scenario simple_spread Algo rmappo Exp reference_20260925T173510Z_880afb_ippo_w128_seed1 updates 5560/6250 episodes, total num timesteps 17795200/20000000, FPS 9891.

average episode rewards is -111.2573013305664

 Scenario simple_spread Algo rmappo Exp reference_20260925T173510Z_880afb_ippo_w128_seed1 updates 5565/6250 episodes, total num timesteps 17811200/20000000, FPS 9891.

average episode rewards is -114.24883270263672

 Scenario simple_spread Algo rmappo Exp reference_20260925T173510Z_880afb_ippo_w128_seed1 updates 5570/6250 episodes, total num timesteps 17827200/20000000, FPS 9891.

average episode rewards is -113.42123413085938

 Scenario simple_spread Algo rmappo Exp reference_20260925T173510Z_880afb_ippo_w128_seed1 updates 5575/6250 episodes, total num timesteps 17843200/20000000, FPS 9891.

average episode rewards is -114.31791687011719
eval average episode rewards of agent: -108.75457104799429
eval success rate: 0.95

 Scenario simple_spread Algo rmappo Exp reference_20260925T173510Z_880afb_ippo_w128_seed1 updates 5580/6250 episodes, total num timesteps 17859200/20000000, FPS 9891.

average episode rewards is -113.27074432373047

 Scenario simple_spread Algo rmappo Exp reference_20260925T173510Z_880afb_ippo_w128_seed1 updates 5585/6250 episodes, total num timesteps 17875200/20000000, FPS 9891.

average episode rewards is -110.69783020019531

 Scenario simple_spread Algo rmappo Exp reference_20260925T173510Z_880afb_ippo_w128_seed1 updates 5590/6250 episodes, total num timesteps 17891200/20000000, FPS 9891.

average episode rewards is -111.13385009765625

 Scenario simple_spread Algo rmappo Exp reference_20260925T173510Z_880afb_ippo_w128_seed1 updates 5595/6250 episodes, total num timesteps 17907200/20000000, FPS 9892.

average episode rewards is -109.58229064941406

 Scenario simple_spread Algo rmappo Exp reference_20260925T173510Z_880afb_ippo_w128_seed1 updates 5600/6250 episodes, total num timesteps 17923200/20000000, FPS 9892.

average episode rewards is -109.03572082519531
eval average episode rewards of agent: -110.10017843935711
eval success rate: 0.9

 Scenario simple_spread Algo rmappo Exp reference_20260925T173510Z_880afb_ippo_w128_seed1 updates 5605/6250 episodes, total num timesteps 17939200/20000000, FPS 9891.

average episode rewards is -110.64463806152344

 Scenario simple_spread Algo rmappo Exp reference_20260925T173510Z_880afb_ippo_w128_seed1 updates 5610/6250 episodes, total num timesteps 17955200/20000000, FPS 9892.

average episode rewards is -113.1759262084961

 Scenario simple_spread Algo rmappo Exp reference_20260925T173510Z_880afb_ippo_w128_seed1 updates 5615/6250 episodes, total num timesteps 17971200/20000000, FPS 9892.

average episode rewards is -111.4813232421875

 Scenario simple_spread Algo rmappo Exp reference_20260925T173510Z_880afb_ippo_w128_seed1 updates 5620/6250 episodes, total num timesteps 17987200/20000000, FPS 9891.

average episode rewards is -110.70243072509766

 Scenario simple_spread Algo rmappo Exp reference_20260925T173510Z_880afb_ippo_w128_seed1 updates 5625/6250 episodes, total num timesteps 18003200/20000000, FPS 9891.

average episode rewards is -111.17710876464844
eval average episode rewards of agent: -111.61002432258904
eval success rate: 0.9

 Scenario simple_spread Algo rmappo Exp reference_20260925T173510Z_880afb_ippo_w128_seed1 updates 5630/6250 episodes, total num timesteps 18019200/20000000, FPS 9891.

average episode rewards is -112.37213897705078

 Scenario simple_spread Algo rmappo Exp reference_20260925T173510Z_880afb_ippo_w128_seed1 updates 5635/6250 episodes, total num timesteps 18035200/20000000, FPS 9891.

average episode rewards is -110.3748779296875

 Scenario simple_spread Algo rmappo Exp reference_20260925T173510Z_880afb_ippo_w128_seed1 updates 5640/6250 episodes, total num timesteps 18051200/20000000, FPS 9891.

average episode rewards is -110.78803253173828

 Scenario simple_spread Algo rmappo Exp reference_20260925T173510Z_880afb_ippo_w128_seed1 updates 5645/6250 episodes, total num timesteps 18067200/20000000, FPS 9892.

average episode rewards is -111.58059692382812

 Scenario simple_spread Algo rmappo Exp reference_20260925T173510Z_880afb_ippo_w128_seed1 updates 5650/6250 episodes, total num timesteps 18083200/20000000, FPS 9892.

average episode rewards is -111.3189697265625
eval average episode rewards of agent: -113.30151046534937
eval success rate: 0.9

 Scenario simple_spread Algo rmappo Exp reference_20260925T173510Z_880afb_ippo_w128_seed1 updates 5655/6250 episodes, total num timesteps 18099200/20000000, FPS 9892.

average episode rewards is -111.34101104736328

 Scenario simple_spread Algo rmappo Exp reference_20260925T173510Z_880afb_ippo_w128_seed1 updates 5660/6250 episodes, total num timesteps 18115200/20000000, FPS 9892.

average episode rewards is -112.81072235107422

 Scenario simple_spread Algo rmappo Exp reference_20260925T173510Z_880afb_ippo_w128_seed1 updates 5665/6250 episodes, total num timesteps 18131200/20000000, FPS 9892.

average episode rewards is -112.11671447753906

 Scenario simple_spread Algo rmappo Exp reference_20260925T173510Z_880afb_ippo_w128_seed1 updates 5670/6250 episodes, total num timesteps 18147200/20000000, FPS 9892.

average episode rewards is -111.95330810546875

 Scenario simple_spread Algo rmappo Exp reference_20260925T173510Z_880afb_ippo_w128_seed1 updates 5675/6250 episodes, total num timesteps 18163200/20000000, FPS 9892.

average episode rewards is -113.28167724609375
eval average episode rewards of agent: -111.02972870423683
eval success rate: 0.95

 Scenario simple_spread Algo rmappo Exp reference_20260925T173510Z_880afb_ippo_w128_seed1 updates 5680/6250 episodes, total num timesteps 18179200/20000000, FPS 9891.

average episode rewards is -110.73807525634766

 Scenario simple_spread Algo rmappo Exp reference_20260925T173510Z_880afb_ippo_w128_seed1 updates 5685/6250 episodes, total num timesteps 18195200/20000000, FPS 9892.

average episode rewards is -113.24418640136719

 Scenario simple_spread Algo rmappo Exp reference_20260925T173510Z_880afb_ippo_w128_seed1 updates 5690/6250 episodes, total num timesteps 18211200/20000000, FPS 9892.

average episode rewards is -110.15748596191406

 Scenario simple_spread Algo rmappo Exp reference_20260925T173510Z_880afb_ippo_w128_seed1 updates 5695/6250 episodes, total num timesteps 18227200/20000000, FPS 9892.

average episode rewards is -109.83673095703125

 Scenario simple_spread Algo rmappo Exp reference_20260925T173510Z_880afb_ippo_w128_seed1 updates 5700/6250 episodes, total num timesteps 18243200/20000000, FPS 9892.

average episode rewards is -112.20983123779297
eval average episode rewards of agent: -115.37713368990923
eval success rate: 0.85

 Scenario simple_spread Algo rmappo Exp reference_20260925T173510Z_880afb_ippo_w128_seed1 updates 5705/6250 episodes, total num timesteps 18259200/20000000, FPS 9892.

average episode rewards is -111.67317962646484

 Scenario simple_spread Algo rmappo Exp reference_20260925T173510Z_880afb_ippo_w128_seed1 updates 5710/6250 episodes, total num timesteps 18275200/20000000, FPS 9892.

average episode rewards is -112.32035064697266

 Scenario simple_spread Algo rmappo Exp reference_20260925T173510Z_880afb_ippo_w128_seed1 updates 5715/6250 episodes, total num timesteps 18291200/20000000, FPS 9892.

average episode rewards is -111.23516845703125

 Scenario simple_spread Algo rmappo Exp reference_20260925T173510Z_880afb_ippo_w128_seed1 updates 5720/6250 episodes, total num timesteps 18307200/20000000, FPS 9892.

average episode rewards is -112.4617919921875

 Scenario simple_spread Algo rmappo Exp reference_20260925T173510Z_880afb_ippo_w128_seed1 updates 5725/6250 episodes, total num timesteps 18323200/20000000, FPS 9892.

average episode rewards is -112.59812927246094
eval average episode rewards of agent: -109.3636676497255
eval success rate: 0.95

 Scenario simple_spread Algo rmappo Exp reference_20260925T173510Z_880afb_ippo_w128_seed1 updates 5730/6250 episodes, total num timesteps 18339200/20000000, FPS 9892.

average episode rewards is -112.7327880859375

 Scenario simple_spread Algo rmappo Exp reference_20260925T173510Z_880afb_ippo_w128_seed1 updates 5735/6250 episodes, total num timesteps 18355200/20000000, FPS 9892.

average episode rewards is -112.46906280517578

 Scenario simple_spread Algo rmappo Exp reference_20260925T173510Z_880afb_ippo_w128_seed1 updates 5740/6250 episodes, total num timesteps 18371200/20000000, FPS 9892.

average episode rewards is -109.02140045166016

 Scenario simple_spread Algo rmappo Exp reference_20260925T173510Z_880afb_ippo_w128_seed1 updates 5745/6250 episodes, total num timesteps 18387200/20000000, FPS 9892.

average episode rewards is -110.14329528808594

 Scenario simple_spread Algo rmappo Exp reference_20260925T173510Z_880afb_ippo_w128_seed1 updates 5750/6250 episodes, total num timesteps 18403200/20000000, FPS 9892.

average episode rewards is -110.89827728271484
eval average episode rewards of agent: -114.08444058470488
eval success rate: 0.9

 Scenario simple_spread Algo rmappo Exp reference_20260925T173510Z_880afb_ippo_w128_seed1 updates 5755/6250 episodes, total num timesteps 18419200/20000000, FPS 9892.

average episode rewards is -111.3815689086914

 Scenario simple_spread Algo rmappo Exp reference_20260925T173510Z_880afb_ippo_w128_seed1 updates 5760/6250 episodes, total num timesteps 18435200/20000000, FPS 9892.

average episode rewards is -113.31466674804688

 Scenario simple_spread Algo rmappo Exp reference_20260925T173510Z_880afb_ippo_w128_seed1 updates 5765/6250 episodes, total num timesteps 18451200/20000000, FPS 9892.

average episode rewards is -114.25437927246094

 Scenario simple_spread Algo rmappo Exp reference_20260925T173510Z_880afb_ippo_w128_seed1 updates 5770/6250 episodes, total num timesteps 18467200/20000000, FPS 9892.

average episode rewards is -113.35379791259766

 Scenario simple_spread Algo rmappo Exp reference_20260925T173510Z_880afb_ippo_w128_seed1 updates 5775/6250 episodes, total num timesteps 18483200/20000000, FPS 9892.

average episode rewards is -110.82587432861328
eval average episode rewards of agent: -113.86333816391229
eval success rate: 0.95

 Scenario simple_spread Algo rmappo Exp reference_20260925T173510Z_880afb_ippo_w128_seed1 updates 5780/6250 episodes, total num timesteps 18499200/20000000, FPS 9892.

average episode rewards is -111.48898315429688

 Scenario simple_spread Algo rmappo Exp reference_20260925T173510Z_880afb_ippo_w128_seed1 updates 5785/6250 episodes, total num timesteps 18515200/20000000, FPS 9892.

average episode rewards is -110.41561126708984

 Scenario simple_spread Algo rmappo Exp reference_20260925T173510Z_880afb_ippo_w128_seed1 updates 5790/6250 episodes, total num timesteps 18531200/20000000, FPS 9892.

average episode rewards is -110.32273864746094

 Scenario simple_spread Algo rmappo Exp reference_20260925T173510Z_880afb_ippo_w128_seed1 updates 5795/6250 episodes, total num timesteps 18547200/20000000, FPS 9892.

average episode rewards is -110.99459838867188

 Scenario simple_spread Algo rmappo Exp reference_20260925T173510Z_880afb_ippo_w128_seed1 updates 5800/6250 episodes, total num timesteps 18563200/20000000, FPS 9891.

average episode rewards is -110.95001983642578
eval average episode rewards of agent: -111.76004926511214
eval success rate: 0.9

 Scenario simple_spread Algo rmappo Exp reference_20260925T173510Z_880afb_ippo_w128_seed1 updates 5805/6250 episodes, total num timesteps 18579200/20000000, FPS 9891.

average episode rewards is -112.57239532470703

 Scenario simple_spread Algo rmappo Exp reference_20260925T173510Z_880afb_ippo_w128_seed1 updates 5810/6250 episodes, total num timesteps 18595200/20000000, FPS 9892.

average episode rewards is -111.06263732910156

 Scenario simple_spread Algo rmappo Exp reference_20260925T173510Z_880afb_ippo_w128_seed1 updates 5815/6250 episodes, total num timesteps 18611200/20000000, FPS 9892.

average episode rewards is -112.94892120361328

 Scenario simple_spread Algo rmappo Exp reference_20260925T173510Z_880afb_ippo_w128_seed1 updates 5820/6250 episodes, total num timesteps 18627200/20000000, FPS 9892.

average episode rewards is -113.46758270263672

 Scenario simple_spread Algo rmappo Exp reference_20260925T173510Z_880afb_ippo_w128_seed1 updates 5825/6250 episodes, total num timesteps 18643200/20000000, FPS 9892.

average episode rewards is -113.25770568847656
eval average episode rewards of agent: -110.46135616370935
eval success rate: 1.0

 Scenario simple_spread Algo rmappo Exp reference_20260925T173510Z_880afb_ippo_w128_seed1 updates 5830/6250 episodes, total num timesteps 18659200/20000000, FPS 9892.

average episode rewards is -111.05668640136719

 Scenario simple_spread Algo rmappo Exp reference_20260925T173510Z_880afb_ippo_w128_seed1 updates 5835/6250 episodes, total num timesteps 18675200/20000000, FPS 9892.

average episode rewards is -111.91474151611328

 Scenario simple_spread Algo rmappo Exp reference_20260925T173510Z_880afb_ippo_w128_seed1 updates 5840/6250 episodes, total num timesteps 18691200/20000000, FPS 9892.

average episode rewards is -112.96548461914062

 Scenario simple_spread Algo rmappo Exp reference_20260925T173510Z_880afb_ippo_w128_seed1 updates 5845/6250 episodes, total num timesteps 18707200/20000000, FPS 9892.

average episode rewards is -112.81895446777344

 Scenario simple_spread Algo rmappo Exp reference_20260925T173510Z_880afb_ippo_w128_seed1 updates 5850/6250 episodes, total num timesteps 18723200/20000000, FPS 9892.

average episode rewards is -114.585205078125
eval average episode rewards of agent: -110.50871848003155
eval success rate: 0.95

 Scenario simple_spread Algo rmappo Exp reference_20260925T173510Z_880afb_ippo_w128_seed1 updates 5855/6250 episodes, total num timesteps 18739200/20000000, FPS 9892.

average episode rewards is -112.39958953857422

 Scenario simple_spread Algo rmappo Exp reference_20260925T173510Z_880afb_ippo_w128_seed1 updates 5860/6250 episodes, total num timesteps 18755200/20000000, FPS 9892.

average episode rewards is -111.42474365234375

 Scenario simple_spread Algo rmappo Exp reference_20260925T173510Z_880afb_ippo_w128_seed1 updates 5865/6250 episodes, total num timesteps 18771200/20000000, FPS 9892.

average episode rewards is -110.98711395263672

 Scenario simple_spread Algo rmappo Exp reference_20260925T173510Z_880afb_ippo_w128_seed1 updates 5870/6250 episodes, total num timesteps 18787200/20000000, FPS 9892.

average episode rewards is -110.41686248779297

 Scenario simple_spread Algo rmappo Exp reference_20260925T173510Z_880afb_ippo_w128_seed1 updates 5875/6250 episodes, total num timesteps 18803200/20000000, FPS 9892.

average episode rewards is -113.40702819824219
eval average episode rewards of agent: -106.1469651289762
eval success rate: 0.9

 Scenario simple_spread Algo rmappo Exp reference_20260925T173510Z_880afb_ippo_w128_seed1 updates 5880/6250 episodes, total num timesteps 18819200/20000000, FPS 9892.

average episode rewards is -112.27716064453125

 Scenario simple_spread Algo rmappo Exp reference_20260925T173510Z_880afb_ippo_w128_seed1 updates 5885/6250 episodes, total num timesteps 18835200/20000000, FPS 9892.

average episode rewards is -112.82176971435547

 Scenario simple_spread Algo rmappo Exp reference_20260925T173510Z_880afb_ippo_w128_seed1 updates 5890/6250 episodes, total num timesteps 18851200/20000000, FPS 9892.

average episode rewards is -112.858642578125

 Scenario simple_spread Algo rmappo Exp reference_20260925T173510Z_880afb_ippo_w128_seed1 updates 5895/6250 episodes, total num timesteps 18867200/20000000, FPS 9892.

average episode rewards is -113.80599975585938

 Scenario simple_spread Algo rmappo Exp reference_20260925T173510Z_880afb_ippo_w128_seed1 updates 5900/6250 episodes, total num timesteps 18883200/20000000, FPS 9892.

average episode rewards is -111.5807876586914
eval average episode rewards of agent: -107.66994777984705
eval success rate: 1.0

 Scenario simple_spread Algo rmappo Exp reference_20260925T173510Z_880afb_ippo_w128_seed1 updates 5905/6250 episodes, total num timesteps 18899200/20000000, FPS 9892.

average episode rewards is -111.28936767578125

 Scenario simple_spread Algo rmappo Exp reference_20260925T173510Z_880afb_ippo_w128_seed1 updates 5910/6250 episodes, total num timesteps 18915200/20000000, FPS 9892.

average episode rewards is -109.60600280761719

 Scenario simple_spread Algo rmappo Exp reference_20260925T173510Z_880afb_ippo_w128_seed1 updates 5915/6250 episodes, total num timesteps 18931200/20000000, FPS 9892.

average episode rewards is -113.0284423828125

 Scenario simple_spread Algo rmappo Exp reference_20260925T173510Z_880afb_ippo_w128_seed1 updates 5920/6250 episodes, total num timesteps 18947200/20000000, FPS 9891.

average episode rewards is -114.11557006835938

 Scenario simple_spread Algo rmappo Exp reference_20260925T173510Z_880afb_ippo_w128_seed1 updates 5925/6250 episodes, total num timesteps 18963200/20000000, FPS 9891.

average episode rewards is -109.92255401611328
eval average episode rewards of agent: -112.13594009866596
eval success rate: 0.95

 Scenario simple_spread Algo rmappo Exp reference_20260925T173510Z_880afb_ippo_w128_seed1 updates 5930/6250 episodes, total num timesteps 18979200/20000000, FPS 9891.

average episode rewards is -111.92923736572266

 Scenario simple_spread Algo rmappo Exp reference_20260925T173510Z_880afb_ippo_w128_seed1 updates 5935/6250 episodes, total num timesteps 18995200/20000000, FPS 9892.

average episode rewards is -111.18109130859375

 Scenario simple_spread Algo rmappo Exp reference_20260925T173510Z_880afb_ippo_w128_seed1 updates 5940/6250 episodes, total num timesteps 19011200/20000000, FPS 9892.

average episode rewards is -112.76215362548828

 Scenario simple_spread Algo rmappo Exp reference_20260925T173510Z_880afb_ippo_w128_seed1 updates 5945/6250 episodes, total num timesteps 19027200/20000000, FPS 9892.

average episode rewards is -112.32347106933594

 Scenario simple_spread Algo rmappo Exp reference_20260925T173510Z_880afb_ippo_w128_seed1 updates 5950/6250 episodes, total num timesteps 19043200/20000000, FPS 9892.

average episode rewards is -111.9251937866211
eval average episode rewards of agent: -115.75269137538452
eval success rate: 0.9

 Scenario simple_spread Algo rmappo Exp reference_20260925T173510Z_880afb_ippo_w128_seed1 updates 5955/6250 episodes, total num timesteps 19059200/20000000, FPS 9892.

average episode rewards is -111.1933364868164

 Scenario simple_spread Algo rmappo Exp reference_20260925T173510Z_880afb_ippo_w128_seed1 updates 5960/6250 episodes, total num timesteps 19075200/20000000, FPS 9892.

average episode rewards is -112.94772338867188

 Scenario simple_spread Algo rmappo Exp reference_20260925T173510Z_880afb_ippo_w128_seed1 updates 5965/6250 episodes, total num timesteps 19091200/20000000, FPS 9892.

average episode rewards is -111.6170425415039

 Scenario simple_spread Algo rmappo Exp reference_20260925T173510Z_880afb_ippo_w128_seed1 updates 5970/6250 episodes, total num timesteps 19107200/20000000, FPS 9892.

average episode rewards is -111.55257415771484

 Scenario simple_spread Algo rmappo Exp reference_20260925T173510Z_880afb_ippo_w128_seed1 updates 5975/6250 episodes, total num timesteps 19123200/20000000, FPS 9892.

average episode rewards is -112.88932800292969
eval average episode rewards of agent: -114.76951162809716
eval success rate: 0.95

 Scenario simple_spread Algo rmappo Exp reference_20260925T173510Z_880afb_ippo_w128_seed1 updates 5980/6250 episodes, total num timesteps 19139200/20000000, FPS 9891.

average episode rewards is -111.95339965820312

 Scenario simple_spread Algo rmappo Exp reference_20260925T173510Z_880afb_ippo_w128_seed1 updates 5985/6250 episodes, total num timesteps 19155200/20000000, FPS 9891.

average episode rewards is -112.61348724365234

 Scenario simple_spread Algo rmappo Exp reference_20260925T173510Z_880afb_ippo_w128_seed1 updates 5990/6250 episodes, total num timesteps 19171200/20000000, FPS 9891.

average episode rewards is -112.02349853515625

 Scenario simple_spread Algo rmappo Exp reference_20260925T173510Z_880afb_ippo_w128_seed1 updates 5995/6250 episodes, total num timesteps 19187200/20000000, FPS 9891.

average episode rewards is -113.87562561035156

 Scenario simple_spread Algo rmappo Exp reference_20260925T173510Z_880afb_ippo_w128_seed1 updates 6000/6250 episodes, total num timesteps 19203200/20000000, FPS 9892.

average episode rewards is -111.6679916381836
eval average episode rewards of agent: -107.91942452525531
eval success rate: 1.0

 Scenario simple_spread Algo rmappo Exp reference_20260925T173510Z_880afb_ippo_w128_seed1 updates 6005/6250 episodes, total num timesteps 19219200/20000000, FPS 9892.

average episode rewards is -115.01577758789062

 Scenario simple_spread Algo rmappo Exp reference_20260925T173510Z_880afb_ippo_w128_seed1 updates 6010/6250 episodes, total num timesteps 19235200/20000000, FPS 9891.

average episode rewards is -111.26872253417969

 Scenario simple_spread Algo rmappo Exp reference_20260925T173510Z_880afb_ippo_w128_seed1 updates 6015/6250 episodes, total num timesteps 19251200/20000000, FPS 9891.

average episode rewards is -111.07510375976562

 Scenario simple_spread Algo rmappo Exp reference_20260925T173510Z_880afb_ippo_w128_seed1 updates 6020/6250 episodes, total num timesteps 19267200/20000000, FPS 9892.

average episode rewards is -110.99772644042969

 Scenario simple_spread Algo rmappo Exp reference_20260925T173510Z_880afb_ippo_w128_seed1 updates 6025/6250 episodes, total num timesteps 19283200/20000000, FPS 9892.

average episode rewards is -112.53316497802734
eval average episode rewards of agent: -111.31149167888928
eval success rate: 0.95

 Scenario simple_spread Algo rmappo Exp reference_20260925T173510Z_880afb_ippo_w128_seed1 updates 6030/6250 episodes, total num timesteps 19299200/20000000, FPS 9892.

average episode rewards is -113.2928695678711

 Scenario simple_spread Algo rmappo Exp reference_20260925T173510Z_880afb_ippo_w128_seed1 updates 6035/6250 episodes, total num timesteps 19315200/20000000, FPS 9892.

average episode rewards is -112.44383239746094

 Scenario simple_spread Algo rmappo Exp reference_20260925T173510Z_880afb_ippo_w128_seed1 updates 6040/6250 episodes, total num timesteps 19331200/20000000, FPS 9891.

average episode rewards is -112.60038757324219

 Scenario simple_spread Algo rmappo Exp reference_20260925T173510Z_880afb_ippo_w128_seed1 updates 6045/6250 episodes, total num timesteps 19347200/20000000, FPS 9891.

average episode rewards is -111.76899719238281

 Scenario simple_spread Algo rmappo Exp reference_20260925T173510Z_880afb_ippo_w128_seed1 updates 6050/6250 episodes, total num timesteps 19363200/20000000, FPS 9892.

average episode rewards is -111.4430923461914
eval average episode rewards of agent: -114.18286754407723
eval success rate: 0.95

 Scenario simple_spread Algo rmappo Exp reference_20260925T173510Z_880afb_ippo_w128_seed1 updates 6055/6250 episodes, total num timesteps 19379200/20000000, FPS 9891.

average episode rewards is -111.90130615234375

 Scenario simple_spread Algo rmappo Exp reference_20260925T173510Z_880afb_ippo_w128_seed1 updates 6060/6250 episodes, total num timesteps 19395200/20000000, FPS 9891.

average episode rewards is -111.69832611083984

 Scenario simple_spread Algo rmappo Exp reference_20260925T173510Z_880afb_ippo_w128_seed1 updates 6065/6250 episodes, total num timesteps 19411200/20000000, FPS 9891.

average episode rewards is -112.77681732177734

 Scenario simple_spread Algo rmappo Exp reference_20260925T173510Z_880afb_ippo_w128_seed1 updates 6070/6250 episodes, total num timesteps 19427200/20000000, FPS 9891.

average episode rewards is -112.18192291259766

 Scenario simple_spread Algo rmappo Exp reference_20260925T173510Z_880afb_ippo_w128_seed1 updates 6075/6250 episodes, total num timesteps 19443200/20000000, FPS 9892.

average episode rewards is -112.36834716796875
eval average episode rewards of agent: -114.9841223888312
eval success rate: 0.95

 Scenario simple_spread Algo rmappo Exp reference_20260925T173510Z_880afb_ippo_w128_seed1 updates 6080/6250 episodes, total num timesteps 19459200/20000000, FPS 9892.

average episode rewards is -112.88155364990234

 Scenario simple_spread Algo rmappo Exp reference_20260925T173510Z_880afb_ippo_w128_seed1 updates 6085/6250 episodes, total num timesteps 19475200/20000000, FPS 9892.

average episode rewards is -108.25643920898438

 Scenario simple_spread Algo rmappo Exp reference_20260925T173510Z_880afb_ippo_w128_seed1 updates 6090/6250 episodes, total num timesteps 19491200/20000000, FPS 9892.

average episode rewards is -111.73667907714844

 Scenario simple_spread Algo rmappo Exp reference_20260925T173510Z_880afb_ippo_w128_seed1 updates 6095/6250 episodes, total num timesteps 19507200/20000000, FPS 9892.

average episode rewards is -113.28902435302734

 Scenario simple_spread Algo rmappo Exp reference_20260925T173510Z_880afb_ippo_w128_seed1 updates 6100/6250 episodes, total num timesteps 19523200/20000000, FPS 9891.

average episode rewards is -112.11162567138672
eval average episode rewards of agent: -114.28986575346423
eval success rate: 0.9

 Scenario simple_spread Algo rmappo Exp reference_20260925T173510Z_880afb_ippo_w128_seed1 updates 6105/6250 episodes, total num timesteps 19539200/20000000, FPS 9891.

average episode rewards is -112.10884094238281

 Scenario simple_spread Algo rmappo Exp reference_20260925T173510Z_880afb_ippo_w128_seed1 updates 6110/6250 episodes, total num timesteps 19555200/20000000, FPS 9891.

average episode rewards is -115.90065002441406

 Scenario simple_spread Algo rmappo Exp reference_20260925T173510Z_880afb_ippo_w128_seed1 updates 6115/6250 episodes, total num timesteps 19571200/20000000, FPS 9891.

average episode rewards is -111.28988647460938

 Scenario simple_spread Algo rmappo Exp reference_20260925T173510Z_880afb_ippo_w128_seed1 updates 6120/6250 episodes, total num timesteps 19587200/20000000, FPS 9891.

average episode rewards is -111.6369857788086

 Scenario simple_spread Algo rmappo Exp reference_20260925T173510Z_880afb_ippo_w128_seed1 updates 6125/6250 episodes, total num timesteps 19603200/20000000, FPS 9892.

average episode rewards is -112.20970153808594
eval average episode rewards of agent: -112.43273201790907
eval success rate: 0.9

 Scenario simple_spread Algo rmappo Exp reference_20260925T173510Z_880afb_ippo_w128_seed1 updates 6130/6250 episodes, total num timesteps 19619200/20000000, FPS 9892.

average episode rewards is -113.25543975830078

 Scenario simple_spread Algo rmappo Exp reference_20260925T173510Z_880afb_ippo_w128_seed1 updates 6135/6250 episodes, total num timesteps 19635200/20000000, FPS 9892.

average episode rewards is -110.83356475830078

 Scenario simple_spread Algo rmappo Exp reference_20260925T173510Z_880afb_ippo_w128_seed1 updates 6140/6250 episodes, total num timesteps 19651200/20000000, FPS 9892.

average episode rewards is -111.99552154541016

 Scenario simple_spread Algo rmappo Exp reference_20260925T173510Z_880afb_ippo_w128_seed1 updates 6145/6250 episodes, total num timesteps 19667200/20000000, FPS 9892.

average episode rewards is -112.62347412109375

 Scenario simple_spread Algo rmappo Exp reference_20260925T173510Z_880afb_ippo_w128_seed1 updates 6150/6250 episodes, total num timesteps 19683200/20000000, FPS 9892.

average episode rewards is -110.92476654052734
eval average episode rewards of agent: -104.54847941059828
eval success rate: 0.95

 Scenario simple_spread Algo rmappo Exp reference_20260925T173510Z_880afb_ippo_w128_seed1 updates 6155/6250 episodes, total num timesteps 19699200/20000000, FPS 9892.

average episode rewards is -110.81369018554688

 Scenario simple_spread Algo rmappo Exp reference_20260925T173510Z_880afb_ippo_w128_seed1 updates 6160/6250 episodes, total num timesteps 19715200/20000000, FPS 9892.

average episode rewards is -112.7958984375

 Scenario simple_spread Algo rmappo Exp reference_20260925T173510Z_880afb_ippo_w128_seed1 updates 6165/6250 episodes, total num timesteps 19731200/20000000, FPS 9891.

average episode rewards is -112.76838684082031

 Scenario simple_spread Algo rmappo Exp reference_20260925T173510Z_880afb_ippo_w128_seed1 updates 6170/6250 episodes, total num timesteps 19747200/20000000, FPS 9891.

average episode rewards is -110.11772155761719

 Scenario simple_spread Algo rmappo Exp reference_20260925T173510Z_880afb_ippo_w128_seed1 updates 6175/6250 episodes, total num timesteps 19763200/20000000, FPS 9891.

average episode rewards is -111.1490707397461
eval average episode rewards of agent: -108.00217325095038
eval success rate: 0.95

 Scenario simple_spread Algo rmappo Exp reference_20260925T173510Z_880afb_ippo_w128_seed1 updates 6180/6250 episodes, total num timesteps 19779200/20000000, FPS 9891.

average episode rewards is -113.12828063964844

 Scenario simple_spread Algo rmappo Exp reference_20260925T173510Z_880afb_ippo_w128_seed1 updates 6185/6250 episodes, total num timesteps 19795200/20000000, FPS 9891.

average episode rewards is -111.51299285888672

 Scenario simple_spread Algo rmappo Exp reference_20260925T173510Z_880afb_ippo_w128_seed1 updates 6190/6250 episodes, total num timesteps 19811200/20000000, FPS 9891.

average episode rewards is -114.46395111083984

 Scenario simple_spread Algo rmappo Exp reference_20260925T173510Z_880afb_ippo_w128_seed1 updates 6195/6250 episodes, total num timesteps 19827200/20000000, FPS 9892.

average episode rewards is -111.50252532958984

 Scenario simple_spread Algo rmappo Exp reference_20260925T173510Z_880afb_ippo_w128_seed1 updates 6200/6250 episodes, total num timesteps 19843200/20000000, FPS 9891.

average episode rewards is -111.49855041503906
eval average episode rewards of agent: -115.81629703555562
eval success rate: 0.95

 Scenario simple_spread Algo rmappo Exp reference_20260925T173510Z_880afb_ippo_w128_seed1 updates 6205/6250 episodes, total num timesteps 19859200/20000000, FPS 9891.

average episode rewards is -112.13571166992188

 Scenario simple_spread Algo rmappo Exp reference_20260925T173510Z_880afb_ippo_w128_seed1 updates 6210/6250 episodes, total num timesteps 19875200/20000000, FPS 9891.

average episode rewards is -110.7558822631836

 Scenario simple_spread Algo rmappo Exp reference_20260925T173510Z_880afb_ippo_w128_seed1 updates 6215/6250 episodes, total num timesteps 19891200/20000000, FPS 9891.

average episode rewards is -111.69102478027344

 Scenario simple_spread Algo rmappo Exp reference_20260925T173510Z_880afb_ippo_w128_seed1 updates 6220/6250 episodes, total num timesteps 19907200/20000000, FPS 9891.

average episode rewards is -111.88735961914062

 Scenario simple_spread Algo rmappo Exp reference_20260925T173510Z_880afb_ippo_w128_seed1 updates 6225/6250 episodes, total num timesteps 19923200/20000000, FPS 9891.

average episode rewards is -110.66059112548828
eval average episode rewards of agent: -113.8373114380585
eval success rate: 0.85

 Scenario simple_spread Algo rmappo Exp reference_20260925T173510Z_880afb_ippo_w128_seed1 updates 6230/6250 episodes, total num timesteps 19939200/20000000, FPS 9891.

average episode rewards is -112.29325866699219

 Scenario simple_spread Algo rmappo Exp reference_20260925T173510Z_880afb_ippo_w128_seed1 updates 6235/6250 episodes, total num timesteps 19955200/20000000, FPS 9891.

average episode rewards is -112.96315002441406

 Scenario simple_spread Algo rmappo Exp reference_20260925T173510Z_880afb_ippo_w128_seed1 updates 6240/6250 episodes, total num timesteps 19971200/20000000, FPS 9891.

average episode rewards is -111.8951416015625

 Scenario simple_spread Algo rmappo Exp reference_20260925T173510Z_880afb_ippo_w128_seed1 updates 6245/6250 episodes, total num timesteps 19987200/20000000, FPS 9891.

average episode rewards is -111.16886138916016
