u are choosing to use rmappo, we set use_recurrent_policy to be True
choose to use gpu...
obs_space:  [Box([-inf -inf -inf -inf -inf -inf -inf -inf -inf -inf -inf -inf -inf -inf
 -inf -inf -inf -inf], [inf inf inf inf inf inf inf inf inf inf inf inf inf inf inf inf inf inf], (18,), float32), Box([-inf -inf -inf -inf -inf -inf -inf -inf -inf -inf -inf -inf -inf -inf
 -inf -inf -inf -inf], [inf inf inf inf inf inf inf inf inf inf inf inf inf inf inf inf inf inf], (18,), float32), Box([-inf -inf -inf -inf -inf -inf -inf -inf -inf -inf -inf -inf -inf -inf
 -inf -inf -inf -inf], [inf inf inf inf inf inf inf inf inf inf inf inf inf inf inf inf inf inf], (18,), float32)]
share_obs_space:  [Box([-inf -inf -inf -inf -inf -inf -inf -inf -inf -inf -inf -inf -inf -inf
 -inf -inf -inf -inf -inf -inf -inf -inf -inf -inf -inf -inf -inf -inf
 -inf -inf -inf -inf -inf -inf -inf -inf -inf -inf -inf -inf -inf -inf
 -inf -inf -inf -inf -inf -inf -inf -inf -inf -inf -inf -inf], [inf inf inf inf inf inf inf inf inf inf inf inf inf inf inf inf inf inf
 inf inf inf inf inf inf inf inf inf inf inf inf inf inf inf inf inf inf
 inf inf inf inf inf inf inf inf inf inf inf inf inf inf inf inf inf inf], (54,), float32), Box([-inf -inf -inf -inf -inf -inf -inf -inf -inf -inf -inf -inf -inf -inf
 -inf -inf -inf -inf -inf -inf -inf -inf -inf -inf -inf -inf -inf -inf
 -inf -inf -inf -inf -inf -inf -inf -inf -inf -inf -inf -inf -inf -inf
 -inf -inf -inf -inf -inf -inf -inf -inf -inf -inf -inf -inf], [inf inf inf inf inf inf inf inf inf inf inf inf inf inf inf inf inf inf
 inf inf inf inf inf inf inf inf inf inf inf inf inf inf inf inf inf inf
 inf inf inf inf inf inf inf inf inf inf inf inf inf inf inf inf inf inf], (54,), float32), Box([-inf -inf -inf -inf -inf -inf -inf -inf -inf -inf -inf -inf -inf -inf
 -inf -inf -inf -inf -inf -inf -inf -inf -inf -inf -inf -inf -inf -inf
 -inf -inf -inf -inf -inf -inf -inf -inf -inf -inf -inf -inf -inf -inf
 -inf -inf -inf -inf -inf -inf -inf -inf -inf -inf -inf -inf], [inf inf inf inf inf inf inf inf inf inf inf inf inf inf inf inf inf inf
 inf inf inf inf inf inf inf inf inf inf inf inf inf inf inf inf inf inf
 inf inf inf inf inf inf inf inf inf inf inf inf inf inf inf inf inf inf], (54,), float32)]
act_space:  [Discrete(5), Discrete(5), Discrete(5)]

 Scenario simple_spread Algo rmappo Exp reference_20260925T173510Z_880afb_ippo_w128_seed2 updates 0/6250 episodes, total num timesteps 3200/20000000, FPS 5774.

average episode rewards is -222.1762237548828
eval average episode rewards of agent: -195.05716059309484
eval success rate: 0.0

 Scenario simple_spread Algo rmappo Exp reference_20260925T173510Z_880afb_ippo_w128_seed2 updates 5/6250 episodes, total num timesteps 19200/20000000, FPS 8702.

average episode rewards is -189.866455078125

 Scenario simple_spread Algo rmappo Exp reference_20260925T173510Z_880afb_ippo_w128_seed2 updates 10/6250 episodes, total num timesteps 35200/20000000, FPS 9429.

average episode rewards is -186.064208984375

 Scenario simple_spread Algo rmappo Exp reference_20260925T173510Z_880afb_ippo_w128_seed2 updates 15/6250 episodes, total num timesteps 51200/20000000, FPS 9634.

average episode rewards is -180.72093200683594

 Scenario simple_spread Algo rmappo Exp reference_20260925T173510Z_880afb_ippo_w128_seed2 updates 20/6250 episodes, total num timesteps 67200/20000000, FPS 9800.

average episode rewards is -178.71119689941406

 Scenario simple_spread Algo rmappo Exp reference_20260925T173510Z_880afb_ippo_w128_seed2 updates 25/6250 episodes, total num timesteps 83200/20000000, FPS 9819.

average episode rewards is -180.2396697998047
eval average episode rewards of agent: -169.38881064919957
eval success rate: 0.05

 Scenario simple_spread Algo rmappo Exp reference_20260925T173510Z_880afb_ippo_w128_seed2 updates 30/6250 episodes, total num timesteps 99200/20000000, FPS 9802.

average episode rewards is -182.00576782226562

 Scenario simple_spread Algo rmappo Exp reference_20260925T173510Z_880afb_ippo_w128_seed2 updates 35/6250 episodes, total num timesteps 115200/20000000, FPS 9849.

average episode rewards is -174.42149353027344

 Scenario simple_spread Algo rmappo Exp reference_20260925T173510Z_880afb_ippo_w128_seed2 updates 40/6250 episodes, total num timesteps 131200/20000000, FPS 9901.

average episode rewards is -169.16981506347656

 Scenario simple_spread Algo rmappo Exp reference_20260925T173510Z_880afb_ippo_w128_seed2 updates 45/6250 episodes, total num timesteps 147200/20000000, FPS 9905.

average episode rewards is -170.18557739257812

 Scenario simple_spread Algo rmappo Exp reference_20260925T173510Z_880afb_ippo_w128_seed2 updates 50/6250 episodes, total num timesteps 163200/20000000, FPS 9934.

average episode rewards is -167.98655700683594
eval average episode rewards of agent: -173.6076443100883
eval success rate: 0.0

 Scenario simple_spread Algo rmappo Exp reference_20260925T173510Z_880afb_ippo_w128_seed2 updates 55/6250 episodes, total num timesteps 179200/20000000, FPS 9888.

average episode rewards is -165.00685119628906

 Scenario simple_spread Algo rmappo Exp reference_20260925T173510Z_880afb_ippo_w128_seed2 updates 60/6250 episodes, total num timesteps 195200/20000000, FPS 9907.

average episode rewards is -162.470947265625

 Scenario simple_spread Algo rmappo Exp reference_20260925T173510Z_880afb_ippo_w128_seed2 updates 65/6250 episodes, total num timesteps 211200/20000000, FPS 9866.

average episode rewards is -157.7613067626953

 Scenario simple_spread Algo rmappo Exp reference_20260925T173510Z_880afb_ippo_w128_seed2 updates 70/6250 episodes, total num timesteps 227200/20000000, FPS 9871.

average episode rewards is -159.8973388671875

 Scenario simple_spread Algo rmappo Exp reference_20260925T173510Z_880afb_ippo_w128_seed2 updates 75/6250 episodes, total num timesteps 243200/20000000, FPS 9886.

average episode rewards is -158.08670043945312
eval average episode rewards of agent: -153.82718752529982
eval success rate: 0.0

 Scenario simple_spread Algo rmappo Exp reference_20260925T173510Z_880afb_ippo_w128_seed2 updates 80/6250 episodes, total num timesteps 259200/20000000, FPS 9877.

average episode rewards is -155.19822692871094

 Scenario simple_spread Algo rmappo Exp reference_20260925T173510Z_880afb_ippo_w128_seed2 updates 85/6250 episodes, total num timesteps 275200/20000000, FPS 9869.

average episode rewards is -156.85508728027344

 Scenario simple_spread Algo rmappo Exp reference_20260925T173510Z_880afb_ippo_w128_seed2 updates 90/6250 episodes, total num timesteps 291200/20000000, FPS 9878.

average episode rewards is -153.6121063232422

 Scenario simple_spread Algo rmappo Exp reference_20260925T173510Z_880afb_ippo_w128_seed2 updates 95/6250 episodes, total num timesteps 307200/20000000, FPS 9901.

average episode rewards is -153.6774139404297

 Scenario simple_spread Algo rmappo Exp reference_20260925T173510Z_880afb_ippo_w128_seed2 updates 100/6250 episodes, total num timesteps 323200/20000000, FPS 9908.

average episode rewards is -152.06204223632812
eval average episode rewards of agent: -152.40264250198956
eval success rate: 0.05

 Scenario simple_spread Algo rmappo Exp reference_20260925T173510Z_880afb_ippo_w128_seed2 updates 105/6250 episodes, total num timesteps 339200/20000000, FPS 9888.

average episode rewards is -151.92971801757812

 Scenario simple_spread Algo rmappo Exp reference_20260925T173510Z_880afb_ippo_w128_seed2 updates 110/6250 episodes, total num timesteps 355200/20000000, FPS 9898.

average episode rewards is -151.74070739746094

 Scenario simple_spread Algo rmappo Exp reference_20260925T173510Z_880afb_ippo_w128_seed2 updates 115/6250 episodes, total num timesteps 371200/20000000, FPS 9917.

average episode rewards is -150.2511444091797

 Scenario simple_spread Algo rmappo Exp reference_20260925T173510Z_880afb_ippo_w128_seed2 updates 120/6250 episodes, total num timesteps 387200/20000000, FPS 9921.

average episode rewards is -150.29051208496094

 Scenario simple_spread Algo rmappo Exp reference_20260925T173510Z_880afb_ippo_w128_seed2 updates 125/6250 episodes, total num timesteps 403200/20000000, FPS 9900.

average episode rewards is -149.13427734375
eval average episode rewards of agent: -141.3580330372861
eval success rate: 0.05

 Scenario simple_spread Algo rmappo Exp reference_20260925T173510Z_880afb_ippo_w128_seed2 updates 130/6250 episodes, total num timesteps 419200/20000000, FPS 9898.

average episode rewards is -147.0915069580078

 Scenario simple_spread Algo rmappo Exp reference_20260925T173510Z_880afb_ippo_w128_seed2 updates 135/6250 episodes, total num timesteps 435200/20000000, FPS 9904.

average episode rewards is -146.64320373535156

 Scenario simple_spread Algo rmappo Exp reference_20260925T173510Z_880afb_ippo_w128_seed2 updates 140/6250 episodes, total num timesteps 451200/20000000, FPS 9898.

average episode rewards is -148.6081085205078

 Scenario simple_spread Algo rmappo Exp reference_20260925T173510Z_880afb_ippo_w128_seed2 updates 145/6250 episodes, total num timesteps 467200/20000000, FPS 9903.

average episode rewards is -147.34645080566406

 Scenario simple_spread Algo rmappo Exp reference_20260925T173510Z_880afb_ippo_w128_seed2 updates 150/6250 episodes, total num timesteps 483200/20000000, FPS 9916.

average episode rewards is -146.29588317871094
eval average episode rewards of agent: -145.48399331112785
eval success rate: 0.05

 Scenario simple_spread Algo rmappo Exp reference_20260925T173510Z_880afb_ippo_w128_seed2 updates 155/6250 episodes, total num timesteps 499200/20000000, FPS 9907.

average episode rewards is -145.79519653320312

 Scenario simple_spread Algo rmappo Exp reference_20260925T173510Z_880afb_ippo_w128_seed2 updates 160/6250 episodes, total num timesteps 515200/20000000, FPS 9904.

average episode rewards is -146.55181884765625

 Scenario simple_spread Algo rmappo Exp reference_20260925T173510Z_880afb_ippo_w128_seed2 updates 165/6250 episodes, total num timesteps 531200/20000000, FPS 9908.

average episode rewards is -145.6217803955078

 Scenario simple_spread Algo rmappo Exp reference_20260925T173510Z_880afb_ippo_w128_seed2 updates 170/6250 episodes, total num timesteps 547200/20000000, FPS 9911.

average episode rewards is -141.6239471435547

 Scenario simple_spread Algo rmappo Exp reference_20260925T173510Z_880afb_ippo_w128_seed2 updates 175/6250 episodes, total num timesteps 563200/20000000, FPS 9921.

average episode rewards is -141.95693969726562
eval average episode rewards of agent: -141.0086751959295
eval success rate: 0.15

 Scenario simple_spread Algo rmappo Exp reference_20260925T173510Z_880afb_ippo_w128_seed2 updates 180/6250 episodes, total num timesteps 579200/20000000, FPS 9897.

average episode rewards is -142.07957458496094

 Scenario simple_spread Algo rmappo Exp reference_20260925T173510Z_880afb_ippo_w128_seed2 updates 185/6250 episodes, total num timesteps 595200/20000000, FPS 9906.

average episode rewards is -142.47030639648438

 Scenario simple_spread Algo rmappo Exp reference_20260925T173510Z_880afb_ippo_w128_seed2 updates 190/6250 episodes, total num timesteps 611200/20000000, FPS 9912.

average episode rewards is -140.84552001953125

 Scenario simple_spread Algo rmappo Exp reference_20260925T173510Z_880afb_ippo_w128_seed2 updates 195/6250 episodes, total num timesteps 627200/20000000, FPS 9911.

average episode rewards is -140.0830078125

 Scenario simple_spread Algo rmappo Exp reference_20260925T173510Z_880afb_ippo_w128_seed2 updates 200/6250 episodes, total num timesteps 643200/20000000, FPS 9913.

average episode rewards is -138.23207092285156
eval average episode rewards of agent: -138.33125021522034
eval success rate: 0.15

 Scenario simple_spread Algo rmappo Exp reference_20260925T173510Z_880afb_ippo_w128_seed2 updates 205/6250 episodes, total num timesteps 659200/20000000, FPS 9911.

average episode rewards is -140.06065368652344

 Scenario simple_spread Algo rmappo Exp reference_20260925T173510Z_880afb_ippo_w128_seed2 updates 210/6250 episodes, total num timesteps 675200/20000000, FPS 9916.

average episode rewards is -139.74317932128906

 Scenario simple_spread Algo rmappo Exp reference_20260925T173510Z_880afb_ippo_w128_seed2 updates 215/6250 episodes, total num timesteps 691200/20000000, FPS 9917.

average episode rewards is -138.70082092285156

 Scenario simple_spread Algo rmappo Exp reference_20260925T173510Z_880afb_ippo_w128_seed2 updates 220/6250 episodes, total num timesteps 707200/20000000, FPS 9924.

average episode rewards is -137.27842712402344

 Scenario simple_spread Algo rmappo Exp reference_20260925T173510Z_880afb_ippo_w128_seed2 updates 225/6250 episodes, total num timesteps 723200/20000000, FPS 9928.

average episode rewards is -140.0625
eval average episode rewards of agent: -127.97074433454146
eval success rate: 0.2

 Scenario simple_spread Algo rmappo Exp reference_20260925T173510Z_880afb_ippo_w128_seed2 updates 230/6250 episodes, total num timesteps 739200/20000000, FPS 9927.

average episode rewards is -136.451171875

 Scenario simple_spread Algo rmappo Exp reference_20260925T173510Z_880afb_ippo_w128_seed2 updates 235/6250 episodes, total num timesteps 755200/20000000, FPS 9925.

average episode rewards is -136.7278289794922

 Scenario simple_spread Algo rmappo Exp reference_20260925T173510Z_880afb_ippo_w128_seed2 updates 240/6250 episodes, total num timesteps 771200/20000000, FPS 9913.

average episode rewards is -138.78680419921875

 Scenario simple_spread Algo rmappo Exp reference_20260925T173510Z_880afb_ippo_w128_seed2 updates 245/6250 episodes, total num timesteps 787200/20000000, FPS 9922.

average episode rewards is -137.638427734375

 Scenario simple_spread Algo rmappo Exp reference_20260925T173510Z_880afb_ippo_w128_seed2 updates 250/6250 episodes, total num timesteps 803200/20000000, FPS 9927.

average episode rewards is -136.01864624023438
eval average episode rewards of agent: -136.03047110853237
eval success rate: 0.15

 Scenario simple_spread Algo rmappo Exp reference_20260925T173510Z_880afb_ippo_w128_seed2 updates 255/6250 episodes, total num timesteps 819200/20000000, FPS 9923.

average episode rewards is -135.08338928222656

 Scenario simple_spread Algo rmappo Exp reference_20260925T173510Z_880afb_ippo_w128_seed2 updates 260/6250 episodes, total num timesteps 835200/20000000, FPS 9926.

average episode rewards is -136.78030395507812

 Scenario simple_spread Algo rmappo Exp reference_20260925T173510Z_880afb_ippo_w128_seed2 updates 265/6250 episodes, total num timesteps 851200/20000000, FPS 9933.

average episode rewards is -133.46217346191406

 Scenario simple_spread Algo rmappo Exp reference_20260925T173510Z_880afb_ippo_w128_seed2 updates 270/6250 episodes, total num timesteps 867200/20000000, FPS 9933.

average episode rewards is -131.2068328857422

 Scenario simple_spread Algo rmappo Exp reference_20260925T173510Z_880afb_ippo_w128_seed2 updates 275/6250 episodes, total num timesteps 883200/20000000, FPS 9932.

average episode rewards is -133.1584014892578
eval average episode rewards of agent: -128.64154536613614
eval success rate: 0.3

 Scenario simple_spread Algo rmappo Exp reference_20260925T173510Z_880afb_ippo_w128_seed2 updates 280/6250 episodes, total num timesteps 899200/20000000, FPS 9926.

average episode rewards is -131.21754455566406

 Scenario simple_spread Algo rmappo Exp reference_20260925T173510Z_880afb_ippo_w128_seed2 updates 285/6250 episodes, total num timesteps 915200/20000000, FPS 9932.

average episode rewards is -131.43357849121094

 Scenario simple_spread Algo rmappo Exp reference_20260925T173510Z_880afb_ippo_w128_seed2 updates 290/6250 episodes, total num timesteps 931200/20000000, FPS 9932.

average episode rewards is -134.765869140625

 Scenario simple_spread Algo rmappo Exp reference_20260925T173510Z_880afb_ippo_w128_seed2 updates 295/6250 episodes, total num timesteps 947200/20000000, FPS 9934.

average episode rewards is -132.39862060546875

 Scenario simple_spread Algo rmappo Exp reference_20260925T173510Z_880afb_ippo_w128_seed2 updates 300/6250 episodes, total num timesteps 963200/20000000, FPS 9926.

average episode rewards is -133.45721435546875
eval average episode rewards of agent: -135.7684816492381
eval success rate: 0.25

 Scenario simple_spread Algo rmappo Exp reference_20260925T173510Z_880afb_ippo_w128_seed2 updates 305/6250 episodes, total num timesteps 979200/20000000, FPS 9927.

average episode rewards is -131.5668487548828

 Scenario simple_spread Algo rmappo Exp reference_20260925T173510Z_880afb_ippo_w128_seed2 updates 310/6250 episodes, total num timesteps 995200/20000000, FPS 9926.

average episode rewards is -129.70407104492188

 Scenario simple_spread Algo rmappo Exp reference_20260925T173510Z_880afb_ippo_w128_seed2 updates 315/6250 episodes, total num timesteps 1011200/20000000, FPS 9930.

average episode rewards is -132.4993896484375

 Scenario simple_spread Algo rmappo Exp reference_20260925T173510Z_880afb_ippo_w128_seed2 updates 320/6250 episodes, total num timesteps 1027200/20000000, FPS 9932.

average episode rewards is -131.14044189453125

 Scenario simple_spread Algo rmappo Exp reference_20260925T173510Z_880afb_ippo_w128_seed2 updates 325/6250 episodes, total num timesteps 1043200/20000000, FPS 9931.

average episode rewards is -130.9227294921875
eval average episode rewards of agent: -134.54045618234576
eval success rate: 0.1

 Scenario simple_spread Algo rmappo Exp reference_20260925T173510Z_880afb_ippo_w128_seed2 updates 330/6250 episodes, total num timesteps 1059200/20000000, FPS 9925.

average episode rewards is -130.25572204589844

 Scenario simple_spread Algo rmappo Exp reference_20260925T173510Z_880afb_ippo_w128_seed2 updates 335/6250 episodes, total num timesteps 1075200/20000000, FPS 9922.

average episode rewards is -129.24087524414062

 Scenario simple_spread Algo rmappo Exp reference_20260925T173510Z_880afb_ippo_w128_seed2 updates 340/6250 episodes, total num timesteps 1091200/20000000, FPS 9951.

average episode rewards is -129.04786682128906

 Scenario simple_spread Algo rmappo Exp reference_20260925T173510Z_880afb_ippo_w128_seed2 updates 345/6250 episodes, total num timesteps 1107200/20000000, FPS 9974.

average episode rewards is -129.67245483398438

 Scenario simple_spread Algo rmappo Exp reference_20260925T173510Z_880afb_ippo_w128_seed2 updates 350/6250 episodes, total num timesteps 1123200/20000000, FPS 9901.

average episode rewards is -127.65492248535156
eval average episode rewards of agent: -123.64854935845668
eval success rate: 0.45

 Scenario simple_spread Algo rmappo Exp reference_20260925T173510Z_880afb_ippo_w128_seed2 updates 355/6250 episodes, total num timesteps 1139200/20000000, FPS 9841.

average episode rewards is -127.486328125

 Scenario simple_spread Algo rmappo Exp reference_20260925T173510Z_880afb_ippo_w128_seed2 updates 360/6250 episodes, total num timesteps 1155200/20000000, FPS 9837.

average episode rewards is -130.38995361328125

 Scenario simple_spread Algo rmappo Exp reference_20260925T173510Z_880afb_ippo_w128_seed2 updates 365/6250 episodes, total num timesteps 1171200/20000000, FPS 9843.

average episode rewards is -129.73695373535156

 Scenario simple_spread Algo rmappo Exp reference_20260925T173510Z_880afb_ippo_w128_seed2 updates 370/6250 episodes, total num timesteps 1187200/20000000, FPS 9844.

average episode rewards is -128.03167724609375

 Scenario simple_spread Algo rmappo Exp reference_20260925T173510Z_880afb_ippo_w128_seed2 updates 375/6250 episodes, total num timesteps 1203200/20000000, FPS 9845.

average episode rewards is -129.36196899414062
eval average episode rewards of agent: -119.74218427998115
eval success rate: 0.5

 Scenario simple_spread Algo rmappo Exp reference_20260925T173510Z_880afb_ippo_w128_seed2 updates 380/6250 episodes, total num timesteps 1219200/20000000, FPS 9843.

average episode rewards is -127.30418395996094

 Scenario simple_spread Algo rmappo Exp reference_20260925T173510Z_880afb_ippo_w128_seed2 updates 385/6250 episodes, total num timesteps 1235200/20000000, FPS 9847.

average episode rewards is -124.9021987915039

 Scenario simple_spread Algo rmappo Exp reference_20260925T173510Z_880afb_ippo_w128_seed2 updates 390/6250 episodes, total num timesteps 1251200/20000000, FPS 9849.

average episode rewards is -129.541259765625

 Scenario simple_spread Algo rmappo Exp reference_20260925T173510Z_880afb_ippo_w128_seed2 updates 395/6250 episodes, total num timesteps 1267200/20000000, FPS 9847.

average episode rewards is -127.16299438476562

 Scenario simple_spread Algo rmappo Exp reference_20260925T173510Z_880afb_ippo_w128_seed2 updates 400/6250 episodes, total num timesteps 1283200/20000000, FPS 9850.

average episode rewards is -125.43728637695312
eval average episode rewards of agent: -125.43869663579389
eval success rate: 0.5

 Scenario simple_spread Algo rmappo Exp reference_20260925T173510Z_880afb_ippo_w128_seed2 updates 405/6250 episodes, total num timesteps 1299200/20000000, FPS 9849.

average episode rewards is -128.31118774414062

 Scenario simple_spread Algo rmappo Exp reference_20260925T173510Z_880afb_ippo_w128_seed2 updates 410/6250 episodes, total num timesteps 1315200/20000000, FPS 9853.

average episode rewards is -125.69537353515625

 Scenario simple_spread Algo rmappo Exp reference_20260925T173510Z_880afb_ippo_w128_seed2 updates 415/6250 episodes, total num timesteps 1331200/20000000, FPS 9853.

average episode rewards is -128.1690673828125

 Scenario simple_spread Algo rmappo Exp reference_20260925T173510Z_880afb_ippo_w128_seed2 updates 420/6250 episodes, total num timesteps 1347200/20000000, FPS 9846.

average episode rewards is -126.71318054199219

 Scenario simple_spread Algo rmappo Exp reference_20260925T173510Z_880afb_ippo_w128_seed2 updates 425/6250 episodes, total num timesteps 1363200/20000000, FPS 9849.

average episode rewards is -122.84049987792969
eval average episode rewards of agent: -122.94695596528138
eval success rate: 0.5

 Scenario simple_spread Algo rmappo Exp reference_20260925T173510Z_880afb_ippo_w128_seed2 updates 430/6250 episodes, total num timesteps 1379200/20000000, FPS 9848.

average episode rewards is -122.7439193725586

 Scenario simple_spread Algo rmappo Exp reference_20260925T173510Z_880afb_ippo_w128_seed2 updates 435/6250 episodes, total num timesteps 1395200/20000000, FPS 9848.

average episode rewards is -125.02740478515625

 Scenario simple_spread Algo rmappo Exp reference_20260925T173510Z_880afb_ippo_w128_seed2 updates 440/6250 episodes, total num timesteps 1411200/20000000, FPS 9852.

average episode rewards is -125.58544921875

 Scenario simple_spread Algo rmappo Exp reference_20260925T173510Z_880afb_ippo_w128_seed2 updates 445/6250 episodes, total num timesteps 1427200/20000000, FPS 9854.

average episode rewards is -125.99930572509766

 Scenario simple_spread Algo rmappo Exp reference_20260925T173510Z_880afb_ippo_w128_seed2 updates 450/6250 episodes, total num timesteps 1443200/20000000, FPS 9855.

average episode rewards is -125.7564697265625
eval average episode rewards of agent: -131.31703803311876
eval success rate: 0.6

 Scenario simple_spread Algo rmappo Exp reference_20260925T173510Z_880afb_ippo_w128_seed2 updates 455/6250 episodes, total num timesteps 1459200/20000000, FPS 9853.

average episode rewards is -124.46343994140625

 Scenario simple_spread Algo rmappo Exp reference_20260925T173510Z_880afb_ippo_w128_seed2 updates 460/6250 episodes, total num timesteps 1475200/20000000, FPS 9855.

average episode rewards is -124.35250091552734

 Scenario simple_spread Algo rmappo Exp reference_20260925T173510Z_880afb_ippo_w128_seed2 updates 465/6250 episodes, total num timesteps 1491200/20000000, FPS 9857.

average episode rewards is -124.14727020263672

 Scenario simple_spread Algo rmappo Exp reference_20260925T173510Z_880afb_ippo_w128_seed2 updates 470/6250 episodes, total num timesteps 1507200/20000000, FPS 9859.

average episode rewards is -120.70808410644531

 Scenario simple_spread Algo rmappo Exp reference_20260925T173510Z_880afb_ippo_w128_seed2 updates 475/6250 episodes, total num timesteps 1523200/20000000, FPS 9859.

average episode rewards is -123.15078735351562
eval average episode rewards of agent: -119.90074154242652
eval success rate: 0.45

 Scenario simple_spread Algo rmappo Exp reference_20260925T173510Z_880afb_ippo_w128_seed2 updates 480/6250 episodes, total num timesteps 1539200/20000000, FPS 9847.

average episode rewards is -124.19956970214844

 Scenario simple_spread Algo rmappo Exp reference_20260925T173510Z_880afb_ippo_w128_seed2 updates 485/6250 episodes, total num timesteps 1555200/20000000, FPS 9851.

average episode rewards is -123.46930694580078

 Scenario simple_spread Algo rmappo Exp reference_20260925T173510Z_880afb_ippo_w128_seed2 updates 490/6250 episodes, total num timesteps 1571200/20000000, FPS 9851.

average episode rewards is -122.50830078125

 Scenario simple_spread Algo rmappo Exp reference_20260925T173510Z_880afb_ippo_w128_seed2 updates 495/6250 episodes, total num timesteps 1587200/20000000, FPS 9853.

average episode rewards is -126.8807144165039

 Scenario simple_spread Algo rmappo Exp reference_20260925T173510Z_880afb_ippo_w128_seed2 updates 500/6250 episodes, total num timesteps 1603200/20000000, FPS 9856.

average episode rewards is -121.70047760009766
eval average episode rewards of agent: -127.05445816782859
eval success rate: 0.6

 Scenario simple_spread Algo rmappo Exp reference_20260925T173510Z_880afb_ippo_w128_seed2 updates 505/6250 episodes, total num timesteps 1619200/20000000, FPS 9855.

average episode rewards is -123.68202209472656

 Scenario simple_spread Algo rmappo Exp reference_20260925T173510Z_880afb_ippo_w128_seed2 updates 510/6250 episodes, total num timesteps 1635200/20000000, FPS 9855.

average episode rewards is -121.82015991210938

 Scenario simple_spread Algo rmappo Exp reference_20260925T173510Z_880afb_ippo_w128_seed2 updates 515/6250 episodes, total num timesteps 1651200/20000000, FPS 9858.

average episode rewards is -122.34329986572266

 Scenario simple_spread Algo rmappo Exp reference_20260925T173510Z_880afb_ippo_w128_seed2 updates 520/6250 episodes, total num timesteps 1667200/20000000, FPS 9860.

average episode rewards is -123.09088897705078

 Scenario simple_spread Algo rmappo Exp reference_20260925T173510Z_880afb_ippo_w128_seed2 updates 525/6250 episodes, total num timesteps 1683200/20000000, FPS 9860.

average episode rewards is -122.745849609375
eval average episode rewards of agent: -117.35398379957161
eval success rate: 0.7

 Scenario simple_spread Algo rmappo Exp reference_20260925T173510Z_880afb_ippo_w128_seed2 updates 530/6250 episodes, total num timesteps 1699200/20000000, FPS 9858.

average episode rewards is -123.20343017578125

 Scenario simple_spread Algo rmappo Exp reference_20260925T173510Z_880afb_ippo_w128_seed2 updates 535/6250 episodes, total num timesteps 1715200/20000000, FPS 9853.

average episode rewards is -123.42679595947266

 Scenario simple_spread Algo rmappo Exp reference_20260925T173510Z_880afb_ippo_w128_seed2 updates 540/6250 episodes, total num timesteps 1731200/20000000, FPS 9853.

average episode rewards is -121.72980499267578

 Scenario simple_spread Algo rmappo Exp reference_20260925T173510Z_880afb_ippo_w128_seed2 updates 545/6250 episodes, total num timesteps 1747200/20000000, FPS 9856.

average episode rewards is -122.57302856445312

 Scenario simple_spread Algo rmappo Exp reference_20260925T173510Z_880afb_ippo_w128_seed2 updates 550/6250 episodes, total num timesteps 1763200/20000000, FPS 9857.

average episode rewards is -122.29623413085938
eval average episode rewards of agent: -113.23035926684574
eval success rate: 0.75

 Scenario simple_spread Algo rmappo Exp reference_20260925T173510Z_880afb_ippo_w128_seed2 updates 555/6250 episodes, total num timesteps 1779200/20000000, FPS 9855.

average episode rewards is -121.40924835205078

 Scenario simple_spread Algo rmappo Exp reference_20260925T173510Z_880afb_ippo_w128_seed2 updates 560/6250 episodes, total num timesteps 1795200/20000000, FPS 9859.

average episode rewards is -120.87327575683594

 Scenario simple_spread Algo rmappo Exp reference_20260925T173510Z_880afb_ippo_w128_seed2 updates 565/6250 episodes, total num timesteps 1811200/20000000, FPS 9860.

average episode rewards is -120.88614654541016

 Scenario simple_spread Algo rmappo Exp reference_20260925T173510Z_880afb_ippo_w128_seed2 updates 570/6250 episodes, total num timesteps 1827200/20000000, FPS 9861.

average episode rewards is -121.55005645751953

 Scenario simple_spread Algo rmappo Exp reference_20260925T173510Z_880afb_ippo_w128_seed2 updates 575/6250 episodes, total num timesteps 1843200/20000000, FPS 9862.

average episode rewards is -120.37093353271484
eval average episode rewards of agent: -123.38639957636775
eval success rate: 0.7

 Scenario simple_spread Algo rmappo Exp reference_20260925T173510Z_880afb_ippo_w128_seed2 updates 580/6250 episodes, total num timesteps 1859200/20000000, FPS 9861.

average episode rewards is -121.49225616455078

 Scenario simple_spread Algo rmappo Exp reference_20260925T173510Z_880afb_ippo_w128_seed2 updates 585/6250 episodes, total num timesteps 1875200/20000000, FPS 9861.

average episode rewards is -123.17752838134766

 Scenario simple_spread Algo rmappo Exp reference_20260925T173510Z_880afb_ippo_w128_seed2 updates 590/6250 episodes, total num timesteps 1891200/20000000, FPS 9861.

average episode rewards is -122.5274658203125

 Scenario simple_spread Algo rmappo Exp reference_20260925T173510Z_880afb_ippo_w128_seed2 updates 595/6250 episodes, total num timesteps 1907200/20000000, FPS 9854.

average episode rewards is -121.541748046875

 Scenario simple_spread Algo rmappo Exp reference_20260925T173510Z_880afb_ippo_w128_seed2 updates 600/6250 episodes, total num timesteps 1923200/20000000, FPS 9854.

average episode rewards is -122.49251556396484
eval average episode rewards of agent: -115.69067635843736
eval success rate: 0.8

 Scenario simple_spread Algo rmappo Exp reference_20260925T173510Z_880afb_ippo_w128_seed2 updates 605/6250 episodes, total num timesteps 1939200/20000000, FPS 9855.

average episode rewards is -120.73381805419922

 Scenario simple_spread Algo rmappo Exp reference_20260925T173510Z_880afb_ippo_w128_seed2 updates 610/6250 episodes, total num timesteps 1955200/20000000, FPS 9858.

average episode rewards is -124.03189849853516

 Scenario simple_spread Algo rmappo Exp reference_20260925T173510Z_880afb_ippo_w128_seed2 updates 615/6250 episodes, total num timesteps 1971200/20000000, FPS 9859.

average episode rewards is -120.1531753540039

 Scenario simple_spread Algo rmappo Exp reference_20260925T173510Z_880afb_ippo_w128_seed2 updates 620/6250 episodes, total num timesteps 1987200/20000000, FPS 9862.

average episode rewards is -122.07559204101562

 Scenario simple_spread Algo rmappo Exp reference_20260925T173510Z_880afb_ippo_w128_seed2 updates 625/6250 episodes, total num timesteps 2003200/20000000, FPS 9863.

average episode rewards is -122.04689025878906
eval average episode rewards of agent: -119.60059838034954
eval success rate: 0.7

 Scenario simple_spread Algo rmappo Exp reference_20260925T173510Z_880afb_ippo_w128_seed2 updates 630/6250 episodes, total num timesteps 2019200/20000000, FPS 9861.

average episode rewards is -121.24797058105469

 Scenario simple_spread Algo rmappo Exp reference_20260925T173510Z_880afb_ippo_w128_seed2 updates 635/6250 episodes, total num timesteps 2035200/20000000, FPS 9864.

average episode rewards is -119.51545715332031

 Scenario simple_spread Algo rmappo Exp reference_20260925T173510Z_880afb_ippo_w128_seed2 updates 640/6250 episodes, total num timesteps 2051200/20000000, FPS 9865.

average episode rewards is -121.20685577392578

 Scenario simple_spread Algo rmappo Exp reference_20260925T173510Z_880afb_ippo_w128_seed2 updates 645/6250 episodes, total num timesteps 2067200/20000000, FPS 9865.

average episode rewards is -120.63494873046875

 Scenario simple_spread Algo rmappo Exp reference_20260925T173510Z_880afb_ippo_w128_seed2 updates 650/6250 episodes, total num timesteps 2083200/20000000, FPS 9867.

average episode rewards is -119.89156341552734
eval average episode rewards of agent: -120.20810604514642
eval success rate: 0.85

 Scenario simple_spread Algo rmappo Exp reference_20260925T173510Z_880afb_ippo_w128_seed2 updates 655/6250 episodes, total num timesteps 2099200/20000000, FPS 9861.

average episode rewards is -121.3171157836914

 Scenario simple_spread Algo rmappo Exp reference_20260925T173510Z_880afb_ippo_w128_seed2 updates 660/6250 episodes, total num timesteps 2115200/20000000, FPS 9864.

average episode rewards is -123.8692626953125

 Scenario simple_spread Algo rmappo Exp reference_20260925T173510Z_880afb_ippo_w128_seed2 updates 665/6250 episodes, total num timesteps 2131200/20000000, FPS 9865.

average episode rewards is -119.25595092773438

 Scenario simple_spread Algo rmappo Exp reference_20260925T173510Z_880afb_ippo_w128_seed2 updates 670/6250 episodes, total num timesteps 2147200/20000000, FPS 9867.

average episode rewards is -120.09673309326172

 Scenario simple_spread Algo rmappo Exp reference_20260925T173510Z_880afb_ippo_w128_seed2 updates 675/6250 episodes, total num timesteps 2163200/20000000, FPS 9868.

average episode rewards is -121.03305053710938
eval average episode rewards of agent: -117.83862685756476
eval success rate: 0.7

 Scenario simple_spread Algo rmappo Exp reference_20260925T173510Z_880afb_ippo_w128_seed2 updates 680/6250 episodes, total num timesteps 2179200/20000000, FPS 9867.

average episode rewards is -120.9906234741211

 Scenario simple_spread Algo rmappo Exp reference_20260925T173510Z_880afb_ippo_w128_seed2 updates 685/6250 episodes, total num timesteps 2195200/20000000, FPS 9869.

average episode rewards is -121.81549072265625

 Scenario simple_spread Algo rmappo Exp reference_20260925T173510Z_880afb_ippo_w128_seed2 updates 690/6250 episodes, total num timesteps 2211200/20000000, FPS 9870.

average episode rewards is -123.58873748779297

 Scenario simple_spread Algo rmappo Exp reference_20260925T173510Z_880afb_ippo_w128_seed2 updates 695/6250 episodes, total num timesteps 2227200/20000000, FPS 9869.

average episode rewards is -121.5689926147461

 Scenario simple_spread Algo rmappo Exp reference_20260925T173510Z_880afb_ippo_w128_seed2 updates 700/6250 episodes, total num timesteps 2243200/20000000, FPS 9869.

average episode rewards is -121.67447662353516
eval average episode rewards of agent: -121.77323331254247
eval success rate: 0.7

 Scenario simple_spread Algo rmappo Exp reference_20260925T173510Z_880afb_ippo_w128_seed2 updates 705/6250 episodes, total num timesteps 2259200/20000000, FPS 9869.

average episode rewards is -120.61897277832031

 Scenario simple_spread Algo rmappo Exp reference_20260925T173510Z_880afb_ippo_w128_seed2 updates 710/6250 episodes, total num timesteps 2275200/20000000, FPS 9870.

average episode rewards is -122.0483169555664

 Scenario simple_spread Algo rmappo Exp reference_20260925T173510Z_880afb_ippo_w128_seed2 updates 715/6250 episodes, total num timesteps 2291200/20000000, FPS 9867.

average episode rewards is -121.7457504272461

 Scenario simple_spread Algo rmappo Exp reference_20260925T173510Z_880afb_ippo_w128_seed2 updates 720/6250 episodes, total num timesteps 2307200/20000000, FPS 9866.

average episode rewards is -120.3287582397461

 Scenario simple_spread Algo rmappo Exp reference_20260925T173510Z_880afb_ippo_w128_seed2 updates 725/6250 episodes, total num timesteps 2323200/20000000, FPS 9868.

average episode rewards is -119.35285186767578
eval average episode rewards of agent: -119.78676235663049
eval success rate: 0.75

 Scenario simple_spread Algo rmappo Exp reference_20260925T173510Z_880afb_ippo_w128_seed2 updates 730/6250 episodes, total num timesteps 2339200/20000000, FPS 9867.

average episode rewards is -121.19011688232422

 Scenario simple_spread Algo rmappo Exp reference_20260925T173510Z_880afb_ippo_w128_seed2 updates 735/6250 episodes, total num timesteps 2355200/20000000, FPS 9869.

average episode rewards is -120.38836669921875

 Scenario simple_spread Algo rmappo Exp reference_20260925T173510Z_880afb_ippo_w128_seed2 updates 740/6250 episodes, total num timesteps 2371200/20000000, FPS 9872.

average episode rewards is -119.81480407714844

 Scenario simple_spread Algo rmappo Exp reference_20260925T173510Z_880afb_ippo_w128_seed2 updates 745/6250 episodes, total num timesteps 2387200/20000000, FPS 9871.

average episode rewards is -123.08747863769531

 Scenario simple_spread Algo rmappo Exp reference_20260925T173510Z_880afb_ippo_w128_seed2 updates 750/6250 episodes, total num timesteps 2403200/20000000, FPS 9872.

average episode rewards is -121.86336517333984
eval average episode rewards of agent: -118.91901891704624
eval success rate: 0.8

 Scenario simple_spread Algo rmappo Exp reference_20260925T173510Z_880afb_ippo_w128_seed2 updates 755/6250 episodes, total num timesteps 2419200/20000000, FPS 9872.

average episode rewards is -118.61968994140625

 Scenario simple_spread Algo rmappo Exp reference_20260925T173510Z_880afb_ippo_w128_seed2 updates 760/6250 episodes, total num timesteps 2435200/20000000, FPS 9874.

average episode rewards is -121.34757995605469

 Scenario simple_spread Algo rmappo Exp reference_20260925T173510Z_880afb_ippo_w128_seed2 updates 765/6250 episodes, total num timesteps 2451200/20000000, FPS 9874.

average episode rewards is -119.34268188476562

 Scenario simple_spread Algo rmappo Exp reference_20260925T173510Z_880afb_ippo_w128_seed2 updates 770/6250 episodes, total num timesteps 2467200/20000000, FPS 9875.

average episode rewards is -119.70890808105469

 Scenario simple_spread Algo rmappo Exp reference_20260925T173510Z_880afb_ippo_w128_seed2 updates 775/6250 episodes, total num timesteps 2483200/20000000, FPS 9871.

average episode rewards is -118.0461654663086
eval average episode rewards of agent: -112.99514716220727
eval success rate: 0.75

 Scenario simple_spread Algo rmappo Exp reference_20260925T173510Z_880afb_ippo_w128_seed2 updates 780/6250 episodes, total num timesteps 2499200/20000000, FPS 9870.

average episode rewards is -122.7657699584961

 Scenario simple_spread Algo rmappo Exp reference_20260925T173510Z_880afb_ippo_w128_seed2 updates 785/6250 episodes, total num timesteps 2515200/20000000, FPS 9871.

average episode rewards is -120.4525375366211

 Scenario simple_spread Algo rmappo Exp reference_20260925T173510Z_880afb_ippo_w128_seed2 updates 790/6250 episodes, total num timesteps 2531200/20000000, FPS 9871.

average episode rewards is -119.20076751708984

 Scenario simple_spread Algo rmappo Exp reference_20260925T173510Z_880afb_ippo_w128_seed2 updates 795/6250 episodes, total num timesteps 2547200/20000000, FPS 9874.

average episode rewards is -118.74573516845703

 Scenario simple_spread Algo rmappo Exp reference_20260925T173510Z_880afb_ippo_w128_seed2 updates 800/6250 episodes, total num timesteps 2563200/20000000, FPS 9873.

average episode rewards is -121.1112289428711
eval average episode rewards of agent: -119.90788468311578
eval success rate: 0.8

 Scenario simple_spread Algo rmappo Exp reference_20260925T173510Z_880afb_ippo_w128_seed2 updates 805/6250 episodes, total num timesteps 2579200/20000000, FPS 9871.

average episode rewards is -118.42545318603516

 Scenario simple_spread Algo rmappo Exp reference_20260925T173510Z_880afb_ippo_w128_seed2 updates 810/6250 episodes, total num timesteps 2595200/20000000, FPS 9872.

average episode rewards is -119.31385040283203

 Scenario simple_spread Algo rmappo Exp reference_20260925T173510Z_880afb_ippo_w128_seed2 updates 815/6250 episodes, total num timesteps 2611200/20000000, FPS 9873.

average episode rewards is -120.9086685180664

 Scenario simple_spread Algo rmappo Exp reference_20260925T173510Z_880afb_ippo_w128_seed2 updates 820/6250 episodes, total num timesteps 2627200/20000000, FPS 9873.

average episode rewards is -120.44567108154297

 Scenario simple_spread Algo rmappo Exp reference_20260925T173510Z_880afb_ippo_w128_seed2 updates 825/6250 episodes, total num timesteps 2643200/20000000, FPS 9874.

average episode rewards is -120.18197631835938
eval average episode rewards of agent: -116.53547232237283
eval success rate: 0.8

 Scenario simple_spread Algo rmappo Exp reference_20260925T173510Z_880afb_ippo_w128_seed2 updates 830/6250 episodes, total num timesteps 2659200/20000000, FPS 9869.

average episode rewards is -119.06119537353516

 Scenario simple_spread Algo rmappo Exp reference_20260925T173510Z_880afb_ippo_w128_seed2 updates 835/6250 episodes, total num timesteps 2675200/20000000, FPS 9870.

average episode rewards is -119.74496459960938

 Scenario simple_spread Algo rmappo Exp reference_20260925T173510Z_880afb_ippo_w128_seed2 updates 840/6250 episodes, total num timesteps 2691200/20000000, FPS 9871.

average episode rewards is -117.12358856201172

 Scenario simple_spread Algo rmappo Exp reference_20260925T173510Z_880afb_ippo_w128_seed2 updates 845/6250 episodes, total num timesteps 2707200/20000000, FPS 9871.

average episode rewards is -119.01477813720703

 Scenario simple_spread Algo rmappo Exp reference_20260925T173510Z_880afb_ippo_w128_seed2 updates 850/6250 episodes, total num timesteps 2723200/20000000, FPS 9871.

average episode rewards is -118.4308853149414
eval average episode rewards of agent: -119.11505258356195
eval success rate: 0.95

 Scenario simple_spread Algo rmappo Exp reference_20260925T173510Z_880afb_ippo_w128_seed2 updates 855/6250 episodes, total num timesteps 2739200/20000000, FPS 9870.

average episode rewards is -120.59870910644531

 Scenario simple_spread Algo rmappo Exp reference_20260925T173510Z_880afb_ippo_w128_seed2 updates 860/6250 episodes, total num timesteps 2755200/20000000, FPS 9872.

average episode rewards is -119.99435424804688

 Scenario simple_spread Algo rmappo Exp reference_20260925T173510Z_880afb_ippo_w128_seed2 updates 865/6250 episodes, total num timesteps 2771200/20000000, FPS 9874.

average episode rewards is -116.18614196777344

 Scenario simple_spread Algo rmappo Exp reference_20260925T173510Z_880afb_ippo_w128_seed2 updates 870/6250 episodes, total num timesteps 2787200/20000000, FPS 9875.

average episode rewards is -118.56623840332031

 Scenario simple_spread Algo rmappo Exp reference_20260925T173510Z_880afb_ippo_w128_seed2 updates 875/6250 episodes, total num timesteps 2803200/20000000, FPS 9875.

average episode rewards is -117.60344696044922
eval average episode rewards of agent: -119.97802280318822
eval success rate: 0.75

 Scenario simple_spread Algo rmappo Exp reference_20260925T173510Z_880afb_ippo_w128_seed2 updates 880/6250 episodes, total num timesteps 2819200/20000000, FPS 9874.

average episode rewards is -119.43683624267578

 Scenario simple_spread Algo rmappo Exp reference_20260925T173510Z_880afb_ippo_w128_seed2 updates 885/6250 episodes, total num timesteps 2835200/20000000, FPS 9874.

average episode rewards is -120.96775817871094

 Scenario simple_spread Algo rmappo Exp reference_20260925T173510Z_880afb_ippo_w128_seed2 updates 890/6250 episodes, total num timesteps 2851200/20000000, FPS 9870.

average episode rewards is -119.86725616455078

 Scenario simple_spread Algo rmappo Exp reference_20260925T173510Z_880afb_ippo_w128_seed2 updates 895/6250 episodes, total num timesteps 2867200/20000000, FPS 9870.

average episode rewards is -119.24565887451172

 Scenario simple_spread Algo rmappo Exp reference_20260925T173510Z_880afb_ippo_w128_seed2 updates 900/6250 episodes, total num timesteps 2883200/20000000, FPS 9871.

average episode rewards is -119.92516326904297
eval average episode rewards of agent: -112.7153668622483
eval success rate: 0.9

 Scenario simple_spread Algo rmappo Exp reference_20260925T173510Z_880afb_ippo_w128_seed2 updates 905/6250 episodes, total num timesteps 2899200/20000000, FPS 9869.

average episode rewards is -118.57884216308594

 Scenario simple_spread Algo rmappo Exp reference_20260925T173510Z_880afb_ippo_w128_seed2 updates 910/6250 episodes, total num timesteps 2915200/20000000, FPS 9872.

average episode rewards is -121.14897918701172

 Scenario simple_spread Algo rmappo Exp reference_20260925T173510Z_880afb_ippo_w128_seed2 updates 915/6250 episodes, total num timesteps 2931200/20000000, FPS 9871.

average episode rewards is -116.82685852050781

 Scenario simple_spread Algo rmappo Exp reference_20260925T173510Z_880afb_ippo_w128_seed2 updates 920/6250 episodes, total num timesteps 2947200/20000000, FPS 9874.

average episode rewards is -120.1570053100586

 Scenario simple_spread Algo rmappo Exp reference_20260925T173510Z_880afb_ippo_w128_seed2 updates 925/6250 episodes, total num timesteps 2963200/20000000, FPS 9874.

average episode rewards is -120.50709533691406
eval average episode rewards of agent: -126.06575777716714
eval success rate: 0.5

 Scenario simple_spread Algo rmappo Exp reference_20260925T173510Z_880afb_ippo_w128_seed2 updates 930/6250 episodes, total num timesteps 2979200/20000000, FPS 9873.

average episode rewards is -118.77621459960938

 Scenario simple_spread Algo rmappo Exp reference_20260925T173510Z_880afb_ippo_w128_seed2 updates 935/6250 episodes, total num timesteps 2995200/20000000, FPS 9874.

average episode rewards is -117.15155029296875

 Scenario simple_spread Algo rmappo Exp reference_20260925T173510Z_880afb_ippo_w128_seed2 updates 940/6250 episodes, total num timesteps 3011200/20000000, FPS 9875.

average episode rewards is -119.30828094482422

 Scenario simple_spread Algo rmappo Exp reference_20260925T173510Z_880afb_ippo_w128_seed2 updates 945/6250 episodes, total num timesteps 3027200/20000000, FPS 9875.

average episode rewards is -117.65196228027344

 Scenario simple_spread Algo rmappo Exp reference_20260925T173510Z_880afb_ippo_w128_seed2 updates 950/6250 episodes, total num timesteps 3043200/20000000, FPS 9871.

average episode rewards is -117.90336608886719
eval average episode rewards of agent: -121.22045501619422
eval success rate: 0.8

 Scenario simple_spread Algo rmappo Exp reference_20260925T173510Z_880afb_ippo_w128_seed2 updates 955/6250 episodes, total num timesteps 3059200/20000000, FPS 9870.

average episode rewards is -116.01400756835938

 Scenario simple_spread Algo rmappo Exp reference_20260925T173510Z_880afb_ippo_w128_seed2 updates 960/6250 episodes, total num timesteps 3075200/20000000, FPS 9872.

average episode rewards is -118.02164459228516

 Scenario simple_spread Algo rmappo Exp reference_20260925T173510Z_880afb_ippo_w128_seed2 updates 965/6250 episodes, total num timesteps 3091200/20000000, FPS 9874.

average episode rewards is -117.95929718017578

 Scenario simple_spread Algo rmappo Exp reference_20260925T173510Z_880afb_ippo_w128_seed2 updates 970/6250 episodes, total num timesteps 3107200/20000000, FPS 9874.

average episode rewards is -117.73662567138672

 Scenario simple_spread Algo rmappo Exp reference_20260925T173510Z_880afb_ippo_w128_seed2 updates 975/6250 episodes, total num timesteps 3123200/20000000, FPS 9874.

average episode rewards is -114.04669189453125
eval average episode rewards of agent: -118.8535929321868
eval success rate: 0.8

 Scenario simple_spread Algo rmappo Exp reference_20260925T173510Z_880afb_ippo_w128_seed2 updates 980/6250 episodes, total num timesteps 3139200/20000000, FPS 9873.

average episode rewards is -118.41621398925781

 Scenario simple_spread Algo rmappo Exp reference_20260925T173510Z_880afb_ippo_w128_seed2 updates 985/6250 episodes, total num timesteps 3155200/20000000, FPS 9874.

average episode rewards is -117.47331237792969

 Scenario simple_spread Algo rmappo Exp reference_20260925T173510Z_880afb_ippo_w128_seed2 updates 990/6250 episodes, total num timesteps 3171200/20000000, FPS 9876.

average episode rewards is -116.75548553466797

 Scenario simple_spread Algo rmappo Exp reference_20260925T173510Z_880afb_ippo_w128_seed2 updates 995/6250 episodes, total num timesteps 3187200/20000000, FPS 9875.

average episode rewards is -118.05167388916016

 Scenario simple_spread Algo rmappo Exp reference_20260925T173510Z_880afb_ippo_w128_seed2 updates 1000/6250 episodes, total num timesteps 3203200/20000000, FPS 9875.

average episode rewards is -118.29034423828125
eval average episode rewards of agent: -117.37230496614583
eval success rate: 0.85

 Scenario simple_spread Algo rmappo Exp reference_20260925T173510Z_880afb_ippo_w128_seed2 updates 1005/6250 episodes, total num timesteps 3219200/20000000, FPS 9874.

average episode rewards is -118.48884582519531

 Scenario simple_spread Algo rmappo Exp reference_20260925T173510Z_880afb_ippo_w128_seed2 updates 1010/6250 episodes, total num timesteps 3235200/20000000, FPS 9871.

average episode rewards is -118.39556884765625

 Scenario simple_spread Algo rmappo Exp reference_20260925T173510Z_880afb_ippo_w128_seed2 updates 1015/6250 episodes, total num timesteps 3251200/20000000, FPS 9872.

average episode rewards is -118.57627868652344

 Scenario simple_spread Algo rmappo Exp reference_20260925T173510Z_880afb_ippo_w128_seed2 updates 1020/6250 episodes, total num timesteps 3267200/20000000, FPS 9873.

average episode rewards is -119.76030731201172

 Scenario simple_spread Algo rmappo Exp reference_20260925T173510Z_880afb_ippo_w128_seed2 updates 1025/6250 episodes, total num timesteps 3283200/20000000, FPS 9873.

average episode rewards is -117.95060729980469
eval average episode rewards of agent: -113.82596169463754
eval success rate: 0.95

 Scenario simple_spread Algo rmappo Exp reference_20260925T173510Z_880afb_ippo_w128_seed2 updates 1030/6250 episodes, total num timesteps 3299200/20000000, FPS 9871.

average episode rewards is -118.05146026611328

 Scenario simple_spread Algo rmappo Exp reference_20260925T173510Z_880afb_ippo_w128_seed2 updates 1035/6250 episodes, total num timesteps 3315200/20000000, FPS 9872.

average episode rewards is -119.2438735961914

 Scenario simple_spread Algo rmappo Exp reference_20260925T173510Z_880afb_ippo_w128_seed2 updates 1040/6250 episodes, total num timesteps 3331200/20000000, FPS 9872.

average episode rewards is -117.06929016113281

 Scenario simple_spread Algo rmappo Exp reference_20260925T173510Z_880afb_ippo_w128_seed2 updates 1045/6250 episodes, total num timesteps 3347200/20000000, FPS 9873.

average episode rewards is -117.17021179199219

 Scenario simple_spread Algo rmappo Exp reference_20260925T173510Z_880afb_ippo_w128_seed2 updates 1050/6250 episodes, total num timesteps 3363200/20000000, FPS 9874.

average episode rewards is -117.45721435546875
eval average episode rewards of agent: -113.49384495728016
eval success rate: 0.85

 Scenario simple_spread Algo rmappo Exp reference_20260925T173510Z_880afb_ippo_w128_seed2 updates 1055/6250 episodes, total num timesteps 3379200/20000000, FPS 9873.

average episode rewards is -119.706298828125

 Scenario simple_spread Algo rmappo Exp reference_20260925T173510Z_880afb_ippo_w128_seed2 updates 1060/6250 episodes, total num timesteps 3395200/20000000, FPS 9873.

average episode rewards is -118.44355773925781

 Scenario simple_spread Algo rmappo Exp reference_20260925T173510Z_880afb_ippo_w128_seed2 updates 1065/6250 episodes, total num timesteps 3411200/20000000, FPS 9874.

average episode rewards is -117.74288177490234

 Scenario simple_spread Algo rmappo Exp reference_20260925T173510Z_880afb_ippo_w128_seed2 updates 1070/6250 episodes, total num timesteps 3427200/20000000, FPS 9872.

average episode rewards is -115.74020385742188

 Scenario simple_spread Algo rmappo Exp reference_20260925T173510Z_880afb_ippo_w128_seed2 updates 1075/6250 episodes, total num timesteps 3443200/20000000, FPS 9874.

average episode rewards is -118.46025085449219
eval average episode rewards of agent: -106.00126036714434
eval success rate: 0.9

 Scenario simple_spread Algo rmappo Exp reference_20260925T173510Z_880afb_ippo_w128_seed2 updates 1080/6250 episodes, total num timesteps 3459200/20000000, FPS 9873.

average episode rewards is -119.11849975585938

 Scenario simple_spread Algo rmappo Exp reference_20260925T173510Z_880afb_ippo_w128_seed2 updates 1085/6250 episodes, total num timesteps 3475200/20000000, FPS 9873.

average episode rewards is -115.8524169921875

 Scenario simple_spread Algo rmappo Exp reference_20260925T173510Z_880afb_ippo_w128_seed2 updates 1090/6250 episodes, total num timesteps 3491200/20000000, FPS 9873.

average episode rewards is -118.92100524902344

 Scenario simple_spread Algo rmappo Exp reference_20260925T173510Z_880afb_ippo_w128_seed2 updates 1095/6250 episodes, total num timesteps 3507200/20000000, FPS 9874.

average episode rewards is -118.41059875488281

 Scenario simple_spread Algo rmappo Exp reference_20260925T173510Z_880afb_ippo_w128_seed2 updates 1100/6250 episodes, total num timesteps 3523200/20000000, FPS 9875.

average episode rewards is -118.89083099365234
eval average episode rewards of agent: -115.81037619553523
eval success rate: 0.9

 Scenario simple_spread Algo rmappo Exp reference_20260925T173510Z_880afb_ippo_w128_seed2 updates 1105/6250 episodes, total num timesteps 3539200/20000000, FPS 9873.

average episode rewards is -117.01518249511719

 Scenario simple_spread Algo rmappo Exp reference_20260925T173510Z_880afb_ippo_w128_seed2 updates 1110/6250 episodes, total num timesteps 3555200/20000000, FPS 9874.

average episode rewards is -117.2119369506836

 Scenario simple_spread Algo rmappo Exp reference_20260925T173510Z_880afb_ippo_w128_seed2 updates 1115/6250 episodes, total num timesteps 3571200/20000000, FPS 9874.

average episode rewards is -119.82112884521484

 Scenario simple_spread Algo rmappo Exp reference_20260925T173510Z_880afb_ippo_w128_seed2 updates 1120/6250 episodes, total num timesteps 3587200/20000000, FPS 9874.

average episode rewards is -118.47901153564453

 Scenario simple_spread Algo rmappo Exp reference_20260925T173510Z_880afb_ippo_w128_seed2 updates 1125/6250 episodes, total num timesteps 3603200/20000000, FPS 9871.

average episode rewards is -115.21419525146484
eval average episode rewards of agent: -117.09057594715647
eval success rate: 0.85

 Scenario simple_spread Algo rmappo Exp reference_20260925T173510Z_880afb_ippo_w128_seed2 updates 1130/6250 episodes, total num timesteps 3619200/20000000, FPS 9871.

average episode rewards is -116.59722137451172

 Scenario simple_spread Algo rmappo Exp reference_20260925T173510Z_880afb_ippo_w128_seed2 updates 1135/6250 episodes, total num timesteps 3635200/20000000, FPS 9872.

average episode rewards is -118.40557098388672

 Scenario simple_spread Algo rmappo Exp reference_20260925T173510Z_880afb_ippo_w128_seed2 updates 1140/6250 episodes, total num timesteps 3651200/20000000, FPS 9872.

average episode rewards is -118.79658508300781

 Scenario simple_spread Algo rmappo Exp reference_20260925T173510Z_880afb_ippo_w128_seed2 updates 1145/6250 episodes, total num timesteps 3667200/20000000, FPS 9872.

average episode rewards is -119.5179214477539

 Scenario simple_spread Algo rmappo Exp reference_20260925T173510Z_880afb_ippo_w128_seed2 updates 1150/6250 episodes, total num timesteps 3683200/20000000, FPS 9873.

average episode rewards is -120.24749755859375
eval average episode rewards of agent: -116.43900509021711
eval success rate: 0.9

 Scenario simple_spread Algo rmappo Exp reference_20260925T173510Z_880afb_ippo_w128_seed2 updates 1155/6250 episodes, total num timesteps 3699200/20000000, FPS 9873.

average episode rewards is -117.81840515136719

 Scenario simple_spread Algo rmappo Exp reference_20260925T173510Z_880afb_ippo_w128_seed2 updates 1160/6250 episodes, total num timesteps 3715200/20000000, FPS 9873.

average episode rewards is -118.01347351074219

 Scenario simple_spread Algo rmappo Exp reference_20260925T173510Z_880afb_ippo_w128_seed2 updates 1165/6250 episodes, total num timesteps 3731200/20000000, FPS 9874.

average episode rewards is -116.1222915649414

 Scenario simple_spread Algo rmappo Exp reference_20260925T173510Z_880afb_ippo_w128_seed2 updates 1170/6250 episodes, total num timesteps 3747200/20000000, FPS 9875.

average episode rewards is -120.96276092529297

 Scenario simple_spread Algo rmappo Exp reference_20260925T173510Z_880afb_ippo_w128_seed2 updates 1175/6250 episodes, total num timesteps 3763200/20000000, FPS 9875.

average episode rewards is -118.57437133789062
eval average episode rewards of agent: -119.89064503591332
eval success rate: 0.9

 Scenario simple_spread Algo rmappo Exp reference_20260925T173510Z_880afb_ippo_w128_seed2 updates 1180/6250 episodes, total num timesteps 3779200/20000000, FPS 9876.

average episode rewards is -118.91219329833984

 Scenario simple_spread Algo rmappo Exp reference_20260925T173510Z_880afb_ippo_w128_seed2 updates 1185/6250 episodes, total num timesteps 3795200/20000000, FPS 9873.

average episode rewards is -117.32249450683594

 Scenario simple_spread Algo rmappo Exp reference_20260925T173510Z_880afb_ippo_w128_seed2 updates 1190/6250 episodes, total num timesteps 3811200/20000000, FPS 9873.

average episode rewards is -117.65792083740234

 Scenario simple_spread Algo rmappo Exp reference_20260925T173510Z_880afb_ippo_w128_seed2 updates 1195/6250 episodes, total num timesteps 3827200/20000000, FPS 9873.

average episode rewards is -118.1303482055664

 Scenario simple_spread Algo rmappo Exp reference_20260925T173510Z_880afb_ippo_w128_seed2 updates 1200/6250 episodes, total num timesteps 3843200/20000000, FPS 9873.

average episode rewards is -116.74092864990234
eval average episode rewards of agent: -118.07586606128203
eval success rate: 0.85

 Scenario simple_spread Algo rmappo Exp reference_20260925T173510Z_880afb_ippo_w128_seed2 updates 1205/6250 episodes, total num timesteps 3859200/20000000, FPS 9873.

average episode rewards is -117.59922790527344

 Scenario simple_spread Algo rmappo Exp reference_20260925T173510Z_880afb_ippo_w128_seed2 updates 1210/6250 episodes, total num timesteps 3875200/20000000, FPS 9873.

average episode rewards is -118.8807601928711

 Scenario simple_spread Algo rmappo Exp reference_20260925T173510Z_880afb_ippo_w128_seed2 updates 1215/6250 episodes, total num timesteps 3891200/20000000, FPS 9873.

average episode rewards is -117.53033447265625

 Scenario simple_spread Algo rmappo Exp reference_20260925T173510Z_880afb_ippo_w128_seed2 updates 1220/6250 episodes, total num timesteps 3907200/20000000, FPS 9874.

average episode rewards is -115.25999450683594

 Scenario simple_spread Algo rmappo Exp reference_20260925T173510Z_880afb_ippo_w128_seed2 updates 1225/6250 episodes, total num timesteps 3923200/20000000, FPS 9874.

average episode rewards is -118.52434539794922
eval average episode rewards of agent: -117.0122874089937
eval success rate: 0.65

 Scenario simple_spread Algo rmappo Exp reference_20260925T173510Z_880afb_ippo_w128_seed2 updates 1230/6250 episodes, total num timesteps 3939200/20000000, FPS 9873.

average episode rewards is -116.16645050048828

 Scenario simple_spread Algo rmappo Exp reference_20260925T173510Z_880afb_ippo_w128_seed2 updates 1235/6250 episodes, total num timesteps 3955200/20000000, FPS 9874.

average episode rewards is -117.30728149414062

 Scenario simple_spread Algo rmappo Exp reference_20260925T173510Z_880afb_ippo_w128_seed2 updates 1240/6250 episodes, total num timesteps 3971200/20000000, FPS 9874.

average episode rewards is -119.1707763671875

 Scenario simple_spread Algo rmappo Exp reference_20260925T173510Z_880afb_ippo_w128_seed2 updates 1245/6250 episodes, total num timesteps 3987200/20000000, FPS 9872.

average episode rewards is -117.31966400146484

 Scenario simple_spread Algo rmappo Exp reference_20260925T173510Z_880afb_ippo_w128_seed2 updates 1250/6250 episodes, total num timesteps 4003200/20000000, FPS 9872.

average episode rewards is -118.87632751464844
eval average episode rewards of agent: -115.60732353961137
eval success rate: 0.75

 Scenario simple_spread Algo rmappo Exp reference_20260925T173510Z_880afb_ippo_w128_seed2 updates 1255/6250 episodes, total num timesteps 4019200/20000000, FPS 9871.

average episode rewards is -120.81501770019531

 Scenario simple_spread Algo rmappo Exp reference_20260925T173510Z_880afb_ippo_w128_seed2 updates 1260/6250 episodes, total num timesteps 4035200/20000000, FPS 9872.

average episode rewards is -117.59827423095703

 Scenario simple_spread Algo rmappo Exp reference_20260925T173510Z_880afb_ippo_w128_seed2 updates 1265/6250 episodes, total num timesteps 4051200/20000000, FPS 9872.

average episode rewards is -119.61992645263672

 Scenario simple_spread Algo rmappo Exp reference_20260925T173510Z_880afb_ippo_w128_seed2 updates 1270/6250 episodes, total num timesteps 4067200/20000000, FPS 9872.

average episode rewards is -116.79985809326172

 Scenario simple_spread Algo rmappo Exp reference_20260925T173510Z_880afb_ippo_w128_seed2 updates 1275/6250 episodes, total num timesteps 4083200/20000000, FPS 9872.

average episode rewards is -118.12118530273438
eval average episode rewards of agent: -115.4842182256118
eval success rate: 0.65

 Scenario simple_spread Algo rmappo Exp reference_20260925T173510Z_880afb_ippo_w128_seed2 updates 1280/6250 episodes, total num timesteps 4099200/20000000, FPS 9873.

average episode rewards is -115.2979736328125

 Scenario simple_spread Algo rmappo Exp reference_20260925T173510Z_880afb_ippo_w128_seed2 updates 1285/6250 episodes, total num timesteps 4115200/20000000, FPS 9873.

average episode rewards is -115.9444808959961

 Scenario simple_spread Algo rmappo Exp reference_20260925T173510Z_880afb_ippo_w128_seed2 updates 1290/6250 episodes, total num timesteps 4131200/20000000, FPS 9873.

average episode rewards is -117.91227722167969

 Scenario simple_spread Algo rmappo Exp reference_20260925T173510Z_880afb_ippo_w128_seed2 updates 1295/6250 episodes, total num timesteps 4147200/20000000, FPS 9874.

average episode rewards is -116.86812591552734

 Scenario simple_spread Algo rmappo Exp reference_20260925T173510Z_880afb_ippo_w128_seed2 updates 1300/6250 episodes, total num timesteps 4163200/20000000, FPS 9874.

average episode rewards is -117.84442901611328
eval average episode rewards of agent: -115.6348740641008
eval success rate: 0.85

 Scenario simple_spread Algo rmappo Exp reference_20260925T173510Z_880afb_ippo_w128_seed2 updates 1305/6250 episodes, total num timesteps 4179200/20000000, FPS 9871.

average episode rewards is -119.92801666259766

 Scenario simple_spread Algo rmappo Exp reference_20260925T173510Z_880afb_ippo_w128_seed2 updates 1310/6250 episodes, total num timesteps 4195200/20000000, FPS 9871.

average episode rewards is -119.00145721435547

 Scenario simple_spread Algo rmappo Exp reference_20260925T173510Z_880afb_ippo_w128_seed2 updates 1315/6250 episodes, total num timesteps 4211200/20000000, FPS 9871.

average episode rewards is -119.02510833740234

 Scenario simple_spread Algo rmappo Exp reference_20260925T173510Z_880afb_ippo_w128_seed2 updates 1320/6250 episodes, total num timesteps 4227200/20000000, FPS 9872.

average episode rewards is -114.5630111694336

 Scenario simple_spread Algo rmappo Exp reference_20260925T173510Z_880afb_ippo_w128_seed2 updates 1325/6250 episodes, total num timesteps 4243200/20000000, FPS 9872.

average episode rewards is -117.276611328125
eval average episode rewards of agent: -116.38100916991372
eval success rate: 0.85

 Scenario simple_spread Algo rmappo Exp reference_20260925T173510Z_880afb_ippo_w128_seed2 updates 1330/6250 episodes, total num timesteps 4259200/20000000, FPS 9870.

average episode rewards is -116.01420593261719

 Scenario simple_spread Algo rmappo Exp reference_20260925T173510Z_880afb_ippo_w128_seed2 updates 1335/6250 episodes, total num timesteps 4275200/20000000, FPS 9870.

average episode rewards is -116.88706970214844

 Scenario simple_spread Algo rmappo Exp reference_20260925T173510Z_880afb_ippo_w128_seed2 updates 1340/6250 episodes, total num timesteps 4291200/20000000, FPS 9871.

average episode rewards is -119.88911437988281

 Scenario simple_spread Algo rmappo Exp reference_20260925T173510Z_880afb_ippo_w128_seed2 updates 1345/6250 episodes, total num timesteps 4307200/20000000, FPS 9871.

average episode rewards is -115.14994049072266

 Scenario simple_spread Algo rmappo Exp reference_20260925T173510Z_880afb_ippo_w128_seed2 updates 1350/6250 episodes, total num timesteps 4323200/20000000, FPS 9872.

average episode rewards is -117.5125732421875
eval average episode rewards of agent: -116.59718224490703
eval success rate: 0.85

 Scenario simple_spread Algo rmappo Exp reference_20260925T173510Z_880afb_ippo_w128_seed2 updates 1355/6250 episodes, total num timesteps 4339200/20000000, FPS 9872.

average episode rewards is -119.0206069946289

 Scenario simple_spread Algo rmappo Exp reference_20260925T173510Z_880afb_ippo_w128_seed2 updates 1360/6250 episodes, total num timesteps 4355200/20000000, FPS 9872.

average episode rewards is -117.54029083251953

 Scenario simple_spread Algo rmappo Exp reference_20260925T173510Z_880afb_ippo_w128_seed2 updates 1365/6250 episodes, total num timesteps 4371200/20000000, FPS 9870.

average episode rewards is -115.55357360839844

 Scenario simple_spread Algo rmappo Exp reference_20260925T173510Z_880afb_ippo_w128_seed2 updates 1370/6250 episodes, total num timesteps 4387200/20000000, FPS 9870.

average episode rewards is -116.18067932128906

 Scenario simple_spread Algo rmappo Exp reference_20260925T173510Z_880afb_ippo_w128_seed2 updates 1375/6250 episodes, total num timesteps 4403200/20000000, FPS 9871.

average episode rewards is -116.6547622680664
eval average episode rewards of agent: -116.00205857365502
eval success rate: 0.85

 Scenario simple_spread Algo rmappo Exp reference_20260925T173510Z_880afb_ippo_w128_seed2 updates 1380/6250 episodes, total num timesteps 4419200/20000000, FPS 9870.

average episode rewards is -117.83783721923828

 Scenario simple_spread Algo rmappo Exp reference_20260925T173510Z_880afb_ippo_w128_seed2 updates 1385/6250 episodes, total num timesteps 4435200/20000000, FPS 9870.

average episode rewards is -118.57843017578125

 Scenario simple_spread Algo rmappo Exp reference_20260925T173510Z_880afb_ippo_w128_seed2 updates 1390/6250 episodes, total num timesteps 4451200/20000000, FPS 9872.

average episode rewards is -116.58768463134766

 Scenario simple_spread Algo rmappo Exp reference_20260925T173510Z_880afb_ippo_w128_seed2 updates 1395/6250 episodes, total num timesteps 4467200/20000000, FPS 9872.

average episode rewards is -116.1706771850586

 Scenario simple_spread Algo rmappo Exp reference_20260925T173510Z_880afb_ippo_w128_seed2 updates 1400/6250 episodes, total num timesteps 4483200/20000000, FPS 9872.

average episode rewards is -114.94329071044922
eval average episode rewards of agent: -115.67942900905965
eval success rate: 0.9

 Scenario simple_spread Algo rmappo Exp reference_20260925T173510Z_880afb_ippo_w128_seed2 updates 1405/6250 episodes, total num timesteps 4499200/20000000, FPS 9872.

average episode rewards is -117.615234375

 Scenario simple_spread Algo rmappo Exp reference_20260925T173510Z_880afb_ippo_w128_seed2 updates 1410/6250 episodes, total num timesteps 4515200/20000000, FPS 9873.

average episode rewards is -116.29375457763672

 Scenario simple_spread Algo rmappo Exp reference_20260925T173510Z_880afb_ippo_w128_seed2 updates 1415/6250 episodes, total num timesteps 4531200/20000000, FPS 9872.

average episode rewards is -115.8161849975586

 Scenario simple_spread Algo rmappo Exp reference_20260925T173510Z_880afb_ippo_w128_seed2 updates 1420/6250 episodes, total num timesteps 4547200/20000000, FPS 9874.

average episode rewards is -114.9504165649414

 Scenario simple_spread Algo rmappo Exp reference_20260925T173510Z_880afb_ippo_w128_seed2 updates 1425/6250 episodes, total num timesteps 4563200/20000000, FPS 9872.

average episode rewards is -115.2304916381836
eval average episode rewards of agent: -111.16246690013891
eval success rate: 0.95

 Scenario simple_spread Algo rmappo Exp reference_20260925T173510Z_880afb_ippo_w128_seed2 updates 1430/6250 episodes, total num timesteps 4579200/20000000, FPS 9871.

average episode rewards is -117.27056884765625

 Scenario simple_spread Algo rmappo Exp reference_20260925T173510Z_880afb_ippo_w128_seed2 updates 1435/6250 episodes, total num timesteps 4595200/20000000, FPS 9870.

average episode rewards is -115.5394287109375

 Scenario simple_spread Algo rmappo Exp reference_20260925T173510Z_880afb_ippo_w128_seed2 updates 1440/6250 episodes, total num timesteps 4611200/20000000, FPS 9872.

average episode rewards is -115.57600402832031

 Scenario simple_spread Algo rmappo Exp reference_20260925T173510Z_880afb_ippo_w128_seed2 updates 1445/6250 episodes, total num timesteps 4627200/20000000, FPS 9872.

average episode rewards is -118.24860382080078

 Scenario simple_spread Algo rmappo Exp reference_20260925T173510Z_880afb_ippo_w128_seed2 updates 1450/6250 episodes, total num timesteps 4643200/20000000, FPS 9872.

average episode rewards is -118.95944213867188
eval average episode rewards of agent: -111.9773694438676
eval success rate: 0.9

 Scenario simple_spread Algo rmappo Exp reference_20260925T173510Z_880afb_ippo_w128_seed2 updates 1455/6250 episodes, total num timesteps 4659200/20000000, FPS 9872.

average episode rewards is -117.3819580078125

 Scenario simple_spread Algo rmappo Exp reference_20260925T173510Z_880afb_ippo_w128_seed2 updates 1460/6250 episodes, total num timesteps 4675200/20000000, FPS 9873.

average episode rewards is -117.81417083740234

 Scenario simple_spread Algo rmappo Exp reference_20260925T173510Z_880afb_ippo_w128_seed2 updates 1465/6250 episodes, total num timesteps 4691200/20000000, FPS 9873.

average episode rewards is -114.08869171142578

 Scenario simple_spread Algo rmappo Exp reference_20260925T173510Z_880afb_ippo_w128_seed2 updates 1470/6250 episodes, total num timesteps 4707200/20000000, FPS 9873.

average episode rewards is -115.85460662841797

 Scenario simple_spread Algo rmappo Exp reference_20260925T173510Z_880afb_ippo_w128_seed2 updates 1475/6250 episodes, total num timesteps 4723200/20000000, FPS 9874.

average episode rewards is -118.5919418334961
eval average episode rewards of agent: -109.71025746140415
eval success rate: 0.85

 Scenario simple_spread Algo rmappo Exp reference_20260925T173510Z_880afb_ippo_w128_seed2 updates 1480/6250 episodes, total num timesteps 4739200/20000000, FPS 9871.

average episode rewards is -114.4505844116211

 Scenario simple_spread Algo rmappo Exp reference_20260925T173510Z_880afb_ippo_w128_seed2 updates 1485/6250 episodes, total num timesteps 4755200/20000000, FPS 9871.

average episode rewards is -116.12767028808594

 Scenario simple_spread Algo rmappo Exp reference_20260925T173510Z_880afb_ippo_w128_seed2 updates 1490/6250 episodes, total num timesteps 4771200/20000000, FPS 9871.

average episode rewards is -115.9937515258789

 Scenario simple_spread Algo rmappo Exp reference_20260925T173510Z_880afb_ippo_w128_seed2 updates 1495/6250 episodes, total num timesteps 4787200/20000000, FPS 9872.

average episode rewards is -115.45516204833984

 Scenario simple_spread Algo rmappo Exp reference_20260925T173510Z_880afb_ippo_w128_seed2 updates 1500/6250 episodes, total num timesteps 4803200/20000000, FPS 9872.

average episode rewards is -115.93468475341797
eval average episode rewards of agent: -113.40672425965025
eval success rate: 0.8

 Scenario simple_spread Algo rmappo Exp reference_20260925T173510Z_880afb_ippo_w128_seed2 updates 1505/6250 episodes, total num timesteps 4819200/20000000, FPS 9871.

average episode rewards is -114.34003448486328

 Scenario simple_spread Algo rmappo Exp reference_20260925T173510Z_880afb_ippo_w128_seed2 updates 1510/6250 episodes, total num timesteps 4835200/20000000, FPS 9872.

average episode rewards is -115.50348663330078

 Scenario simple_spread Algo rmappo Exp reference_20260925T173510Z_880afb_ippo_w128_seed2 updates 1515/6250 episodes, total num timesteps 4851200/20000000, FPS 9873.

average episode rewards is -118.55784606933594

 Scenario simple_spread Algo rmappo Exp reference_20260925T173510Z_880afb_ippo_w128_seed2 updates 1520/6250 episodes, total num timesteps 4867200/20000000, FPS 9873.

average episode rewards is -116.65338134765625

 Scenario simple_spread Algo rmappo Exp reference_20260925T173510Z_880afb_ippo_w128_seed2 updates 1525/6250 episodes, total num timesteps 4883200/20000000, FPS 9873.

average episode rewards is -113.74532318115234
eval average episode rewards of agent: -107.39712582493834
eval success rate: 1.0

 Scenario simple_spread Algo rmappo Exp reference_20260925T173510Z_880afb_ippo_w128_seed2 updates 1530/6250 episodes, total num timesteps 4899200/20000000, FPS 9873.

average episode rewards is -115.10970306396484

 Scenario simple_spread Algo rmappo Exp reference_20260925T173510Z_880afb_ippo_w128_seed2 updates 1535/6250 episodes, total num timesteps 4915200/20000000, FPS 9874.

average episode rewards is -117.44825744628906

 Scenario simple_spread Algo rmappo Exp reference_20260925T173510Z_880afb_ippo_w128_seed2 updates 1540/6250 episodes, total num timesteps 4931200/20000000, FPS 9872.

average episode rewards is -115.61064910888672

 Scenario simple_spread Algo rmappo Exp reference_20260925T173510Z_880afb_ippo_w128_seed2 updates 1545/6250 episodes, total num timesteps 4947200/20000000, FPS 9872.

average episode rewards is -115.02286529541016

 Scenario simple_spread Algo rmappo Exp reference_20260925T173510Z_880afb_ippo_w128_seed2 updates 1550/6250 episodes, total num timesteps 4963200/20000000, FPS 9873.

average episode rewards is -114.54533386230469
eval average episode rewards of agent: -110.13489930708357
eval success rate: 0.95

 Scenario simple_spread Algo rmappo Exp reference_20260925T173510Z_880afb_ippo_w128_seed2 updates 1555/6250 episodes, total num timesteps 4979200/20000000, FPS 9873.

average episode rewards is -115.0620346069336

 Scenario simple_spread Algo rmappo Exp reference_20260925T173510Z_880afb_ippo_w128_seed2 updates 1560/6250 episodes, total num timesteps 4995200/20000000, FPS 9872.

average episode rewards is -116.45848846435547

 Scenario simple_spread Algo rmappo Exp reference_20260925T173510Z_880afb_ippo_w128_seed2 updates 1565/6250 episodes, total num timesteps 5011200/20000000, FPS 9873.

average episode rewards is -116.32459259033203

 Scenario simple_spread Algo rmappo Exp reference_20260925T173510Z_880afb_ippo_w128_seed2 updates 1570/6250 episodes, total num timesteps 5027200/20000000, FPS 9874.

average episode rewards is -116.6488265991211

 Scenario simple_spread Algo rmappo Exp reference_20260925T173510Z_880afb_ippo_w128_seed2 updates 1575/6250 episodes, total num timesteps 5043200/20000000, FPS 9874.

average episode rewards is -112.77426147460938
eval average episode rewards of agent: -116.78393627390629
eval success rate: 0.8

 Scenario simple_spread Algo rmappo Exp reference_20260925T173510Z_880afb_ippo_w128_seed2 updates 1580/6250 episodes, total num timesteps 5059200/20000000, FPS 9873.

average episode rewards is -115.32963562011719

 Scenario simple_spread Algo rmappo Exp reference_20260925T173510Z_880afb_ippo_w128_seed2 updates 1585/6250 episodes, total num timesteps 5075200/20000000, FPS 9874.

average episode rewards is -117.96843719482422

 Scenario simple_spread Algo rmappo Exp reference_20260925T173510Z_880afb_ippo_w128_seed2 updates 1590/6250 episodes, total num timesteps 5091200/20000000, FPS 9874.

average episode rewards is -118.0545654296875

 Scenario simple_spread Algo rmappo Exp reference_20260925T173510Z_880afb_ippo_w128_seed2 updates 1595/6250 episodes, total num timesteps 5107200/20000000, FPS 9874.

average episode rewards is -116.912841796875

 Scenario simple_spread Algo rmappo Exp reference_20260925T173510Z_880afb_ippo_w128_seed2 updates 1600/6250 episodes, total num timesteps 5123200/20000000, FPS 9872.

average episode rewards is -114.49192810058594
eval average episode rewards of agent: -110.99410635670377
eval success rate: 0.85

 Scenario simple_spread Algo rmappo Exp reference_20260925T173510Z_880afb_ippo_w128_seed2 updates 1605/6250 episodes, total num timesteps 5139200/20000000, FPS 9871.

average episode rewards is -118.70146179199219

 Scenario simple_spread Algo rmappo Exp reference_20260925T173510Z_880afb_ippo_w128_seed2 updates 1610/6250 episodes, total num timesteps 5155200/20000000, FPS 9872.

average episode rewards is -114.99581146240234

 Scenario simple_spread Algo rmappo Exp reference_20260925T173510Z_880afb_ippo_w128_seed2 updates 1615/6250 episodes, total num timesteps 5171200/20000000, FPS 9871.

average episode rewards is -114.15616607666016

 Scenario simple_spread Algo rmappo Exp reference_20260925T173510Z_880afb_ippo_w128_seed2 updates 1620/6250 episodes, total num timesteps 5187200/20000000, FPS 9871.

average episode rewards is -113.23735809326172

 Scenario simple_spread Algo rmappo Exp reference_20260925T173510Z_880afb_ippo_w128_seed2 updates 1625/6250 episodes, total num timesteps 5203200/20000000, FPS 9872.

average episode rewards is -116.90961456298828
eval average episode rewards of agent: -111.81738873277429
eval success rate: 0.95

 Scenario simple_spread Algo rmappo Exp reference_20260925T173510Z_880afb_ippo_w128_seed2 updates 1630/6250 episodes, total num timesteps 5219200/20000000, FPS 9871.

average episode rewards is -117.3880844116211

 Scenario simple_spread Algo rmappo Exp reference_20260925T173510Z_880afb_ippo_w128_seed2 updates 1635/6250 episodes, total num timesteps 5235200/20000000, FPS 9871.

average episode rewards is -118.05970764160156

 Scenario simple_spread Algo rmappo Exp reference_20260925T173510Z_880afb_ippo_w128_seed2 updates 1640/6250 episodes, total num timesteps 5251200/20000000, FPS 9872.

average episode rewards is -119.7593002319336

 Scenario simple_spread Algo rmappo Exp reference_20260925T173510Z_880afb_ippo_w128_seed2 updates 1645/6250 episodes, total num timesteps 5267200/20000000, FPS 9873.

average episode rewards is -117.45375061035156

 Scenario simple_spread Algo rmappo Exp reference_20260925T173510Z_880afb_ippo_w128_seed2 updates 1650/6250 episodes, total num timesteps 5283200/20000000, FPS 9873.

average episode rewards is -116.87581634521484
eval average episode rewards of agent: -114.17161772991896
eval success rate: 0.95

 Scenario simple_spread Algo rmappo Exp reference_20260925T173510Z_880afb_ippo_w128_seed2 updates 1655/6250 episodes, total num timesteps 5299200/20000000, FPS 9872.

average episode rewards is -114.290283203125

 Scenario simple_spread Algo rmappo Exp reference_20260925T173510Z_880afb_ippo_w128_seed2 updates 1660/6250 episodes, total num timesteps 5315200/20000000, FPS 9871.

average episode rewards is -116.73060607910156

 Scenario simple_spread Algo rmappo Exp reference_20260925T173510Z_880afb_ippo_w128_seed2 updates 1665/6250 episodes, total num timesteps 5331200/20000000, FPS 9872.

average episode rewards is -113.30280303955078

 Scenario simple_spread Algo rmappo Exp reference_20260925T173510Z_880afb_ippo_w128_seed2 updates 1670/6250 episodes, total num timesteps 5347200/20000000, FPS 9873.

average episode rewards is -113.83819580078125

 Scenario simple_spread Algo rmappo Exp reference_20260925T173510Z_880afb_ippo_w128_seed2 updates 1675/6250 episodes, total num timesteps 5363200/20000000, FPS 9873.

average episode rewards is -116.02854919433594
eval average episode rewards of agent: -115.44629814405663
eval success rate: 0.9

 Scenario simple_spread Algo rmappo Exp reference_20260925T173510Z_880afb_ippo_w128_seed2 updates 1680/6250 episodes, total num timesteps 5379200/20000000, FPS 9873.

average episode rewards is -116.16134643554688

 Scenario simple_spread Algo rmappo Exp reference_20260925T173510Z_880afb_ippo_w128_seed2 updates 1685/6250 episodes, total num timesteps 5395200/20000000, FPS 9873.

average episode rewards is -115.4679183959961

 Scenario simple_spread Algo rmappo Exp reference_20260925T173510Z_880afb_ippo_w128_seed2 updates 1690/6250 episodes, total num timesteps 5411200/20000000, FPS 9874.

average episode rewards is -115.04991149902344

 Scenario simple_spread Algo rmappo Exp reference_20260925T173510Z_880afb_ippo_w128_seed2 updates 1695/6250 episodes, total num timesteps 5427200/20000000, FPS 9874.

average episode rewards is -117.22833251953125

 Scenario simple_spread Algo rmappo Exp reference_20260925T173510Z_880afb_ippo_w128_seed2 updates 1700/6250 episodes, total num timesteps 5443200/20000000, FPS 9874.

average episode rewards is -114.27249908447266
eval average episode rewards of agent: -112.83123123155828
eval success rate: 0.9

 Scenario simple_spread Algo rmappo Exp reference_20260925T173510Z_880afb_ippo_w128_seed2 updates 1705/6250 episodes, total num timesteps 5459200/20000000, FPS 9873.

average episode rewards is -116.1122817993164

 Scenario simple_spread Algo rmappo Exp reference_20260925T173510Z_880afb_ippo_w128_seed2 updates 1710/6250 episodes, total num timesteps 5475200/20000000, FPS 9874.

average episode rewards is -114.80596923828125

 Scenario simple_spread Algo rmappo Exp reference_20260925T173510Z_880afb_ippo_w128_seed2 updates 1715/6250 episodes, total num timesteps 5491200/20000000, FPS 9874.

average episode rewards is -116.51085662841797

 Scenario simple_spread Algo rmappo Exp reference_20260925T173510Z_880afb_ippo_w128_seed2 updates 1720/6250 episodes, total num timesteps 5507200/20000000, FPS 9872.

average episode rewards is -115.05084228515625

 Scenario simple_spread Algo rmappo Exp reference_20260925T173510Z_880afb_ippo_w128_seed2 updates 1725/6250 episodes, total num timesteps 5523200/20000000, FPS 9872.

average episode rewards is -115.05879211425781
eval average episode rewards of agent: -117.55289394624887
eval success rate: 0.95

 Scenario simple_spread Algo rmappo Exp reference_20260925T173510Z_880afb_ippo_w128_seed2 updates 1730/6250 episodes, total num timesteps 5539200/20000000, FPS 9872.

average episode rewards is -114.90601348876953

 Scenario simple_spread Algo rmappo Exp reference_20260925T173510Z_880afb_ippo_w128_seed2 updates 1735/6250 episodes, total num timesteps 5555200/20000000, FPS 9872.

average episode rewards is -114.66838073730469

 Scenario simple_spread Algo rmappo Exp reference_20260925T173510Z_880afb_ippo_w128_seed2 updates 1740/6250 episodes, total num timesteps 5571200/20000000, FPS 9873.

average episode rewards is -114.03844451904297

 Scenario simple_spread Algo rmappo Exp reference_20260925T173510Z_880afb_ippo_w128_seed2 updates 1745/6250 episodes, total num timesteps 5587200/20000000, FPS 9873.

average episode rewards is -117.96487426757812

 Scenario simple_spread Algo rmappo Exp reference_20260925T173510Z_880afb_ippo_w128_seed2 updates 1750/6250 episodes, total num timesteps 5603200/20000000, FPS 9874.

average episode rewards is -117.5206527709961
eval average episode rewards of agent: -113.68184687238876
eval success rate: 0.95

 Scenario simple_spread Algo rmappo Exp reference_20260925T173510Z_880afb_ippo_w128_seed2 updates 1755/6250 episodes, total num timesteps 5619200/20000000, FPS 9873.

average episode rewards is -115.74490356445312

 Scenario simple_spread Algo rmappo Exp reference_20260925T173510Z_880afb_ippo_w128_seed2 updates 1760/6250 episodes, total num timesteps 5635200/20000000, FPS 9874.

average episode rewards is -118.53974914550781

 Scenario simple_spread Algo rmappo Exp reference_20260925T173510Z_880afb_ippo_w128_seed2 updates 1765/6250 episodes, total num timesteps 5651200/20000000, FPS 9874.

average episode rewards is -117.44306945800781

 Scenario simple_spread Algo rmappo Exp reference_20260925T173510Z_880afb_ippo_w128_seed2 updates 1770/6250 episodes, total num timesteps 5667200/20000000, FPS 9874.

average episode rewards is -117.21600341796875

 Scenario simple_spread Algo rmappo Exp reference_20260925T173510Z_880afb_ippo_w128_seed2 updates 1775/6250 episodes, total num timesteps 5683200/20000000, FPS 9875.

average episode rewards is -114.4888916015625
eval average episode rewards of agent: -120.01682677900668
eval success rate: 0.85

 Scenario simple_spread Algo rmappo Exp reference_20260925T173510Z_880afb_ippo_w128_seed2 updates 1780/6250 episodes, total num timesteps 5699200/20000000, FPS 9872.

average episode rewards is -116.63489532470703

 Scenario simple_spread Algo rmappo Exp reference_20260925T173510Z_880afb_ippo_w128_seed2 updates 1785/6250 episodes, total num timesteps 5715200/20000000, FPS 9872.

average episode rewards is -114.5203857421875

 Scenario simple_spread Algo rmappo Exp reference_20260925T173510Z_880afb_ippo_w128_seed2 updates 1790/6250 episodes, total num timesteps 5731200/20000000, FPS 9873.

average episode rewards is -117.20001983642578

 Scenario simple_spread Algo rmappo Exp reference_20260925T173510Z_880afb_ippo_w128_seed2 updates 1795/6250 episodes, total num timesteps 5747200/20000000, FPS 9873.

average episode rewards is -116.91432189941406

 Scenario simple_spread Algo rmappo Exp reference_20260925T173510Z_880afb_ippo_w128_seed2 updates 1800/6250 episodes, total num timesteps 5763200/20000000, FPS 9874.

average episode rewards is -114.03034973144531
eval average episode rewards of agent: -112.0605275331904
eval success rate: 1.0

 Scenario simple_spread Algo rmappo Exp reference_20260925T173510Z_880afb_ippo_w128_seed2 updates 1805/6250 episodes, total num timesteps 5779200/20000000, FPS 9873.

average episode rewards is -115.89037322998047

 Scenario simple_spread Algo rmappo Exp reference_20260925T173510Z_880afb_ippo_w128_seed2 updates 1810/6250 episodes, total num timesteps 5795200/20000000, FPS 9874.

average episode rewards is -114.94024658203125

 Scenario simple_spread Algo rmappo Exp reference_20260925T173510Z_880afb_ippo_w128_seed2 updates 1815/6250 episodes, total num timesteps 5811200/20000000, FPS 9875.

average episode rewards is -117.96388244628906

 Scenario simple_spread Algo rmappo Exp reference_20260925T173510Z_880afb_ippo_w128_seed2 updates 1820/6250 episodes, total num timesteps 5827200/20000000, FPS 9874.

average episode rewards is -116.51335906982422

 Scenario simple_spread Algo rmappo Exp reference_20260925T173510Z_880afb_ippo_w128_seed2 updates 1825/6250 episodes, total num timesteps 5843200/20000000, FPS 9874.

average episode rewards is -114.4455795288086
eval average episode rewards of agent: -110.53424682058832
eval success rate: 0.95

 Scenario simple_spread Algo rmappo Exp reference_20260925T173510Z_880afb_ippo_w128_seed2 updates 1830/6250 episodes, total num timesteps 5859200/20000000, FPS 9874.

average episode rewards is -116.23064422607422

 Scenario simple_spread Algo rmappo Exp reference_20260925T173510Z_880afb_ippo_w128_seed2 updates 1835/6250 episodes, total num timesteps 5875200/20000000, FPS 9875.

average episode rewards is -114.08106994628906

 Scenario simple_spread Algo rmappo Exp reference_20260925T173510Z_880afb_ippo_w128_seed2 updates 1840/6250 episodes, total num timesteps 5891200/20000000, FPS 9873.

average episode rewards is -116.54722595214844

 Scenario simple_spread Algo rmappo Exp reference_20260925T173510Z_880afb_ippo_w128_seed2 updates 1845/6250 episodes, total num timesteps 5907200/20000000, FPS 9873.

average episode rewards is -114.410400390625

 Scenario simple_spread Algo rmappo Exp reference_20260925T173510Z_880afb_ippo_w128_seed2 updates 1850/6250 episodes, total num timesteps 5923200/20000000, FPS 9873.

average episode rewards is -117.2624740600586
eval average episode rewards of agent: -117.75469146935554
eval success rate: 1.0

 Scenario simple_spread Algo rmappo Exp reference_20260925T173510Z_880afb_ippo_w128_seed2 updates 1855/6250 episodes, total num timesteps 5939200/20000000, FPS 9872.

average episode rewards is -111.75630187988281

 Scenario simple_spread Algo rmappo Exp reference_20260925T173510Z_880afb_ippo_w128_seed2 updates 1860/6250 episodes, total num timesteps 5955200/20000000, FPS 9873.

average episode rewards is -115.89751434326172

 Scenario simple_spread Algo rmappo Exp reference_20260925T173510Z_880afb_ippo_w128_seed2 updates 1865/6250 episodes, total num timesteps 5971200/20000000, FPS 9873.

average episode rewards is -117.48377227783203

 Scenario simple_spread Algo rmappo Exp reference_20260925T173510Z_880afb_ippo_w128_seed2 updates 1870/6250 episodes, total num timesteps 5987200/20000000, FPS 9874.

average episode rewards is -117.02544403076172

 Scenario simple_spread Algo rmappo Exp reference_20260925T173510Z_880afb_ippo_w128_seed2 updates 1875/6250 episodes, total num timesteps 6003200/20000000, FPS 9874.

average episode rewards is -113.5133285522461
eval average episode rewards of agent: -113.3937586413861
eval success rate: 0.75

 Scenario simple_spread Algo rmappo Exp reference_20260925T173510Z_880afb_ippo_w128_seed2 updates 1880/6250 episodes, total num timesteps 6019200/20000000, FPS 9873.

average episode rewards is -113.79646301269531

 Scenario simple_spread Algo rmappo Exp reference_20260925T173510Z_880afb_ippo_w128_seed2 updates 1885/6250 episodes, total num timesteps 6035200/20000000, FPS 9873.

average episode rewards is -115.3609390258789

 Scenario simple_spread Algo rmappo Exp reference_20260925T173510Z_880afb_ippo_w128_seed2 updates 1890/6250 episodes, total num timesteps 6051200/20000000, FPS 9874.

average episode rewards is -115.41661071777344

 Scenario simple_spread Algo rmappo Exp reference_20260925T173510Z_880afb_ippo_w128_seed2 updates 1895/6250 episodes, total num timesteps 6067200/20000000, FPS 9874.

average episode rewards is -114.80674743652344

 Scenario simple_spread Algo rmappo Exp reference_20260925T173510Z_880afb_ippo_w128_seed2 updates 1900/6250 episodes, total num timesteps 6083200/20000000, FPS 9873.

average episode rewards is -119.1618423461914
eval average episode rewards of agent: -109.37256580454314
eval success rate: 0.9

 Scenario simple_spread Algo rmappo Exp reference_20260925T173510Z_880afb_ippo_w128_seed2 updates 1905/6250 episodes, total num timesteps 6099200/20000000, FPS 9872.

average episode rewards is -117.25029754638672

 Scenario simple_spread Algo rmappo Exp reference_20260925T173510Z_880afb_ippo_w128_seed2 updates 1910/6250 episodes, total num timesteps 6115200/20000000, FPS 9872.

average episode rewards is -117.30912017822266

 Scenario simple_spread Algo rmappo Exp reference_20260925T173510Z_880afb_ippo_w128_seed2 updates 1915/6250 episodes, total num timesteps 6131200/20000000, FPS 9873.

average episode rewards is -114.9985580444336

 Scenario simple_spread Algo rmappo Exp reference_20260925T173510Z_880afb_ippo_w128_seed2 updates 1920/6250 episodes, total num timesteps 6147200/20000000, FPS 9873.

average episode rewards is -116.51556396484375

 Scenario simple_spread Algo rmappo Exp reference_20260925T173510Z_880afb_ippo_w128_seed2 updates 1925/6250 episodes, total num timesteps 6163200/20000000, FPS 9874.

average episode rewards is -113.1353530883789
eval average episode rewards of agent: -110.49280173295377
eval success rate: 0.9

 Scenario simple_spread Algo rmappo Exp reference_20260925T173510Z_880afb_ippo_w128_seed2 updates 1930/6250 episodes, total num timesteps 6179200/20000000, FPS 9873.

average episode rewards is -115.5628890991211

 Scenario simple_spread Algo rmappo Exp reference_20260925T173510Z_880afb_ippo_w128_seed2 updates 1935/6250 episodes, total num timesteps 6195200/20000000, FPS 9873.

average episode rewards is -114.69271087646484

 Scenario simple_spread Algo rmappo Exp reference_20260925T173510Z_880afb_ippo_w128_seed2 updates 1940/6250 episodes, total num timesteps 6211200/20000000, FPS 9874.

average episode rewards is -115.38401794433594

 Scenario simple_spread Algo rmappo Exp reference_20260925T173510Z_880afb_ippo_w128_seed2 updates 1945/6250 episodes, total num timesteps 6227200/20000000, FPS 9874.

average episode rewards is -117.0609359741211

 Scenario simple_spread Algo rmappo Exp reference_20260925T173510Z_880afb_ippo_w128_seed2 updates 1950/6250 episodes, total num timesteps 6243200/20000000, FPS 9874.

average episode rewards is -119.78783416748047
eval average episode rewards of agent: -113.13386334042798
eval success rate: 0.85

 Scenario simple_spread Algo rmappo Exp reference_20260925T173510Z_880afb_ippo_w128_seed2 updates 1955/6250 episodes, total num timesteps 6259200/20000000, FPS 9872.

average episode rewards is -114.63809204101562

 Scenario simple_spread Algo rmappo Exp reference_20260925T173510Z_880afb_ippo_w128_seed2 updates 1960/6250 episodes, total num timesteps 6275200/20000000, FPS 9873.

average episode rewards is -114.65275573730469

 Scenario simple_spread Algo rmappo Exp reference_20260925T173510Z_880afb_ippo_w128_seed2 updates 1965/6250 episodes, total num timesteps 6291200/20000000, FPS 9874.

average episode rewards is -115.26881408691406

 Scenario simple_spread Algo rmappo Exp reference_20260925T173510Z_880afb_ippo_w128_seed2 updates 1970/6250 episodes, total num timesteps 6307200/20000000, FPS 9874.

average episode rewards is -114.81204986572266

 Scenario simple_spread Algo rmappo Exp reference_20260925T173510Z_880afb_ippo_w128_seed2 updates 1975/6250 episodes, total num timesteps 6323200/20000000, FPS 9875.

average episode rewards is -116.57538604736328
eval average episode rewards of agent: -119.5795979026649
eval success rate: 0.75

 Scenario simple_spread Algo rmappo Exp reference_20260925T173510Z_880afb_ippo_w128_seed2 updates 1980/6250 episodes, total num timesteps 6339200/20000000, FPS 9875.

average episode rewards is -116.72176361083984

 Scenario simple_spread Algo rmappo Exp reference_20260925T173510Z_880afb_ippo_w128_seed2 updates 1985/6250 episodes, total num timesteps 6355200/20000000, FPS 9876.

average episode rewards is -115.68597412109375

 Scenario simple_spread Algo rmappo Exp reference_20260925T173510Z_880afb_ippo_w128_seed2 updates 1990/6250 episodes, total num timesteps 6371200/20000000, FPS 9877.

average episode rewards is -115.87055969238281

 Scenario simple_spread Algo rmappo Exp reference_20260925T173510Z_880afb_ippo_w128_seed2 updates 1995/6250 episodes, total num timesteps 6387200/20000000, FPS 9877.

average episode rewards is -115.32762908935547

 Scenario simple_spread Algo rmappo Exp reference_20260925T173510Z_880afb_ippo_w128_seed2 updates 2000/6250 episodes, total num timesteps 6403200/20000000, FPS 9878.

average episode rewards is -114.69851684570312
eval average episode rewards of agent: -111.1240367740818
eval success rate: 0.9

 Scenario simple_spread Algo rmappo Exp reference_20260925T173510Z_880afb_ippo_w128_seed2 updates 2005/6250 episodes, total num timesteps 6419200/20000000, FPS 9877.

average episode rewards is -113.29624938964844

 Scenario simple_spread Algo rmappo Exp reference_20260925T173510Z_880afb_ippo_w128_seed2 updates 2010/6250 episodes, total num timesteps 6435200/20000000, FPS 9877.

average episode rewards is -115.50450134277344

 Scenario simple_spread Algo rmappo Exp reference_20260925T173510Z_880afb_ippo_w128_seed2 updates 2015/6250 episodes, total num timesteps 6451200/20000000, FPS 9876.

average episode rewards is -115.6259536743164

 Scenario simple_spread Algo rmappo Exp reference_20260925T173510Z_880afb_ippo_w128_seed2 updates 2020/6250 episodes, total num timesteps 6467200/20000000, FPS 9876.

average episode rewards is -114.33503723144531

 Scenario simple_spread Algo rmappo Exp reference_20260925T173510Z_880afb_ippo_w128_seed2 updates 2025/6250 episodes, total num timesteps 6483200/20000000, FPS 9877.

average episode rewards is -114.71000671386719
eval average episode rewards of agent: -113.57503776448203
eval success rate: 0.9

 Scenario simple_spread Algo rmappo Exp reference_20260925T173510Z_880afb_ippo_w128_seed2 updates 2030/6250 episodes, total num timesteps 6499200/20000000, FPS 9876.

average episode rewards is -115.99252319335938

 Scenario simple_spread Algo rmappo Exp reference_20260925T173510Z_880afb_ippo_w128_seed2 updates 2035/6250 episodes, total num timesteps 6515200/20000000, FPS 9876.

average episode rewards is -114.28748321533203

 Scenario simple_spread Algo rmappo Exp reference_20260925T173510Z_880afb_ippo_w128_seed2 updates 2040/6250 episodes, total num timesteps 6531200/20000000, FPS 9877.

average episode rewards is -114.54918670654297

 Scenario simple_spread Algo rmappo Exp reference_20260925T173510Z_880afb_ippo_w128_seed2 updates 2045/6250 episodes, total num timesteps 6547200/20000000, FPS 9878.

average episode rewards is -113.59825134277344

 Scenario simple_spread Algo rmappo Exp reference_20260925T173510Z_880afb_ippo_w128_seed2 updates 2050/6250 episodes, total num timesteps 6563200/20000000, FPS 9879.

average episode rewards is -114.64188385009766
eval average episode rewards of agent: -115.91855863714103
eval success rate: 0.95

 Scenario simple_spread Algo rmappo Exp reference_20260925T173510Z_880afb_ippo_w128_seed2 updates 2055/6250 episodes, total num timesteps 6579200/20000000, FPS 9878.

average episode rewards is -115.4836196899414

 Scenario simple_spread Algo rmappo Exp reference_20260925T173510Z_880afb_ippo_w128_seed2 updates 2060/6250 episodes, total num timesteps 6595200/20000000, FPS 9879.

average episode rewards is -115.54863739013672

 Scenario simple_spread Algo rmappo Exp reference_20260925T173510Z_880afb_ippo_w128_seed2 updates 2065/6250 episodes, total num timesteps 6611200/20000000, FPS 9879.

average episode rewards is -115.43955993652344

 Scenario simple_spread Algo rmappo Exp reference_20260925T173510Z_880afb_ippo_w128_seed2 updates 2070/6250 episodes, total num timesteps 6627200/20000000, FPS 9880.

average episode rewards is -114.42432403564453

 Scenario simple_spread Algo rmappo Exp reference_20260925T173510Z_880afb_ippo_w128_seed2 updates 2075/6250 episodes, total num timesteps 6643200/20000000, FPS 9878.

average episode rewards is -115.7053451538086
eval average episode rewards of agent: -116.05039512028104
eval success rate: 0.85

 Scenario simple_spread Algo rmappo Exp reference_20260925T173510Z_880afb_ippo_w128_seed2 updates 2080/6250 episodes, total num timesteps 6659200/20000000, FPS 9878.

average episode rewards is -116.47224426269531

 Scenario simple_spread Algo rmappo Exp reference_20260925T173510Z_880afb_ippo_w128_seed2 updates 2085/6250 episodes, total num timesteps 6675200/20000000, FPS 9879.

average episode rewards is -115.67984771728516

 Scenario simple_spread Algo rmappo Exp reference_20260925T173510Z_880afb_ippo_w128_seed2 updates 2090/6250 episodes, total num timesteps 6691200/20000000, FPS 9879.

average episode rewards is -116.34928894042969

 Scenario simple_spread Algo rmappo Exp reference_20260925T173510Z_880afb_ippo_w128_seed2 updates 2095/6250 episodes, total num timesteps 6707200/20000000, FPS 9879.

average episode rewards is -114.91390228271484

 Scenario simple_spread Algo rmappo Exp reference_20260925T173510Z_880afb_ippo_w128_seed2 updates 2100/6250 episodes, total num timesteps 6723200/20000000, FPS 9880.

average episode rewards is -114.14368438720703
eval average episode rewards of agent: -109.91256553208468
eval success rate: 1.0

 Scenario simple_spread Algo rmappo Exp reference_20260925T173510Z_880afb_ippo_w128_seed2 updates 2105/6250 episodes, total num timesteps 6739200/20000000, FPS 9880.

average episode rewards is -114.552978515625

 Scenario simple_spread Algo rmappo Exp reference_20260925T173510Z_880afb_ippo_w128_seed2 updates 2110/6250 episodes, total num timesteps 6755200/20000000, FPS 9880.

average episode rewards is -113.5879898071289

 Scenario simple_spread Algo rmappo Exp reference_20260925T173510Z_880afb_ippo_w128_seed2 updates 2115/6250 episodes, total num timesteps 6771200/20000000, FPS 9880.

average episode rewards is -113.64959716796875

 Scenario simple_spread Algo rmappo Exp reference_20260925T173510Z_880afb_ippo_w128_seed2 updates 2120/6250 episodes, total num timesteps 6787200/20000000, FPS 9880.

average episode rewards is -115.92485046386719

 Scenario simple_spread Algo rmappo Exp reference_20260925T173510Z_880afb_ippo_w128_seed2 updates 2125/6250 episodes, total num timesteps 6803200/20000000, FPS 9881.

average episode rewards is -114.06744384765625
eval average episode rewards of agent: -114.40410115924324
eval success rate: 0.85

 Scenario simple_spread Algo rmappo Exp reference_20260925T173510Z_880afb_ippo_w128_seed2 updates 2130/6250 episodes, total num timesteps 6819200/20000000, FPS 9880.

average episode rewards is -114.48321533203125

 Scenario simple_spread Algo rmappo Exp reference_20260925T173510Z_880afb_ippo_w128_seed2 updates 2135/6250 episodes, total num timesteps 6835200/20000000, FPS 9879.

average episode rewards is -113.56358337402344

 Scenario simple_spread Algo rmappo Exp reference_20260925T173510Z_880afb_ippo_w128_seed2 updates 2140/6250 episodes, total num timesteps 6851200/20000000, FPS 9879.

average episode rewards is -115.3431396484375

 Scenario simple_spread Algo rmappo Exp reference_20260925T173510Z_880afb_ippo_w128_seed2 updates 2145/6250 episodes, total num timesteps 6867200/20000000, FPS 9879.

average episode rewards is -113.92733764648438

 Scenario simple_spread Algo rmappo Exp reference_20260925T173510Z_880afb_ippo_w128_seed2 updates 2150/6250 episodes, total num timesteps 6883200/20000000, FPS 9880.

average episode rewards is -116.10609436035156
eval average episode rewards of agent: -114.19184337760095
eval success rate: 0.9

 Scenario simple_spread Algo rmappo Exp reference_20260925T173510Z_880afb_ippo_w128_seed2 updates 2155/6250 episodes, total num timesteps 6899200/20000000, FPS 9880.

average episode rewards is -115.56531524658203

 Scenario simple_spread Algo rmappo Exp reference_20260925T173510Z_880afb_ippo_w128_seed2 updates 2160/6250 episodes, total num timesteps 6915200/20000000, FPS 9880.

average episode rewards is -113.09925079345703

 Scenario simple_spread Algo rmappo Exp reference_20260925T173510Z_880afb_ippo_w128_seed2 updates 2165/6250 episodes, total num timesteps 6931200/20000000, FPS 9881.

average episode rewards is -114.82164764404297

 Scenario simple_spread Algo rmappo Exp reference_20260925T173510Z_880afb_ippo_w128_seed2 updates 2170/6250 episodes, total num timesteps 6947200/20000000, FPS 9881.

average episode rewards is -117.28155517578125

 Scenario simple_spread Algo rmappo Exp reference_20260925T173510Z_880afb_ippo_w128_seed2 updates 2175/6250 episodes, total num timesteps 6963200/20000000, FPS 9882.

average episode rewards is -115.45011138916016
eval average episode rewards of agent: -112.16169362341958
eval success rate: 0.95

 Scenario simple_spread Algo rmappo Exp reference_20260925T173510Z_880afb_ippo_w128_seed2 updates 2180/6250 episodes, total num timesteps 6979200/20000000, FPS 9882.

average episode rewards is -115.39855194091797

 Scenario simple_spread Algo rmappo Exp reference_20260925T173510Z_880afb_ippo_w128_seed2 updates 2185/6250 episodes, total num timesteps 6995200/20000000, FPS 9882.

average episode rewards is -114.43809509277344

 Scenario simple_spread Algo rmappo Exp reference_20260925T173510Z_880afb_ippo_w128_seed2 updates 2190/6250 episodes, total num timesteps 7011200/20000000, FPS 9883.

average episode rewards is -113.96784973144531

 Scenario simple_spread Algo rmappo Exp reference_20260925T173510Z_880afb_ippo_w128_seed2 updates 2195/6250 episodes, total num timesteps 7027200/20000000, FPS 9882.

average episode rewards is -113.93790435791016

 Scenario simple_spread Algo rmappo Exp reference_20260925T173510Z_880afb_ippo_w128_seed2 updates 2200/6250 episodes, total num timesteps 7043200/20000000, FPS 9882.

average episode rewards is -115.87333679199219
eval average episode rewards of agent: -112.28129177851834
eval success rate: 0.9

 Scenario simple_spread Algo rmappo Exp reference_20260925T173510Z_880afb_ippo_w128_seed2 updates 2205/6250 episodes, total num timesteps 7059200/20000000, FPS 9881.

average episode rewards is -113.14019012451172

 Scenario simple_spread Algo rmappo Exp reference_20260925T173510Z_880afb_ippo_w128_seed2 updates 2210/6250 episodes, total num timesteps 7075200/20000000, FPS 9882.

average episode rewards is -114.40520477294922

 Scenario simple_spread Algo rmappo Exp reference_20260925T173510Z_880afb_ippo_w128_seed2 updates 2215/6250 episodes, total num timesteps 7091200/20000000, FPS 9882.

average episode rewards is -113.82868194580078

 Scenario simple_spread Algo rmappo Exp reference_20260925T173510Z_880afb_ippo_w128_seed2 updates 2220/6250 episodes, total num timesteps 7107200/20000000, FPS 9883.

average episode rewards is -114.38274383544922

 Scenario simple_spread Algo rmappo Exp reference_20260925T173510Z_880afb_ippo_w128_seed2 updates 2225/6250 episodes, total num timesteps 7123200/20000000, FPS 9884.

average episode rewards is -114.541015625
eval average episode rewards of agent: -110.3233744258058
eval success rate: 0.85

 Scenario simple_spread Algo rmappo Exp reference_20260925T173510Z_880afb_ippo_w128_seed2 updates 2230/6250 episodes, total num timesteps 7139200/20000000, FPS 9884.

average episode rewards is -117.65230560302734

 Scenario simple_spread Algo rmappo Exp reference_20260925T173510Z_880afb_ippo_w128_seed2 updates 2235/6250 episodes, total num timesteps 7155200/20000000, FPS 9884.

average episode rewards is -115.08098602294922

 Scenario simple_spread Algo rmappo Exp reference_20260925T173510Z_880afb_ippo_w128_seed2 updates 2240/6250 episodes, total num timesteps 7171200/20000000, FPS 9884.

average episode rewards is -115.5055160522461

 Scenario simple_spread Algo rmappo Exp reference_20260925T173510Z_880afb_ippo_w128_seed2 updates 2245/6250 episodes, total num timesteps 7187200/20000000, FPS 9885.

average episode rewards is -113.96672821044922

 Scenario simple_spread Algo rmappo Exp reference_20260925T173510Z_880afb_ippo_w128_seed2 updates 2250/6250 episodes, total num timesteps 7203200/20000000, FPS 9885.

average episode rewards is -117.70197296142578
eval average episode rewards of agent: -113.90094602034726
eval success rate: 0.85

 Scenario simple_spread Algo rmappo Exp reference_20260925T173510Z_880afb_ippo_w128_seed2 updates 2255/6250 episodes, total num timesteps 7219200/20000000, FPS 9883.

average episode rewards is -112.78364562988281

 Scenario simple_spread Algo rmappo Exp reference_20260925T173510Z_880afb_ippo_w128_seed2 updates 2260/6250 episodes, total num timesteps 7235200/20000000, FPS 9884.

average episode rewards is -114.57718658447266

 Scenario simple_spread Algo rmappo Exp reference_20260925T173510Z_880afb_ippo_w128_seed2 updates 2265/6250 episodes, total num timesteps 7251200/20000000, FPS 9884.

average episode rewards is -112.90473937988281

 Scenario simple_spread Algo rmappo Exp reference_20260925T173510Z_880afb_ippo_w128_seed2 updates 2270/6250 episodes, total num timesteps 7267200/20000000, FPS 9885.

average episode rewards is -112.18403625488281

 Scenario simple_spread Algo rmappo Exp reference_20260925T173510Z_880afb_ippo_w128_seed2 updates 2275/6250 episodes, total num timesteps 7283200/20000000, FPS 9885.

average episode rewards is -115.90540313720703
eval average episode rewards of agent: -115.1558270993268
eval success rate: 0.9

 Scenario simple_spread Algo rmappo Exp reference_20260925T173510Z_880afb_ippo_w128_seed2 updates 2280/6250 episodes, total num timesteps 7299200/20000000, FPS 9884.

average episode rewards is -113.0060043334961

 Scenario simple_spread Algo rmappo Exp reference_20260925T173510Z_880afb_ippo_w128_seed2 updates 2285/6250 episodes, total num timesteps 7315200/20000000, FPS 9885.

average episode rewards is -116.91828918457031

 Scenario simple_spread Algo rmappo Exp reference_20260925T173510Z_880afb_ippo_w128_seed2 updates 2290/6250 episodes, total num timesteps 7331200/20000000, FPS 9885.

average episode rewards is -115.49449157714844

 Scenario simple_spread Algo rmappo Exp reference_20260925T173510Z_880afb_ippo_w128_seed2 updates 2295/6250 episodes, total num timesteps 7347200/20000000, FPS 9885.

average episode rewards is -115.75825500488281

 Scenario simple_spread Algo rmappo Exp reference_20260925T173510Z_880afb_ippo_w128_seed2 updates 2300/6250 episodes, total num timesteps 7363200/20000000, FPS 9886.

average episode rewards is -114.8687515258789
eval average episode rewards of agent: -110.34791052256374
eval success rate: 1.0

 Scenario simple_spread Algo rmappo Exp reference_20260925T173510Z_880afb_ippo_w128_seed2 updates 2305/6250 episodes, total num timesteps 7379200/20000000, FPS 9886.

average episode rewards is -115.91963958740234

 Scenario simple_spread Algo rmappo Exp reference_20260925T173510Z_880afb_ippo_w128_seed2 updates 2310/6250 episodes, total num timesteps 7395200/20000000, FPS 9887.

average episode rewards is -115.6156997680664

 Scenario simple_spread Algo rmappo Exp reference_20260925T173510Z_880afb_ippo_w128_seed2 updates 2315/6250 episodes, total num timesteps 7411200/20000000, FPS 9886.

average episode rewards is -115.32901763916016

 Scenario simple_spread Algo rmappo Exp reference_20260925T173510Z_880afb_ippo_w128_seed2 updates 2320/6250 episodes, total num timesteps 7427200/20000000, FPS 9886.

average episode rewards is -117.76776123046875

 Scenario simple_spread Algo rmappo Exp reference_20260925T173510Z_880afb_ippo_w128_seed2 updates 2325/6250 episodes, total num timesteps 7443200/20000000, FPS 9886.

average episode rewards is -112.32007598876953
eval average episode rewards of agent: -113.13996630326652
eval success rate: 0.9

 Scenario simple_spread Algo rmappo Exp reference_20260925T173510Z_880afb_ippo_w128_seed2 updates 2330/6250 episodes, total num timesteps 7459200/20000000, FPS 9886.

average episode rewards is -116.36860656738281

 Scenario simple_spread Algo rmappo Exp reference_20260925T173510Z_880afb_ippo_w128_seed2 updates 2335/6250 episodes, total num timesteps 7475200/20000000, FPS 9887.

average episode rewards is -113.93610382080078

 Scenario simple_spread Algo rmappo Exp reference_20260925T173510Z_880afb_ippo_w128_seed2 updates 2340/6250 episodes, total num timesteps 7491200/20000000, FPS 9887.

average episode rewards is -113.32560729980469

 Scenario simple_spread Algo rmappo Exp reference_20260925T173510Z_880afb_ippo_w128_seed2 updates 2345/6250 episodes, total num timesteps 7507200/20000000, FPS 9887.

average episode rewards is -115.151611328125

 Scenario simple_spread Algo rmappo Exp reference_20260925T173510Z_880afb_ippo_w128_seed2 updates 2350/6250 episodes, total num timesteps 7523200/20000000, FPS 9887.

average episode rewards is -114.81137084960938
eval average episode rewards of agent: -107.1899735207203
eval success rate: 0.95

 Scenario simple_spread Algo rmappo Exp reference_20260925T173510Z_880afb_ippo_w128_seed2 updates 2355/6250 episodes, total num timesteps 7539200/20000000, FPS 9886.

average episode rewards is -115.387451171875

 Scenario simple_spread Algo rmappo Exp reference_20260925T173510Z_880afb_ippo_w128_seed2 updates 2360/6250 episodes, total num timesteps 7555200/20000000, FPS 9887.

average episode rewards is -113.5375747680664

 Scenario simple_spread Algo rmappo Exp reference_20260925T173510Z_880afb_ippo_w128_seed2 updates 2365/6250 episodes, total num timesteps 7571200/20000000, FPS 9888.

average episode rewards is -115.68275451660156

 Scenario simple_spread Algo rmappo Exp reference_20260925T173510Z_880afb_ippo_w128_seed2 updates 2370/6250 episodes, total num timesteps 7587200/20000000, FPS 9888.

average episode rewards is -112.13909149169922

 Scenario simple_spread Algo rmappo Exp reference_20260925T173510Z_880afb_ippo_w128_seed2 updates 2375/6250 episodes, total num timesteps 7603200/20000000, FPS 9887.

average episode rewards is -116.23189544677734
eval average episode rewards of agent: -118.4287840349911
eval success rate: 0.9

 Scenario simple_spread Algo rmappo Exp reference_20260925T173510Z_880afb_ippo_w128_seed2 updates 2380/6250 episodes, total num timesteps 7619200/20000000, FPS 9887.

average episode rewards is -115.76705932617188

 Scenario simple_spread Algo rmappo Exp reference_20260925T173510Z_880afb_ippo_w128_seed2 updates 2385/6250 episodes, total num timesteps 7635200/20000000, FPS 9888.

average episode rewards is -112.52449798583984

 Scenario simple_spread Algo rmappo Exp reference_20260925T173510Z_880afb_ippo_w128_seed2 updates 2390/6250 episodes, total num timesteps 7651200/20000000, FPS 9888.

average episode rewards is -114.27754211425781

 Scenario simple_spread Algo rmappo Exp reference_20260925T173510Z_880afb_ippo_w128_seed2 updates 2395/6250 episodes, total num timesteps 7667200/20000000, FPS 9888.

average episode rewards is -114.95474243164062

 Scenario simple_spread Algo rmappo Exp reference_20260925T173510Z_880afb_ippo_w128_seed2 updates 2400/6250 episodes, total num timesteps 7683200/20000000, FPS 9888.

average episode rewards is -114.82771301269531
eval average episode rewards of agent: -111.62676786914102
eval success rate: 0.85

 Scenario simple_spread Algo rmappo Exp reference_20260925T173510Z_880afb_ippo_w128_seed2 updates 2405/6250 episodes, total num timesteps 7699200/20000000, FPS 9887.

average episode rewards is -114.548583984375

 Scenario simple_spread Algo rmappo Exp reference_20260925T173510Z_880afb_ippo_w128_seed2 updates 2410/6250 episodes, total num timesteps 7715200/20000000, FPS 9887.

average episode rewards is -114.13475036621094

 Scenario simple_spread Algo rmappo Exp reference_20260925T173510Z_880afb_ippo_w128_seed2 updates 2415/6250 episodes, total num timesteps 7731200/20000000, FPS 9888.

average episode rewards is -114.13199615478516

 Scenario simple_spread Algo rmappo Exp reference_20260925T173510Z_880afb_ippo_w128_seed2 updates 2420/6250 episodes, total num timesteps 7747200/20000000, FPS 9888.

average episode rewards is -115.28396606445312

 Scenario simple_spread Algo rmappo Exp reference_20260925T173510Z_880afb_ippo_w128_seed2 updates 2425/6250 episodes, total num timesteps 7763200/20000000, FPS 9888.

average episode rewards is -114.80191040039062
eval average episode rewards of agent: -112.22495886776142
eval success rate: 1.0

 Scenario simple_spread Algo rmappo Exp reference_20260925T173510Z_880afb_ippo_w128_seed2 updates 2430/6250 episodes, total num timesteps 7779200/20000000, FPS 9888.

average episode rewards is -114.56719970703125

 Scenario simple_spread Algo rmappo Exp reference_20260925T173510Z_880afb_ippo_w128_seed2 updates 2435/6250 episodes, total num timesteps 7795200/20000000, FPS 9887.

average episode rewards is -117.36459350585938

 Scenario simple_spread Algo rmappo Exp reference_20260925T173510Z_880afb_ippo_w128_seed2 updates 2440/6250 episodes, total num timesteps 7811200/20000000, FPS 9887.

average episode rewards is -114.23218536376953

 Scenario simple_spread Algo rmappo Exp reference_20260925T173510Z_880afb_ippo_w128_seed2 updates 2445/6250 episodes, total num timesteps 7827200/20000000, FPS 9887.

average episode rewards is -114.7757797241211

 Scenario simple_spread Algo rmappo Exp reference_20260925T173510Z_880afb_ippo_w128_seed2 updates 2450/6250 episodes, total num timesteps 7843200/20000000, FPS 9887.

average episode rewards is -112.88420104980469
eval average episode rewards of agent: -112.56232995186865
eval success rate: 0.75

 Scenario simple_spread Algo rmappo Exp reference_20260925T173510Z_880afb_ippo_w128_seed2 updates 2455/6250 episodes, total num timesteps 7859200/20000000, FPS 9887.

average episode rewards is -114.07212829589844

 Scenario simple_spread Algo rmappo Exp reference_20260925T173510Z_880afb_ippo_w128_seed2 updates 2460/6250 episodes, total num timesteps 7875200/20000000, FPS 9887.

average episode rewards is -115.80097961425781

 Scenario simple_spread Algo rmappo Exp reference_20260925T173510Z_880afb_ippo_w128_seed2 updates 2465/6250 episodes, total num timesteps 7891200/20000000, FPS 9887.

average episode rewards is -114.98080444335938

 Scenario simple_spread Algo rmappo Exp reference_20260925T173510Z_880afb_ippo_w128_seed2 updates 2470/6250 episodes, total num timesteps 7907200/20000000, FPS 9888.

average episode rewards is -113.95594787597656

 Scenario simple_spread Algo rmappo Exp reference_20260925T173510Z_880afb_ippo_w128_seed2 updates 2475/6250 episodes, total num timesteps 7923200/20000000, FPS 9888.

average episode rewards is -113.78604125976562
eval average episode rewards of agent: -108.89046248471088
eval success rate: 1.0

 Scenario simple_spread Algo rmappo Exp reference_20260925T173510Z_880afb_ippo_w128_seed2 updates 2480/6250 episodes, total num timesteps 7939200/20000000, FPS 9888.

average episode rewards is -114.62106323242188

 Scenario simple_spread Algo rmappo Exp reference_20260925T173510Z_880afb_ippo_w128_seed2 updates 2485/6250 episodes, total num timesteps 7955200/20000000, FPS 9888.

average episode rewards is -113.20149993896484

 Scenario simple_spread Algo rmappo Exp reference_20260925T173510Z_880afb_ippo_w128_seed2 updates 2490/6250 episodes, total num timesteps 7971200/20000000, FPS 9888.

average episode rewards is -111.8587875366211

 Scenario simple_spread Algo rmappo Exp reference_20260925T173510Z_880afb_ippo_w128_seed2 updates 2495/6250 episodes, total num timesteps 7987200/20000000, FPS 9887.

average episode rewards is -113.0473403930664

 Scenario simple_spread Algo rmappo Exp reference_20260925T173510Z_880afb_ippo_w128_seed2 updates 2500/6250 episodes, total num timesteps 8003200/20000000, FPS 9888.

average episode rewards is -113.57864379882812
eval average episode rewards of agent: -112.2516551012434
eval success rate: 0.95

 Scenario simple_spread Algo rmappo Exp reference_20260925T173510Z_880afb_ippo_w128_seed2 updates 2505/6250 episodes, total num timesteps 8019200/20000000, FPS 9887.

average episode rewards is -115.25128936767578

 Scenario simple_spread Algo rmappo Exp reference_20260925T173510Z_880afb_ippo_w128_seed2 updates 2510/6250 episodes, total num timesteps 8035200/20000000, FPS 9887.

average episode rewards is -115.37825775146484

 Scenario simple_spread Algo rmappo Exp reference_20260925T173510Z_880afb_ippo_w128_seed2 updates 2515/6250 episodes, total num timesteps 8051200/20000000, FPS 9888.

average episode rewards is -115.65287017822266

 Scenario simple_spread Algo rmappo Exp reference_20260925T173510Z_880afb_ippo_w128_seed2 updates 2520/6250 episodes, total num timesteps 8067200/20000000, FPS 9888.

average episode rewards is -114.72110748291016

 Scenario simple_spread Algo rmappo Exp reference_20260925T173510Z_880afb_ippo_w128_seed2 updates 2525/6250 episodes, total num timesteps 8083200/20000000, FPS 9888.

average episode rewards is -114.87630462646484
eval average episode rewards of agent: -108.94348182675857
eval success rate: 0.95

 Scenario simple_spread Algo rmappo Exp reference_20260925T173510Z_880afb_ippo_w128_seed2 updates 2530/6250 episodes, total num timesteps 8099200/20000000, FPS 9887.

average episode rewards is -115.4405746459961

 Scenario simple_spread Algo rmappo Exp reference_20260925T173510Z_880afb_ippo_w128_seed2 updates 2535/6250 episodes, total num timesteps 8115200/20000000, FPS 9888.

average episode rewards is -118.10220336914062

 Scenario simple_spread Algo rmappo Exp reference_20260925T173510Z_880afb_ippo_w128_seed2 updates 2540/6250 episodes, total num timesteps 8131200/20000000, FPS 9888.

average episode rewards is -114.6219482421875

 Scenario simple_spread Algo rmappo Exp reference_20260925T173510Z_880afb_ippo_w128_seed2 updates 2545/6250 episodes, total num timesteps 8147200/20000000, FPS 9888.

average episode rewards is -114.59293365478516

 Scenario simple_spread Algo rmappo Exp reference_20260925T173510Z_880afb_ippo_w128_seed2 updates 2550/6250 episodes, total num timesteps 8163200/20000000, FPS 9888.

average episode rewards is -114.3082046508789
eval average episode rewards of agent: -116.56256469516603
eval success rate: 0.95

 Scenario simple_spread Algo rmappo Exp reference_20260925T173510Z_880afb_ippo_w128_seed2 updates 2555/6250 episodes, total num timesteps 8179200/20000000, FPS 9887.

average episode rewards is -113.31298065185547

 Scenario simple_spread Algo rmappo Exp reference_20260925T173510Z_880afb_ippo_w128_seed2 updates 2560/6250 episodes, total num timesteps 8195200/20000000, FPS 9887.

average episode rewards is -111.60598754882812

 Scenario simple_spread Algo rmappo Exp reference_20260925T173510Z_880afb_ippo_w128_seed2 updates 2565/6250 episodes, total num timesteps 8211200/20000000, FPS 9887.

average episode rewards is -115.22610473632812

 Scenario simple_spread Algo rmappo Exp reference_20260925T173510Z_880afb_ippo_w128_seed2 updates 2570/6250 episodes, total num timesteps 8227200/20000000, FPS 9887.

average episode rewards is -115.39385223388672

 Scenario simple_spread Algo rmappo Exp reference_20260925T173510Z_880afb_ippo_w128_seed2 updates 2575/6250 episodes, total num timesteps 8243200/20000000, FPS 9886.

average episode rewards is -114.54794311523438
eval average episode rewards of agent: -113.67582179183503
eval success rate: 1.0

 Scenario simple_spread Algo rmappo Exp reference_20260925T173510Z_880afb_ippo_w128_seed2 updates 2580/6250 episodes, total num timesteps 8259200/20000000, FPS 9886.

average episode rewards is -113.62821960449219

 Scenario simple_spread Algo rmappo Exp reference_20260925T173510Z_880afb_ippo_w128_seed2 updates 2585/6250 episodes, total num timesteps 8275200/20000000, FPS 9887.

average episode rewards is -113.2764663696289

 Scenario simple_spread Algo rmappo Exp reference_20260925T173510Z_880afb_ippo_w128_seed2 updates 2590/6250 episodes, total num timesteps 8291200/20000000, FPS 9887.

average episode rewards is -114.04124450683594

 Scenario simple_spread Algo rmappo Exp reference_20260925T173510Z_880afb_ippo_w128_seed2 updates 2595/6250 episodes, total num timesteps 8307200/20000000, FPS 9886.

average episode rewards is -113.41570281982422

 Scenario simple_spread Algo rmappo Exp reference_20260925T173510Z_880afb_ippo_w128_seed2 updates 2600/6250 episodes, total num timesteps 8323200/20000000, FPS 9887.

average episode rewards is -113.73683166503906
eval average episode rewards of agent: -111.76591845218708
eval success rate: 0.95

 Scenario simple_spread Algo rmappo Exp reference_20260925T173510Z_880afb_ippo_w128_seed2 updates 2605/6250 episodes, total num timesteps 8339200/20000000, FPS 9887.

average episode rewards is -115.22982025146484

 Scenario simple_spread Algo rmappo Exp reference_20260925T173510Z_880afb_ippo_w128_seed2 updates 2610/6250 episodes, total num timesteps 8355200/20000000, FPS 9887.

average episode rewards is -113.8687973022461

 Scenario simple_spread Algo rmappo Exp reference_20260925T173510Z_880afb_ippo_w128_seed2 updates 2615/6250 episodes, total num timesteps 8371200/20000000, FPS 9886.

average episode rewards is -112.54378509521484

 Scenario simple_spread Algo rmappo Exp reference_20260925T173510Z_880afb_ippo_w128_seed2 updates 2620/6250 episodes, total num timesteps 8387200/20000000, FPS 9887.

average episode rewards is -113.71595001220703

 Scenario simple_spread Algo rmappo Exp reference_20260925T173510Z_880afb_ippo_w128_seed2 updates 2625/6250 episodes, total num timesteps 8403200/20000000, FPS 9887.

average episode rewards is -114.41351318359375
eval average episode rewards of agent: -115.63473510100944
eval success rate: 0.85

 Scenario simple_spread Algo rmappo Exp reference_20260925T173510Z_880afb_ippo_w128_seed2 updates 2630/6250 episodes, total num timesteps 8419200/20000000, FPS 9887.

average episode rewards is -113.6170654296875

 Scenario simple_spread Algo rmappo Exp reference_20260925T173510Z_880afb_ippo_w128_seed2 updates 2635/6250 episodes, total num timesteps 8435200/20000000, FPS 9887.

average episode rewards is -114.61261749267578

 Scenario simple_spread Algo rmappo Exp reference_20260925T173510Z_880afb_ippo_w128_seed2 updates 2640/6250 episodes, total num timesteps 8451200/20000000, FPS 9887.

average episode rewards is -114.09727478027344

 Scenario simple_spread Algo rmappo Exp reference_20260925T173510Z_880afb_ippo_w128_seed2 updates 2645/6250 episodes, total num timesteps 8467200/20000000, FPS 9888.

average episode rewards is -115.11199188232422

 Scenario simple_spread Algo rmappo Exp reference_20260925T173510Z_880afb_ippo_w128_seed2 updates 2650/6250 episodes, total num timesteps 8483200/20000000, FPS 9887.

average episode rewards is -113.4165267944336
eval average episode rewards of agent: -113.80523596177457
eval success rate: 1.0

 Scenario simple_spread Algo rmappo Exp reference_20260925T173510Z_880afb_ippo_w128_seed2 updates 2655/6250 episodes, total num timesteps 8499200/20000000, FPS 9886.

average episode rewards is -117.20260620117188

 Scenario simple_spread Algo rmappo Exp reference_20260925T173510Z_880afb_ippo_w128_seed2 updates 2660/6250 episodes, total num timesteps 8515200/20000000, FPS 9886.

average episode rewards is -114.38765716552734

 Scenario simple_spread Algo rmappo Exp reference_20260925T173510Z_880afb_ippo_w128_seed2 updates 2665/6250 episodes, total num timesteps 8531200/20000000, FPS 9887.

average episode rewards is -115.3855209350586

 Scenario simple_spread Algo rmappo Exp reference_20260925T173510Z_880afb_ippo_w128_seed2 updates 2670/6250 episodes, total num timesteps 8547200/20000000, FPS 9885.

average episode rewards is -112.27230072021484

 Scenario simple_spread Algo rmappo Exp reference_20260925T173510Z_880afb_ippo_w128_seed2 updates 2675/6250 episodes, total num timesteps 8563200/20000000, FPS 9886.

average episode rewards is -113.78489685058594
eval average episode rewards of agent: -112.37934524452452
eval success rate: 0.9

 Scenario simple_spread Algo rmappo Exp reference_20260925T173510Z_880afb_ippo_w128_seed2 updates 2680/6250 episodes, total num timesteps 8579200/20000000, FPS 9886.

average episode rewards is -116.29876708984375

 Scenario simple_spread Algo rmappo Exp reference_20260925T173510Z_880afb_ippo_w128_seed2 updates 2685/6250 episodes, total num timesteps 8595200/20000000, FPS 9886.

average episode rewards is -115.23284912109375

 Scenario simple_spread Algo rmappo Exp reference_20260925T173510Z_880afb_ippo_w128_seed2 updates 2690/6250 episodes, total num timesteps 8611200/20000000, FPS 9886.

average episode rewards is -112.871337890625

 Scenario simple_spread Algo rmappo Exp reference_20260925T173510Z_880afb_ippo_w128_seed2 updates 2695/6250 episodes, total num timesteps 8627200/20000000, FPS 9886.

average episode rewards is -114.28712463378906

 Scenario simple_spread Algo rmappo Exp reference_20260925T173510Z_880afb_ippo_w128_seed2 updates 2700/6250 episodes, total num timesteps 8643200/20000000, FPS 9886.

average episode rewards is -114.16858673095703
eval average episode rewards of agent: -115.93026989257638
eval success rate: 0.9

 Scenario simple_spread Algo rmappo Exp reference_20260925T173510Z_880afb_ippo_w128_seed2 updates 2705/6250 episodes, total num timesteps 8659200/20000000, FPS 9886.

average episode rewards is -113.49283599853516

 Scenario simple_spread Algo rmappo Exp reference_20260925T173510Z_880afb_ippo_w128_seed2 updates 2710/6250 episodes, total num timesteps 8675200/20000000, FPS 9887.

average episode rewards is -115.63743591308594

 Scenario simple_spread Algo rmappo Exp reference_20260925T173510Z_880afb_ippo_w128_seed2 updates 2715/6250 episodes, total num timesteps 8691200/20000000, FPS 9887.

average episode rewards is -112.2231216430664

 Scenario simple_spread Algo rmappo Exp reference_20260925T173510Z_880afb_ippo_w128_seed2 updates 2720/6250 episodes, total num timesteps 8707200/20000000, FPS 9887.

average episode rewards is -113.59678649902344

 Scenario simple_spread Algo rmappo Exp reference_20260925T173510Z_880afb_ippo_w128_seed2 updates 2725/6250 episodes, total num timesteps 8723200/20000000, FPS 9887.

average episode rewards is -112.27970123291016
eval average episode rewards of agent: -118.90947740766175
eval success rate: 0.75

 Scenario simple_spread Algo rmappo Exp reference_20260925T173510Z_880afb_ippo_w128_seed2 updates 2730/6250 episodes, total num timesteps 8739200/20000000, FPS 9885.

average episode rewards is -113.26033782958984

 Scenario simple_spread Algo rmappo Exp reference_20260925T173510Z_880afb_ippo_w128_seed2 updates 2735/6250 episodes, total num timesteps 8755200/20000000, FPS 9885.

average episode rewards is -112.51180267333984

 Scenario simple_spread Algo rmappo Exp reference_20260925T173510Z_880afb_ippo_w128_seed2 updates 2740/6250 episodes, total num timesteps 8771200/20000000, FPS 9885.

average episode rewards is -112.9029541015625

 Scenario simple_spread Algo rmappo Exp reference_20260925T173510Z_880afb_ippo_w128_seed2 updates 2745/6250 episodes, total num timesteps 8787200/20000000, FPS 9885.

average episode rewards is -112.33402252197266

 Scenario simple_spread Algo rmappo Exp reference_20260925T173510Z_880afb_ippo_w128_seed2 updates 2750/6250 episodes, total num timesteps 8803200/20000000, FPS 9886.

average episode rewards is -114.48738861083984
eval average episode rewards of agent: -111.3845848393502
eval success rate: 0.95

 Scenario simple_spread Algo rmappo Exp reference_20260925T173510Z_880afb_ippo_w128_seed2 updates 2755/6250 episodes, total num timesteps 8819200/20000000, FPS 9886.

average episode rewards is -115.99954223632812

 Scenario simple_spread Algo rmappo Exp reference_20260925T173510Z_880afb_ippo_w128_seed2 updates 2760/6250 episodes, total num timesteps 8835200/20000000, FPS 9886.

average episode rewards is -112.04295349121094

 Scenario simple_spread Algo rmappo Exp reference_20260925T173510Z_880afb_ippo_w128_seed2 updates 2765/6250 episodes, total num timesteps 8851200/20000000, FPS 9886.

average episode rewards is -113.070556640625

 Scenario simple_spread Algo rmappo Exp reference_20260925T173510Z_880afb_ippo_w128_seed2 updates 2770/6250 episodes, total num timesteps 8867200/20000000, FPS 9887.

average episode rewards is -111.82238006591797

 Scenario simple_spread Algo rmappo Exp reference_20260925T173510Z_880afb_ippo_w128_seed2 updates 2775/6250 episodes, total num timesteps 8883200/20000000, FPS 9887.

average episode rewards is -112.4993667602539
eval average episode rewards of agent: -112.69028965289846
eval success rate: 0.9

 Scenario simple_spread Algo rmappo Exp reference_20260925T173510Z_880afb_ippo_w128_seed2 updates 2780/6250 episodes, total num timesteps 8899200/20000000, FPS 9887.

average episode rewards is -114.6421890258789

 Scenario simple_spread Algo rmappo Exp reference_20260925T173510Z_880afb_ippo_w128_seed2 updates 2785/6250 episodes, total num timesteps 8915200/20000000, FPS 9886.

average episode rewards is -115.0992431640625

 Scenario simple_spread Algo rmappo Exp reference_20260925T173510Z_880afb_ippo_w128_seed2 updates 2790/6250 episodes, total num timesteps 8931200/20000000, FPS 9886.

average episode rewards is -112.67842102050781

 Scenario simple_spread Algo rmappo Exp reference_20260925T173510Z_880afb_ippo_w128_seed2 updates 2795/6250 episodes, total num timesteps 8947200/20000000, FPS 9885.

average episode rewards is -112.14399719238281

 Scenario simple_spread Algo rmappo Exp reference_20260925T173510Z_880afb_ippo_w128_seed2 updates 2800/6250 episodes, total num timesteps 8963200/20000000, FPS 9886.

average episode rewards is -114.58140563964844
eval average episode rewards of agent: -107.94396156896453
eval success rate: 1.0

 Scenario simple_spread Algo rmappo Exp reference_20260925T173510Z_880afb_ippo_w128_seed2 updates 2805/6250 episodes, total num timesteps 8979200/20000000, FPS 9886.

average episode rewards is -112.22350311279297

 Scenario simple_spread Algo rmappo Exp reference_20260925T173510Z_880afb_ippo_w128_seed2 updates 2810/6250 episodes, total num timesteps 8995200/20000000, FPS 9886.

average episode rewards is -114.07252502441406

 Scenario simple_spread Algo rmappo Exp reference_20260925T173510Z_880afb_ippo_w128_seed2 updates 2815/6250 episodes, total num timesteps 9011200/20000000, FPS 9886.

average episode rewards is -115.53970336914062

 Scenario simple_spread Algo rmappo Exp reference_20260925T173510Z_880afb_ippo_w128_seed2 updates 2820/6250 episodes, total num timesteps 9027200/20000000, FPS 9887.

average episode rewards is -113.0457534790039

 Scenario simple_spread Algo rmappo Exp reference_20260925T173510Z_880afb_ippo_w128_seed2 updates 2825/6250 episodes, total num timesteps 9043200/20000000, FPS 9886.

average episode rewards is -112.69482421875
eval average episode rewards of agent: -108.12393870062685
eval success rate: 0.95

 Scenario simple_spread Algo rmappo Exp reference_20260925T173510Z_880afb_ippo_w128_seed2 updates 2830/6250 episodes, total num timesteps 9059200/20000000, FPS 9886.

average episode rewards is -113.5379409790039

 Scenario simple_spread Algo rmappo Exp reference_20260925T173510Z_880afb_ippo_w128_seed2 updates 2835/6250 episodes, total num timesteps 9075200/20000000, FPS 9887.

average episode rewards is -114.69334411621094

 Scenario simple_spread Algo rmappo Exp reference_20260925T173510Z_880afb_ippo_w128_seed2 updates 2840/6250 episodes, total num timesteps 9091200/20000000, FPS 9887.

average episode rewards is -113.49893951416016

 Scenario simple_spread Algo rmappo Exp reference_20260925T173510Z_880afb_ippo_w128_seed2 updates 2845/6250 episodes, total num timesteps 9107200/20000000, FPS 9887.

average episode rewards is -115.40045928955078

 Scenario simple_spread Algo rmappo Exp reference_20260925T173510Z_880afb_ippo_w128_seed2 updates 2850/6250 episodes, total num timesteps 9123200/20000000, FPS 9886.

average episode rewards is -112.47309112548828
eval average episode rewards of agent: -113.14904196344091
eval success rate: 0.9

 Scenario simple_spread Algo rmappo Exp reference_20260925T173510Z_880afb_ippo_w128_seed2 updates 2855/6250 episodes, total num timesteps 9139200/20000000, FPS 9885.

average episode rewards is -112.57012939453125

 Scenario simple_spread Algo rmappo Exp reference_20260925T173510Z_880afb_ippo_w128_seed2 updates 2860/6250 episodes, total num timesteps 9155200/20000000, FPS 9886.

average episode rewards is -110.7884750366211

 Scenario simple_spread Algo rmappo Exp reference_20260925T173510Z_880afb_ippo_w128_seed2 updates 2865/6250 episodes, total num timesteps 9171200/20000000, FPS 9886.

average episode rewards is -113.3223648071289

 Scenario simple_spread Algo rmappo Exp reference_20260925T173510Z_880afb_ippo_w128_seed2 updates 2870/6250 episodes, total num timesteps 9187200/20000000, FPS 9887.

average episode rewards is -112.86949920654297

 Scenario simple_spread Algo rmappo Exp reference_20260925T173510Z_880afb_ippo_w128_seed2 updates 2875/6250 episodes, total num timesteps 9203200/20000000, FPS 9887.

average episode rewards is -114.02220916748047
eval average episode rewards of agent: -112.06559652581603
eval success rate: 1.0

 Scenario simple_spread Algo rmappo Exp reference_20260925T173510Z_880afb_ippo_w128_seed2 updates 2880/6250 episodes, total num timesteps 9219200/20000000, FPS 9886.

average episode rewards is -112.07478332519531

 Scenario simple_spread Algo rmappo Exp reference_20260925T173510Z_880afb_ippo_w128_seed2 updates 2885/6250 episodes, total num timesteps 9235200/20000000, FPS 9886.

average episode rewards is -111.45903778076172

 Scenario simple_spread Algo rmappo Exp reference_20260925T173510Z_880afb_ippo_w128_seed2 updates 2890/6250 episodes, total num timesteps 9251200/20000000, FPS 9887.

average episode rewards is -115.94380187988281

 Scenario simple_spread Algo rmappo Exp reference_20260925T173510Z_880afb_ippo_w128_seed2 updates 2895/6250 episodes, total num timesteps 9267200/20000000, FPS 9887.

average episode rewards is -114.37005615234375

 Scenario simple_spread Algo rmappo Exp reference_20260925T173510Z_880afb_ippo_w128_seed2 updates 2900/6250 episodes, total num timesteps 9283200/20000000, FPS 9888.

average episode rewards is -114.58958435058594
eval average episode rewards of agent: -111.84203917178064
eval success rate: 0.9

 Scenario simple_spread Algo rmappo Exp reference_20260925T173510Z_880afb_ippo_w128_seed2 updates 2905/6250 episodes, total num timesteps 9299200/20000000, FPS 9888.

average episode rewards is -113.681396484375

 Scenario simple_spread Algo rmappo Exp reference_20260925T173510Z_880afb_ippo_w128_seed2 updates 2910/6250 episodes, total num timesteps 9315200/20000000, FPS 9886.

average episode rewards is -112.48079681396484

 Scenario simple_spread Algo rmappo Exp reference_20260925T173510Z_880afb_ippo_w128_seed2 updates 2915/6250 episodes, total num timesteps 9331200/20000000, FPS 9886.

average episode rewards is -113.5181884765625

 Scenario simple_spread Algo rmappo Exp reference_20260925T173510Z_880afb_ippo_w128_seed2 updates 2920/6250 episodes, total num timesteps 9347200/20000000, FPS 9886.

average episode rewards is -114.6824722290039

 Scenario simple_spread Algo rmappo Exp reference_20260925T173510Z_880afb_ippo_w128_seed2 updates 2925/6250 episodes, total num timesteps 9363200/20000000, FPS 9887.

average episode rewards is -115.20455932617188
eval average episode rewards of agent: -110.53011741443727
eval success rate: 0.9

 Scenario simple_spread Algo rmappo Exp reference_20260925T173510Z_880afb_ippo_w128_seed2 updates 2930/6250 episodes, total num timesteps 9379200/20000000, FPS 9887.

average episode rewards is -114.95333862304688

 Scenario simple_spread Algo rmappo Exp reference_20260925T173510Z_880afb_ippo_w128_seed2 updates 2935/6250 episodes, total num timesteps 9395200/20000000, FPS 9887.

average episode rewards is -113.68971252441406

 Scenario simple_spread Algo rmappo Exp reference_20260925T173510Z_880afb_ippo_w128_seed2 updates 2940/6250 episodes, total num timesteps 9411200/20000000, FPS 9888.

average episode rewards is -112.9705810546875

 Scenario simple_spread Algo rmappo Exp reference_20260925T173510Z_880afb_ippo_w128_seed2 updates 2945/6250 episodes, total num timesteps 9427200/20000000, FPS 9888.

average episode rewards is -115.1300277709961

 Scenario simple_spread Algo rmappo Exp reference_20260925T173510Z_880afb_ippo_w128_seed2 updates 2950/6250 episodes, total num timesteps 9443200/20000000, FPS 9888.

average episode rewards is -115.87136840820312
eval average episode rewards of agent: -110.74969383149734
eval success rate: 0.95

 Scenario simple_spread Algo rmappo Exp reference_20260925T173510Z_880afb_ippo_w128_seed2 updates 2955/6250 episodes, total num timesteps 9459200/20000000, FPS 9888.

average episode rewards is -115.43866729736328

 Scenario simple_spread Algo rmappo Exp reference_20260925T173510Z_880afb_ippo_w128_seed2 updates 2960/6250 episodes, total num timesteps 9475200/20000000, FPS 9888.

average episode rewards is -113.79949951171875

 Scenario simple_spread Algo rmappo Exp reference_20260925T173510Z_880afb_ippo_w128_seed2 updates 2965/6250 episodes, total num timesteps 9491200/20000000, FPS 9888.

average episode rewards is -113.48717498779297

 Scenario simple_spread Algo rmappo Exp reference_20260925T173510Z_880afb_ippo_w128_seed2 updates 2970/6250 episodes, total num timesteps 9507200/20000000, FPS 9886.

average episode rewards is -114.386962890625

 Scenario simple_spread Algo rmappo Exp reference_20260925T173510Z_880afb_ippo_w128_seed2 updates 2975/6250 episodes, total num timesteps 9523200/20000000, FPS 9886.

average episode rewards is -114.24956512451172
eval average episode rewards of agent: -111.05892564835078
eval success rate: 0.95

 Scenario simple_spread Algo rmappo Exp reference_20260925T173510Z_880afb_ippo_w128_seed2 updates 2980/6250 episodes, total num timesteps 9539200/20000000, FPS 9886.

average episode rewards is -114.35059356689453

 Scenario simple_spread Algo rmappo Exp reference_20260925T173510Z_880afb_ippo_w128_seed2 updates 2985/6250 episodes, total num timesteps 9555200/20000000, FPS 9886.

average episode rewards is -113.58828735351562

 Scenario simple_spread Algo rmappo Exp reference_20260925T173510Z_880afb_ippo_w128_seed2 updates 2990/6250 episodes, total num timesteps 9571200/20000000, FPS 9887.

average episode rewards is -115.34474182128906

 Scenario simple_spread Algo rmappo Exp reference_20260925T173510Z_880afb_ippo_w128_seed2 updates 2995/6250 episodes, total num timesteps 9587200/20000000, FPS 9887.

average episode rewards is -112.71516418457031

 Scenario simple_spread Algo rmappo Exp reference_20260925T173510Z_880afb_ippo_w128_seed2 updates 3000/6250 episodes, total num timesteps 9603200/20000000, FPS 9886.

average episode rewards is -114.43862915039062
eval average episode rewards of agent: -114.92057440088679
eval success rate: 0.9

 Scenario simple_spread Algo rmappo Exp reference_20260925T173510Z_880afb_ippo_w128_seed2 updates 3005/6250 episodes, total num timesteps 9619200/20000000, FPS 9886.

average episode rewards is -114.9237060546875

 Scenario simple_spread Algo rmappo Exp reference_20260925T173510Z_880afb_ippo_w128_seed2 updates 3010/6250 episodes, total num timesteps 9635200/20000000, FPS 9887.

average episode rewards is -110.4958267211914

 Scenario simple_spread Algo rmappo Exp reference_20260925T173510Z_880afb_ippo_w128_seed2 updates 3015/6250 episodes, total num timesteps 9651200/20000000, FPS 9886.

average episode rewards is -113.71488952636719

 Scenario simple_spread Algo rmappo Exp reference_20260925T173510Z_880afb_ippo_w128_seed2 updates 3020/6250 episodes, total num timesteps 9667200/20000000, FPS 9886.

average episode rewards is -112.03229522705078

 Scenario simple_spread Algo rmappo Exp reference_20260925T173510Z_880afb_ippo_w128_seed2 updates 3025/6250 episodes, total num timesteps 9683200/20000000, FPS 9886.

average episode rewards is -116.5164794921875
eval average episode rewards of agent: -113.5182790905625
eval success rate: 0.9

 Scenario simple_spread Algo rmappo Exp reference_20260925T173510Z_880afb_ippo_w128_seed2 updates 3030/6250 episodes, total num timesteps 9699200/20000000, FPS 9885.

average episode rewards is -117.1925277709961

 Scenario simple_spread Algo rmappo Exp reference_20260925T173510Z_880afb_ippo_w128_seed2 updates 3035/6250 episodes, total num timesteps 9715200/20000000, FPS 9886.

average episode rewards is -111.908935546875

 Scenario simple_spread Algo rmappo Exp reference_20260925T173510Z_880afb_ippo_w128_seed2 updates 3040/6250 episodes, total num timesteps 9731200/20000000, FPS 9885.

average episode rewards is -114.61968231201172

 Scenario simple_spread Algo rmappo Exp reference_20260925T173510Z_880afb_ippo_w128_seed2 updates 3045/6250 episodes, total num timesteps 9747200/20000000, FPS 9885.

average episode rewards is -115.53069305419922

 Scenario simple_spread Algo rmappo Exp reference_20260925T173510Z_880afb_ippo_w128_seed2 updates 3050/6250 episodes, total num timesteps 9763200/20000000, FPS 9886.

average episode rewards is -113.54389190673828
eval average episode rewards of agent: -110.80467965968059
eval success rate: 0.75

 Scenario simple_spread Algo rmappo Exp reference_20260925T173510Z_880afb_ippo_w128_seed2 updates 3055/6250 episodes, total num timesteps 9779200/20000000, FPS 9886.

average episode rewards is -113.19557189941406

 Scenario simple_spread Algo rmappo Exp reference_20260925T173510Z_880afb_ippo_w128_seed2 updates 3060/6250 episodes, total num timesteps 9795200/20000000, FPS 9886.

average episode rewards is -114.94648742675781

 Scenario simple_spread Algo rmappo Exp reference_20260925T173510Z_880afb_ippo_w128_seed2 updates 3065/6250 episodes, total num timesteps 9811200/20000000, FPS 9886.

average episode rewards is -114.3266830444336

 Scenario simple_spread Algo rmappo Exp reference_20260925T173510Z_880afb_ippo_w128_seed2 updates 3070/6250 episodes, total num timesteps 9827200/20000000, FPS 9886.

average episode rewards is -112.4334945678711

 Scenario simple_spread Algo rmappo Exp reference_20260925T173510Z_880afb_ippo_w128_seed2 updates 3075/6250 episodes, total num timesteps 9843200/20000000, FPS 9887.

average episode rewards is -112.79900360107422
eval average episode rewards of agent: -108.64689580408864
eval success rate: 0.95

 Scenario simple_spread Algo rmappo Exp reference_20260925T173510Z_880afb_ippo_w128_seed2 updates 3080/6250 episodes, total num timesteps 9859200/20000000, FPS 9887.

average episode rewards is -115.27949523925781

 Scenario simple_spread Algo rmappo Exp reference_20260925T173510Z_880afb_ippo_w128_seed2 updates 3085/6250 episodes, total num timesteps 9875200/20000000, FPS 9887.

average episode rewards is -114.19696807861328

 Scenario simple_spread Algo rmappo Exp reference_20260925T173510Z_880afb_ippo_w128_seed2 updates 3090/6250 episodes, total num timesteps 9891200/20000000, FPS 9886.

average episode rewards is -114.6429443359375

 Scenario simple_spread Algo rmappo Exp reference_20260925T173510Z_880afb_ippo_w128_seed2 updates 3095/6250 episodes, total num timesteps 9907200/20000000, FPS 9886.

average episode rewards is -113.7076416015625

 Scenario simple_spread Algo rmappo Exp reference_20260925T173510Z_880afb_ippo_w128_seed2 updates 3100/6250 episodes, total num timesteps 9923200/20000000, FPS 9886.

average episode rewards is -111.24199676513672
eval average episode rewards of agent: -106.18371283672617
eval success rate: 1.0

 Scenario simple_spread Algo rmappo Exp reference_20260925T173510Z_880afb_ippo_w128_seed2 updates 3105/6250 episodes, total num timesteps 9939200/20000000, FPS 9886.

average episode rewards is -113.17681884765625

 Scenario simple_spread Algo rmappo Exp reference_20260925T173510Z_880afb_ippo_w128_seed2 updates 3110/6250 episodes, total num timesteps 9955200/20000000, FPS 9885.

average episode rewards is -116.53459167480469

 Scenario simple_spread Algo rmappo Exp reference_20260925T173510Z_880afb_ippo_w128_seed2 updates 3115/6250 episodes, total num timesteps 9971200/20000000, FPS 9885.

average episode rewards is -114.62696838378906

 Scenario simple_spread Algo rmappo Exp reference_20260925T173510Z_880afb_ippo_w128_seed2 updates 3120/6250 episodes, total num timesteps 9987200/20000000, FPS 9886.

average episode rewards is -115.45092010498047

 Scenario simple_spread Algo rmappo Exp reference_20260925T173510Z_880afb_ippo_w128_seed2 updates 3125/6250 episodes, total num timesteps 10003200/20000000, FPS 9886.

average episode rewards is -115.00483703613281
eval average episode rewards of agent: -113.13745249376127
eval success rate: 0.9

 Scenario simple_spread Algo rmappo Exp reference_20260925T173510Z_880afb_ippo_w128_seed2 updates 3130/6250 episodes, total num timesteps 10019200/20000000, FPS 9885.

average episode rewards is -114.56843566894531

 Scenario simple_spread Algo rmappo Exp reference_20260925T173510Z_880afb_ippo_w128_seed2 updates 3135/6250 episodes, total num timesteps 10035200/20000000, FPS 9886.

average episode rewards is -113.63880920410156

 Scenario simple_spread Algo rmappo Exp reference_20260925T173510Z_880afb_ippo_w128_seed2 updates 3140/6250 episodes, total num timesteps 10051200/20000000, FPS 9886.

average episode rewards is -111.93699645996094

 Scenario simple_spread Algo rmappo Exp reference_20260925T173510Z_880afb_ippo_w128_seed2 updates 3145/6250 episodes, total num timesteps 10067200/20000000, FPS 9886.

average episode rewards is -114.39181518554688

 Scenario simple_spread Algo rmappo Exp reference_20260925T173510Z_880afb_ippo_w128_seed2 updates 3150/6250 episodes, total num timesteps 10083200/20000000, FPS 9885.

average episode rewards is -115.73918151855469
eval average episode rewards of agent: -114.35129130561482
eval success rate: 0.9

 Scenario simple_spread Algo rmappo Exp reference_20260925T173510Z_880afb_ippo_w128_seed2 updates 3155/6250 episodes, total num timesteps 10099200/20000000, FPS 9885.

average episode rewards is -112.78862762451172

 Scenario simple_spread Algo rmappo Exp reference_20260925T173510Z_880afb_ippo_w128_seed2 updates 3160/6250 episodes, total num timesteps 10115200/20000000, FPS 9885.

average episode rewards is -113.38014221191406

 Scenario simple_spread Algo rmappo Exp reference_20260925T173510Z_880afb_ippo_w128_seed2 updates 3165/6250 episodes, total num timesteps 10131200/20000000, FPS 9885.

average episode rewards is -113.56546783447266

 Scenario simple_spread Algo rmappo Exp reference_20260925T173510Z_880afb_ippo_w128_seed2 updates 3170/6250 episodes, total num timesteps 10147200/20000000, FPS 9885.

average episode rewards is -114.75647735595703

 Scenario simple_spread Algo rmappo Exp reference_20260925T173510Z_880afb_ippo_w128_seed2 updates 3175/6250 episodes, total num timesteps 10163200/20000000, FPS 9885.

average episode rewards is -111.72491455078125
eval average episode rewards of agent: -111.88352161417323
eval success rate: 0.9

 Scenario simple_spread Algo rmappo Exp reference_20260925T173510Z_880afb_ippo_w128_seed2 updates 3180/6250 episodes, total num timesteps 10179200/20000000, FPS 9885.

average episode rewards is -115.1779556274414

 Scenario simple_spread Algo rmappo Exp reference_20260925T173510Z_880afb_ippo_w128_seed2 updates 3185/6250 episodes, total num timesteps 10195200/20000000, FPS 9885.

average episode rewards is -114.55525207519531

 Scenario simple_spread Algo rmappo Exp reference_20260925T173510Z_880afb_ippo_w128_seed2 updates 3190/6250 episodes, total num timesteps 10211200/20000000, FPS 9886.

average episode rewards is -113.88733673095703

 Scenario simple_spread Algo rmappo Exp reference_20260925T173510Z_880afb_ippo_w128_seed2 updates 3195/6250 episodes, total num timesteps 10227200/20000000, FPS 9886.

average episode rewards is -113.80826568603516

 Scenario simple_spread Algo rmappo Exp reference_20260925T173510Z_880afb_ippo_w128_seed2 updates 3200/6250 episodes, total num timesteps 10243200/20000000, FPS 9886.

average episode rewards is -114.20384979248047
eval average episode rewards of agent: -107.05032518919121
eval success rate: 1.0

 Scenario simple_spread Algo rmappo Exp reference_20260925T173510Z_880afb_ippo_w128_seed2 updates 3205/6250 episodes, total num timesteps 10259200/20000000, FPS 9886.

average episode rewards is -113.92194366455078

 Scenario simple_spread Algo rmappo Exp reference_20260925T173510Z_880afb_ippo_w128_seed2 updates 3210/6250 episodes, total num timesteps 10275200/20000000, FPS 9885.

average episode rewards is -114.38003540039062

 Scenario simple_spread Algo rmappo Exp reference_20260925T173510Z_880afb_ippo_w128_seed2 updates 3215/6250 episodes, total num timesteps 10291200/20000000, FPS 9885.

average episode rewards is -117.4493408203125

 Scenario simple_spread Algo rmappo Exp reference_20260925T173510Z_880afb_ippo_w128_seed2 updates 3220/6250 episodes, total num timesteps 10307200/20000000, FPS 9885.

average episode rewards is -114.01017761230469

 Scenario simple_spread Algo rmappo Exp reference_20260925T173510Z_880afb_ippo_w128_seed2 updates 3225/6250 episodes, total num timesteps 10323200/20000000, FPS 9885.

average episode rewards is -113.0478286743164
eval average episode rewards of agent: -107.3630999193396
eval success rate: 0.95

 Scenario simple_spread Algo rmappo Exp reference_20260925T173510Z_880afb_ippo_w128_seed2 updates 3230/6250 episodes, total num timesteps 10339200/20000000, FPS 9885.

average episode rewards is -111.93888092041016

 Scenario simple_spread Algo rmappo Exp reference_20260925T173510Z_880afb_ippo_w128_seed2 updates 3235/6250 episodes, total num timesteps 10355200/20000000, FPS 9885.

average episode rewards is -112.03546142578125

 Scenario simple_spread Algo rmappo Exp reference_20260925T173510Z_880afb_ippo_w128_seed2 updates 3240/6250 episodes, total num timesteps 10371200/20000000, FPS 9885.

average episode rewards is -112.2640151977539

 Scenario simple_spread Algo rmappo Exp reference_20260925T173510Z_880afb_ippo_w128_seed2 updates 3245/6250 episodes, total num timesteps 10387200/20000000, FPS 9885.

average episode rewards is -112.87004089355469

 Scenario simple_spread Algo rmappo Exp reference_20260925T173510Z_880afb_ippo_w128_seed2 updates 3250/6250 episodes, total num timesteps 10403200/20000000, FPS 9885.

average episode rewards is -115.29733276367188
eval average episode rewards of agent: -114.66981351972473
eval success rate: 0.85

 Scenario simple_spread Algo rmappo Exp reference_20260925T173510Z_880afb_ippo_w128_seed2 updates 3255/6250 episodes, total num timesteps 10419200/20000000, FPS 9884.

average episode rewards is -114.87902069091797

 Scenario simple_spread Algo rmappo Exp reference_20260925T173510Z_880afb_ippo_w128_seed2 updates 3260/6250 episodes, total num timesteps 10435200/20000000, FPS 9885.

average episode rewards is -114.50975036621094

 Scenario simple_spread Algo rmappo Exp reference_20260925T173510Z_880afb_ippo_w128_seed2 updates 3265/6250 episodes, total num timesteps 10451200/20000000, FPS 9885.

average episode rewards is -115.22512817382812

 Scenario simple_spread Algo rmappo Exp reference_20260925T173510Z_880afb_ippo_w128_seed2 updates 3270/6250 episodes, total num timesteps 10467200/20000000, FPS 9884.

average episode rewards is -115.95285034179688

 Scenario simple_spread Algo rmappo Exp reference_20260925T173510Z_880afb_ippo_w128_seed2 updates 3275/6250 episodes, total num timesteps 10483200/20000000, FPS 9884.

average episode rewards is -113.02181243896484
eval average episode rewards of agent: -105.9523681028266
eval success rate: 0.95

 Scenario simple_spread Algo rmappo Exp reference_20260925T173510Z_880afb_ippo_w128_seed2 updates 3280/6250 episodes, total num timesteps 10499200/20000000, FPS 9883.

average episode rewards is -114.17316436767578

 Scenario simple_spread Algo rmappo Exp reference_20260925T173510Z_880afb_ippo_w128_seed2 updates 3285/6250 episodes, total num timesteps 10515200/20000000, FPS 9883.

average episode rewards is -114.64542388916016

 Scenario simple_spread Algo rmappo Exp reference_20260925T173510Z_880afb_ippo_w128_seed2 updates 3290/6250 episodes, total num timesteps 10531200/20000000, FPS 9884.

average episode rewards is -112.6607666015625

 Scenario simple_spread Algo rmappo Exp reference_20260925T173510Z_880afb_ippo_w128_seed2 updates 3295/6250 episodes, total num timesteps 10547200/20000000, FPS 9884.

average episode rewards is -115.30299377441406

 Scenario simple_spread Algo rmappo Exp reference_20260925T173510Z_880afb_ippo_w128_seed2 updates 3300/6250 episodes, total num timesteps 10563200/20000000, FPS 9884.

average episode rewards is -115.09838104248047
eval average episode rewards of agent: -116.67365825815969
eval success rate: 0.95

 Scenario simple_spread Algo rmappo Exp reference_20260925T173510Z_880afb_ippo_w128_seed2 updates 3305/6250 episodes, total num timesteps 10579200/20000000, FPS 9884.

average episode rewards is -112.09102630615234

 Scenario simple_spread Algo rmappo Exp reference_20260925T173510Z_880afb_ippo_w128_seed2 updates 3310/6250 episodes, total num timesteps 10595200/20000000, FPS 9884.

average episode rewards is -115.87439727783203

 Scenario simple_spread Algo rmappo Exp reference_20260925T173510Z_880afb_ippo_w128_seed2 updates 3315/6250 episodes, total num timesteps 10611200/20000000, FPS 9885.

average episode rewards is -111.86410522460938

 Scenario simple_spread Algo rmappo Exp reference_20260925T173510Z_880afb_ippo_w128_seed2 updates 3320/6250 episodes, total num timesteps 10627200/20000000, FPS 9885.

average episode rewards is -114.26107025146484

 Scenario simple_spread Algo rmappo Exp reference_20260925T173510Z_880afb_ippo_w128_seed2 updates 3325/6250 episodes, total num timesteps 10643200/20000000, FPS 9885.

average episode rewards is -112.46549987792969
eval average episode rewards of agent: -109.27376587245038
eval success rate: 0.95

 Scenario simple_spread Algo rmappo Exp reference_20260925T173510Z_880afb_ippo_w128_seed2 updates 3330/6250 episodes, total num timesteps 10659200/20000000, FPS 9884.

average episode rewards is -114.01030731201172

 Scenario simple_spread Algo rmappo Exp reference_20260925T173510Z_880afb_ippo_w128_seed2 updates 3335/6250 episodes, total num timesteps 10675200/20000000, FPS 9883.

average episode rewards is -114.65166473388672

 Scenario simple_spread Algo rmappo Exp reference_20260925T173510Z_880afb_ippo_w128_seed2 updates 3340/6250 episodes, total num timesteps 10691200/20000000, FPS 9884.

average episode rewards is -110.37796783447266

 Scenario simple_spread Algo rmappo Exp reference_20260925T173510Z_880afb_ippo_w128_seed2 updates 3345/6250 episodes, total num timesteps 10707200/20000000, FPS 9884.

average episode rewards is -112.06022644042969

 Scenario simple_spread Algo rmappo Exp reference_20260925T173510Z_880afb_ippo_w128_seed2 updates 3350/6250 episodes, total num timesteps 10723200/20000000, FPS 9884.

average episode rewards is -113.5878677368164
eval average episode rewards of agent: -112.13744287073574
eval success rate: 0.95

 Scenario simple_spread Algo rmappo Exp reference_20260925T173510Z_880afb_ippo_w128_seed2 updates 3355/6250 episodes, total num timesteps 10739200/20000000, FPS 9884.

average episode rewards is -112.19817352294922

 Scenario simple_spread Algo rmappo Exp reference_20260925T173510Z_880afb_ippo_w128_seed2 updates 3360/6250 episodes, total num timesteps 10755200/20000000, FPS 9884.

average episode rewards is -111.92485046386719

 Scenario simple_spread Algo rmappo Exp reference_20260925T173510Z_880afb_ippo_w128_seed2 updates 3365/6250 episodes, total num timesteps 10771200/20000000, FPS 9884.

average episode rewards is -114.20012664794922

 Scenario simple_spread Algo rmappo Exp reference_20260925T173510Z_880afb_ippo_w128_seed2 updates 3370/6250 episodes, total num timesteps 10787200/20000000, FPS 9885.

average episode rewards is -112.08647155761719

 Scenario simple_spread Algo rmappo Exp reference_20260925T173510Z_880afb_ippo_w128_seed2 updates 3375/6250 episodes, total num timesteps 10803200/20000000, FPS 9885.

average episode rewards is -113.19950866699219
eval average episode rewards of agent: -115.99919066184842
eval success rate: 0.95

 Scenario simple_spread Algo rmappo Exp reference_20260925T173510Z_880afb_ippo_w128_seed2 updates 3380/6250 episodes, total num timesteps 10819200/20000000, FPS 9884.

average episode rewards is -114.57047271728516

 Scenario simple_spread Algo rmappo Exp reference_20260925T173510Z_880afb_ippo_w128_seed2 updates 3385/6250 episodes, total num timesteps 10835200/20000000, FPS 9885.

average episode rewards is -112.6540756225586

 Scenario simple_spread Algo rmappo Exp reference_20260925T173510Z_880afb_ippo_w128_seed2 updates 3390/6250 episodes, total num timesteps 10851200/20000000, FPS 9884.

average episode rewards is -113.22464752197266

 Scenario simple_spread Algo rmappo Exp reference_20260925T173510Z_880afb_ippo_w128_seed2 updates 3395/6250 episodes, total num timesteps 10867200/20000000, FPS 9884.

average episode rewards is -114.07421875

 Scenario simple_spread Algo rmappo Exp reference_20260925T173510Z_880afb_ippo_w128_seed2 updates 3400/6250 episodes, total num timesteps 10883200/20000000, FPS 9884.

average episode rewards is -110.65885162353516
eval average episode rewards of agent: -114.68394030645804
eval success rate: 1.0

 Scenario simple_spread Algo rmappo Exp reference_20260925T173510Z_880afb_ippo_w128_seed2 updates 3405/6250 episodes, total num timesteps 10899200/20000000, FPS 9884.

average episode rewards is -113.3602294921875

 Scenario simple_spread Algo rmappo Exp reference_20260925T173510Z_880afb_ippo_w128_seed2 updates 3410/6250 episodes, total num timesteps 10915200/20000000, FPS 9884.

average episode rewards is -112.01004791259766

 Scenario simple_spread Algo rmappo Exp reference_20260925T173510Z_880afb_ippo_w128_seed2 updates 3415/6250 episodes, total num timesteps 10931200/20000000, FPS 9884.

average episode rewards is -112.23729705810547

 Scenario simple_spread Algo rmappo Exp reference_20260925T173510Z_880afb_ippo_w128_seed2 updates 3420/6250 episodes, total num timesteps 10947200/20000000, FPS 9884.

average episode rewards is -112.38292694091797

 Scenario simple_spread Algo rmappo Exp reference_20260925T173510Z_880afb_ippo_w128_seed2 updates 3425/6250 episodes, total num timesteps 10963200/20000000, FPS 9883.

average episode rewards is -115.49449920654297
eval average episode rewards of agent: -109.53056134305747
eval success rate: 1.0

 Scenario simple_spread Algo rmappo Exp reference_20260925T173510Z_880afb_ippo_w128_seed2 updates 3430/6250 episodes, total num timesteps 10979200/20000000, FPS 9883.

average episode rewards is -115.66422271728516

 Scenario simple_spread Algo rmappo Exp reference_20260925T173510Z_880afb_ippo_w128_seed2 updates 3435/6250 episodes, total num timesteps 10995200/20000000, FPS 9884.

average episode rewards is -113.65161895751953

 Scenario simple_spread Algo rmappo Exp reference_20260925T173510Z_880afb_ippo_w128_seed2 updates 3440/6250 episodes, total num timesteps 11011200/20000000, FPS 9884.

average episode rewards is -112.29618835449219

 Scenario simple_spread Algo rmappo Exp reference_20260925T173510Z_880afb_ippo_w128_seed2 updates 3445/6250 episodes, total num timesteps 11027200/20000000, FPS 9884.

average episode rewards is -113.00891876220703

 Scenario simple_spread Algo rmappo Exp reference_20260925T173510Z_880afb_ippo_w128_seed2 updates 3450/6250 episodes, total num timesteps 11043200/20000000, FPS 9883.

average episode rewards is -113.71407318115234
eval average episode rewards of agent: -114.88467932247609
eval success rate: 1.0

 Scenario simple_spread Algo rmappo Exp reference_20260925T173510Z_880afb_ippo_w128_seed2 updates 3455/6250 episodes, total num timesteps 11059200/20000000, FPS 9883.

average episode rewards is -114.21996307373047

 Scenario simple_spread Algo rmappo Exp reference_20260925T173510Z_880afb_ippo_w128_seed2 updates 3460/6250 episodes, total num timesteps 11075200/20000000, FPS 9883.

average episode rewards is -114.07801818847656

 Scenario simple_spread Algo rmappo Exp reference_20260925T173510Z_880afb_ippo_w128_seed2 updates 3465/6250 episodes, total num timesteps 11091200/20000000, FPS 9883.

average episode rewards is -114.40727996826172

 Scenario simple_spread Algo rmappo Exp reference_20260925T173510Z_880afb_ippo_w128_seed2 updates 3470/6250 episodes, total num timesteps 11107200/20000000, FPS 9883.

average episode rewards is -112.71839141845703

 Scenario simple_spread Algo rmappo Exp reference_20260925T173510Z_880afb_ippo_w128_seed2 updates 3475/6250 episodes, total num timesteps 11123200/20000000, FPS 9883.

average episode rewards is -111.11153411865234
eval average episode rewards of agent: -110.93440994884249
eval success rate: 0.95

 Scenario simple_spread Algo rmappo Exp reference_20260925T173510Z_880afb_ippo_w128_seed2 updates 3480/6250 episodes, total num timesteps 11139200/20000000, FPS 9883.

average episode rewards is -114.49063873291016

 Scenario simple_spread Algo rmappo Exp reference_20260925T173510Z_880afb_ippo_w128_seed2 updates 3485/6250 episodes, total num timesteps 11155200/20000000, FPS 9883.

average episode rewards is -115.08924102783203

 Scenario simple_spread Algo rmappo Exp reference_20260925T173510Z_880afb_ippo_w128_seed2 updates 3490/6250 episodes, total num timesteps 11171200/20000000, FPS 9883.

average episode rewards is -111.61600494384766

 Scenario simple_spread Algo rmappo Exp reference_20260925T173510Z_880afb_ippo_w128_seed2 updates 3495/6250 episodes, total num timesteps 11187200/20000000, FPS 9883.

average episode rewards is -112.45819091796875

 Scenario simple_spread Algo rmappo Exp reference_20260925T173510Z_880afb_ippo_w128_seed2 updates 3500/6250 episodes, total num timesteps 11203200/20000000, FPS 9884.

average episode rewards is -112.98783111572266
eval average episode rewards of agent: -110.42084984051229
eval success rate: 0.95

 Scenario simple_spread Algo rmappo Exp reference_20260925T173510Z_880afb_ippo_w128_seed2 updates 3505/6250 episodes, total num timesteps 11219200/20000000, FPS 9883.

average episode rewards is -116.14035034179688

 Scenario simple_spread Algo rmappo Exp reference_20260925T173510Z_880afb_ippo_w128_seed2 updates 3510/6250 episodes, total num timesteps 11235200/20000000, FPS 9882.

average episode rewards is -113.6397476196289

 Scenario simple_spread Algo rmappo Exp reference_20260925T173510Z_880afb_ippo_w128_seed2 updates 3515/6250 episodes, total num timesteps 11251200/20000000, FPS 9882.

average episode rewards is -112.10335540771484

 Scenario simple_spread Algo rmappo Exp reference_20260925T173510Z_880afb_ippo_w128_seed2 updates 3520/6250 episodes, total num timesteps 11267200/20000000, FPS 9883.

average episode rewards is -114.29918670654297

 Scenario simple_spread Algo rmappo Exp reference_20260925T173510Z_880afb_ippo_w128_seed2 updates 3525/6250 episodes, total num timesteps 11283200/20000000, FPS 9883.

average episode rewards is -114.737548828125
eval average episode rewards of agent: -108.81161268797251
eval success rate: 0.9

 Scenario simple_spread Algo rmappo Exp reference_20260925T173510Z_880afb_ippo_w128_seed2 updates 3530/6250 episodes, total num timesteps 11299200/20000000, FPS 9882.

average episode rewards is -111.15091705322266

 Scenario simple_spread Algo rmappo Exp reference_20260925T173510Z_880afb_ippo_w128_seed2 updates 3535/6250 episodes, total num timesteps 11315200/20000000, FPS 9883.

average episode rewards is -116.20841217041016

 Scenario simple_spread Algo rmappo Exp reference_20260925T173510Z_880afb_ippo_w128_seed2 updates 3540/6250 episodes, total num timesteps 11331200/20000000, FPS 9883.

average episode rewards is -113.15283966064453

 Scenario simple_spread Algo rmappo Exp reference_20260925T173510Z_880afb_ippo_w128_seed2 updates 3545/6250 episodes, total num timesteps 11347200/20000000, FPS 9883.

average episode rewards is -114.09566497802734

 Scenario simple_spread Algo rmappo Exp reference_20260925T173510Z_880afb_ippo_w128_seed2 updates 3550/6250 episodes, total num timesteps 11363200/20000000, FPS 9883.

average episode rewards is -113.35698699951172
eval average episode rewards of agent: -112.73673217717675
eval success rate: 1.0

 Scenario simple_spread Algo rmappo Exp reference_20260925T173510Z_880afb_ippo_w128_seed2 updates 3555/6250 episodes, total num timesteps 11379200/20000000, FPS 9883.

average episode rewards is -113.75643920898438

 Scenario simple_spread Algo rmappo Exp reference_20260925T173510Z_880afb_ippo_w128_seed2 updates 3560/6250 episodes, total num timesteps 11395200/20000000, FPS 9883.

average episode rewards is -112.69900512695312

 Scenario simple_spread Algo rmappo Exp reference_20260925T173510Z_880afb_ippo_w128_seed2 updates 3565/6250 episodes, total num timesteps 11411200/20000000, FPS 9883.

average episode rewards is -112.33967590332031

 Scenario simple_spread Algo rmappo Exp reference_20260925T173510Z_880afb_ippo_w128_seed2 updates 3570/6250 episodes, total num timesteps 11427200/20000000, FPS 9882.

average episode rewards is -113.57156372070312

 Scenario simple_spread Algo rmappo Exp reference_20260925T173510Z_880afb_ippo_w128_seed2 updates 3575/6250 episodes, total num timesteps 11443200/20000000, FPS 9882.

average episode rewards is -111.51410675048828
eval average episode rewards of agent: -114.37559250464899
eval success rate: 0.9

 Scenario simple_spread Algo rmappo Exp reference_20260925T173510Z_880afb_ippo_w128_seed2 updates 3580/6250 episodes, total num timesteps 11459200/20000000, FPS 9882.

average episode rewards is -113.16423034667969

 Scenario simple_spread Algo rmappo Exp reference_20260925T173510Z_880afb_ippo_w128_seed2 updates 3585/6250 episodes, total num timesteps 11475200/20000000, FPS 9882.

average episode rewards is -115.82291412353516

 Scenario simple_spread Algo rmappo Exp reference_20260925T173510Z_880afb_ippo_w128_seed2 updates 3590/6250 episodes, total num timesteps 11491200/20000000, FPS 9882.

average episode rewards is -113.60502624511719

 Scenario simple_spread Algo rmappo Exp reference_20260925T173510Z_880afb_ippo_w128_seed2 updates 3595/6250 episodes, total num timesteps 11507200/20000000, FPS 9882.

average episode rewards is -115.80231475830078

 Scenario simple_spread Algo rmappo Exp reference_20260925T173510Z_880afb_ippo_w128_seed2 updates 3600/6250 episodes, total num timesteps 11523200/20000000, FPS 9883.

average episode rewards is -113.98870086669922
eval average episode rewards of agent: -112.4430008486467
eval success rate: 1.0

 Scenario simple_spread Algo rmappo Exp reference_20260925T173510Z_880afb_ippo_w128_seed2 updates 3605/6250 episodes, total num timesteps 11539200/20000000, FPS 9882.

average episode rewards is -112.21400451660156

 Scenario simple_spread Algo rmappo Exp reference_20260925T173510Z_880afb_ippo_w128_seed2 updates 3610/6250 episodes, total num timesteps 11555200/20000000, FPS 9882.

average episode rewards is -111.96379852294922

 Scenario simple_spread Algo rmappo Exp reference_20260925T173510Z_880afb_ippo_w128_seed2 updates 3615/6250 episodes, total num timesteps 11571200/20000000, FPS 9883.

average episode rewards is -114.49867248535156

 Scenario simple_spread Algo rmappo Exp reference_20260925T173510Z_880afb_ippo_w128_seed2 updates 3620/6250 episodes, total num timesteps 11587200/20000000, FPS 9883.

average episode rewards is -114.2439956665039

 Scenario simple_spread Algo rmappo Exp reference_20260925T173510Z_880afb_ippo_w128_seed2 updates 3625/6250 episodes, total num timesteps 11603200/20000000, FPS 9883.

average episode rewards is -113.93941497802734
eval average episode rewards of agent: -111.1819793114559
eval success rate: 1.0

 Scenario simple_spread Algo rmappo Exp reference_20260925T173510Z_880afb_ippo_w128_seed2 updates 3630/6250 episodes, total num timesteps 11619200/20000000, FPS 9882.

average episode rewards is -114.99861145019531

 Scenario simple_spread Algo rmappo Exp reference_20260925T173510Z_880afb_ippo_w128_seed2 updates 3635/6250 episodes, total num timesteps 11635200/20000000, FPS 9882.

average episode rewards is -111.82105255126953

 Scenario simple_spread Algo rmappo Exp reference_20260925T173510Z_880afb_ippo_w128_seed2 updates 3640/6250 episodes, total num timesteps 11651200/20000000, FPS 9882.

average episode rewards is -113.74842071533203

 Scenario simple_spread Algo rmappo Exp reference_20260925T173510Z_880afb_ippo_w128_seed2 updates 3645/6250 episodes, total num timesteps 11667200/20000000, FPS 9882.

average episode rewards is -113.80870056152344

 Scenario simple_spread Algo rmappo Exp reference_20260925T173510Z_880afb_ippo_w128_seed2 updates 3650/6250 episodes, total num timesteps 11683200/20000000, FPS 9883.

average episode rewards is -113.82989501953125
eval average episode rewards of agent: -116.67014123121909
eval success rate: 0.9

 Scenario simple_spread Algo rmappo Exp reference_20260925T173510Z_880afb_ippo_w128_seed2 updates 3655/6250 episodes, total num timesteps 11699200/20000000, FPS 9882.

average episode rewards is -112.85588836669922

 Scenario simple_spread Algo rmappo Exp reference_20260925T173510Z_880afb_ippo_w128_seed2 updates 3660/6250 episodes, total num timesteps 11715200/20000000, FPS 9883.

average episode rewards is -114.73863983154297

 Scenario simple_spread Algo rmappo Exp reference_20260925T173510Z_880afb_ippo_w128_seed2 updates 3665/6250 episodes, total num timesteps 11731200/20000000, FPS 9883.

average episode rewards is -111.83677673339844

 Scenario simple_spread Algo rmappo Exp reference_20260925T173510Z_880afb_ippo_w128_seed2 updates 3670/6250 episodes, total num timesteps 11747200/20000000, FPS 9883.

average episode rewards is -112.83154296875

 Scenario simple_spread Algo rmappo Exp reference_20260925T173510Z_880afb_ippo_w128_seed2 updates 3675/6250 episodes, total num timesteps 11763200/20000000, FPS 9883.

average episode rewards is -113.40092468261719
eval average episode rewards of agent: -108.75982028124314
eval success rate: 0.85

 Scenario simple_spread Algo rmappo Exp reference_20260925T173510Z_880afb_ippo_w128_seed2 updates 3680/6250 episodes, total num timesteps 11779200/20000000, FPS 9883.

average episode rewards is -111.52701568603516

 Scenario simple_spread Algo rmappo Exp reference_20260925T173510Z_880afb_ippo_w128_seed2 updates 3685/6250 episodes, total num timesteps 11795200/20000000, FPS 9883.

average episode rewards is -115.12124633789062

 Scenario simple_spread Algo rmappo Exp reference_20260925T173510Z_880afb_ippo_w128_seed2 updates 3690/6250 episodes, total num timesteps 11811200/20000000, FPS 9882.

average episode rewards is -112.78003692626953

 Scenario simple_spread Algo rmappo Exp reference_20260925T173510Z_880afb_ippo_w128_seed2 updates 3695/6250 episodes, total num timesteps 11827200/20000000, FPS 9882.

average episode rewards is -114.17225646972656

 Scenario simple_spread Algo rmappo Exp reference_20260925T173510Z_880afb_ippo_w128_seed2 updates 3700/6250 episodes, total num timesteps 11843200/20000000, FPS 9882.

average episode rewards is -114.34979248046875
eval average episode rewards of agent: -112.81383628394143
eval success rate: 0.85

 Scenario simple_spread Algo rmappo Exp reference_20260925T173510Z_880afb_ippo_w128_seed2 updates 3705/6250 episodes, total num timesteps 11859200/20000000, FPS 9882.

average episode rewards is -110.86686706542969

 Scenario simple_spread Algo rmappo Exp reference_20260925T173510Z_880afb_ippo_w128_seed2 updates 3710/6250 episodes, total num timesteps 11875200/20000000, FPS 9882.

average episode rewards is -112.02532196044922

 Scenario simple_spread Algo rmappo Exp reference_20260925T173510Z_880afb_ippo_w128_seed2 updates 3715/6250 episodes, total num timesteps 11891200/20000000, FPS 9882.

average episode rewards is -113.83980560302734

 Scenario simple_spread Algo rmappo Exp reference_20260925T173510Z_880afb_ippo_w128_seed2 updates 3720/6250 episodes, total num timesteps 11907200/20000000, FPS 9883.

average episode rewards is -112.46568298339844

 Scenario simple_spread Algo rmappo Exp reference_20260925T173510Z_880afb_ippo_w128_seed2 updates 3725/6250 episodes, total num timesteps 11923200/20000000, FPS 9883.

average episode rewards is -113.85519409179688
eval average episode rewards of agent: -113.38169078940146
eval success rate: 0.85

 Scenario simple_spread Algo rmappo Exp reference_20260925T173510Z_880afb_ippo_w128_seed2 updates 3730/6250 episodes, total num timesteps 11939200/20000000, FPS 9882.

average episode rewards is -113.69554138183594

 Scenario simple_spread Algo rmappo Exp reference_20260925T173510Z_880afb_ippo_w128_seed2 updates 3735/6250 episodes, total num timesteps 11955200/20000000, FPS 9882.

average episode rewards is -114.70046997070312

 Scenario simple_spread Algo rmappo Exp reference_20260925T173510Z_880afb_ippo_w128_seed2 updates 3740/6250 episodes, total num timesteps 11971200/20000000, FPS 9883.

average episode rewards is -111.05266571044922

 Scenario simple_spread Algo rmappo Exp reference_20260925T173510Z_880afb_ippo_w128_seed2 updates 3745/6250 episodes, total num timesteps 11987200/20000000, FPS 9883.

average episode rewards is -114.02583312988281

 Scenario simple_spread Algo rmappo Exp reference_20260925T173510Z_880afb_ippo_w128_seed2 updates 3750/6250 episodes, total num timesteps 12003200/20000000, FPS 9882.

average episode rewards is -111.76886749267578
eval average episode rewards of agent: -108.60283889416908
eval success rate: 0.95

 Scenario simple_spread Algo rmappo Exp reference_20260925T173510Z_880afb_ippo_w128_seed2 updates 3755/6250 episodes, total num timesteps 12019200/20000000, FPS 9882.

average episode rewards is -113.40940856933594

 Scenario simple_spread Algo rmappo Exp reference_20260925T173510Z_880afb_ippo_w128_seed2 updates 3760/6250 episodes, total num timesteps 12035200/20000000, FPS 9882.

average episode rewards is -115.7047119140625

 Scenario simple_spread Algo rmappo Exp reference_20260925T173510Z_880afb_ippo_w128_seed2 updates 3765/6250 episodes, total num timesteps 12051200/20000000, FPS 9882.

average episode rewards is -114.58482360839844

 Scenario simple_spread Algo rmappo Exp reference_20260925T173510Z_880afb_ippo_w128_seed2 updates 3770/6250 episodes, total num timesteps 12067200/20000000, FPS 9883.

average episode rewards is -112.0859603881836

 Scenario simple_spread Algo rmappo Exp reference_20260925T173510Z_880afb_ippo_w128_seed2 updates 3775/6250 episodes, total num timesteps 12083200/20000000, FPS 9883.

average episode rewards is -114.64968872070312
eval average episode rewards of agent: -109.46893982412561
eval success rate: 1.0

 Scenario simple_spread Algo rmappo Exp reference_20260925T173510Z_880afb_ippo_w128_seed2 updates 3780/6250 episodes, total num timesteps 12099200/20000000, FPS 9882.

average episode rewards is -112.8310775756836

 Scenario simple_spread Algo rmappo Exp reference_20260925T173510Z_880afb_ippo_w128_seed2 updates 3785/6250 episodes, total num timesteps 12115200/20000000, FPS 9882.

average episode rewards is -113.08702087402344

 Scenario simple_spread Algo rmappo Exp reference_20260925T173510Z_880afb_ippo_w128_seed2 updates 3790/6250 episodes, total num timesteps 12131200/20000000, FPS 9883.

average episode rewards is -111.9130859375

 Scenario simple_spread Algo rmappo Exp reference_20260925T173510Z_880afb_ippo_w128_seed2 updates 3795/6250 episodes, total num timesteps 12147200/20000000, FPS 9883.

average episode rewards is -114.57036590576172

 Scenario simple_spread Algo rmappo Exp reference_20260925T173510Z_880afb_ippo_w128_seed2 updates 3800/6250 episodes, total num timesteps 12163200/20000000, FPS 9883.

average episode rewards is -113.06671142578125
eval average episode rewards of agent: -109.66749706638967
eval success rate: 0.95

 Scenario simple_spread Algo rmappo Exp reference_20260925T173510Z_880afb_ippo_w128_seed2 updates 3805/6250 episodes, total num timesteps 12179200/20000000, FPS 9883.

average episode rewards is -113.7501449584961

 Scenario simple_spread Algo rmappo Exp reference_20260925T173510Z_880afb_ippo_w128_seed2 updates 3810/6250 episodes, total num timesteps 12195200/20000000, FPS 9882.

average episode rewards is -114.98185729980469

 Scenario simple_spread Algo rmappo Exp reference_20260925T173510Z_880afb_ippo_w128_seed2 updates 3815/6250 episodes, total num timesteps 12211200/20000000, FPS 9883.

average episode rewards is -113.22450256347656

 Scenario simple_spread Algo rmappo Exp reference_20260925T173510Z_880afb_ippo_w128_seed2 updates 3820/6250 episodes, total num timesteps 12227200/20000000, FPS 9883.

average episode rewards is -115.59414672851562

 Scenario simple_spread Algo rmappo Exp reference_20260925T173510Z_880afb_ippo_w128_seed2 updates 3825/6250 episodes, total num timesteps 12243200/20000000, FPS 9883.

average episode rewards is -111.76282501220703
eval average episode rewards of agent: -109.38003280344138
eval success rate: 1.0

 Scenario simple_spread Algo rmappo Exp reference_20260925T173510Z_880afb_ippo_w128_seed2 updates 3830/6250 episodes, total num timesteps 12259200/20000000, FPS 9883.

average episode rewards is -112.11827087402344

 Scenario simple_spread Algo rmappo Exp reference_20260925T173510Z_880afb_ippo_w128_seed2 updates 3835/6250 episodes, total num timesteps 12275200/20000000, FPS 9883.

average episode rewards is -115.23741149902344

 Scenario simple_spread Algo rmappo Exp reference_20260925T173510Z_880afb_ippo_w128_seed2 updates 3840/6250 episodes, total num timesteps 12291200/20000000, FPS 9883.

average episode rewards is -112.21356201171875

 Scenario simple_spread Algo rmappo Exp reference_20260925T173510Z_880afb_ippo_w128_seed2 updates 3845/6250 episodes, total num timesteps 12307200/20000000, FPS 9883.

average episode rewards is -113.32886505126953

 Scenario simple_spread Algo rmappo Exp reference_20260925T173510Z_880afb_ippo_w128_seed2 updates 3850/6250 episodes, total num timesteps 12323200/20000000, FPS 9883.

average episode rewards is -113.394775390625
eval average episode rewards of agent: -107.70607812359468
eval success rate: 0.95

 Scenario simple_spread Algo rmappo Exp reference_20260925T173510Z_880afb_ippo_w128_seed2 updates 3855/6250 episodes, total num timesteps 12339200/20000000, FPS 9883.

average episode rewards is -113.22513580322266

 Scenario simple_spread Algo rmappo Exp reference_20260925T173510Z_880afb_ippo_w128_seed2 updates 3860/6250 episodes, total num timesteps 12355200/20000000, FPS 9883.

average episode rewards is -113.21692657470703

 Scenario simple_spread Algo rmappo Exp reference_20260925T173510Z_880afb_ippo_w128_seed2 updates 3865/6250 episodes, total num timesteps 12371200/20000000, FPS 9883.

average episode rewards is -112.92069244384766

 Scenario simple_spread Algo rmappo Exp reference_20260925T173510Z_880afb_ippo_w128_seed2 updates 3870/6250 episodes, total num timesteps 12387200/20000000, FPS 9882.

average episode rewards is -112.98042297363281

 Scenario simple_spread Algo rmappo Exp reference_20260925T173510Z_880afb_ippo_w128_seed2 updates 3875/6250 episodes, total num timesteps 12403200/20000000, FPS 9883.

average episode rewards is -112.2801284790039
eval average episode rewards of agent: -111.13792517371141
eval success rate: 0.9

 Scenario simple_spread Algo rmappo Exp reference_20260925T173510Z_880afb_ippo_w128_seed2 updates 3880/6250 episodes, total num timesteps 12419200/20000000, FPS 9882.

average episode rewards is -113.50587463378906

 Scenario simple_spread Algo rmappo Exp reference_20260925T173510Z_880afb_ippo_w128_seed2 updates 3885/6250 episodes, total num timesteps 12435200/20000000, FPS 9882.

average episode rewards is -114.21810150146484

 Scenario simple_spread Algo rmappo Exp reference_20260925T173510Z_880afb_ippo_w128_seed2 updates 3890/6250 episodes, total num timesteps 12451200/20000000, FPS 9882.

average episode rewards is -114.35309600830078

 Scenario simple_spread Algo rmappo Exp reference_20260925T173510Z_880afb_ippo_w128_seed2 updates 3895/6250 episodes, total num timesteps 12467200/20000000, FPS 9883.

average episode rewards is -112.72001647949219

 Scenario simple_spread Algo rmappo Exp reference_20260925T173510Z_880afb_ippo_w128_seed2 updates 3900/6250 episodes, total num timesteps 12483200/20000000, FPS 9883.

average episode rewards is -114.83201599121094
eval average episode rewards of agent: -113.55972909888361
eval success rate: 1.0

 Scenario simple_spread Algo rmappo Exp reference_20260925T173510Z_880afb_ippo_w128_seed2 updates 3905/6250 episodes, total num timesteps 12499200/20000000, FPS 9883.

average episode rewards is -111.43838500976562

 Scenario simple_spread Algo rmappo Exp reference_20260925T173510Z_880afb_ippo_w128_seed2 updates 3910/6250 episodes, total num timesteps 12515200/20000000, FPS 9883.

average episode rewards is -114.0514144897461

 Scenario simple_spread Algo rmappo Exp reference_20260925T173510Z_880afb_ippo_w128_seed2 updates 3915/6250 episodes, total num timesteps 12531200/20000000, FPS 9883.

average episode rewards is -115.45698547363281

 Scenario simple_spread Algo rmappo Exp reference_20260925T173510Z_880afb_ippo_w128_seed2 updates 3920/6250 episodes, total num timesteps 12547200/20000000, FPS 9883.

average episode rewards is -112.82179260253906

 Scenario simple_spread Algo rmappo Exp reference_20260925T173510Z_880afb_ippo_w128_seed2 updates 3925/6250 episodes, total num timesteps 12563200/20000000, FPS 9883.

average episode rewards is -112.66513061523438
eval average episode rewards of agent: -112.65983589767735
eval success rate: 0.8

 Scenario simple_spread Algo rmappo Exp reference_20260925T173510Z_880afb_ippo_w128_seed2 updates 3930/6250 episodes, total num timesteps 12579200/20000000, FPS 9882.

average episode rewards is -113.54380798339844

 Scenario simple_spread Algo rmappo Exp reference_20260925T173510Z_880afb_ippo_w128_seed2 updates 3935/6250 episodes, total num timesteps 12595200/20000000, FPS 9882.

average episode rewards is -114.8563232421875

 Scenario simple_spread Algo rmappo Exp reference_20260925T173510Z_880afb_ippo_w128_seed2 updates 3940/6250 episodes, total num timesteps 12611200/20000000, FPS 9882.

average episode rewards is -112.76444244384766

 Scenario simple_spread Algo rmappo Exp reference_20260925T173510Z_880afb_ippo_w128_seed2 updates 3945/6250 episodes, total num timesteps 12627200/20000000, FPS 9882.

average episode rewards is -113.96524047851562

 Scenario simple_spread Algo rmappo Exp reference_20260925T173510Z_880afb_ippo_w128_seed2 updates 3950/6250 episodes, total num timesteps 12643200/20000000, FPS 9883.

average episode rewards is -113.33273315429688
eval average episode rewards of agent: -114.6370682027074
eval success rate: 0.85

 Scenario simple_spread Algo rmappo Exp reference_20260925T173510Z_880afb_ippo_w128_seed2 updates 3955/6250 episodes, total num timesteps 12659200/20000000, FPS 9882.

average episode rewards is -112.84257507324219

 Scenario simple_spread Algo rmappo Exp reference_20260925T173510Z_880afb_ippo_w128_seed2 updates 3960/6250 episodes, total num timesteps 12675200/20000000, FPS 9883.

average episode rewards is -112.55134582519531

 Scenario simple_spread Algo rmappo Exp reference_20260925T173510Z_880afb_ippo_w128_seed2 updates 3965/6250 episodes, total num timesteps 12691200/20000000, FPS 9883.

average episode rewards is -110.57872772216797

 Scenario simple_spread Algo rmappo Exp reference_20260925T173510Z_880afb_ippo_w128_seed2 updates 3970/6250 episodes, total num timesteps 12707200/20000000, FPS 9883.

average episode rewards is -113.45047760009766

 Scenario simple_spread Algo rmappo Exp reference_20260925T173510Z_880afb_ippo_w128_seed2 updates 3975/6250 episodes, total num timesteps 12723200/20000000, FPS 9883.

average episode rewards is -112.05290222167969
eval average episode rewards of agent: -110.75829840815537
eval success rate: 0.9

 Scenario simple_spread Algo rmappo Exp reference_20260925T173510Z_880afb_ippo_w128_seed2 updates 3980/6250 episodes, total num timesteps 12739200/20000000, FPS 9883.

average episode rewards is -115.12886047363281

 Scenario simple_spread Algo rmappo Exp reference_20260925T173510Z_880afb_ippo_w128_seed2 updates 3985/6250 episodes, total num timesteps 12755200/20000000, FPS 9883.

average episode rewards is -111.19024658203125

 Scenario simple_spread Algo rmappo Exp reference_20260925T173510Z_880afb_ippo_w128_seed2 updates 3990/6250 episodes, total num timesteps 12771200/20000000, FPS 9882.

average episode rewards is -112.92987060546875

 Scenario simple_spread Algo rmappo Exp reference_20260925T173510Z_880afb_ippo_w128_seed2 updates 3995/6250 episodes, total num timesteps 12787200/20000000, FPS 9882.

average episode rewards is -114.48806762695312

 Scenario simple_spread Algo rmappo Exp reference_20260925T173510Z_880afb_ippo_w128_seed2 updates 4000/6250 episodes, total num timesteps 12803200/20000000, FPS 9882.

average episode rewards is -111.32511901855469
eval average episode rewards of agent: -113.29479244061221
eval success rate: 0.95

 Scenario simple_spread Algo rmappo Exp reference_20260925T173510Z_880afb_ippo_w128_seed2 updates 4005/6250 episodes, total num timesteps 12819200/20000000, FPS 9882.

average episode rewards is -112.27998352050781

 Scenario simple_spread Algo rmappo Exp reference_20260925T173510Z_880afb_ippo_w128_seed2 updates 4010/6250 episodes, total num timesteps 12835200/20000000, FPS 9882.

average episode rewards is -115.14422607421875

 Scenario simple_spread Algo rmappo Exp reference_20260925T173510Z_880afb_ippo_w128_seed2 updates 4015/6250 episodes, total num timesteps 12851200/20000000, FPS 9882.

average episode rewards is -113.61264038085938

 Scenario simple_spread Algo rmappo Exp reference_20260925T173510Z_880afb_ippo_w128_seed2 updates 4020/6250 episodes, total num timesteps 12867200/20000000, FPS 9882.

average episode rewards is -113.35595703125

 Scenario simple_spread Algo rmappo Exp reference_20260925T173510Z_880afb_ippo_w128_seed2 updates 4025/6250 episodes, total num timesteps 12883200/20000000, FPS 9882.

average episode rewards is -110.67953491210938
eval average episode rewards of agent: -110.80575613239418
eval success rate: 0.9

 Scenario simple_spread Algo rmappo Exp reference_20260925T173510Z_880afb_ippo_w128_seed2 updates 4030/6250 episodes, total num timesteps 12899200/20000000, FPS 9882.

average episode rewards is -112.82384490966797

 Scenario simple_spread Algo rmappo Exp reference_20260925T173510Z_880afb_ippo_w128_seed2 updates 4035/6250 episodes, total num timesteps 12915200/20000000, FPS 9882.

average episode rewards is -110.8923110961914

 Scenario simple_spread Algo rmappo Exp reference_20260925T173510Z_880afb_ippo_w128_seed2 updates 4040/6250 episodes, total num timesteps 12931200/20000000, FPS 9882.

average episode rewards is -113.97895812988281

 Scenario simple_spread Algo rmappo Exp reference_20260925T173510Z_880afb_ippo_w128_seed2 updates 4045/6250 episodes, total num timesteps 12947200/20000000, FPS 9883.

average episode rewards is -113.50082397460938

 Scenario simple_spread Algo rmappo Exp reference_20260925T173510Z_880afb_ippo_w128_seed2 updates 4050/6250 episodes, total num timesteps 12963200/20000000, FPS 9882.

average episode rewards is -114.10049438476562
eval average episode rewards of agent: -114.2840896862599
eval success rate: 1.0

 Scenario simple_spread Algo rmappo Exp reference_20260925T173510Z_880afb_ippo_w128_seed2 updates 4055/6250 episodes, total num timesteps 12979200/20000000, FPS 9882.

average episode rewards is -112.23589324951172

 Scenario simple_spread Algo rmappo Exp reference_20260925T173510Z_880afb_ippo_w128_seed2 updates 4060/6250 episodes, total num timesteps 12995200/20000000, FPS 9882.

average episode rewards is -112.8723373413086

 Scenario simple_spread Algo rmappo Exp reference_20260925T173510Z_880afb_ippo_w128_seed2 updates 4065/6250 episodes, total num timesteps 13011200/20000000, FPS 9882.

average episode rewards is -114.35928344726562

 Scenario simple_spread Algo rmappo Exp reference_20260925T173510Z_880afb_ippo_w128_seed2 updates 4070/6250 episodes, total num timesteps 13027200/20000000, FPS 9882.

average episode rewards is -112.52409362792969

 Scenario simple_spread Algo rmappo Exp reference_20260925T173510Z_880afb_ippo_w128_seed2 updates 4075/6250 episodes, total num timesteps 13043200/20000000, FPS 9882.

average episode rewards is -114.4297103881836
eval average episode rewards of agent: -107.58163978801299
eval success rate: 0.95

 Scenario simple_spread Algo rmappo Exp reference_20260925T173510Z_880afb_ippo_w128_seed2 updates 4080/6250 episodes, total num timesteps 13059200/20000000, FPS 9882.

average episode rewards is -114.79898834228516

 Scenario simple_spread Algo rmappo Exp reference_20260925T173510Z_880afb_ippo_w128_seed2 updates 4085/6250 episodes, total num timesteps 13075200/20000000, FPS 9883.

average episode rewards is -112.7409439086914

 Scenario simple_spread Algo rmappo Exp reference_20260925T173510Z_880afb_ippo_w128_seed2 updates 4090/6250 episodes, total num timesteps 13091200/20000000, FPS 9883.

average episode rewards is -110.66907501220703

 Scenario simple_spread Algo rmappo Exp reference_20260925T173510Z_880afb_ippo_w128_seed2 updates 4095/6250 episodes, total num timesteps 13107200/20000000, FPS 9883.

average episode rewards is -113.14080810546875

 Scenario simple_spread Algo rmappo Exp reference_20260925T173510Z_880afb_ippo_w128_seed2 updates 4100/6250 episodes, total num timesteps 13123200/20000000, FPS 9883.

average episode rewards is -113.23908233642578
eval average episode rewards of agent: -113.4218931405395
eval success rate: 0.85

 Scenario simple_spread Algo rmappo Exp reference_20260925T173510Z_880afb_ippo_w128_seed2 updates 4105/6250 episodes, total num timesteps 13139200/20000000, FPS 9883.

average episode rewards is -110.94226837158203

 Scenario simple_spread Algo rmappo Exp reference_20260925T173510Z_880afb_ippo_w128_seed2 updates 4110/6250 episodes, total num timesteps 13155200/20000000, FPS 9882.

average episode rewards is -112.43175506591797

 Scenario simple_spread Algo rmappo Exp reference_20260925T173510Z_880afb_ippo_w128_seed2 updates 4115/6250 episodes, total num timesteps 13171200/20000000, FPS 9882.

average episode rewards is -114.7899398803711

 Scenario simple_spread Algo rmappo Exp reference_20260925T173510Z_880afb_ippo_w128_seed2 updates 4120/6250 episodes, total num timesteps 13187200/20000000, FPS 9882.

average episode rewards is -113.90789794921875

 Scenario simple_spread Algo rmappo Exp reference_20260925T173510Z_880afb_ippo_w128_seed2 updates 4125/6250 episodes, total num timesteps 13203200/20000000, FPS 9882.

average episode rewards is -112.32563018798828
eval average episode rewards of agent: -112.76931452212564
eval success rate: 0.95

 Scenario simple_spread Algo rmappo Exp reference_20260925T173510Z_880afb_ippo_w128_seed2 updates 4130/6250 episodes, total num timesteps 13219200/20000000, FPS 9882.

average episode rewards is -113.1625747680664

 Scenario simple_spread Algo rmappo Exp reference_20260925T173510Z_880afb_ippo_w128_seed2 updates 4135/6250 episodes, total num timesteps 13235200/20000000, FPS 9882.

average episode rewards is -114.13854217529297

 Scenario simple_spread Algo rmappo Exp reference_20260925T173510Z_880afb_ippo_w128_seed2 updates 4140/6250 episodes, total num timesteps 13251200/20000000, FPS 9883.

average episode rewards is -114.47452545166016

 Scenario simple_spread Algo rmappo Exp reference_20260925T173510Z_880afb_ippo_w128_seed2 updates 4145/6250 episodes, total num timesteps 13267200/20000000, FPS 9882.

average episode rewards is -112.7618179321289

 Scenario simple_spread Algo rmappo Exp reference_20260925T173510Z_880afb_ippo_w128_seed2 updates 4150/6250 episodes, total num timesteps 13283200/20000000, FPS 9882.

average episode rewards is -111.88339233398438
eval average episode rewards of agent: -111.16433845875498
eval success rate: 0.9

 Scenario simple_spread Algo rmappo Exp reference_20260925T173510Z_880afb_ippo_w128_seed2 updates 4155/6250 episodes, total num timesteps 13299200/20000000, FPS 9882.

average episode rewards is -113.4435806274414

 Scenario simple_spread Algo rmappo Exp reference_20260925T173510Z_880afb_ippo_w128_seed2 updates 4160/6250 episodes, total num timesteps 13315200/20000000, FPS 9883.

average episode rewards is -114.65339660644531

 Scenario simple_spread Algo rmappo Exp reference_20260925T173510Z_880afb_ippo_w128_seed2 updates 4165/6250 episodes, total num timesteps 13331200/20000000, FPS 9882.

average episode rewards is -114.51053619384766

 Scenario simple_spread Algo rmappo Exp reference_20260925T173510Z_880afb_ippo_w128_seed2 updates 4170/6250 episodes, total num timesteps 13347200/20000000, FPS 9882.

average episode rewards is -113.25204467773438

 Scenario simple_spread Algo rmappo Exp reference_20260925T173510Z_880afb_ippo_w128_seed2 updates 4175/6250 episodes, total num timesteps 13363200/20000000, FPS 9882.

average episode rewards is -112.33092498779297
eval average episode rewards of agent: -114.38353904949197
eval success rate: 0.9

 Scenario simple_spread Algo rmappo Exp reference_20260925T173510Z_880afb_ippo_w128_seed2 updates 4180/6250 episodes, total num timesteps 13379200/20000000, FPS 9882.

average episode rewards is -115.56316375732422

 Scenario simple_spread Algo rmappo Exp reference_20260925T173510Z_880afb_ippo_w128_seed2 updates 4185/6250 episodes, total num timesteps 13395200/20000000, FPS 9882.

average episode rewards is -114.09561920166016

 Scenario simple_spread Algo rmappo Exp reference_20260925T173510Z_880afb_ippo_w128_seed2 updates 4190/6250 episodes, total num timesteps 13411200/20000000, FPS 9882.

average episode rewards is -113.6403579711914

 Scenario simple_spread Algo rmappo Exp reference_20260925T173510Z_880afb_ippo_w128_seed2 updates 4195/6250 episodes, total num timesteps 13427200/20000000, FPS 9883.

average episode rewards is -113.29019165039062

 Scenario simple_spread Algo rmappo Exp reference_20260925T173510Z_880afb_ippo_w128_seed2 updates 4200/6250 episodes, total num timesteps 13443200/20000000, FPS 9882.

average episode rewards is -111.5707015991211
eval average episode rewards of agent: -112.07124359751917
eval success rate: 0.95

 Scenario simple_spread Algo rmappo Exp reference_20260925T173510Z_880afb_ippo_w128_seed2 updates 4205/6250 episodes, total num timesteps 13459200/20000000, FPS 9882.

average episode rewards is -113.02947998046875

 Scenario simple_spread Algo rmappo Exp reference_20260925T173510Z_880afb_ippo_w128_seed2 updates 4210/6250 episodes, total num timesteps 13475200/20000000, FPS 9883.

average episode rewards is -114.24299621582031

 Scenario simple_spread Algo rmappo Exp reference_20260925T173510Z_880afb_ippo_w128_seed2 updates 4215/6250 episodes, total num timesteps 13491200/20000000, FPS 9883.

average episode rewards is -114.22066497802734

 Scenario simple_spread Algo rmappo Exp reference_20260925T173510Z_880afb_ippo_w128_seed2 updates 4220/6250 episodes, total num timesteps 13507200/20000000, FPS 9882.

average episode rewards is -112.29528045654297

 Scenario simple_spread Algo rmappo Exp reference_20260925T173510Z_880afb_ippo_w128_seed2 updates 4225/6250 episodes, total num timesteps 13523200/20000000, FPS 9883.

average episode rewards is -112.89292907714844
eval average episode rewards of agent: -112.16117841578685
eval success rate: 1.0

 Scenario simple_spread Algo rmappo Exp reference_20260925T173510Z_880afb_ippo_w128_seed2 updates 4230/6250 episodes, total num timesteps 13539200/20000000, FPS 9881.

average episode rewards is -113.6495132446289

 Scenario simple_spread Algo rmappo Exp reference_20260925T173510Z_880afb_ippo_w128_seed2 updates 4235/6250 episodes, total num timesteps 13555200/20000000, FPS 9882.

average episode rewards is -112.39085388183594

 Scenario simple_spread Algo rmappo Exp reference_20260925T173510Z_880afb_ippo_w128_seed2 updates 4240/6250 episodes, total num timesteps 13571200/20000000, FPS 9882.

average episode rewards is -111.3448715209961

 Scenario simple_spread Algo rmappo Exp reference_20260925T173510Z_880afb_ippo_w128_seed2 updates 4245/6250 episodes, total num timesteps 13587200/20000000, FPS 9882.

average episode rewards is -114.41822052001953

 Scenario simple_spread Algo rmappo Exp reference_20260925T173510Z_880afb_ippo_w128_seed2 updates 4250/6250 episodes, total num timesteps 13603200/20000000, FPS 9882.

average episode rewards is -113.48035430908203
eval average episode rewards of agent: -117.3346439260711
eval success rate: 0.95

 Scenario simple_spread Algo rmappo Exp reference_20260925T173510Z_880afb_ippo_w128_seed2 updates 4255/6250 episodes, total num timesteps 13619200/20000000, FPS 9882.

average episode rewards is -112.9053726196289

 Scenario simple_spread Algo rmappo Exp reference_20260925T173510Z_880afb_ippo_w128_seed2 updates 4260/6250 episodes, total num timesteps 13635200/20000000, FPS 9882.

average episode rewards is -114.89656829833984

 Scenario simple_spread Algo rmappo Exp reference_20260925T173510Z_880afb_ippo_w128_seed2 updates 4265/6250 episodes, total num timesteps 13651200/20000000, FPS 9882.

average episode rewards is -112.95164489746094

 Scenario simple_spread Algo rmappo Exp reference_20260925T173510Z_880afb_ippo_w128_seed2 updates 4270/6250 episodes, total num timesteps 13667200/20000000, FPS 9882.

average episode rewards is -114.48904418945312

 Scenario simple_spread Algo rmappo Exp reference_20260925T173510Z_880afb_ippo_w128_seed2 updates 4275/6250 episodes, total num timesteps 13683200/20000000, FPS 9882.

average episode rewards is -114.30171966552734
eval average episode rewards of agent: -108.77250170910057
eval success rate: 0.85

 Scenario simple_spread Algo rmappo Exp reference_20260925T173510Z_880afb_ippo_w128_seed2 updates 4280/6250 episodes, total num timesteps 13699200/20000000, FPS 9882.

average episode rewards is -112.42438507080078

 Scenario simple_spread Algo rmappo Exp reference_20260925T173510Z_880afb_ippo_w128_seed2 updates 4285/6250 episodes, total num timesteps 13715200/20000000, FPS 9882.

average episode rewards is -112.70669555664062

 Scenario simple_spread Algo rmappo Exp reference_20260925T173510Z_880afb_ippo_w128_seed2 updates 4290/6250 episodes, total num timesteps 13731200/20000000, FPS 9881.

average episode rewards is -112.21729278564453

 Scenario simple_spread Algo rmappo Exp reference_20260925T173510Z_880afb_ippo_w128_seed2 updates 4295/6250 episodes, total num timesteps 13747200/20000000, FPS 9881.

average episode rewards is -112.81242370605469

 Scenario simple_spread Algo rmappo Exp reference_20260925T173510Z_880afb_ippo_w128_seed2 updates 4300/6250 episodes, total num timesteps 13763200/20000000, FPS 9881.

average episode rewards is -109.52680969238281
eval average episode rewards of agent: -118.80894178309624
eval success rate: 0.8

 Scenario simple_spread Algo rmappo Exp reference_20260925T173510Z_880afb_ippo_w128_seed2 updates 4305/6250 episodes, total num timesteps 13779200/20000000, FPS 9881.

average episode rewards is -112.9476318359375

 Scenario simple_spread Algo rmappo Exp reference_20260925T173510Z_880afb_ippo_w128_seed2 updates 4310/6250 episodes, total num timesteps 13795200/20000000, FPS 9881.

average episode rewards is -112.2090072631836

 Scenario simple_spread Algo rmappo Exp reference_20260925T173510Z_880afb_ippo_w128_seed2 updates 4315/6250 episodes, total num timesteps 13811200/20000000, FPS 9881.

average episode rewards is -115.15947723388672

 Scenario simple_spread Algo rmappo Exp reference_20260925T173510Z_880afb_ippo_w128_seed2 updates 4320/6250 episodes, total num timesteps 13827200/20000000, FPS 9882.

average episode rewards is -114.8296127319336

 Scenario simple_spread Algo rmappo Exp reference_20260925T173510Z_880afb_ippo_w128_seed2 updates 4325/6250 episodes, total num timesteps 13843200/20000000, FPS 9882.

average episode rewards is -109.44548034667969
eval average episode rewards of agent: -109.6371844925904
eval success rate: 0.95

 Scenario simple_spread Algo rmappo Exp reference_20260925T173510Z_880afb_ippo_w128_seed2 updates 4330/6250 episodes, total num timesteps 13859200/20000000, FPS 9882.

average episode rewards is -111.02040100097656

 Scenario simple_spread Algo rmappo Exp reference_20260925T173510Z_880afb_ippo_w128_seed2 updates 4335/6250 episodes, total num timesteps 13875200/20000000, FPS 9882.

average episode rewards is -114.92534637451172

 Scenario simple_spread Algo rmappo Exp reference_20260925T173510Z_880afb_ippo_w128_seed2 updates 4340/6250 episodes, total num timesteps 13891200/20000000, FPS 9882.

average episode rewards is -112.79785919189453

 Scenario simple_spread Algo rmappo Exp reference_20260925T173510Z_880afb_ippo_w128_seed2 updates 4345/6250 episodes, total num timesteps 13907200/20000000, FPS 9882.

average episode rewards is -113.9065170288086

 Scenario simple_spread Algo rmappo Exp reference_20260925T173510Z_880afb_ippo_w128_seed2 updates 4350/6250 episodes, total num timesteps 13923200/20000000, FPS 9881.

average episode rewards is -110.77767944335938
eval average episode rewards of agent: -112.52422906690869
eval success rate: 0.9

 Scenario simple_spread Algo rmappo Exp reference_20260925T173510Z_880afb_ippo_w128_seed2 updates 4355/6250 episodes, total num timesteps 13939200/20000000, FPS 9881.

average episode rewards is -112.0030288696289

 Scenario simple_spread Algo rmappo Exp reference_20260925T173510Z_880afb_ippo_w128_seed2 updates 4360/6250 episodes, total num timesteps 13955200/20000000, FPS 9881.

average episode rewards is -112.12605285644531

 Scenario simple_spread Algo rmappo Exp reference_20260925T173510Z_880afb_ippo_w128_seed2 updates 4365/6250 episodes, total num timesteps 13971200/20000000, FPS 9881.

average episode rewards is -111.7984619140625

 Scenario simple_spread Algo rmappo Exp reference_20260925T173510Z_880afb_ippo_w128_seed2 updates 4370/6250 episodes, total num timesteps 13987200/20000000, FPS 9881.

average episode rewards is -109.00283813476562

 Scenario simple_spread Algo rmappo Exp reference_20260925T173510Z_880afb_ippo_w128_seed2 updates 4375/6250 episodes, total num timesteps 14003200/20000000, FPS 9881.

average episode rewards is -112.4002456665039
eval average episode rewards of agent: -114.23011359651787
eval success rate: 0.9

 Scenario simple_spread Algo rmappo Exp reference_20260925T173510Z_880afb_ippo_w128_seed2 updates 4380/6250 episodes, total num timesteps 14019200/20000000, FPS 9881.

average episode rewards is -114.40719604492188

 Scenario simple_spread Algo rmappo Exp reference_20260925T173510Z_880afb_ippo_w128_seed2 updates 4385/6250 episodes, total num timesteps 14035200/20000000, FPS 9881.

average episode rewards is -113.72905731201172

 Scenario simple_spread Algo rmappo Exp reference_20260925T173510Z_880afb_ippo_w128_seed2 updates 4390/6250 episodes, total num timesteps 14051200/20000000, FPS 9881.

average episode rewards is -115.58403778076172

 Scenario simple_spread Algo rmappo Exp reference_20260925T173510Z_880afb_ippo_w128_seed2 updates 4395/6250 episodes, total num timesteps 14067200/20000000, FPS 9881.

average episode rewards is -113.51950073242188

 Scenario simple_spread Algo rmappo Exp reference_20260925T173510Z_880afb_ippo_w128_seed2 updates 4400/6250 episodes, total num timesteps 14083200/20000000, FPS 9882.

average episode rewards is -112.18782806396484
eval average episode rewards of agent: -112.64740837904837
eval success rate: 0.95

 Scenario simple_spread Algo rmappo Exp reference_20260925T173510Z_880afb_ippo_w128_seed2 updates 4405/6250 episodes, total num timesteps 14099200/20000000, FPS 9881.

average episode rewards is -114.9093246459961

 Scenario simple_spread Algo rmappo Exp reference_20260925T173510Z_880afb_ippo_w128_seed2 updates 4410/6250 episodes, total num timesteps 14115200/20000000, FPS 9881.

average episode rewards is -110.95161437988281

 Scenario simple_spread Algo rmappo Exp reference_20260925T173510Z_880afb_ippo_w128_seed2 updates 4415/6250 episodes, total num timesteps 14131200/20000000, FPS 9881.

average episode rewards is -114.15177917480469

 Scenario simple_spread Algo rmappo Exp reference_20260925T173510Z_880afb_ippo_w128_seed2 updates 4420/6250 episodes, total num timesteps 14147200/20000000, FPS 9881.

average episode rewards is -111.06405639648438

 Scenario simple_spread Algo rmappo Exp reference_20260925T173510Z_880afb_ippo_w128_seed2 updates 4425/6250 episodes, total num timesteps 14163200/20000000, FPS 9881.

average episode rewards is -112.41141510009766
eval average episode rewards of agent: -112.14232562696027
eval success rate: 0.95

 Scenario simple_spread Algo rmappo Exp reference_20260925T173510Z_880afb_ippo_w128_seed2 updates 4430/6250 episodes, total num timesteps 14179200/20000000, FPS 9881.

average episode rewards is -112.24276733398438

 Scenario simple_spread Algo rmappo Exp reference_20260925T173510Z_880afb_ippo_w128_seed2 updates 4435/6250 episodes, total num timesteps 14195200/20000000, FPS 9881.

average episode rewards is -111.81134033203125

 Scenario simple_spread Algo rmappo Exp reference_20260925T173510Z_880afb_ippo_w128_seed2 updates 4440/6250 episodes, total num timesteps 14211200/20000000, FPS 9881.

average episode rewards is -113.81095886230469

 Scenario simple_spread Algo rmappo Exp reference_20260925T173510Z_880afb_ippo_w128_seed2 updates 4445/6250 episodes, total num timesteps 14227200/20000000, FPS 9882.

average episode rewards is -112.34245300292969

 Scenario simple_spread Algo rmappo Exp reference_20260925T173510Z_880afb_ippo_w128_seed2 updates 4450/6250 episodes, total num timesteps 14243200/20000000, FPS 9882.

average episode rewards is -113.16358947753906
eval average episode rewards of agent: -118.23319027556911
eval success rate: 1.0

 Scenario simple_spread Algo rmappo Exp reference_20260925T173510Z_880afb_ippo_w128_seed2 updates 4455/6250 episodes, total num timesteps 14259200/20000000, FPS 9882.

average episode rewards is -112.56230163574219

 Scenario simple_spread Algo rmappo Exp reference_20260925T173510Z_880afb_ippo_w128_seed2 updates 4460/6250 episodes, total num timesteps 14275200/20000000, FPS 9881.

average episode rewards is -111.46405029296875

 Scenario simple_spread Algo rmappo Exp reference_20260925T173510Z_880afb_ippo_w128_seed2 updates 4465/6250 episodes, total num timesteps 14291200/20000000, FPS 9882.

average episode rewards is -112.12308502197266

 Scenario simple_spread Algo rmappo Exp reference_20260925T173510Z_880afb_ippo_w128_seed2 updates 4470/6250 episodes, total num timesteps 14307200/20000000, FPS 9881.

average episode rewards is -114.79412078857422

 Scenario simple_spread Algo rmappo Exp reference_20260925T173510Z_880afb_ippo_w128_seed2 updates 4475/6250 episodes, total num timesteps 14323200/20000000, FPS 9881.

average episode rewards is -113.57002258300781
eval average episode rewards of agent: -111.75431064775184
eval success rate: 0.95

 Scenario simple_spread Algo rmappo Exp reference_20260925T173510Z_880afb_ippo_w128_seed2 updates 4480/6250 episodes, total num timesteps 14339200/20000000, FPS 9881.

average episode rewards is -113.39399719238281

 Scenario simple_spread Algo rmappo Exp reference_20260925T173510Z_880afb_ippo_w128_seed2 updates 4485/6250 episodes, total num timesteps 14355200/20000000, FPS 9881.

average episode rewards is -113.63822174072266

 Scenario simple_spread Algo rmappo Exp reference_20260925T173510Z_880afb_ippo_w128_seed2 updates 4490/6250 episodes, total num timesteps 14371200/20000000, FPS 9881.

average episode rewards is -117.0480728149414

 Scenario simple_spread Algo rmappo Exp reference_20260925T173510Z_880afb_ippo_w128_seed2 updates 4495/6250 episodes, total num timesteps 14387200/20000000, FPS 9881.

average episode rewards is -112.3672866821289

 Scenario simple_spread Algo rmappo Exp reference_20260925T173510Z_880afb_ippo_w128_seed2 updates 4500/6250 episodes, total num timesteps 14403200/20000000, FPS 9881.

average episode rewards is -114.48504638671875
eval average episode rewards of agent: -113.92185860607421
eval success rate: 0.85

 Scenario simple_spread Algo rmappo Exp reference_20260925T173510Z_880afb_ippo_w128_seed2 updates 4505/6250 episodes, total num timesteps 14419200/20000000, FPS 9881.

average episode rewards is -112.53471374511719

 Scenario simple_spread Algo rmappo Exp reference_20260925T173510Z_880afb_ippo_w128_seed2 updates 4510/6250 episodes, total num timesteps 14435200/20000000, FPS 9881.

average episode rewards is -112.97802734375

 Scenario simple_spread Algo rmappo Exp reference_20260925T173510Z_880afb_ippo_w128_seed2 updates 4515/6250 episodes, total num timesteps 14451200/20000000, FPS 9881.

average episode rewards is -110.26676940917969

 Scenario simple_spread Algo rmappo Exp reference_20260925T173510Z_880afb_ippo_w128_seed2 updates 4520/6250 episodes, total num timesteps 14467200/20000000, FPS 9882.

average episode rewards is -111.97238159179688

 Scenario simple_spread Algo rmappo Exp reference_20260925T173510Z_880afb_ippo_w128_seed2 updates 4525/6250 episodes, total num timesteps 14483200/20000000, FPS 9881.

average episode rewards is -111.20135498046875
eval average episode rewards of agent: -115.23903610956565
eval success rate: 0.95

 Scenario simple_spread Algo rmappo Exp reference_20260925T173510Z_880afb_ippo_w128_seed2 updates 4530/6250 episodes, total num timesteps 14499200/20000000, FPS 9880.

average episode rewards is -111.02983093261719

 Scenario simple_spread Algo rmappo Exp reference_20260925T173510Z_880afb_ippo_w128_seed2 updates 4535/6250 episodes, total num timesteps 14515200/20000000, FPS 9881.

average episode rewards is -114.52642822265625

 Scenario simple_spread Algo rmappo Exp reference_20260925T173510Z_880afb_ippo_w128_seed2 updates 4540/6250 episodes, total num timesteps 14531200/20000000, FPS 9881.

average episode rewards is -110.74153137207031

 Scenario simple_spread Algo rmappo Exp reference_20260925T173510Z_880afb_ippo_w128_seed2 updates 4545/6250 episodes, total num timesteps 14547200/20000000, FPS 9881.

average episode rewards is -115.47740936279297

 Scenario simple_spread Algo rmappo Exp reference_20260925T173510Z_880afb_ippo_w128_seed2 updates 4550/6250 episodes, total num timesteps 14563200/20000000, FPS 9881.

average episode rewards is -112.89414978027344
eval average episode rewards of agent: -109.96529202760476
eval success rate: 0.9

 Scenario simple_spread Algo rmappo Exp reference_20260925T173510Z_880afb_ippo_w128_seed2 updates 4555/6250 episodes, total num timesteps 14579200/20000000, FPS 9880.

average episode rewards is -113.15312194824219

 Scenario simple_spread Algo rmappo Exp reference_20260925T173510Z_880afb_ippo_w128_seed2 updates 4560/6250 episodes, total num timesteps 14595200/20000000, FPS 9881.

average episode rewards is -111.92342376708984

 Scenario simple_spread Algo rmappo Exp reference_20260925T173510Z_880afb_ippo_w128_seed2 updates 4565/6250 episodes, total num timesteps 14611200/20000000, FPS 9881.

average episode rewards is -112.43802642822266

 Scenario simple_spread Algo rmappo Exp reference_20260925T173510Z_880afb_ippo_w128_seed2 updates 4570/6250 episodes, total num timesteps 14627200/20000000, FPS 9881.

average episode rewards is -112.17778015136719

 Scenario simple_spread Algo rmappo Exp reference_20260925T173510Z_880afb_ippo_w128_seed2 updates 4575/6250 episodes, total num timesteps 14643200/20000000, FPS 9881.

average episode rewards is -112.43265533447266
eval average episode rewards of agent: -107.44043401045496
eval success rate: 0.9

 Scenario simple_spread Algo rmappo Exp reference_20260925T173510Z_880afb_ippo_w128_seed2 updates 4580/6250 episodes, total num timesteps 14659200/20000000, FPS 9881.

average episode rewards is -113.21701049804688

 Scenario simple_spread Algo rmappo Exp reference_20260925T173510Z_880afb_ippo_w128_seed2 updates 4585/6250 episodes, total num timesteps 14675200/20000000, FPS 9881.

average episode rewards is -111.99568176269531

 Scenario simple_spread Algo rmappo Exp reference_20260925T173510Z_880afb_ippo_w128_seed2 updates 4590/6250 episodes, total num timesteps 14691200/20000000, FPS 9881.

average episode rewards is -113.23551177978516

 Scenario simple_spread Algo rmappo Exp reference_20260925T173510Z_880afb_ippo_w128_seed2 updates 4595/6250 episodes, total num timesteps 14707200/20000000, FPS 9881.

average episode rewards is -113.18509674072266

 Scenario simple_spread Algo rmappo Exp reference_20260925T173510Z_880afb_ippo_w128_seed2 updates 4600/6250 episodes, total num timesteps 14723200/20000000, FPS 9881.

average episode rewards is -114.40385437011719
eval average episode rewards of agent: -106.74039968358781
eval success rate: 0.95

 Scenario simple_spread Algo rmappo Exp reference_20260925T173510Z_880afb_ippo_w128_seed2 updates 4605/6250 episodes, total num timesteps 14739200/20000000, FPS 9881.

average episode rewards is -111.3369140625

 Scenario simple_spread Algo rmappo Exp reference_20260925T173510Z_880afb_ippo_w128_seed2 updates 4610/6250 episodes, total num timesteps 14755200/20000000, FPS 9881.

average episode rewards is -113.7165756225586

 Scenario simple_spread Algo rmappo Exp reference_20260925T173510Z_880afb_ippo_w128_seed2 updates 4615/6250 episodes, total num timesteps 14771200/20000000, FPS 9881.

average episode rewards is -111.66748046875

 Scenario simple_spread Algo rmappo Exp reference_20260925T173510Z_880afb_ippo_w128_seed2 updates 4620/6250 episodes, total num timesteps 14787200/20000000, FPS 9881.

average episode rewards is -110.5855484008789

 Scenario simple_spread Algo rmappo Exp reference_20260925T173510Z_880afb_ippo_w128_seed2 updates 4625/6250 episodes, total num timesteps 14803200/20000000, FPS 9881.

average episode rewards is -114.78253936767578
eval average episode rewards of agent: -107.96056153043543
eval success rate: 1.0

 Scenario simple_spread Algo rmappo Exp reference_20260925T173510Z_880afb_ippo_w128_seed2 updates 4630/6250 episodes, total num timesteps 14819200/20000000, FPS 9881.

average episode rewards is -112.13423919677734

 Scenario simple_spread Algo rmappo Exp reference_20260925T173510Z_880afb_ippo_w128_seed2 updates 4635/6250 episodes, total num timesteps 14835200/20000000, FPS 9881.

average episode rewards is -112.48978424072266

 Scenario simple_spread Algo rmappo Exp reference_20260925T173510Z_880afb_ippo_w128_seed2 updates 4640/6250 episodes, total num timesteps 14851200/20000000, FPS 9881.

average episode rewards is -111.96979522705078

 Scenario simple_spread Algo rmappo Exp reference_20260925T173510Z_880afb_ippo_w128_seed2 updates 4645/6250 episodes, total num timesteps 14867200/20000000, FPS 9881.

average episode rewards is -112.55357360839844

 Scenario simple_spread Algo rmappo Exp reference_20260925T173510Z_880afb_ippo_w128_seed2 updates 4650/6250 episodes, total num timesteps 14883200/20000000, FPS 9881.

average episode rewards is -113.87464904785156
eval average episode rewards of agent: -108.78836512186692
eval success rate: 1.0

 Scenario simple_spread Algo rmappo Exp reference_20260925T173510Z_880afb_ippo_w128_seed2 updates 4655/6250 episodes, total num timesteps 14899200/20000000, FPS 9880.

average episode rewards is -114.05391693115234

 Scenario simple_spread Algo rmappo Exp reference_20260925T173510Z_880afb_ippo_w128_seed2 updates 4660/6250 episodes, total num timesteps 14915200/20000000, FPS 9881.

average episode rewards is -109.85275268554688

 Scenario simple_spread Algo rmappo Exp reference_20260925T173510Z_880afb_ippo_w128_seed2 updates 4665/6250 episodes, total num timesteps 14931200/20000000, FPS 9881.

average episode rewards is -113.50093841552734

 Scenario simple_spread Algo rmappo Exp reference_20260925T173510Z_880afb_ippo_w128_seed2 updates 4670/6250 episodes, total num timesteps 14947200/20000000, FPS 9881.

average episode rewards is -113.2197494506836

 Scenario simple_spread Algo rmappo Exp reference_20260925T173510Z_880afb_ippo_w128_seed2 updates 4675/6250 episodes, total num timesteps 14963200/20000000, FPS 9881.

average episode rewards is -113.98248291015625
eval average episode rewards of agent: -107.70964620284539
eval success rate: 0.95

 Scenario simple_spread Algo rmappo Exp reference_20260925T173510Z_880afb_ippo_w128_seed2 updates 4680/6250 episodes, total num timesteps 14979200/20000000, FPS 9881.

average episode rewards is -111.69242858886719

 Scenario simple_spread Algo rmappo Exp reference_20260925T173510Z_880afb_ippo_w128_seed2 updates 4685/6250 episodes, total num timesteps 14995200/20000000, FPS 9881.

average episode rewards is -111.03116607666016

 Scenario simple_spread Algo rmappo Exp reference_20260925T173510Z_880afb_ippo_w128_seed2 updates 4690/6250 episodes, total num timesteps 15011200/20000000, FPS 9881.

average episode rewards is -114.180419921875

 Scenario simple_spread Algo rmappo Exp reference_20260925T173510Z_880afb_ippo_w128_seed2 updates 4695/6250 episodes, total num timesteps 15027200/20000000, FPS 9881.

average episode rewards is -111.93275451660156

 Scenario simple_spread Algo rmappo Exp reference_20260925T173510Z_880afb_ippo_w128_seed2 updates 4700/6250 episodes, total num timesteps 15043200/20000000, FPS 9881.

average episode rewards is -111.4106674194336
eval average episode rewards of agent: -110.72832369680769
eval success rate: 0.9

 Scenario simple_spread Algo rmappo Exp reference_20260925T173510Z_880afb_ippo_w128_seed2 updates 4705/6250 episodes, total num timesteps 15059200/20000000, FPS 9881.

average episode rewards is -113.21437072753906

 Scenario simple_spread Algo rmappo Exp reference_20260925T173510Z_880afb_ippo_w128_seed2 updates 4710/6250 episodes, total num timesteps 15075200/20000000, FPS 9880.

average episode rewards is -112.01168060302734

 Scenario simple_spread Algo rmappo Exp reference_20260925T173510Z_880afb_ippo_w128_seed2 updates 4715/6250 episodes, total num timesteps 15091200/20000000, FPS 9881.

average episode rewards is -112.6847152709961

 Scenario simple_spread Algo rmappo Exp reference_20260925T173510Z_880afb_ippo_w128_seed2 updates 4720/6250 episodes, total num timesteps 15107200/20000000, FPS 9881.

average episode rewards is -112.67276763916016

 Scenario simple_spread Algo rmappo Exp reference_20260925T173510Z_880afb_ippo_w128_seed2 updates 4725/6250 episodes, total num timesteps 15123200/20000000, FPS 9880.

average episode rewards is -114.62586975097656
eval average episode rewards of agent: -114.91551471483027
eval success rate: 0.9

 Scenario simple_spread Algo rmappo Exp reference_20260925T173510Z_880afb_ippo_w128_seed2 updates 4730/6250 episodes, total num timesteps 15139200/20000000, FPS 9880.

average episode rewards is -111.76181030273438

 Scenario simple_spread Algo rmappo Exp reference_20260925T173510Z_880afb_ippo_w128_seed2 updates 4735/6250 episodes, total num timesteps 15155200/20000000, FPS 9881.

average episode rewards is -111.36299133300781

 Scenario simple_spread Algo rmappo Exp reference_20260925T173510Z_880afb_ippo_w128_seed2 updates 4740/6250 episodes, total num timesteps 15171200/20000000, FPS 9881.

average episode rewards is -111.19817352294922

 Scenario simple_spread Algo rmappo Exp reference_20260925T173510Z_880afb_ippo_w128_seed2 updates 4745/6250 episodes, total num timesteps 15187200/20000000, FPS 9880.

average episode rewards is -110.70101165771484

 Scenario simple_spread Algo rmappo Exp reference_20260925T173510Z_880afb_ippo_w128_seed2 updates 4750/6250 episodes, total num timesteps 15203200/20000000, FPS 9881.

average episode rewards is -112.15095520019531
eval average episode rewards of agent: -112.86719626032712
eval success rate: 0.9

 Scenario simple_spread Algo rmappo Exp reference_20260925T173510Z_880afb_ippo_w128_seed2 updates 4755/6250 episodes, total num timesteps 15219200/20000000, FPS 9881.

average episode rewards is -112.49400329589844

 Scenario simple_spread Algo rmappo Exp reference_20260925T173510Z_880afb_ippo_w128_seed2 updates 4760/6250 episodes, total num timesteps 15235200/20000000, FPS 9881.

average episode rewards is -115.0213851928711

 Scenario simple_spread Algo rmappo Exp reference_20260925T173510Z_880afb_ippo_w128_seed2 updates 4765/6250 episodes, total num timesteps 15251200/20000000, FPS 9881.

average episode rewards is -113.44464111328125

 Scenario simple_spread Algo rmappo Exp reference_20260925T173510Z_880afb_ippo_w128_seed2 updates 4770/6250 episodes, total num timesteps 15267200/20000000, FPS 9880.

average episode rewards is -113.56477355957031

 Scenario simple_spread Algo rmappo Exp reference_20260925T173510Z_880afb_ippo_w128_seed2 updates 4775/6250 episodes, total num timesteps 15283200/20000000, FPS 9880.

average episode rewards is -113.06288146972656
eval average episode rewards of agent: -108.88371620362793
eval success rate: 1.0

 Scenario simple_spread Algo rmappo Exp reference_20260925T173510Z_880afb_ippo_w128_seed2 updates 4780/6250 episodes, total num timesteps 15299200/20000000, FPS 9880.

average episode rewards is -111.56847381591797

 Scenario simple_spread Algo rmappo Exp reference_20260925T173510Z_880afb_ippo_w128_seed2 updates 4785/6250 episodes, total num timesteps 15315200/20000000, FPS 9880.

average episode rewards is -111.7594985961914

 Scenario simple_spread Algo rmappo Exp reference_20260925T173510Z_880afb_ippo_w128_seed2 updates 4790/6250 episodes, total num timesteps 15331200/20000000, FPS 9880.

average episode rewards is -115.16331481933594

 Scenario simple_spread Algo rmappo Exp reference_20260925T173510Z_880afb_ippo_w128_seed2 updates 4795/6250 episodes, total num timesteps 15347200/20000000, FPS 9880.

average episode rewards is -109.700439453125

 Scenario simple_spread Algo rmappo Exp reference_20260925T173510Z_880afb_ippo_w128_seed2 updates 4800/6250 episodes, total num timesteps 15363200/20000000, FPS 9880.

average episode rewards is -113.5252685546875
eval average episode rewards of agent: -116.40718216395565
eval success rate: 0.95

 Scenario simple_spread Algo rmappo Exp reference_20260925T173510Z_880afb_ippo_w128_seed2 updates 4805/6250 episodes, total num timesteps 15379200/20000000, FPS 9880.

average episode rewards is -110.4172134399414

 Scenario simple_spread Algo rmappo Exp reference_20260925T173510Z_880afb_ippo_w128_seed2 updates 4810/6250 episodes, total num timesteps 15395200/20000000, FPS 9880.

average episode rewards is -113.09276580810547

 Scenario simple_spread Algo rmappo Exp reference_20260925T173510Z_880afb_ippo_w128_seed2 updates 4815/6250 episodes, total num timesteps 15411200/20000000, FPS 9880.

average episode rewards is -112.76889038085938

 Scenario simple_spread Algo rmappo Exp reference_20260925T173510Z_880afb_ippo_w128_seed2 updates 4820/6250 episodes, total num timesteps 15427200/20000000, FPS 9880.

average episode rewards is -112.66758728027344

 Scenario simple_spread Algo rmappo Exp reference_20260925T173510Z_880afb_ippo_w128_seed2 updates 4825/6250 episodes, total num timesteps 15443200/20000000, FPS 9880.

average episode rewards is -111.48545837402344
eval average episode rewards of agent: -106.90485127616658
eval success rate: 1.0

 Scenario simple_spread Algo rmappo Exp reference_20260925T173510Z_880afb_ippo_w128_seed2 updates 4830/6250 episodes, total num timesteps 15459200/20000000, FPS 9879.

average episode rewards is -111.06121826171875

 Scenario simple_spread Algo rmappo Exp reference_20260925T173510Z_880afb_ippo_w128_seed2 updates 4835/6250 episodes, total num timesteps 15475200/20000000, FPS 9879.

average episode rewards is -112.49311828613281

 Scenario simple_spread Algo rmappo Exp reference_20260925T173510Z_880afb_ippo_w128_seed2 updates 4840/6250 episodes, total num timesteps 15491200/20000000, FPS 9879.

average episode rewards is -114.86286163330078

 Scenario simple_spread Algo rmappo Exp reference_20260925T173510Z_880afb_ippo_w128_seed2 updates 4845/6250 episodes, total num timesteps 15507200/20000000, FPS 9879.

average episode rewards is -112.17938995361328

 Scenario simple_spread Algo rmappo Exp reference_20260925T173510Z_880afb_ippo_w128_seed2 updates 4850/6250 episodes, total num timesteps 15523200/20000000, FPS 9880.

average episode rewards is -111.85008239746094
eval average episode rewards of agent: -111.93938220912614
eval success rate: 0.9

 Scenario simple_spread Algo rmappo Exp reference_20260925T173510Z_880afb_ippo_w128_seed2 updates 4855/6250 episodes, total num timesteps 15539200/20000000, FPS 9879.

average episode rewards is -113.68624114990234

 Scenario simple_spread Algo rmappo Exp reference_20260925T173510Z_880afb_ippo_w128_seed2 updates 4860/6250 episodes, total num timesteps 15555200/20000000, FPS 9879.

average episode rewards is -112.9668960571289

 Scenario simple_spread Algo rmappo Exp reference_20260925T173510Z_880afb_ippo_w128_seed2 updates 4865/6250 episodes, total num timesteps 15571200/20000000, FPS 9880.

average episode rewards is -112.89300537109375

 Scenario simple_spread Algo rmappo Exp reference_20260925T173510Z_880afb_ippo_w128_seed2 updates 4870/6250 episodes, total num timesteps 15587200/20000000, FPS 9880.

average episode rewards is -113.17532348632812

 Scenario simple_spread Algo rmappo Exp reference_20260925T173510Z_880afb_ippo_w128_seed2 updates 4875/6250 episodes, total num timesteps 15603200/20000000, FPS 9880.

average episode rewards is -111.52507019042969
eval average episode rewards of agent: -112.70462753334027
eval success rate: 0.9

 Scenario simple_spread Algo rmappo Exp reference_20260925T173510Z_880afb_ippo_w128_seed2 updates 4880/6250 episodes, total num timesteps 15619200/20000000, FPS 9879.

average episode rewards is -113.44314575195312

 Scenario simple_spread Algo rmappo Exp reference_20260925T173510Z_880afb_ippo_w128_seed2 updates 4885/6250 episodes, total num timesteps 15635200/20000000, FPS 9880.

average episode rewards is -112.24149322509766

 Scenario simple_spread Algo rmappo Exp reference_20260925T173510Z_880afb_ippo_w128_seed2 updates 4890/6250 episodes, total num timesteps 15651200/20000000, FPS 9879.

average episode rewards is -113.15187072753906

 Scenario simple_spread Algo rmappo Exp reference_20260925T173510Z_880afb_ippo_w128_seed2 updates 4895/6250 episodes, total num timesteps 15667200/20000000, FPS 9879.

average episode rewards is -112.82600402832031

 Scenario simple_spread Algo rmappo Exp reference_20260925T173510Z_880afb_ippo_w128_seed2 updates 4900/6250 episodes, total num timesteps 15683200/20000000, FPS 9879.

average episode rewards is -112.01517486572266
eval average episode rewards of agent: -111.95745621285813
eval success rate: 1.0

 Scenario simple_spread Algo rmappo Exp reference_20260925T173510Z_880afb_ippo_w128_seed2 updates 4905/6250 episodes, total num timesteps 15699200/20000000, FPS 9879.

average episode rewards is -112.23595428466797

 Scenario simple_spread Algo rmappo Exp reference_20260925T173510Z_880afb_ippo_w128_seed2 updates 4910/6250 episodes, total num timesteps 15715200/20000000, FPS 9879.

average episode rewards is -110.29063415527344

 Scenario simple_spread Algo rmappo Exp reference_20260925T173510Z_880afb_ippo_w128_seed2 updates 4915/6250 episodes, total num timesteps 15731200/20000000, FPS 9880.

average episode rewards is -112.41739654541016

 Scenario simple_spread Algo rmappo Exp reference_20260925T173510Z_880afb_ippo_w128_seed2 updates 4920/6250 episodes, total num timesteps 15747200/20000000, FPS 9880.

average episode rewards is -114.27120971679688

 Scenario simple_spread Algo rmappo Exp reference_20260925T173510Z_880afb_ippo_w128_seed2 updates 4925/6250 episodes, total num timesteps 15763200/20000000, FPS 9880.

average episode rewards is -111.68144989013672
eval average episode rewards of agent: -109.69311065727445
eval success rate: 1.0

 Scenario simple_spread Algo rmappo Exp reference_20260925T173510Z_880afb_ippo_w128_seed2 updates 4930/6250 episodes, total num timesteps 15779200/20000000, FPS 9880.

average episode rewards is -113.37782287597656

 Scenario simple_spread Algo rmappo Exp reference_20260925T173510Z_880afb_ippo_w128_seed2 updates 4935/6250 episodes, total num timesteps 15795200/20000000, FPS 9880.

average episode rewards is -115.20503997802734

 Scenario simple_spread Algo rmappo Exp reference_20260925T173510Z_880afb_ippo_w128_seed2 updates 4940/6250 episodes, total num timesteps 15811200/20000000, FPS 9880.

average episode rewards is -113.13352966308594

 Scenario simple_spread Algo rmappo Exp reference_20260925T173510Z_880afb_ippo_w128_seed2 updates 4945/6250 episodes, total num timesteps 15827200/20000000, FPS 9881.

average episode rewards is -114.69397735595703

 Scenario simple_spread Algo rmappo Exp reference_20260925T173510Z_880afb_ippo_w128_seed2 updates 4950/6250 episodes, total num timesteps 15843200/20000000, FPS 9880.

average episode rewards is -115.36048889160156
eval average episode rewards of agent: -119.67178723840499
eval success rate: 0.9

 Scenario simple_spread Algo rmappo Exp reference_20260925T173510Z_880afb_ippo_w128_seed2 updates 4955/6250 episodes, total num timesteps 15859200/20000000, FPS 9880.

average episode rewards is -113.90864562988281

 Scenario simple_spread Algo rmappo Exp reference_20260925T173510Z_880afb_ippo_w128_seed2 updates 4960/6250 episodes, total num timesteps 15875200/20000000, FPS 9880.

average episode rewards is -114.05259704589844

 Scenario simple_spread Algo rmappo Exp reference_20260925T173510Z_880afb_ippo_w128_seed2 updates 4965/6250 episodes, total num timesteps 15891200/20000000, FPS 9880.

average episode rewards is -111.30819702148438

 Scenario simple_spread Algo rmappo Exp reference_20260925T173510Z_880afb_ippo_w128_seed2 updates 4970/6250 episodes, total num timesteps 15907200/20000000, FPS 9880.

average episode rewards is -111.4747543334961

 Scenario simple_spread Algo rmappo Exp reference_20260925T173510Z_880afb_ippo_w128_seed2 updates 4975/6250 episodes, total num timesteps 15923200/20000000, FPS 9880.

average episode rewards is -111.33488464355469
eval average episode rewards of agent: -111.34732003177727
eval success rate: 0.9

 Scenario simple_spread Algo rmappo Exp reference_20260925T173510Z_880afb_ippo_w128_seed2 updates 4980/6250 episodes, total num timesteps 15939200/20000000, FPS 9880.

average episode rewards is -112.2660903930664

 Scenario simple_spread Algo rmappo Exp reference_20260925T173510Z_880afb_ippo_w128_seed2 updates 4985/6250 episodes, total num timesteps 15955200/20000000, FPS 9880.

average episode rewards is -111.0057144165039

 Scenario simple_spread Algo rmappo Exp reference_20260925T173510Z_880afb_ippo_w128_seed2 updates 4990/6250 episodes, total num timesteps 15971200/20000000, FPS 9881.

average episode rewards is -112.77164459228516

 Scenario simple_spread Algo rmappo Exp reference_20260925T173510Z_880afb_ippo_w128_seed2 updates 4995/6250 episodes, total num timesteps 15987200/20000000, FPS 9881.

average episode rewards is -114.753662109375

 Scenario simple_spread Algo rmappo Exp reference_20260925T173510Z_880afb_ippo_w128_seed2 updates 5000/6250 episodes, total num timesteps 16003200/20000000, FPS 9881.

average episode rewards is -112.60893249511719
eval average episode rewards of agent: -109.07325282026663
eval success rate: 0.9

 Scenario simple_spread Algo rmappo Exp reference_20260925T173510Z_880afb_ippo_w128_seed2 updates 5005/6250 episodes, total num timesteps 16019200/20000000, FPS 9881.

average episode rewards is -111.74346160888672

 Scenario simple_spread Algo rmappo Exp reference_20260925T173510Z_880afb_ippo_w128_seed2 updates 5010/6250 episodes, total num timesteps 16035200/20000000, FPS 9880.

average episode rewards is -110.77127075195312

 Scenario simple_spread Algo rmappo Exp reference_20260925T173510Z_880afb_ippo_w128_seed2 updates 5015/6250 episodes, total num timesteps 16051200/20000000, FPS 9881.

average episode rewards is -113.10831451416016

 Scenario simple_spread Algo rmappo Exp reference_20260925T173510Z_880afb_ippo_w128_seed2 updates 5020/6250 episodes, total num timesteps 16067200/20000000, FPS 9881.

average episode rewards is -112.322021484375

 Scenario simple_spread Algo rmappo Exp reference_20260925T173510Z_880afb_ippo_w128_seed2 updates 5025/6250 episodes, total num timesteps 16083200/20000000, FPS 9881.

average episode rewards is -114.03240203857422
eval average episode rewards of agent: -109.63663918374503
eval success rate: 0.85

 Scenario simple_spread Algo rmappo Exp reference_20260925T173510Z_880afb_ippo_w128_seed2 updates 5030/6250 episodes, total num timesteps 16099200/20000000, FPS 9881.

average episode rewards is -112.84955596923828

 Scenario simple_spread Algo rmappo Exp reference_20260925T173510Z_880afb_ippo_w128_seed2 updates 5035/6250 episodes, total num timesteps 16115200/20000000, FPS 9881.

average episode rewards is -112.67528533935547

 Scenario simple_spread Algo rmappo Exp reference_20260925T173510Z_880afb_ippo_w128_seed2 updates 5040/6250 episodes, total num timesteps 16131200/20000000, FPS 9881.

average episode rewards is -111.46263122558594

 Scenario simple_spread Algo rmappo Exp reference_20260925T173510Z_880afb_ippo_w128_seed2 updates 5045/6250 episodes, total num timesteps 16147200/20000000, FPS 9881.

average episode rewards is -113.45752716064453

 Scenario simple_spread Algo rmappo Exp reference_20260925T173510Z_880afb_ippo_w128_seed2 updates 5050/6250 episodes, total num timesteps 16163200/20000000, FPS 9882.

average episode rewards is -110.5982894897461
eval average episode rewards of agent: -117.64134750876543
eval success rate: 0.95

 Scenario simple_spread Algo rmappo Exp reference_20260925T173510Z_880afb_ippo_w128_seed2 updates 5055/6250 episodes, total num timesteps 16179200/20000000, FPS 9882.

average episode rewards is -112.75444030761719

 Scenario simple_spread Algo rmappo Exp reference_20260925T173510Z_880afb_ippo_w128_seed2 updates 5060/6250 episodes, total num timesteps 16195200/20000000, FPS 9882.

average episode rewards is -113.47728729248047

 Scenario simple_spread Algo rmappo Exp reference_20260925T173510Z_880afb_ippo_w128_seed2 updates 5065/6250 episodes, total num timesteps 16211200/20000000, FPS 9882.

average episode rewards is -111.24788665771484

 Scenario simple_spread Algo rmappo Exp reference_20260925T173510Z_880afb_ippo_w128_seed2 updates 5070/6250 episodes, total num timesteps 16227200/20000000, FPS 9882.

average episode rewards is -113.43148803710938

 Scenario simple_spread Algo rmappo Exp reference_20260925T173510Z_880afb_ippo_w128_seed2 updates 5075/6250 episodes, total num timesteps 16243200/20000000, FPS 9882.

average episode rewards is -111.8172378540039
eval average episode rewards of agent: -115.95940558246161
eval success rate: 0.8

 Scenario simple_spread Algo rmappo Exp reference_20260925T173510Z_880afb_ippo_w128_seed2 updates 5080/6250 episodes, total num timesteps 16259200/20000000, FPS 9881.

average episode rewards is -114.59098815917969

 Scenario simple_spread Algo rmappo Exp reference_20260925T173510Z_880afb_ippo_w128_seed2 updates 5085/6250 episodes, total num timesteps 16275200/20000000, FPS 9881.

average episode rewards is -113.87303924560547

 Scenario simple_spread Algo rmappo Exp reference_20260925T173510Z_880afb_ippo_w128_seed2 updates 5090/6250 episodes, total num timesteps 16291200/20000000, FPS 9882.

average episode rewards is -110.13514709472656

 Scenario simple_spread Algo rmappo Exp reference_20260925T173510Z_880afb_ippo_w128_seed2 updates 5095/6250 episodes, total num timesteps 16307200/20000000, FPS 9882.

average episode rewards is -111.40335845947266

 Scenario simple_spread Algo rmappo Exp reference_20260925T173510Z_880afb_ippo_w128_seed2 updates 5100/6250 episodes, total num timesteps 16323200/20000000, FPS 9882.

average episode rewards is -114.00591278076172
eval average episode rewards of agent: -114.98034125843773
eval success rate: 0.9

 Scenario simple_spread Algo rmappo Exp reference_20260925T173510Z_880afb_ippo_w128_seed2 updates 5105/6250 episodes, total num timesteps 16339200/20000000, FPS 9882.

average episode rewards is -114.93103790283203

 Scenario simple_spread Algo rmappo Exp reference_20260925T173510Z_880afb_ippo_w128_seed2 updates 5110/6250 episodes, total num timesteps 16355200/20000000, FPS 9882.

average episode rewards is -113.68453216552734

 Scenario simple_spread Algo rmappo Exp reference_20260925T173510Z_880afb_ippo_w128_seed2 updates 5115/6250 episodes, total num timesteps 16371200/20000000, FPS 9882.

average episode rewards is -111.9283676147461

 Scenario simple_spread Algo rmappo Exp reference_20260925T173510Z_880afb_ippo_w128_seed2 updates 5120/6250 episodes, total num timesteps 16387200/20000000, FPS 9882.

average episode rewards is -112.70234680175781

 Scenario simple_spread Algo rmappo Exp reference_20260925T173510Z_880afb_ippo_w128_seed2 updates 5125/6250 episodes, total num timesteps 16403200/20000000, FPS 9883.

average episode rewards is -114.20989990234375
eval average episode rewards of agent: -114.06300468901176
eval success rate: 0.95

 Scenario simple_spread Algo rmappo Exp reference_20260925T173510Z_880afb_ippo_w128_seed2 updates 5130/6250 episodes, total num timesteps 16419200/20000000, FPS 9883.

average episode rewards is -111.57796478271484

 Scenario simple_spread Algo rmappo Exp reference_20260925T173510Z_880afb_ippo_w128_seed2 updates 5135/6250 episodes, total num timesteps 16435200/20000000, FPS 9882.

average episode rewards is -110.73758697509766

 Scenario simple_spread Algo rmappo Exp reference_20260925T173510Z_880afb_ippo_w128_seed2 updates 5140/6250 episodes, total num timesteps 16451200/20000000, FPS 9882.

average episode rewards is -111.68096923828125

 Scenario simple_spread Algo rmappo Exp reference_20260925T173510Z_880afb_ippo_w128_seed2 updates 5145/6250 episodes, total num timesteps 16467200/20000000, FPS 9882.

average episode rewards is -113.64725494384766

 Scenario simple_spread Algo rmappo Exp reference_20260925T173510Z_880afb_ippo_w128_seed2 updates 5150/6250 episodes, total num timesteps 16483200/20000000, FPS 9883.

average episode rewards is -113.97923278808594
eval average episode rewards of agent: -115.72760595429376
eval success rate: 0.95

 Scenario simple_spread Algo rmappo Exp reference_20260925T173510Z_880afb_ippo_w128_seed2 updates 5155/6250 episodes, total num timesteps 16499200/20000000, FPS 9883.

average episode rewards is -112.70317840576172

 Scenario simple_spread Algo rmappo Exp reference_20260925T173510Z_880afb_ippo_w128_seed2 updates 5160/6250 episodes, total num timesteps 16515200/20000000, FPS 9883.

average episode rewards is -111.70641326904297

 Scenario simple_spread Algo rmappo Exp reference_20260925T173510Z_880afb_ippo_w128_seed2 updates 5165/6250 episodes, total num timesteps 16531200/20000000, FPS 9883.

average episode rewards is -113.53621673583984

 Scenario simple_spread Algo rmappo Exp reference_20260925T173510Z_880afb_ippo_w128_seed2 updates 5170/6250 episodes, total num timesteps 16547200/20000000, FPS 9883.

average episode rewards is -111.4336166381836

 Scenario simple_spread Algo rmappo Exp reference_20260925T173510Z_880afb_ippo_w128_seed2 updates 5175/6250 episodes, total num timesteps 16563200/20000000, FPS 9883.

average episode rewards is -113.47944641113281
eval average episode rewards of agent: -111.25593893996796
eval success rate: 1.0

 Scenario simple_spread Algo rmappo Exp reference_20260925T173510Z_880afb_ippo_w128_seed2 updates 5180/6250 episodes, total num timesteps 16579200/20000000, FPS 9883.

average episode rewards is -112.55931854248047

 Scenario simple_spread Algo rmappo Exp reference_20260925T173510Z_880afb_ippo_w128_seed2 updates 5185/6250 episodes, total num timesteps 16595200/20000000, FPS 9883.

average episode rewards is -112.48641204833984

 Scenario simple_spread Algo rmappo Exp reference_20260925T173510Z_880afb_ippo_w128_seed2 updates 5190/6250 episodes, total num timesteps 16611200/20000000, FPS 9883.

average episode rewards is -110.71331787109375

 Scenario simple_spread Algo rmappo Exp reference_20260925T173510Z_880afb_ippo_w128_seed2 updates 5195/6250 episodes, total num timesteps 16627200/20000000, FPS 9882.

average episode rewards is -110.31964111328125

 Scenario simple_spread Algo rmappo Exp reference_20260925T173510Z_880afb_ippo_w128_seed2 updates 5200/6250 episodes, total num timesteps 16643200/20000000, FPS 9883.

average episode rewards is -110.91059112548828
eval average episode rewards of agent: -114.90423489740846
eval success rate: 0.85

 Scenario simple_spread Algo rmappo Exp reference_20260925T173510Z_880afb_ippo_w128_seed2 updates 5205/6250 episodes, total num timesteps 16659200/20000000, FPS 9883.

average episode rewards is -112.88361358642578

 Scenario simple_spread Algo rmappo Exp reference_20260925T173510Z_880afb_ippo_w128_seed2 updates 5210/6250 episodes, total num timesteps 16675200/20000000, FPS 9883.

average episode rewards is -113.36190795898438

 Scenario simple_spread Algo rmappo Exp reference_20260925T173510Z_880afb_ippo_w128_seed2 updates 5215/6250 episodes, total num timesteps 16691200/20000000, FPS 9883.

average episode rewards is -114.06983947753906

 Scenario simple_spread Algo rmappo Exp reference_20260925T173510Z_880afb_ippo_w128_seed2 updates 5220/6250 episodes, total num timesteps 16707200/20000000, FPS 9883.

average episode rewards is -112.1439437866211

 Scenario simple_spread Algo rmappo Exp reference_20260925T173510Z_880afb_ippo_w128_seed2 updates 5225/6250 episodes, total num timesteps 16723200/20000000, FPS 9883.

average episode rewards is -111.96604919433594
eval average episode rewards of agent: -110.04928565507493
eval success rate: 1.0

 Scenario simple_spread Algo rmappo Exp reference_20260925T173510Z_880afb_ippo_w128_seed2 updates 5230/6250 episodes, total num timesteps 16739200/20000000, FPS 9883.

average episode rewards is -111.98442840576172

 Scenario simple_spread Algo rmappo Exp reference_20260925T173510Z_880afb_ippo_w128_seed2 updates 5235/6250 episodes, total num timesteps 16755200/20000000, FPS 9883.

average episode rewards is -113.93241882324219

 Scenario simple_spread Algo rmappo Exp reference_20260925T173510Z_880afb_ippo_w128_seed2 updates 5240/6250 episodes, total num timesteps 16771200/20000000, FPS 9883.

average episode rewards is -111.57160949707031

 Scenario simple_spread Algo rmappo Exp reference_20260925T173510Z_880afb_ippo_w128_seed2 updates 5245/6250 episodes, total num timesteps 16787200/20000000, FPS 9884.

average episode rewards is -112.30184173583984

 Scenario simple_spread Algo rmappo Exp reference_20260925T173510Z_880afb_ippo_w128_seed2 updates 5250/6250 episodes, total num timesteps 16803200/20000000, FPS 9884.

average episode rewards is -112.37435150146484
eval average episode rewards of agent: -112.59926048401994
eval success rate: 0.9

 Scenario simple_spread Algo rmappo Exp reference_20260925T173510Z_880afb_ippo_w128_seed2 updates 5255/6250 episodes, total num timesteps 16819200/20000000, FPS 9883.

average episode rewards is -114.05675506591797

 Scenario simple_spread Algo rmappo Exp reference_20260925T173510Z_880afb_ippo_w128_seed2 updates 5260/6250 episodes, total num timesteps 16835200/20000000, FPS 9883.

average episode rewards is -111.08064270019531

 Scenario simple_spread Algo rmappo Exp reference_20260925T173510Z_880afb_ippo_w128_seed2 updates 5265/6250 episodes, total num timesteps 16851200/20000000, FPS 9883.

average episode rewards is -110.57817840576172

 Scenario simple_spread Algo rmappo Exp reference_20260925T173510Z_880afb_ippo_w128_seed2 updates 5270/6250 episodes, total num timesteps 16867200/20000000, FPS 9883.

average episode rewards is -113.87397003173828

 Scenario simple_spread Algo rmappo Exp reference_20260925T173510Z_880afb_ippo_w128_seed2 updates 5275/6250 episodes, total num timesteps 16883200/20000000, FPS 9883.

average episode rewards is -110.4303207397461
eval average episode rewards of agent: -112.04407012560256
eval success rate: 0.85

 Scenario simple_spread Algo rmappo Exp reference_20260925T173510Z_880afb_ippo_w128_seed2 updates 5280/6250 episodes, total num timesteps 16899200/20000000, FPS 9883.

average episode rewards is -109.05687713623047

 Scenario simple_spread Algo rmappo Exp reference_20260925T173510Z_880afb_ippo_w128_seed2 updates 5285/6250 episodes, total num timesteps 16915200/20000000, FPS 9883.

average episode rewards is -114.9374008178711

 Scenario simple_spread Algo rmappo Exp reference_20260925T173510Z_880afb_ippo_w128_seed2 updates 5290/6250 episodes, total num timesteps 16931200/20000000, FPS 9883.

average episode rewards is -113.6251449584961

 Scenario simple_spread Algo rmappo Exp reference_20260925T173510Z_880afb_ippo_w128_seed2 updates 5295/6250 episodes, total num timesteps 16947200/20000000, FPS 9883.

average episode rewards is -112.34245300292969

 Scenario simple_spread Algo rmappo Exp reference_20260925T173510Z_880afb_ippo_w128_seed2 updates 5300/6250 episodes, total num timesteps 16963200/20000000, FPS 9884.

average episode rewards is -113.76223754882812
eval average episode rewards of agent: -119.91215310463409
eval success rate: 0.85

 Scenario simple_spread Algo rmappo Exp reference_20260925T173510Z_880afb_ippo_w128_seed2 updates 5305/6250 episodes, total num timesteps 16979200/20000000, FPS 9883.

average episode rewards is -112.72527313232422

 Scenario simple_spread Algo rmappo Exp reference_20260925T173510Z_880afb_ippo_w128_seed2 updates 5310/6250 episodes, total num timesteps 16995200/20000000, FPS 9883.

average episode rewards is -115.75860595703125

 Scenario simple_spread Algo rmappo Exp reference_20260925T173510Z_880afb_ippo_w128_seed2 updates 5315/6250 episodes, total num timesteps 17011200/20000000, FPS 9883.

average episode rewards is -113.62957000732422

 Scenario simple_spread Algo rmappo Exp reference_20260925T173510Z_880afb_ippo_w128_seed2 updates 5320/6250 episodes, total num timesteps 17027200/20000000, FPS 9883.

average episode rewards is -113.64000701904297

 Scenario simple_spread Algo rmappo Exp reference_20260925T173510Z_880afb_ippo_w128_seed2 updates 5325/6250 episodes, total num timesteps 17043200/20000000, FPS 9883.

average episode rewards is -113.77890014648438
eval average episode rewards of agent: -115.61579081490247
eval success rate: 0.85

 Scenario simple_spread Algo rmappo Exp reference_20260925T173510Z_880afb_ippo_w128_seed2 updates 5330/6250 episodes, total num timesteps 17059200/20000000, FPS 9883.

average episode rewards is -109.40814971923828

 Scenario simple_spread Algo rmappo Exp reference_20260925T173510Z_880afb_ippo_w128_seed2 updates 5335/6250 episodes, total num timesteps 17075200/20000000, FPS 9883.

average episode rewards is -112.8157730102539

 Scenario simple_spread Algo rmappo Exp reference_20260925T173510Z_880afb_ippo_w128_seed2 updates 5340/6250 episodes, total num timesteps 17091200/20000000, FPS 9883.

average episode rewards is -113.68883514404297

 Scenario simple_spread Algo rmappo Exp reference_20260925T173510Z_880afb_ippo_w128_seed2 updates 5345/6250 episodes, total num timesteps 17107200/20000000, FPS 9883.

average episode rewards is -112.94295501708984

 Scenario simple_spread Algo rmappo Exp reference_20260925T173510Z_880afb_ippo_w128_seed2 updates 5350/6250 episodes, total num timesteps 17123200/20000000, FPS 9884.

average episode rewards is -114.265380859375
eval average episode rewards of agent: -112.41289361788048
eval success rate: 1.0

 Scenario simple_spread Algo rmappo Exp reference_20260925T173510Z_880afb_ippo_w128_seed2 updates 5355/6250 episodes, total num timesteps 17139200/20000000, FPS 9883.

average episode rewards is -113.32745361328125

 Scenario simple_spread Algo rmappo Exp reference_20260925T173510Z_880afb_ippo_w128_seed2 updates 5360/6250 episodes, total num timesteps 17155200/20000000, FPS 9883.

average episode rewards is -113.64199829101562

 Scenario simple_spread Algo rmappo Exp reference_20260925T173510Z_880afb_ippo_w128_seed2 updates 5365/6250 episodes, total num timesteps 17171200/20000000, FPS 9884.

average episode rewards is -113.77739715576172

 Scenario simple_spread Algo rmappo Exp reference_20260925T173510Z_880afb_ippo_w128_seed2 updates 5370/6250 episodes, total num timesteps 17187200/20000000, FPS 9883.

average episode rewards is -113.00029754638672

 Scenario simple_spread Algo rmappo Exp reference_20260925T173510Z_880afb_ippo_w128_seed2 updates 5375/6250 episodes, total num timesteps 17203200/20000000, FPS 9883.

average episode rewards is -113.8239517211914
eval average episode rewards of agent: -110.65814469457572
eval success rate: 0.85

 Scenario simple_spread Algo rmappo Exp reference_20260925T173510Z_880afb_ippo_w128_seed2 updates 5380/6250 episodes, total num timesteps 17219200/20000000, FPS 9883.

average episode rewards is -113.02750396728516

 Scenario simple_spread Algo rmappo Exp reference_20260925T173510Z_880afb_ippo_w128_seed2 updates 5385/6250 episodes, total num timesteps 17235200/20000000, FPS 9883.

average episode rewards is -113.79771423339844

 Scenario simple_spread Algo rmappo Exp reference_20260925T173510Z_880afb_ippo_w128_seed2 updates 5390/6250 episodes, total num timesteps 17251200/20000000, FPS 9883.

average episode rewards is -114.3458251953125

 Scenario simple_spread Algo rmappo Exp reference_20260925T173510Z_880afb_ippo_w128_seed2 updates 5395/6250 episodes, total num timesteps 17267200/20000000, FPS 9883.

average episode rewards is -112.25484466552734

 Scenario simple_spread Algo rmappo Exp reference_20260925T173510Z_880afb_ippo_w128_seed2 updates 5400/6250 episodes, total num timesteps 17283200/20000000, FPS 9883.

average episode rewards is -109.502197265625
eval average episode rewards of agent: -117.42536834225263
eval success rate: 0.95

 Scenario simple_spread Algo rmappo Exp reference_20260925T173510Z_880afb_ippo_w128_seed2 updates 5405/6250 episodes, total num timesteps 17299200/20000000, FPS 9883.

average episode rewards is -113.57877349853516

 Scenario simple_spread Algo rmappo Exp reference_20260925T173510Z_880afb_ippo_w128_seed2 updates 5410/6250 episodes, total num timesteps 17315200/20000000, FPS 9884.

average episode rewards is -112.00088500976562

 Scenario simple_spread Algo rmappo Exp reference_20260925T173510Z_880afb_ippo_w128_seed2 updates 5415/6250 episodes, total num timesteps 17331200/20000000, FPS 9884.

average episode rewards is -114.64437103271484

 Scenario simple_spread Algo rmappo Exp reference_20260925T173510Z_880afb_ippo_w128_seed2 updates 5420/6250 episodes, total num timesteps 17347200/20000000, FPS 9884.

average episode rewards is -114.59134674072266

 Scenario simple_spread Algo rmappo Exp reference_20260925T173510Z_880afb_ippo_w128_seed2 updates 5425/6250 episodes, total num timesteps 17363200/20000000, FPS 9884.

average episode rewards is -112.68339538574219
eval average episode rewards of agent: -115.78588504971339
eval success rate: 0.95

 Scenario simple_spread Algo rmappo Exp reference_20260925T173510Z_880afb_ippo_w128_seed2 updates 5430/6250 episodes, total num timesteps 17379200/20000000, FPS 9884.

average episode rewards is -112.8163070678711

 Scenario simple_spread Algo rmappo Exp reference_20260925T173510Z_880afb_ippo_w128_seed2 updates 5435/6250 episodes, total num timesteps 17395200/20000000, FPS 9884.

average episode rewards is -111.66138458251953

 Scenario simple_spread Algo rmappo Exp reference_20260925T173510Z_880afb_ippo_w128_seed2 updates 5440/6250 episodes, total num timesteps 17411200/20000000, FPS 9884.

average episode rewards is -111.30374908447266

 Scenario simple_spread Algo rmappo Exp reference_20260925T173510Z_880afb_ippo_w128_seed2 updates 5445/6250 episodes, total num timesteps 17427200/20000000, FPS 9884.

average episode rewards is -114.2222671508789

 Scenario simple_spread Algo rmappo Exp reference_20260925T173510Z_880afb_ippo_w128_seed2 updates 5450/6250 episodes, total num timesteps 17443200/20000000, FPS 9884.

average episode rewards is -112.7593765258789
eval average episode rewards of agent: -107.7330781599545
eval success rate: 0.95

 Scenario simple_spread Algo rmappo Exp reference_20260925T173510Z_880afb_ippo_w128_seed2 updates 5455/6250 episodes, total num timesteps 17459200/20000000, FPS 9884.

average episode rewards is -114.46965026855469

 Scenario simple_spread Algo rmappo Exp reference_20260925T173510Z_880afb_ippo_w128_seed2 updates 5460/6250 episodes, total num timesteps 17475200/20000000, FPS 9884.

average episode rewards is -113.78177642822266

 Scenario simple_spread Algo rmappo Exp reference_20260925T173510Z_880afb_ippo_w128_seed2 updates 5465/6250 episodes, total num timesteps 17491200/20000000, FPS 9884.

average episode rewards is -115.04534149169922

 Scenario simple_spread Algo rmappo Exp reference_20260925T173510Z_880afb_ippo_w128_seed2 updates 5470/6250 episodes, total num timesteps 17507200/20000000, FPS 9884.

average episode rewards is -112.32557678222656

 Scenario simple_spread Algo rmappo Exp reference_20260925T173510Z_880afb_ippo_w128_seed2 updates 5475/6250 episodes, total num timesteps 17523200/20000000, FPS 9884.

average episode rewards is -110.81969451904297
eval average episode rewards of agent: -111.5030414280176
eval success rate: 1.0

 Scenario simple_spread Algo rmappo Exp reference_20260925T173510Z_880afb_ippo_w128_seed2 updates 5480/6250 episodes, total num timesteps 17539200/20000000, FPS 9884.

average episode rewards is -111.69806671142578

 Scenario simple_spread Algo rmappo Exp reference_20260925T173510Z_880afb_ippo_w128_seed2 updates 5485/6250 episodes, total num timesteps 17555200/20000000, FPS 9884.

average episode rewards is -115.34224700927734

 Scenario simple_spread Algo rmappo Exp reference_20260925T173510Z_880afb_ippo_w128_seed2 updates 5490/6250 episodes, total num timesteps 17571200/20000000, FPS 9884.

average episode rewards is -114.70919799804688

 Scenario simple_spread Algo rmappo Exp reference_20260925T173510Z_880afb_ippo_w128_seed2 updates 5495/6250 episodes, total num timesteps 17587200/20000000, FPS 9884.

average episode rewards is -111.8412857055664

 Scenario simple_spread Algo rmappo Exp reference_20260925T173510Z_880afb_ippo_w128_seed2 updates 5500/6250 episodes, total num timesteps 17603200/20000000, FPS 9884.

average episode rewards is -109.72149658203125
eval average episode rewards of agent: -104.44676874671367
eval success rate: 1.0

 Scenario simple_spread Algo rmappo Exp reference_20260925T173510Z_880afb_ippo_w128_seed2 updates 5505/6250 episodes, total num timesteps 17619200/20000000, FPS 9884.

average episode rewards is -109.46324920654297

 Scenario simple_spread Algo rmappo Exp reference_20260925T173510Z_880afb_ippo_w128_seed2 updates 5510/6250 episodes, total num timesteps 17635200/20000000, FPS 9884.

average episode rewards is -111.8829574584961

 Scenario simple_spread Algo rmappo Exp reference_20260925T173510Z_880afb_ippo_w128_seed2 updates 5515/6250 episodes, total num timesteps 17651200/20000000, FPS 9884.

average episode rewards is -112.68548583984375

 Scenario simple_spread Algo rmappo Exp reference_20260925T173510Z_880afb_ippo_w128_seed2 updates 5520/6250 episodes, total num timesteps 17667200/20000000, FPS 9884.

average episode rewards is -110.63113403320312

 Scenario simple_spread Algo rmappo Exp reference_20260925T173510Z_880afb_ippo_w128_seed2 updates 5525/6250 episodes, total num timesteps 17683200/20000000, FPS 9884.

average episode rewards is -110.67825317382812
eval average episode rewards of agent: -103.89756609823105
eval success rate: 1.0

 Scenario simple_spread Algo rmappo Exp reference_20260925T173510Z_880afb_ippo_w128_seed2 updates 5530/6250 episodes, total num timesteps 17699200/20000000, FPS 9884.

average episode rewards is -110.43220520019531

 Scenario simple_spread Algo rmappo Exp reference_20260925T173510Z_880afb_ippo_w128_seed2 updates 5535/6250 episodes, total num timesteps 17715200/20000000, FPS 9884.

average episode rewards is -112.66871643066406

 Scenario simple_spread Algo rmappo Exp reference_20260925T173510Z_880afb_ippo_w128_seed2 updates 5540/6250 episodes, total num timesteps 17731200/20000000, FPS 9884.

average episode rewards is -112.06124114990234

 Scenario simple_spread Algo rmappo Exp reference_20260925T173510Z_880afb_ippo_w128_seed2 updates 5545/6250 episodes, total num timesteps 17747200/20000000, FPS 9884.

average episode rewards is -111.50237274169922

 Scenario simple_spread Algo rmappo Exp reference_20260925T173510Z_880afb_ippo_w128_seed2 updates 5550/6250 episodes, total num timesteps 17763200/20000000, FPS 9885.

average episode rewards is -111.0676498413086
eval average episode rewards of agent: -111.03956120531464
eval success rate: 0.85

 Scenario simple_spread Algo rmappo Exp reference_20260925T173510Z_880afb_ippo_w128_seed2 updates 5555/6250 episodes, total num timesteps 17779200/20000000, FPS 9884.

average episode rewards is -112.82886505126953

 Scenario simple_spread Algo rmappo Exp reference_20260925T173510Z_880afb_ippo_w128_seed2 updates 5560/6250 episodes, total num timesteps 17795200/20000000, FPS 9884.

average episode rewards is -112.8036117553711

 Scenario simple_spread Algo rmappo Exp reference_20260925T173510Z_880afb_ippo_w128_seed2 updates 5565/6250 episodes, total num timesteps 17811200/20000000, FPS 9884.

average episode rewards is -113.30248260498047

 Scenario simple_spread Algo rmappo Exp reference_20260925T173510Z_880afb_ippo_w128_seed2 updates 5570/6250 episodes, total num timesteps 17827200/20000000, FPS 9884.

average episode rewards is -109.76483917236328

 Scenario simple_spread Algo rmappo Exp reference_20260925T173510Z_880afb_ippo_w128_seed2 updates 5575/6250 episodes, total num timesteps 17843200/20000000, FPS 9884.

average episode rewards is -112.18009185791016
eval average episode rewards of agent: -112.23295051004087
eval success rate: 1.0

 Scenario simple_spread Algo rmappo Exp reference_20260925T173510Z_880afb_ippo_w128_seed2 updates 5580/6250 episodes, total num timesteps 17859200/20000000, FPS 9883.

average episode rewards is -110.19905853271484

 Scenario simple_spread Algo rmappo Exp reference_20260925T173510Z_880afb_ippo_w128_seed2 updates 5585/6250 episodes, total num timesteps 17875200/20000000, FPS 9883.

average episode rewards is -113.0431900024414

 Scenario simple_spread Algo rmappo Exp reference_20260925T173510Z_880afb_ippo_w128_seed2 updates 5590/6250 episodes, total num timesteps 17891200/20000000, FPS 9884.

average episode rewards is -113.0987777709961

 Scenario simple_spread Algo rmappo Exp reference_20260925T173510Z_880afb_ippo_w128_seed2 updates 5595/6250 episodes, total num timesteps 17907200/20000000, FPS 9884.

average episode rewards is -111.4888916015625

 Scenario simple_spread Algo rmappo Exp reference_20260925T173510Z_880afb_ippo_w128_seed2 updates 5600/6250 episodes, total num timesteps 17923200/20000000, FPS 9884.

average episode rewards is -110.04905700683594
eval average episode rewards of agent: -106.64213554935104
eval success rate: 0.9

 Scenario simple_spread Algo rmappo Exp reference_20260925T173510Z_880afb_ippo_w128_seed2 updates 5605/6250 episodes, total num timesteps 17939200/20000000, FPS 9884.

average episode rewards is -110.36470031738281

 Scenario simple_spread Algo rmappo Exp reference_20260925T173510Z_880afb_ippo_w128_seed2 updates 5610/6250 episodes, total num timesteps 17955200/20000000, FPS 9884.

average episode rewards is -113.18431854248047

 Scenario simple_spread Algo rmappo Exp reference_20260925T173510Z_880afb_ippo_w128_seed2 updates 5615/6250 episodes, total num timesteps 17971200/20000000, FPS 9883.

average episode rewards is -113.77935791015625

 Scenario simple_spread Algo rmappo Exp reference_20260925T173510Z_880afb_ippo_w128_seed2 updates 5620/6250 episodes, total num timesteps 17987200/20000000, FPS 9883.

average episode rewards is -111.9344482421875

 Scenario simple_spread Algo rmappo Exp reference_20260925T173510Z_880afb_ippo_w128_seed2 updates 5625/6250 episodes, total num timesteps 18003200/20000000, FPS 9883.

average episode rewards is -110.31547546386719
eval average episode rewards of agent: -109.56898409127481
eval success rate: 1.0

 Scenario simple_spread Algo rmappo Exp reference_20260925T173510Z_880afb_ippo_w128_seed2 updates 5630/6250 episodes, total num timesteps 18019200/20000000, FPS 9883.

average episode rewards is -113.9185562133789

 Scenario simple_spread Algo rmappo Exp reference_20260925T173510Z_880afb_ippo_w128_seed2 updates 5635/6250 episodes, total num timesteps 18035200/20000000, FPS 9883.

average episode rewards is -112.63167572021484

 Scenario simple_spread Algo rmappo Exp reference_20260925T173510Z_880afb_ippo_w128_seed2 updates 5640/6250 episodes, total num timesteps 18051200/20000000, FPS 9884.

average episode rewards is -109.8860855102539

 Scenario simple_spread Algo rmappo Exp reference_20260925T173510Z_880afb_ippo_w128_seed2 updates 5645/6250 episodes, total num timesteps 18067200/20000000, FPS 9883.

average episode rewards is -113.18293762207031

 Scenario simple_spread Algo rmappo Exp reference_20260925T173510Z_880afb_ippo_w128_seed2 updates 5650/6250 episodes, total num timesteps 18083200/20000000, FPS 9883.

average episode rewards is -112.63555145263672
eval average episode rewards of agent: -111.99439453670944
eval success rate: 0.9

 Scenario simple_spread Algo rmappo Exp reference_20260925T173510Z_880afb_ippo_w128_seed2 updates 5655/6250 episodes, total num timesteps 18099200/20000000, FPS 9883.

average episode rewards is -115.18694305419922

 Scenario simple_spread Algo rmappo Exp reference_20260925T173510Z_880afb_ippo_w128_seed2 updates 5660/6250 episodes, total num timesteps 18115200/20000000, FPS 9883.

average episode rewards is -110.9305419921875

 Scenario simple_spread Algo rmappo Exp reference_20260925T173510Z_880afb_ippo_w128_seed2 updates 5665/6250 episodes, total num timesteps 18131200/20000000, FPS 9883.

average episode rewards is -111.58379364013672

 Scenario simple_spread Algo rmappo Exp reference_20260925T173510Z_880afb_ippo_w128_seed2 updates 5670/6250 episodes, total num timesteps 18147200/20000000, FPS 9883.

average episode rewards is -109.71808624267578

 Scenario simple_spread Algo rmappo Exp reference_20260925T173510Z_880afb_ippo_w128_seed2 updates 5675/6250 episodes, total num timesteps 18163200/20000000, FPS 9884.

average episode rewards is -112.5645980834961
eval average episode rewards of agent: -110.42782688633427
eval success rate: 1.0

 Scenario simple_spread Algo rmappo Exp reference_20260925T173510Z_880afb_ippo_w128_seed2 updates 5680/6250 episodes, total num timesteps 18179200/20000000, FPS 9883.

average episode rewards is -111.5347900390625

 Scenario simple_spread Algo rmappo Exp reference_20260925T173510Z_880afb_ippo_w128_seed2 updates 5685/6250 episodes, total num timesteps 18195200/20000000, FPS 9883.

average episode rewards is -110.82869720458984

 Scenario simple_spread Algo rmappo Exp reference_20260925T173510Z_880afb_ippo_w128_seed2 updates 5690/6250 episodes, total num timesteps 18211200/20000000, FPS 9883.

average episode rewards is -111.09165954589844

 Scenario simple_spread Algo rmappo Exp reference_20260925T173510Z_880afb_ippo_w128_seed2 updates 5695/6250 episodes, total num timesteps 18227200/20000000, FPS 9883.

average episode rewards is -111.76686096191406

 Scenario simple_spread Algo rmappo Exp reference_20260925T173510Z_880afb_ippo_w128_seed2 updates 5700/6250 episodes, total num timesteps 18243200/20000000, FPS 9883.

average episode rewards is -112.89747619628906
eval average episode rewards of agent: -114.12052612544743
eval success rate: 1.0

 Scenario simple_spread Algo rmappo Exp reference_20260925T173510Z_880afb_ippo_w128_seed2 updates 5705/6250 episodes, total num timesteps 18259200/20000000, FPS 9883.

average episode rewards is -110.78678131103516

 Scenario simple_spread Algo rmappo Exp reference_20260925T173510Z_880afb_ippo_w128_seed2 updates 5710/6250 episodes, total num timesteps 18275200/20000000, FPS 9883.

average episode rewards is -113.88140869140625

 Scenario simple_spread Algo rmappo Exp reference_20260925T173510Z_880afb_ippo_w128_seed2 updates 5715/6250 episodes, total num timesteps 18291200/20000000, FPS 9883.

average episode rewards is -113.68150329589844

 Scenario simple_spread Algo rmappo Exp reference_20260925T173510Z_880afb_ippo_w128_seed2 updates 5720/6250 episodes, total num timesteps 18307200/20000000, FPS 9883.

average episode rewards is -110.08950805664062

 Scenario simple_spread Algo rmappo Exp reference_20260925T173510Z_880afb_ippo_w128_seed2 updates 5725/6250 episodes, total num timesteps 18323200/20000000, FPS 9883.

average episode rewards is -110.70213317871094
eval average episode rewards of agent: -112.31115257893703
eval success rate: 1.0

 Scenario simple_spread Algo rmappo Exp reference_20260925T173510Z_880afb_ippo_w128_seed2 updates 5730/6250 episodes, total num timesteps 18339200/20000000, FPS 9883.

average episode rewards is -112.30345153808594

 Scenario simple_spread Algo rmappo Exp reference_20260925T173510Z_880afb_ippo_w128_seed2 updates 5735/6250 episodes, total num timesteps 18355200/20000000, FPS 9883.

average episode rewards is -111.72516632080078

 Scenario simple_spread Algo rmappo Exp reference_20260925T173510Z_880afb_ippo_w128_seed2 updates 5740/6250 episodes, total num timesteps 18371200/20000000, FPS 9882.

average episode rewards is -111.63811492919922

 Scenario simple_spread Algo rmappo Exp reference_20260925T173510Z_880afb_ippo_w128_seed2 updates 5745/6250 episodes, total num timesteps 18387200/20000000, FPS 9882.

average episode rewards is -110.97901916503906

 Scenario simple_spread Algo rmappo Exp reference_20260925T173510Z_880afb_ippo_w128_seed2 updates 5750/6250 episodes, total num timesteps 18403200/20000000, FPS 9882.

average episode rewards is -111.78302764892578
eval average episode rewards of agent: -110.79575388481022
eval success rate: 0.95

 Scenario simple_spread Algo rmappo Exp reference_20260925T173510Z_880afb_ippo_w128_seed2 updates 5755/6250 episodes, total num timesteps 18419200/20000000, FPS 9883.

average episode rewards is -108.9443359375

 Scenario simple_spread Algo rmappo Exp reference_20260925T173510Z_880afb_ippo_w128_seed2 updates 5760/6250 episodes, total num timesteps 18435200/20000000, FPS 9883.

average episode rewards is -110.96552276611328

 Scenario simple_spread Algo rmappo Exp reference_20260925T173510Z_880afb_ippo_w128_seed2 updates 5765/6250 episodes, total num timesteps 18451200/20000000, FPS 9883.

average episode rewards is -114.12370300292969

 Scenario simple_spread Algo rmappo Exp reference_20260925T173510Z_880afb_ippo_w128_seed2 updates 5770/6250 episodes, total num timesteps 18467200/20000000, FPS 9882.

average episode rewards is -113.39392852783203

 Scenario simple_spread Algo rmappo Exp reference_20260925T173510Z_880afb_ippo_w128_seed2 updates 5775/6250 episodes, total num timesteps 18483200/20000000, FPS 9882.

average episode rewards is -111.59884643554688
eval average episode rewards of agent: -114.58777063340357
eval success rate: 0.9

 Scenario simple_spread Algo rmappo Exp reference_20260925T173510Z_880afb_ippo_w128_seed2 updates 5780/6250 episodes, total num timesteps 18499200/20000000, FPS 9882.

average episode rewards is -111.1629638671875

 Scenario simple_spread Algo rmappo Exp reference_20260925T173510Z_880afb_ippo_w128_seed2 updates 5785/6250 episodes, total num timesteps 18515200/20000000, FPS 9883.

average episode rewards is -109.60269927978516

 Scenario simple_spread Algo rmappo Exp reference_20260925T173510Z_880afb_ippo_w128_seed2 updates 5790/6250 episodes, total num timesteps 18531200/20000000, FPS 9883.

average episode rewards is -113.68751525878906

 Scenario simple_spread Algo rmappo Exp reference_20260925T173510Z_880afb_ippo_w128_seed2 updates 5795/6250 episodes, total num timesteps 18547200/20000000, FPS 9883.

average episode rewards is -111.90214538574219

 Scenario simple_spread Algo rmappo Exp reference_20260925T173510Z_880afb_ippo_w128_seed2 updates 5800/6250 episodes, total num timesteps 18563200/20000000, FPS 9882.

average episode rewards is -111.78770446777344
eval average episode rewards of agent: -107.11084151440332
eval success rate: 0.95

 Scenario simple_spread Algo rmappo Exp reference_20260925T173510Z_880afb_ippo_w128_seed2 updates 5805/6250 episodes, total num timesteps 18579200/20000000, FPS 9882.

average episode rewards is -110.5524673461914

 Scenario simple_spread Algo rmappo Exp reference_20260925T173510Z_880afb_ippo_w128_seed2 updates 5810/6250 episodes, total num timesteps 18595200/20000000, FPS 9882.

average episode rewards is -112.37824249267578

 Scenario simple_spread Algo rmappo Exp reference_20260925T173510Z_880afb_ippo_w128_seed2 updates 5815/6250 episodes, total num timesteps 18611200/20000000, FPS 9882.

average episode rewards is -111.80547332763672

 Scenario simple_spread Algo rmappo Exp reference_20260925T173510Z_880afb_ippo_w128_seed2 updates 5820/6250 episodes, total num timesteps 18627200/20000000, FPS 9882.

average episode rewards is -112.10913848876953

 Scenario simple_spread Algo rmappo Exp reference_20260925T173510Z_880afb_ippo_w128_seed2 updates 5825/6250 episodes, total num timesteps 18643200/20000000, FPS 9882.

average episode rewards is -111.2466812133789
eval average episode rewards of agent: -114.3230392784839
eval success rate: 0.9

 Scenario simple_spread Algo rmappo Exp reference_20260925T173510Z_880afb_ippo_w128_seed2 updates 5830/6250 episodes, total num timesteps 18659200/20000000, FPS 9882.

average episode rewards is -112.58299255371094

 Scenario simple_spread Algo rmappo Exp reference_20260925T173510Z_880afb_ippo_w128_seed2 updates 5835/6250 episodes, total num timesteps 18675200/20000000, FPS 9882.

average episode rewards is -110.41935729980469

 Scenario simple_spread Algo rmappo Exp reference_20260925T173510Z_880afb_ippo_w128_seed2 updates 5840/6250 episodes, total num timesteps 18691200/20000000, FPS 9882.

average episode rewards is -112.18479919433594

 Scenario simple_spread Algo rmappo Exp reference_20260925T173510Z_880afb_ippo_w128_seed2 updates 5845/6250 episodes, total num timesteps 18707200/20000000, FPS 9882.

average episode rewards is -112.14696502685547

 Scenario simple_spread Algo rmappo Exp reference_20260925T173510Z_880afb_ippo_w128_seed2 updates 5850/6250 episodes, total num timesteps 18723200/20000000, FPS 9882.

average episode rewards is -114.70027160644531
eval average episode rewards of agent: -110.9966329387386
eval success rate: 0.95

 Scenario simple_spread Algo rmappo Exp reference_20260925T173510Z_880afb_ippo_w128_seed2 updates 5855/6250 episodes, total num timesteps 18739200/20000000, FPS 9881.

average episode rewards is -113.26018524169922

 Scenario simple_spread Algo rmappo Exp reference_20260925T173510Z_880afb_ippo_w128_seed2 updates 5860/6250 episodes, total num timesteps 18755200/20000000, FPS 9881.

average episode rewards is -108.91458892822266

 Scenario simple_spread Algo rmappo Exp reference_20260925T173510Z_880afb_ippo_w128_seed2 updates 5865/6250 episodes, total num timesteps 18771200/20000000, FPS 9881.

average episode rewards is -111.50008392333984

 Scenario simple_spread Algo rmappo Exp reference_20260925T173510Z_880afb_ippo_w128_seed2 updates 5870/6250 episodes, total num timesteps 18787200/20000000, FPS 9881.

average episode rewards is -113.35663604736328

 Scenario simple_spread Algo rmappo Exp reference_20260925T173510Z_880afb_ippo_w128_seed2 updates 5875/6250 episodes, total num timesteps 18803200/20000000, FPS 9881.

average episode rewards is -110.89157104492188
eval average episode rewards of agent: -114.61365902808217
eval success rate: 0.9

 Scenario simple_spread Algo rmappo Exp reference_20260925T173510Z_880afb_ippo_w128_seed2 updates 5880/6250 episodes, total num timesteps 18819200/20000000, FPS 9881.

average episode rewards is -113.5088119506836

 Scenario simple_spread Algo rmappo Exp reference_20260925T173510Z_880afb_ippo_w128_seed2 updates 5885/6250 episodes, total num timesteps 18835200/20000000, FPS 9881.

average episode rewards is -112.22625732421875

 Scenario simple_spread Algo rmappo Exp reference_20260925T173510Z_880afb_ippo_w128_seed2 updates 5890/6250 episodes, total num timesteps 18851200/20000000, FPS 9882.

average episode rewards is -112.04518127441406

 Scenario simple_spread Algo rmappo Exp reference_20260925T173510Z_880afb_ippo_w128_seed2 updates 5895/6250 episodes, total num timesteps 18867200/20000000, FPS 9882.

average episode rewards is -109.59383392333984

 Scenario simple_spread Algo rmappo Exp reference_20260925T173510Z_880afb_ippo_w128_seed2 updates 5900/6250 episodes, total num timesteps 18883200/20000000, FPS 9882.

average episode rewards is -114.40362548828125
eval average episode rewards of agent: -107.35778375876353
eval success rate: 0.9

 Scenario simple_spread Algo rmappo Exp reference_20260925T173510Z_880afb_ippo_w128_seed2 updates 5905/6250 episodes, total num timesteps 18899200/20000000, FPS 9882.

average episode rewards is -113.08555603027344

 Scenario simple_spread Algo rmappo Exp reference_20260925T173510Z_880afb_ippo_w128_seed2 updates 5910/6250 episodes, total num timesteps 18915200/20000000, FPS 9882.

average episode rewards is -114.6707763671875

 Scenario simple_spread Algo rmappo Exp reference_20260925T173510Z_880afb_ippo_w128_seed2 updates 5915/6250 episodes, total num timesteps 18931200/20000000, FPS 9882.

average episode rewards is -110.6382827758789

 Scenario simple_spread Algo rmappo Exp reference_20260925T173510Z_880afb_ippo_w128_seed2 updates 5920/6250 episodes, total num timesteps 18947200/20000000, FPS 9881.

average episode rewards is -113.27093505859375

 Scenario simple_spread Algo rmappo Exp reference_20260925T173510Z_880afb_ippo_w128_seed2 updates 5925/6250 episodes, total num timesteps 18963200/20000000, FPS 9881.

average episode rewards is -111.39032745361328
eval average episode rewards of agent: -112.17514281560084
eval success rate: 1.0

 Scenario simple_spread Algo rmappo Exp reference_20260925T173510Z_880afb_ippo_w128_seed2 updates 5930/6250 episodes, total num timesteps 18979200/20000000, FPS 9881.

average episode rewards is -111.88483428955078

 Scenario simple_spread Algo rmappo Exp reference_20260925T173510Z_880afb_ippo_w128_seed2 updates 5935/6250 episodes, total num timesteps 18995200/20000000, FPS 9881.

average episode rewards is -112.71308898925781

 Scenario simple_spread Algo rmappo Exp reference_20260925T173510Z_880afb_ippo_w128_seed2 updates 5940/6250 episodes, total num timesteps 19011200/20000000, FPS 9881.

average episode rewards is -110.81024169921875

 Scenario simple_spread Algo rmappo Exp reference_20260925T173510Z_880afb_ippo_w128_seed2 updates 5945/6250 episodes, total num timesteps 19027200/20000000, FPS 9881.

average episode rewards is -111.00480651855469

 Scenario simple_spread Algo rmappo Exp reference_20260925T173510Z_880afb_ippo_w128_seed2 updates 5950/6250 episodes, total num timesteps 19043200/20000000, FPS 9881.

average episode rewards is -114.25902557373047
eval average episode rewards of agent: -112.92624050454721
eval success rate: 0.8

 Scenario simple_spread Algo rmappo Exp reference_20260925T173510Z_880afb_ippo_w128_seed2 updates 5955/6250 episodes, total num timesteps 19059200/20000000, FPS 9881.

average episode rewards is -114.87644958496094

 Scenario simple_spread Algo rmappo Exp reference_20260925T173510Z_880afb_ippo_w128_seed2 updates 5960/6250 episodes, total num timesteps 19075200/20000000, FPS 9881.

average episode rewards is -111.96356201171875

 Scenario simple_spread Algo rmappo Exp reference_20260925T173510Z_880afb_ippo_w128_seed2 updates 5965/6250 episodes, total num timesteps 19091200/20000000, FPS 9881.

average episode rewards is -112.5010757446289

 Scenario simple_spread Algo rmappo Exp reference_20260925T173510Z_880afb_ippo_w128_seed2 updates 5970/6250 episodes, total num timesteps 19107200/20000000, FPS 9881.

average episode rewards is -109.37545013427734

 Scenario simple_spread Algo rmappo Exp reference_20260925T173510Z_880afb_ippo_w128_seed2 updates 5975/6250 episodes, total num timesteps 19123200/20000000, FPS 9881.

average episode rewards is -114.83695220947266
eval average episode rewards of agent: -110.26444278643616
eval success rate: 0.9

 Scenario simple_spread Algo rmappo Exp reference_20260925T173510Z_880afb_ippo_w128_seed2 updates 5980/6250 episodes, total num timesteps 19139200/20000000, FPS 9881.

average episode rewards is -110.41790008544922

 Scenario simple_spread Algo rmappo Exp reference_20260925T173510Z_880afb_ippo_w128_seed2 updates 5985/6250 episodes, total num timesteps 19155200/20000000, FPS 9881.

average episode rewards is -111.49226379394531

 Scenario simple_spread Algo rmappo Exp reference_20260925T173510Z_880afb_ippo_w128_seed2 updates 5990/6250 episodes, total num timesteps 19171200/20000000, FPS 9881.

average episode rewards is -110.90704345703125

 Scenario simple_spread Algo rmappo Exp reference_20260925T173510Z_880afb_ippo_w128_seed2 updates 5995/6250 episodes, total num timesteps 19187200/20000000, FPS 9881.

average episode rewards is -114.2053451538086

 Scenario simple_spread Algo rmappo Exp reference_20260925T173510Z_880afb_ippo_w128_seed2 updates 6000/6250 episodes, total num timesteps 19203200/20000000, FPS 9881.

average episode rewards is -112.736083984375
eval average episode rewards of agent: -109.19193096132405
eval success rate: 0.9

 Scenario simple_spread Algo rmappo Exp reference_20260925T173510Z_880afb_ippo_w128_seed2 updates 6005/6250 episodes, total num timesteps 19219200/20000000, FPS 9881.

average episode rewards is -112.73529815673828

 Scenario simple_spread Algo rmappo Exp reference_20260925T173510Z_880afb_ippo_w128_seed2 updates 6010/6250 episodes, total num timesteps 19235200/20000000, FPS 9881.

average episode rewards is -113.37125396728516

 Scenario simple_spread Algo rmappo Exp reference_20260925T173510Z_880afb_ippo_w128_seed2 updates 6015/6250 episodes, total num timesteps 19251200/20000000, FPS 9881.

average episode rewards is -111.9858169555664

 Scenario simple_spread Algo rmappo Exp reference_20260925T173510Z_880afb_ippo_w128_seed2 updates 6020/6250 episodes, total num timesteps 19267200/20000000, FPS 9881.

average episode rewards is -112.03123474121094

 Scenario simple_spread Algo rmappo Exp reference_20260925T173510Z_880afb_ippo_w128_seed2 updates 6025/6250 episodes, total num timesteps 19283200/20000000, FPS 9881.

average episode rewards is -111.8596420288086
eval average episode rewards of agent: -111.679640590379
eval success rate: 1.0

 Scenario simple_spread Algo rmappo Exp reference_20260925T173510Z_880afb_ippo_w128_seed2 updates 6030/6250 episodes, total num timesteps 19299200/20000000, FPS 9881.

average episode rewards is -115.38236236572266

 Scenario simple_spread Algo rmappo Exp reference_20260925T173510Z_880afb_ippo_w128_seed2 updates 6035/6250 episodes, total num timesteps 19315200/20000000, FPS 9881.

average episode rewards is -110.26493072509766

 Scenario simple_spread Algo rmappo Exp reference_20260925T173510Z_880afb_ippo_w128_seed2 updates 6040/6250 episodes, total num timesteps 19331200/20000000, FPS 9881.

average episode rewards is -111.9990463256836

 Scenario simple_spread Algo rmappo Exp reference_20260925T173510Z_880afb_ippo_w128_seed2 updates 6045/6250 episodes, total num timesteps 19347200/20000000, FPS 9881.

average episode rewards is -113.03591918945312

 Scenario simple_spread Algo rmappo Exp reference_20260925T173510Z_880afb_ippo_w128_seed2 updates 6050/6250 episodes, total num timesteps 19363200/20000000, FPS 9881.

average episode rewards is -112.02434539794922
eval average episode rewards of agent: -117.18474586725056
eval success rate: 0.95

 Scenario simple_spread Algo rmappo Exp reference_20260925T173510Z_880afb_ippo_w128_seed2 updates 6055/6250 episodes, total num timesteps 19379200/20000000, FPS 9881.

average episode rewards is -112.11329650878906

 Scenario simple_spread Algo rmappo Exp reference_20260925T173510Z_880afb_ippo_w128_seed2 updates 6060/6250 episodes, total num timesteps 19395200/20000000, FPS 9881.

average episode rewards is -111.66095733642578

 Scenario simple_spread Algo rmappo Exp reference_20260925T173510Z_880afb_ippo_w128_seed2 updates 6065/6250 episodes, total num timesteps 19411200/20000000, FPS 9881.

average episode rewards is -112.2873306274414

 Scenario simple_spread Algo rmappo Exp reference_20260925T173510Z_880afb_ippo_w128_seed2 updates 6070/6250 episodes, total num timesteps 19427200/20000000, FPS 9881.

average episode rewards is -113.9181137084961

 Scenario simple_spread Algo rmappo Exp reference_20260925T173510Z_880afb_ippo_w128_seed2 updates 6075/6250 episodes, total num timesteps 19443200/20000000, FPS 9881.

average episode rewards is -114.69669342041016
eval average episode rewards of agent: -113.72535928860322
eval success rate: 0.8

 Scenario simple_spread Algo rmappo Exp reference_20260925T173510Z_880afb_ippo_w128_seed2 updates 6080/6250 episodes, total num timesteps 19459200/20000000, FPS 9881.

average episode rewards is -114.009033203125

 Scenario simple_spread Algo rmappo Exp reference_20260925T173510Z_880afb_ippo_w128_seed2 updates 6085/6250 episodes, total num timesteps 19475200/20000000, FPS 9881.

average episode rewards is -110.95732116699219

 Scenario simple_spread Algo rmappo Exp reference_20260925T173510Z_880afb_ippo_w128_seed2 updates 6090/6250 episodes, total num timesteps 19491200/20000000, FPS 9881.

average episode rewards is -111.71895599365234

 Scenario simple_spread Algo rmappo Exp reference_20260925T173510Z_880afb_ippo_w128_seed2 updates 6095/6250 episodes, total num timesteps 19507200/20000000, FPS 9881.

average episode rewards is -112.7428207397461

 Scenario simple_spread Algo rmappo Exp reference_20260925T173510Z_880afb_ippo_w128_seed2 updates 6100/6250 episodes, total num timesteps 19523200/20000000, FPS 9881.

average episode rewards is -114.81893157958984
eval average episode rewards of agent: -114.3634246422225
eval success rate: 0.9

 Scenario simple_spread Algo rmappo Exp reference_20260925T173510Z_880afb_ippo_w128_seed2 updates 6105/6250 episodes, total num timesteps 19539200/20000000, FPS 9881.

average episode rewards is -111.84172821044922

 Scenario simple_spread Algo rmappo Exp reference_20260925T173510Z_880afb_ippo_w128_seed2 updates 6110/6250 episodes, total num timesteps 19555200/20000000, FPS 9881.

average episode rewards is -112.35781860351562

 Scenario simple_spread Algo rmappo Exp reference_20260925T173510Z_880afb_ippo_w128_seed2 updates 6115/6250 episodes, total num timesteps 19571200/20000000, FPS 9881.

average episode rewards is -113.8376693725586

 Scenario simple_spread Algo rmappo Exp reference_20260925T173510Z_880afb_ippo_w128_seed2 updates 6120/6250 episodes, total num timesteps 19587200/20000000, FPS 9881.

average episode rewards is -112.25701904296875

 Scenario simple_spread Algo rmappo Exp reference_20260925T173510Z_880afb_ippo_w128_seed2 updates 6125/6250 episodes, total num timesteps 19603200/20000000, FPS 9881.

average episode rewards is -111.52273559570312
eval average episode rewards of agent: -113.5709890863787
eval success rate: 0.95

 Scenario simple_spread Algo rmappo Exp reference_20260925T173510Z_880afb_ippo_w128_seed2 updates 6130/6250 episodes, total num timesteps 19619200/20000000, FPS 9881.

average episode rewards is -114.02276611328125

 Scenario simple_spread Algo rmappo Exp reference_20260925T173510Z_880afb_ippo_w128_seed2 updates 6135/6250 episodes, total num timesteps 19635200/20000000, FPS 9881.

average episode rewards is -113.25948333740234

 Scenario simple_spread Algo rmappo Exp reference_20260925T173510Z_880afb_ippo_w128_seed2 updates 6140/6250 episodes, total num timesteps 19651200/20000000, FPS 9881.

average episode rewards is -113.38267517089844

 Scenario simple_spread Algo rmappo Exp reference_20260925T173510Z_880afb_ippo_w128_seed2 updates 6145/6250 episodes, total num timesteps 19667200/20000000, FPS 9881.

average episode rewards is -110.77228546142578

 Scenario simple_spread Algo rmappo Exp reference_20260925T173510Z_880afb_ippo_w128_seed2 updates 6150/6250 episodes, total num timesteps 19683200/20000000, FPS 9881.

average episode rewards is -112.42581939697266
eval average episode rewards of agent: -108.05096647425584
eval success rate: 0.9

 Scenario simple_spread Algo rmappo Exp reference_20260925T173510Z_880afb_ippo_w128_seed2 updates 6155/6250 episodes, total num timesteps 19699200/20000000, FPS 9881.

average episode rewards is -110.80004119873047

 Scenario simple_spread Algo rmappo Exp reference_20260925T173510Z_880afb_ippo_w128_seed2 updates 6160/6250 episodes, total num timesteps 19715200/20000000, FPS 9880.

average episode rewards is -112.26221466064453

 Scenario simple_spread Algo rmappo Exp reference_20260925T173510Z_880afb_ippo_w128_seed2 updates 6165/6250 episodes, total num timesteps 19731200/20000000, FPS 9880.

average episode rewards is -111.44835662841797

 Scenario simple_spread Algo rmappo Exp reference_20260925T173510Z_880afb_ippo_w128_seed2 updates 6170/6250 episodes, total num timesteps 19747200/20000000, FPS 9880.

average episode rewards is -114.22453308105469

 Scenario simple_spread Algo rmappo Exp reference_20260925T173510Z_880afb_ippo_w128_seed2 updates 6175/6250 episodes, total num timesteps 19763200/20000000, FPS 9881.

average episode rewards is -113.56143951416016
eval average episode rewards of agent: -111.32390016503646
eval success rate: 0.95

 Scenario simple_spread Algo rmappo Exp reference_20260925T173510Z_880afb_ippo_w128_seed2 updates 6180/6250 episodes, total num timesteps 19779200/20000000, FPS 9880.

average episode rewards is -111.45899200439453

 Scenario simple_spread Algo rmappo Exp reference_20260925T173510Z_880afb_ippo_w128_seed2 updates 6185/6250 episodes, total num timesteps 19795200/20000000, FPS 9880.

average episode rewards is -112.94741821289062

 Scenario simple_spread Algo rmappo Exp reference_20260925T173510Z_880afb_ippo_w128_seed2 updates 6190/6250 episodes, total num timesteps 19811200/20000000, FPS 9880.

average episode rewards is -114.09322357177734

 Scenario simple_spread Algo rmappo Exp reference_20260925T173510Z_880afb_ippo_w128_seed2 updates 6195/6250 episodes, total num timesteps 19827200/20000000, FPS 9880.

average episode rewards is -113.41873168945312

 Scenario simple_spread Algo rmappo Exp reference_20260925T173510Z_880afb_ippo_w128_seed2 updates 6200/6250 episodes, total num timesteps 19843200/20000000, FPS 9880.

average episode rewards is -113.5907974243164
eval average episode rewards of agent: -112.69808684751979
eval success rate: 0.9

 Scenario simple_spread Algo rmappo Exp reference_20260925T173510Z_880afb_ippo_w128_seed2 updates 6205/6250 episodes, total num timesteps 19859200/20000000, FPS 9880.

average episode rewards is -112.06189727783203

 Scenario simple_spread Algo rmappo Exp reference_20260925T173510Z_880afb_ippo_w128_seed2 updates 6210/6250 episodes, total num timesteps 19875200/20000000, FPS 9880.

average episode rewards is -113.24591827392578

 Scenario simple_spread Algo rmappo Exp reference_20260925T173510Z_880afb_ippo_w128_seed2 updates 6215/6250 episodes, total num timesteps 19891200/20000000, FPS 9880.

average episode rewards is -113.64273071289062

 Scenario simple_spread Algo rmappo Exp reference_20260925T173510Z_880afb_ippo_w128_seed2 updates 6220/6250 episodes, total num timesteps 19907200/20000000, FPS 9880.

average episode rewards is -112.96863555908203

 Scenario simple_spread Algo rmappo Exp reference_20260925T173510Z_880afb_ippo_w128_seed2 updates 6225/6250 episodes, total num timesteps 19923200/20000000, FPS 9880.

average episode rewards is -111.2294692993164
eval average episode rewards of agent: -107.77627672475725
eval success rate: 0.95

 Scenario simple_spread Algo rmappo Exp reference_20260925T173510Z_880afb_ippo_w128_seed2 updates 6230/6250 episodes, total num timesteps 19939200/20000000, FPS 9880.

average episode rewards is -111.91780853271484

 Scenario simple_spread Algo rmappo Exp reference_20260925T173510Z_880afb_ippo_w128_seed2 updates 6235/6250 episodes, total num timesteps 19955200/20000000, FPS 9880.

average episode rewards is -111.46160125732422

 Scenario simple_spread Algo rmappo Exp reference_20260925T173510Z_880afb_ippo_w128_seed2 updates 6240/6250 episodes, total num timesteps 19971200/20000000, FPS 9880.

average episode rewards is -111.6856460571289

 Scenario simple_spread Algo rmappo Exp reference_20260925T173510Z_880afb_ippo_w128_seed2 updates 6245/6250 episodes, total num timesteps 19987200/20000000, FPS 9880.

average episode rewards is -112.1673583984375
