u are choosing to use rmappo, we set use_recurrent_policy to be True
choose to use gpu...
obs_space:  [Box([-inf -inf -inf -inf -inf -inf -inf -inf -inf -inf -inf -inf -inf -inf
 -inf -inf -inf -inf], [inf inf inf inf inf inf inf inf inf inf inf inf inf inf inf inf inf inf], (18,), float32), Box([-inf -inf -inf -inf -inf -inf -inf -inf -inf -inf -inf -inf -inf -inf
 -inf -inf -inf -inf], [inf inf inf inf inf inf inf inf inf inf inf inf inf inf inf inf inf inf], (18,), float32), Box([-inf -inf -inf -inf -inf -inf -inf -inf -inf -inf -inf -inf -inf -inf
 -inf -inf -inf -inf], [inf inf inf inf inf inf inf inf inf inf inf inf inf inf inf inf inf inf], (18,), float32)]
share_obs_space:  [Box([-inf -inf -inf -inf -inf -inf -inf -inf -inf -inf -inf -inf -inf -inf
 -inf -inf -inf -inf -inf -inf -inf -inf -inf -inf -inf -inf -inf -inf
 -inf -inf -inf -inf -inf -inf -inf -inf -inf -inf -inf -inf -inf -inf
 -inf -inf -inf -inf -inf -inf -inf -inf -inf -inf -inf -inf], [inf inf inf inf inf inf inf inf inf inf inf inf inf inf inf inf inf inf
 inf inf inf inf inf inf inf inf inf inf inf inf inf inf inf inf inf inf
 inf inf inf inf inf inf inf inf inf inf inf inf inf inf inf inf inf inf], (54,), float32), Box([-inf -inf -inf -inf -inf -inf -inf -inf -inf -inf -inf -inf -inf -inf
 -inf -inf -inf -inf -inf -inf -inf -inf -inf -inf -inf -inf -inf -inf
 -inf -inf -inf -inf -inf -inf -inf -inf -inf -inf -inf -inf -inf -inf
 -inf -inf -inf -inf -inf -inf -inf -inf -inf -inf -inf -inf], [inf inf inf inf inf inf inf inf inf inf inf inf inf inf inf inf inf inf
 inf inf inf inf inf inf inf inf inf inf inf inf inf inf inf inf inf inf
 inf inf inf inf inf inf inf inf inf inf inf inf inf inf inf inf inf inf], (54,), float32), Box([-inf -inf -inf -inf -inf -inf -inf -inf -inf -inf -inf -inf -inf -inf
 -inf -inf -inf -inf -inf -inf -inf -inf -inf -inf -inf -inf -inf -inf
 -inf -inf -inf -inf -inf -inf -inf -inf -inf -inf -inf -inf -inf -inf
 -inf -inf -inf -inf -inf -inf -inf -inf -inf -inf -inf -inf], [inf inf inf inf inf inf inf inf inf inf inf inf inf inf inf inf inf inf
 inf inf inf inf inf inf inf inf inf inf inf inf inf inf inf inf inf inf
 inf inf inf inf inf inf inf inf inf inf inf inf inf inf inf inf inf inf], (54,), float32)]
act_space:  [Discrete(5), Discrete(5), Discrete(5)]

 Scenario simple_spread Algo rmappo Exp paper_repro updates 0/6250 episodes, total num timesteps 3200/20000000, FPS 5927.

average episode rewards is -224.0366973876953
eval average episode rewards of agent: -190.10662625041115
eval success rate: 0.0

 Scenario simple_spread Algo rmappo Exp paper_repro updates 5/6250 episodes, total num timesteps 19200/20000000, FPS 8828.

average episode rewards is -192.77940368652344

 Scenario simple_spread Algo rmappo Exp paper_repro updates 10/6250 episodes, total num timesteps 35200/20000000, FPS 9587.

average episode rewards is -184.19247436523438

 Scenario simple_spread Algo rmappo Exp paper_repro updates 15/6250 episodes, total num timesteps 51200/20000000, FPS 9927.

average episode rewards is -177.38768005371094

 Scenario simple_spread Algo rmappo Exp paper_repro updates 20/6250 episodes, total num timesteps 67200/20000000, FPS 10115.

average episode rewards is -186.48341369628906

 Scenario simple_spread Algo rmappo Exp paper_repro updates 25/6250 episodes, total num timesteps 83200/20000000, FPS 10232.

average episode rewards is -175.1192169189453
eval average episode rewards of agent: -161.06143261649422
eval success rate: 0.0

 Scenario simple_spread Algo rmappo Exp paper_repro updates 30/6250 episodes, total num timesteps 99200/20000000, FPS 10265.

average episode rewards is -174.5526580810547

 Scenario simple_spread Algo rmappo Exp paper_repro updates 35/6250 episodes, total num timesteps 115200/20000000, FPS 10281.

average episode rewards is -173.6612548828125

 Scenario simple_spread Algo rmappo Exp paper_repro updates 40/6250 episodes, total num timesteps 131200/20000000, FPS 10302.

average episode rewards is -173.7755889892578

 Scenario simple_spread Algo rmappo Exp paper_repro updates 45/6250 episodes, total num timesteps 147200/20000000, FPS 10294.

average episode rewards is -172.06544494628906

 Scenario simple_spread Algo rmappo Exp paper_repro updates 50/6250 episodes, total num timesteps 163200/20000000, FPS 10270.

average episode rewards is -167.86875915527344
eval average episode rewards of agent: -173.4365699502112
eval success rate: 0.0

 Scenario simple_spread Algo rmappo Exp paper_repro updates 55/6250 episodes, total num timesteps 179200/20000000, FPS 10213.

average episode rewards is -165.80906677246094

 Scenario simple_spread Algo rmappo Exp paper_repro updates 60/6250 episodes, total num timesteps 195200/20000000, FPS 10207.

average episode rewards is -166.02354431152344

 Scenario simple_spread Algo rmappo Exp paper_repro updates 65/6250 episodes, total num timesteps 211200/20000000, FPS 10146.

average episode rewards is -164.11068725585938

 Scenario simple_spread Algo rmappo Exp paper_repro updates 70/6250 episodes, total num timesteps 227200/20000000, FPS 10149.

average episode rewards is -163.07945251464844

 Scenario simple_spread Algo rmappo Exp paper_repro updates 75/6250 episodes, total num timesteps 243200/20000000, FPS 10158.

average episode rewards is -159.78384399414062
eval average episode rewards of agent: -152.7899791266572
eval success rate: 0.0

 Scenario simple_spread Algo rmappo Exp paper_repro updates 80/6250 episodes, total num timesteps 259200/20000000, FPS 10134.

average episode rewards is -160.29244995117188

 Scenario simple_spread Algo rmappo Exp paper_repro updates 85/6250 episodes, total num timesteps 275200/20000000, FPS 10125.

average episode rewards is -159.49945068359375

 Scenario simple_spread Algo rmappo Exp paper_repro updates 90/6250 episodes, total num timesteps 291200/20000000, FPS 10119.

average episode rewards is -154.31768798828125

 Scenario simple_spread Algo rmappo Exp paper_repro updates 95/6250 episodes, total num timesteps 307200/20000000, FPS 10123.

average episode rewards is -158.51950073242188

 Scenario simple_spread Algo rmappo Exp paper_repro updates 100/6250 episodes, total num timesteps 323200/20000000, FPS 10126.

average episode rewards is -151.38674926757812
eval average episode rewards of agent: -151.38707745240157
eval success rate: 0.0

 Scenario simple_spread Algo rmappo Exp paper_repro updates 105/6250 episodes, total num timesteps 339200/20000000, FPS 10117.

average episode rewards is -152.24307250976562

 Scenario simple_spread Algo rmappo Exp paper_repro updates 110/6250 episodes, total num timesteps 355200/20000000, FPS 10112.

average episode rewards is -151.06753540039062

 Scenario simple_spread Algo rmappo Exp paper_repro updates 115/6250 episodes, total num timesteps 371200/20000000, FPS 10112.

average episode rewards is -154.58953857421875

 Scenario simple_spread Algo rmappo Exp paper_repro updates 120/6250 episodes, total num timesteps 387200/20000000, FPS 10115.

average episode rewards is -154.04107666015625

 Scenario simple_spread Algo rmappo Exp paper_repro updates 125/6250 episodes, total num timesteps 403200/20000000, FPS 10086.

average episode rewards is -150.74610900878906
eval average episode rewards of agent: -143.64921601103
eval success rate: 0.0

 Scenario simple_spread Algo rmappo Exp paper_repro updates 130/6250 episodes, total num timesteps 419200/20000000, FPS 10080.

average episode rewards is -151.25770568847656

 Scenario simple_spread Algo rmappo Exp paper_repro updates 135/6250 episodes, total num timesteps 435200/20000000, FPS 10082.

average episode rewards is -150.5476531982422

 Scenario simple_spread Algo rmappo Exp paper_repro updates 140/6250 episodes, total num timesteps 451200/20000000, FPS 10083.

average episode rewards is -148.70419311523438

 Scenario simple_spread Algo rmappo Exp paper_repro updates 145/6250 episodes, total num timesteps 467200/20000000, FPS 10078.

average episode rewards is -147.9169158935547

 Scenario simple_spread Algo rmappo Exp paper_repro updates 150/6250 episodes, total num timesteps 483200/20000000, FPS 10081.

average episode rewards is -147.31649780273438
eval average episode rewards of agent: -1
 Scenario simple_spread Algo rmappo Exp paper_repro updates 155/6250 episodes, total num timesteps 499200/20000000, FPS 4297.

average episode rewards is -151.80880737304688

 Scenario simple_spread Algo rmappo Exp paper_repro updates 160/6250 episodes, total num timesteps 515200/20000000, FPS 4287.

average episode rewards is -146.6128692626953

 Scenario simple_spread Algo rmappo Exp paper_repro updates 165/6250 episodes, total num timesteps 531200/20000000, FPS 4277.

average episode rewards is -148.95802307128906

 Scenario simple_spread Algo rmappo Exp paper_repro updates 170/6250 episodes, total num timesteps 547200/20000000, FPS 4268.

average episode rewards is -148.4210205078125

 Scenario simple_spread Algo rmappo Exp paper_repro updates 175/6250 episodes, total num timesteps 563200/20000000, FPS 4259.

average episode rewards is -145.64739990234375
eval average episode rewards of agent: -144.2179446548292
eval success rate: 0.0

 Scenario simple_spread Algo rmappo Exp paper_repro updates 180/6250 episodes, total num timesteps 579200/20000000, FPS 4245.

average episode rewards is -144.20748901367188

 Scenario simple_spread Algo rmappo Exp paper_repro updates 185/6250 episodes, total num timesteps 595200/20000000, FPS 4237.

average episode rewards is -144.75233459472656

 Scenario simple_spread Algo rmappo Exp paper_repro updates 190/6250 episodes, total num timesteps 611200/20000000, FPS 4229.

average episode rewards is -144.19503784179688

 Scenario simple_spread Algo rmappo Exp paper_repro updates 195/6250 episodes, total num timesteps 627200/20000000, FPS 4221.

average episode rewards is -142.97894287109375

 Scenario simple_spread Algo rmappo Exp paper_repro updates 200/6250 episodes, total num timesteps 643200/20000000, FPS 4216.

average episode rewards is -143.1727294921875
eval average episode rewards of agent: -147.86799076402787
eval success rate: 0.0

 Scenario simple_spread Algo rmappo Exp paper_repro updates 205/6250 episodes, total num timesteps 659200/20000000, FPS 4208.

average episode rewards is -143.74073791503906

 Scenario simple_spread Algo rmappo Exp paper_repro updates 210/6250 episodes, total num timesteps 675200/20000000, FPS 4201.

average episode rewards is -142.1766357421875

 Scenario simple_spread Algo rmappo Exp paper_repro updates 215/6250 episodes, total num timesteps 691200/20000000, FPS 4195.

average episode rewards is -138.6365966796875

 Scenario simple_spread Algo rmappo Exp paper_repro updates 220/6250 episodes, total num timesteps 707200/20000000, FPS 4190.

average episode rewards is -140.1324462890625

 Scenario simple_spread Algo rmappo Exp paper_repro updates 225/6250 episodes, total num timesteps 723200/20000000, FPS 4186.

average episode rewards is -138.79632568359375
eval average episode rewards of agent: -133.5146703462737
eval success rate: 0.0

 Scenario simple_spread Algo rmappo Exp paper_repro updates 230/6250 episodes, total num timesteps 739200/20000000, FPS 4179.

average episode rewards is -138.68328857421875

 Scenario simple_spread Algo rmappo Exp paper_repro updates 235/6250 episodes, total num timesteps 755200/20000000, FPS 4174.

average episode rewards is -138.80165100097656

 Scenario simple_spread Algo rmappo Exp paper_repro updates 240/6250 episodes, total num timesteps 771200/20000000, FPS 4167.

average episode rewards is -136.90599060058594

 Scenario simple_spread Algo rmappo Exp paper_repro updates 245/6250 episodes, total num timesteps 787200/20000000, FPS 4163.

average episode rewards is -140.12623596191406

 Scenario simple_spread Algo rmappo Exp paper_repro updates 250/6250 episodes, total num timesteps 803200/20000000, FPS 4159.

average episode rewards is -135.3293914794922
eval average episode rewards of agent: -130.89849256818277
eval success rate: 0.0

 Scenario simple_spread Algo rmappo Exp paper_repro updates 255/6250 episodes, total num timesteps 819200/20000000, FPS 4154.

average episode rewards is -141.20309448242188

 Scenario simple_spread Algo rmappo Exp paper_repro updates 260/6250 episodes, total num timesteps 835200/20000000, FPS 4150.

average episode rewards is -136.42074584960938

 Scenario simple_spread Algo rmappo Exp paper_repro updates 265/6250 episodes, total num timesteps 851200/20000000, FPS 4146.

average episode rewards is -137.85211181640625

 Scenario simple_spread Algo rmappo Exp paper_repro updates 270/6250 episodes, total num timesteps 867200/20000000, FPS 4143.

average episode rewards is -138.14645385742188

 Scenario simple_spread Algo rmappo Exp paper_repro updates 275/6250 episodes, total num timesteps 883200/20000000, FPS 4139.

average episode rewards is -135.82635498046875
eval average episode rewards of agent: -137.16019293416605
eval success rate: 0.0

 Scenario simple_spread Algo rmappo Exp paper_repro updates 280/6250 episodes, total num timesteps 899200/20000000, FPS 4135.

average episode rewards is -136.2144775390625

 Scenario simple_spread Algo rmappo Exp paper_repro updates 285/6250 episodes, total num timesteps 915200/20000000, FPS 4132.

average episode rewards is -134.0504913330078

 Scenario simple_spread Algo rmappo Exp paper_repro updates 290/6250 episodes, total num timesteps 931200/20000000, FPS 4129.

average episode rewards is -136.07083129882812

 Scenario simple_spread Algo rmappo Exp paper_repro updates 295/6250 episodes, total num timesteps 947200/20000000, FPS 4127.

average episode rewards is -135.01971435546875

 Scenario simple_spread Algo rmappo Exp paper_repro updates 300/6250 episodes, total num timesteps 963200/20000000, FPS 4122.

average episode rewards is -134.83145141601562
eval average episode rewards of agent: -129.6952871630683
eval success rate: 0.0

 Scenario simple_spread Algo rmappo Exp paper_repro updates 305/6250 episodes, total num timesteps 979200/20000000, FPS 4118.

average episode rewards is -133.50653076171875

 Scenario simple_spread Algo rmappo Exp paper_repro updates 310/6250 episodes, total num timesteps 995200/20000000, FPS 4115.

average episode rewards is -131.9435272216797

 Scenario simple_spread Algo rmappo Exp paper_repro updates 315/6250 episodes, total num timesteps 1011200/20000000, FPS 4113.

average episode rewards is -134.7350311279297

 Scenario simple_spread Algo rmappo Exp paper_repro updates 320/6250 episodes, total num timesteps 1027200/20000000, FPS 4110.

average episode rewards is -132.40354919433594

 Scenario simple_spread Algo rmappo Exp paper_repro updates 325/6250 episodes, total num timesteps 1043200/20000000, FPS 4109.

average episode rewards is -135.35610961914062
eval average episode rewards of agent: -129.53606952590755
eval success rate: 0.0

 Scenario simple_spread Algo rmappo Exp paper_repro updates 330/6250 episodes, total num timesteps 1059200/20000000, FPS 4106.

average episode rewards is -130.74851989746094

 Scenario simple_spread Algo rmappo Exp paper_repro updates 335/6250 episodes, total num timesteps 1075200/20000000, FPS 4104.

average episode rewards is -131.22494506835938

 Scenario simple_spread Algo rmappo Exp paper_repro updates 340/6250 episodes, total num timesteps 1091200/20000000, FPS 4101.

average episode rewards is -132.39639282226562

 Scenario simple_spread Algo rmappo Exp paper_repro updates 345/6250 episodes, total num timesteps 1107200/20000000, FPS 4099.

average episode rewards is -134.6475830078125

 Scenario simple_spread Algo rmappo Exp paper_repro updates 350/6250 episodes, total num timesteps 1123200/20000000, FPS 4097.

average episode rewards is -133.8712158203125
eval average episode rewards of agent: -128.51931239079678
eval success rate: 0.0

 Scenario simple_spread Algo rmappo Exp paper_repro updates 355/6250 episodes, total num timesteps 1139200/20000000, FPS 4094.

average episode rewards is -130.8570556640625

 Scenario simple_spread Algo rmappo Exp paper_repro updates 360/6250 episodes, total num timesteps 1155200/20000000, FPS 4090.

average episode rewards is -129.00904846191406

 Scenario simple_spread Algo rmappo Exp paper_repro updates 365/6250 episodes, total num timesteps 1171200/20000000, FPS 4089.

average episode rewards is -131.94944763183594

 Scenario simple_spread Algo rmappo Exp paper_repro updates 370/6250 episodes, total num timesteps 1187200/20000000, FPS 4087.

average episode rewards is -128.27362060546875

 Scenario simple_spread Algo rmappo Exp paper_repro updates 375/6250 episodes, total num timesteps 1203200/20000000, FPS 4085.

average episode rewards is -126.39163970947266
eval average episode rewards of agent: -128.79672199867997
eval success rate: 0.0

 Scenario simple_spread Algo rmappo Exp paper_repro updates 380/6250 episodes, total num timesteps 1219200/20000000, FPS 4083.

average episode rewards is -129.90664672851562

 Scenario simple_spread Algo rmappo Exp paper_repro updates 385/6250 episodes, total num timesteps 1235200/20000000, FPS 4081.

average episode rewards is -129.99423217773438

 Scenario simple_spread Algo rmappo Exp paper_repro updates 390/6250 episodes, total num timesteps 1251200/20000000, FPS 4079.

average episode rewards is -128.12806701660156

 Scenario simple_spread Algo rmappo Exp paper_repro updates 395/6250 episodes, total num timesteps 1267200/20000000, FPS 4078.

average episode rewards is -130.3762664794922

 Scenario simple_spread Algo rmappo Exp paper_repro updates 400/6250 episodes, total num timesteps 1283200/20000000, FPS 4076.

average episode rewards is -129.11102294921875
eval average episode rewards of agent: -128.68310724929594
eval success rate: 0.0

 Scenario simple_spread Algo rmappo Exp paper_repro updates 405/6250 episodes, total num timesteps 1299200/20000000, FPS 4074.

average episode rewards is -130.583251953125

 Scenario simple_spread Algo rmappo Exp paper_repro updates 410/6250 episodes, total num timesteps 1315200/20000000, FPS 4073.

average episode rewards is -130.96026611328125

 Scenario simple_spread Algo rmappo Exp paper_repro updates 415/6250 episodes, total num timesteps 1331200/20000000, FPS 4072.

average episode rewards is -125.72373962402344

 Scenario simple_spread Algo rmappo Exp paper_repro updates 420/6250 episodes, total num timesteps 1347200/20000000, FPS 4069.

average episode rewards is -125.82437896728516

 Scenario simple_spread Algo rmappo Exp paper_repro updates 425/6250 episodes, total num timesteps 1363200/20000000, FPS 4068.

average episode rewards is -130.4808807373047
eval average episode rewards of agent: -130.84574575212815
eval success rate: 0.0

 Scenario simple_spread Algo rmappo Exp paper_repro updates 430/6250 episodes, total num timesteps 1379200/20000000, FPS 4066.

average episode rewards is -127.15038299560547

 Scenario simple_spread Algo rmappo Exp paper_repro updates 435/6250 episodes, total num timesteps 1395200/20000000, FPS 4065.

average episode rewards is -129.0912628173828

 Scenario simple_spread Algo rmappo Exp paper_repro updates 440/6250 episodes, total num timesteps 1411200/20000000, FPS 4064.

average episode rewards is -127.23295593261719

 Scenario simple_spread Algo rmappo Exp paper_repro updates 445/6250 episodes, total num timesteps 1427200/20000000, FPS 4063.

average episode rewards is -126.2564926147461

 Scenario simple_spread Algo rmappo Exp paper_repro updates 450/6250 episodes, total num timesteps 1443200/20000000, FPS 4062.

average episode rewards is -128.75770568847656
eval average episode rewards of agent: -134.0086653601729
eval success rate: 0.0

 Scenario simple_spread Algo rmappo Exp paper_repro updates 455/6250 episodes, total num timesteps 1459200/20000000, FPS 4060.

average episode rewards is -128.35308837890625

 Scenario simple_spread Algo rmappo Exp paper_repro updates 460/6250 episodes, total num timesteps 1475200/20000000, FPS 4060.

average episode rewards is -126.6036376953125

 Scenario simple_spread Algo rmappo Exp paper_repro updates 465/6250 episodes, total num timesteps 1491200/20000000, FPS 4059.

average episode rewards is -125.97826385498047

 Scenario simple_spread Algo rmappo Exp paper_repro updates 470/6250 episodes, total num timesteps 1507200/20000000, FPS 4058.

average episode rewards is -128.041015625

 Scenario simple_spread Algo rmappo Exp paper_repro updates 475/6250 episodes, total num timesteps 1523200/20000000, FPS 4056.

average episode rewards is -125.26670837402344
eval average episode rewards of agent: -118.971964617856
eval success rate: 0.0

 Scenario simple_spread Algo rmappo Exp paper_repro updates 480/6250 episodes, total num timesteps 1539200/20000000, FPS 4055.

average episode rewards is -127.18238830566406

 Scenario simple_spread Algo rmappo Exp paper_repro updates 485/6250 episodes, total num timesteps 1555200/20000000, FPS 4054.

average episode rewards is -127.18646240234375

 Scenario simple_spread Algo rmappo Exp paper_repro updates 490/6250 episodes, total num timesteps 1571200/20000000, FPS 4053.

average episode rewards is -125.72630310058594

 Scenario simple_spread Algo rmappo Exp paper_repro updates 495/6250 episodes, total num timesteps 1587200/20000000, FPS 4051.

average episode rewards is -125.40304565429688

 Scenario simple_spread Algo rmappo Exp paper_repro updates 500/6250 episodes, total num timesteps 1603200/20000000, FPS 4050.

average episode rewards is -126.26557159423828
eval average episode rewards of agent: -118.54321713454648
eval success rate: 0.0

 Scenario simple_spread Algo rmappo Exp paper_repro updates 505/6250 episodes, total num timesteps 1619200/20000000, FPS 4049.

average episode rewards is -124.6551513671875

 Scenario simple_spread Algo rmappo Exp paper_repro updates 510/6250 episodes, total num timesteps 1635200/20000000, FPS 4048.

average episode rewards is -125.53087615966797

 Scenario simple_spread Algo rmappo Exp paper_repro updates 515/6250 episodes, total num timesteps 1651200/20000000, FPS 4047.

average episode rewards is -124.48465728759766

 Scenario simple_spread Algo rmappo Exp paper_repro updates 520/6250 episodes, total num timesteps 1667200/20000000, FPS 4046.

average episode rewards is -126.15473175048828

 Scenario simple_spread Algo rmappo Exp paper_repro updates 525/6250 episodes, total num timesteps 1683200/20000000, FPS 4045.

average episode rewards is -125.86712646484375
eval average episode rewards of agent: -122.31494335809157
eval success rate: 0.0

 Scenario simple_spread Algo rmappo Exp paper_repro updates 530/6250 episodes, total num timesteps 1699200/20000000, FPS 4044.

average episode rewards is -125.07672119140625

 Scenario simple_spread Algo rmappo Exp paper_repro updates 535/6250 episodes, total num timesteps 1715200/20000000, FPS 4042.

average episode rewards is -122.27250671386719

 Scenario simple_spread Algo rmappo Exp paper_repro updates 540/6250 episodes, total num timesteps 1731200/20000000, FPS 4041.

average episode rewards is -126.42532348632812

 Scenario simple_spread Algo rmappo Exp paper_repro updates 545/6250 episodes, total num timesteps 1747200/20000000, FPS 4040.

average episode rewards is -125.37174224853516

 Scenario simple_spread Algo rmappo Exp paper_repro updates 550/6250 episodes, total num timesteps 1763200/20000000, FPS 4039.

average episode rewards is -126.93917846679688
eval average episode rewards of agent: -124.60340525087368
eval success rate: 0.0

 Scenario simple_spread Algo rmappo Exp paper_repro updates 555/6250 episodes, total num timesteps 1779200/20000000, FPS 4038.

average episode rewards is -123.72805786132812

 Scenario simple_spread Algo rmappo Exp paper_repro updates 560/6250 episodes, total num timesteps 1795200/20000000, FPS 4037.

average episode rewards is -126.59395599365234

 Scenario simple_spread Algo rmappo Exp paper_repro updates 565/6250 episodes, total num timesteps 1811200/20000000, FPS 4036.

average episode rewards is -123.77005767822266

 Scenario simple_spread Algo rmappo Exp paper_repro updates 570/6250 episodes, total num timesteps 1827200/20000000, FPS 4035.

average episode rewards is -122.98580169677734

 Scenario simple_spread Algo rmappo Exp paper_repro updates 575/6250 episodes, total num timesteps 1843200/20000000, FPS 4035.

average episode rewards is -126.01176452636719
eval average episode rewards of agent: -123.2037508561893
eval success rate: 0.0

 Scenario simple_spread Algo rmappo Exp paper_repro updates 580/6250 episodes, total num timesteps 1859200/20000000, FPS 4034.

average episode rewards is -126.13924407958984

 Scenario simple_spread Algo rmappo Exp paper_repro updates 585/6250 episodes, total num timesteps 1875200/20000000, FPS 4033.

average episode rewards is -122.8918685913086

 Scenario simple_spread Algo rmappo Exp paper_repro updates 590/6250 episodes, total num timesteps 1891200/20000000, FPS 4032.

average episode rewards is -124.66083526611328

 Scenario simple_spread Algo rmappo Exp paper_repro updates 595/6250 episodes, total num timesteps 1907200/20000000, FPS 4030.

average episode rewards is -123.36854553222656

 Scenario simple_spread Algo rmappo Exp paper_repro updates 600/6250 episodes, total num timesteps 1923200/20000000, FPS 4029.

average episode rewards is -123.3331527709961
eval average episode rewards of agent: -118.7410541856236
eval success rate: 0.0

 Scenario simple_spread Algo rmappo Exp paper_repro updates 605/6250 episodes, total num timesteps 1939200/20000000, FPS 4028.

average episode rewards is -123.78170776367188

 Scenario simple_spread Algo rmappo Exp paper_repro updates 610/6250 episodes, total num timesteps 1955200/20000000, FPS 4028.

average episode rewards is -121.98013305664062

 Scenario simple_spread Algo rmappo Exp paper_repro updates 615/6250 episodes, total num timesteps 1971200/20000000, FPS 4027.

average episode rewards is -123.20114135742188

 Scenario simple_spread Algo rmappo Exp paper_repro updates 620/6250 episodes, total num timesteps 1987200/20000000, FPS 4026.

average episode rewards is -124.7853012084961

 Scenario simple_spread Algo rmappo Exp paper_repro updates 625/6250 episodes, total num timesteps 2003200/20000000, FPS 4026.

average episode rewards is -123.0329360961914
eval average episode rewards of agent: -123.16575133189598
eval success rate: 0.0

 Scenario simple_spread Algo rmappo Exp paper_repro updates 630/6250 episodes, total num timesteps 2019200/20000000, FPS 4024.

average episode rewards is -124.69181060791016

 Scenario simple_spread Algo rmappo Exp paper_repro updates 635/6250 episodes, total num timesteps 2035200/20000000, FPS 4024.

average episode rewards is -124.65171813964844

 Scenario simple_spread Algo rmappo Exp paper_repro updates 640/6250 episodes, total num timesteps 2051200/20000000, FPS 4023.

average episode rewards is -123.5763931274414

 Scenario simple_spread Algo rmappo Exp paper_repro updates 645/6250 episodes, total num timesteps 2067200/20000000, FPS 4022.

average episode rewards is -121.47721099853516

 Scenario simple_spread Algo rmappo Exp paper_repro updates 650/6250 episodes, total num timesteps 2083200/20000000, FPS 4022.

average episode rewards is -121.67918395996094
eval average episode rewards of agent: -126.67267490068153
eval success rate: 0.0

 Scenario simple_spread Algo rmappo Exp paper_repro updates 655/6250 episodes, total num timesteps 2099200/20000000, FPS 4020.

average episode rewards is -122.98883056640625

 Scenario simple_spread Algo rmappo Exp paper_repro updates 660/6250 episodes, total num timesteps 2115200/20000000, FPS 4020.

average episode rewards is -122.48026275634766

 Scenario simple_spread Algo rmappo Exp paper_repro updates 665/6250 episodes, total num timesteps 2131200/20000000, FPS 4019.

average episode rewards is -123.29010772705078

 Scenario simple_spread Algo rmappo Exp paper_repro updates 670/6250 episodes, total num timesteps 2147200/20000000, FPS 4019.

average episode rewards is -125.08568572998047

 Scenario simple_spread Algo rmappo Exp paper_repro updates 675/6250 episodes, total num timesteps 2163200/20000000, FPS 4018.

average episode rewards is -124.4969482421875
eval average episode rewards of agent: -121.60959357594355
eval success rate: 0.0

 Scenario simple_spread Algo rmappo Exp paper_repro updates 680/6250 episodes, total num timesteps 2179200/20000000, FPS 4018.

average episode rewards is -123.7091293334961

 Scenario simple_spread Algo rmappo Exp paper_repro updates 685/6250 episodes, total num timesteps 2195200/20000000, FPS 4017.

average episode rewards is -122.69656372070312

 Scenario simple_spread Algo rmappo Exp paper_repro updates 690/6250 episodes, total num timesteps 2211200/20000000, FPS 4016.

average episode rewards is -124.05220031738281

 Scenario simple_spread Algo rmappo Exp paper_repro updates 695/6250 episodes, total num timesteps 2227200/20000000, FPS 4016.

average episode rewards is -121.3094711303711

 Scenario simple_spread Algo rmappo Exp paper_repro updates 700/6250 episodes, total num timesteps 2243200/20000000, FPS 4015.

average episode rewards is -121.4349594116211
eval average episode rewards of agent: -126.60195260137475
eval success rate: 0.0

 Scenario simple_spread Algo rmappo Exp paper_repro updates 705/6250 episodes, total num timesteps 2259200/20000000, FPS 4015.

average episode rewards is -125.3626708984375

 Scenario simple_spread Algo rmappo Exp paper_repro updates 710/6250 episodes, total num timesteps 2275200/20000000, FPS 4014.

average episode rewards is -124.66181182861328

 Scenario simple_spread Algo rmappo Exp paper_repro updates 715/6250 episodes, total num timesteps 2291200/20000000, FPS 4013.

average episode rewards is -122.44141387939453

 Scenario simple_spread Algo rmappo Exp paper_repro updates 720/6250 episodes, total num timesteps 2307200/20000000, FPS 4012.

average episode rewards is -125.09256744384766

 Scenario simple_spread Algo rmappo Exp paper_repro updates 725/6250 episodes, total num timesteps 2323200/20000000, FPS 4012.

average episode rewards is -122.56266021728516
eval average episode rewards of agent: -121.95200884988317
eval success rate: 0.0

 Scenario simple_spread Algo rmappo Exp paper_repro updates 730/6250 episodes, total num timesteps 2339200/20000000, FPS 4012.

average episode rewards is -122.8337631225586

 Scenario simple_spread Algo rmappo Exp paper_repro updates 735/6250 episodes, total num timesteps 2355200/20000000, FPS 4011.

average episode rewards is -122.16517639160156

 Scenario simple_spread Algo rmappo Exp paper_repro updates 740/6250 episodes, total num timesteps 2371200/20000000, FPS 4011.

average episode rewards is -123.79320526123047

 Scenario simple_spread Algo rmappo Exp paper_repro updates 745/6250 episodes, total num timesteps 2387200/20000000, FPS 4011.

average episode rewards is -122.56058502197266

 Scenario simple_spread Algo rmappo Exp paper_repro updates 750/6250 episodes, total num timesteps 2403200/20000000, FPS 4010.

average episode rewards is -123.46678924560547
eval average episode rewards of agent: -119.25533463597107
eval success rate: 0.0

 Scenario simple_spread Algo rmappo Exp paper_repro updates 755/6250 episodes, total num timesteps 2419200/20000000, FPS 4010.

average episode rewards is -122.3653335571289

 Scenario simple_spread Algo rmappo Exp paper_repro updates 760/6250 episodes, total num timesteps 2435200/20000000, FPS 4009.

average episode rewards is -123.84886932373047

 Scenario simple_spread Algo rmappo Exp paper_repro updates 765/6250 episodes, total num timesteps 2451200/20000000, FPS 4009.

average episode rewards is -122.92601776123047

 Scenario simple_spread Algo rmappo Exp paper_repro updates 770/6250 episodes, total num timesteps 2467200/20000000, FPS 4008.

average episode rewards is -122.09928894042969

 Scenario simple_spread Algo rmappo Exp paper_repro updates 775/6250 episodes, total num timesteps 2483200/20000000, FPS 4008.

average episode rewards is -122.51323699951172
eval average episode rewards of agent: -117.14375488221945
eval success rate: 0.0

 Scenario simple_spread Algo rmappo Exp paper_repro updates 780/6250 episodes, total num timesteps 2499200/20000000, FPS 4007.

average episode rewards is -123.00300598144531

 Scenario simple_spread Algo rmappo Exp paper_repro updates 785/6250 episodes, total num timesteps 2515200/20000000, FPS 4007.

average episode rewards is -121.96269989013672

 Scenario simple_spread Algo rmappo Exp paper_repro updates 790/6250 episodes, total num timesteps 2531200/20000000, FPS 4006.

average episode rewards is -123.27015686035156

 Scenario simple_spread Algo rmappo Exp paper_repro updates 795/6250 episodes, total num timesteps 2547200/20000000, FPS 4006.

average episode rewards is -121.65705108642578

 Scenario simple_spread Algo rmappo Exp paper_repro updates 800/6250 episodes, total num timesteps 2563200/20000000, FPS 4005.

average episode rewards is -121.1563491821289
eval average episode rewards of agent: -125.89333899433069
eval success rate: 0.0

 Scenario simple_spread Algo rmappo Exp paper_repro updates 805/6250 episodes, total num timesteps 2579200/20000000, FPS 4004.

average episode rewards is -123.5916748046875

 Scenario simple_spread Algo rmappo Exp paper_repro updates 810/6250 episodes, total num timesteps 2595200/20000000, FPS 4004.

average episode rewards is -122.24871826171875

 Scenario simple_spread Algo rmappo Exp paper_repro updates 815/6250 episodes, total num timesteps 2611200/20000000, FPS 4004.

average episode rewards is -123.50938415527344

 Scenario simple_spread Algo rmappo Exp paper_repro updates 820/6250 episodes, total num timesteps 2627200/20000000, FPS 4003.

average episode rewards is -122.6501693725586

 Scenario simple_spread Algo rmappo Exp paper_repro updates 825/6250 episodes, total num timesteps 2643200/20000000, FPS 4003.

average episode rewards is -120.95394134521484
eval average episode rewards of agent: -117.50885676482864
eval success rate: 0.0

 Scenario simple_spread Algo rmappo Exp paper_repro updates 830/6250 episodes, total num timesteps 2659200/20000000, FPS 4001.

average episode rewards is -119.272216796875

 Scenario simple_spread Algo rmappo Exp paper_repro updates 835/6250 episodes, total num timesteps 2675200/20000000, FPS 4001.

average episode rewards is -119.7961196899414

 Scenario simple_spread Algo rmappo Exp paper_repro updates 840/6250 episodes, total num timesteps 2691200/20000000, FPS 4000.

average episode rewards is -121.34770202636719

 Scenario simple_spread Algo rmappo Exp paper_repro updates 845/6250 episodes, total num timesteps 2707200/20000000, FPS 4000.

average episode rewards is -120.6046142578125

 Scenario simple_spread Algo rmappo Exp paper_repro updates 850/6250 episodes, total num timesteps 2723200/20000000, FPS 3999.

average episode rewards is -121.39463806152344
eval average episode rewards of agent: -129.0606238067502
eval success rate: 0.0

 Scenario simple_spread Algo rmappo Exp paper_repro updates 855/6250 episodes, total num timesteps 2739200/20000000, FPS 3998.

average episode rewards is -121.6034164428711

 Scenario simple_spread Algo rmappo Exp paper_repro updates 860/6250 episodes, total num timesteps 2755200/20000000, FPS 3998.

average episode rewards is -119.75395965576172

 Scenario simple_spread Algo rmappo Exp paper_repro updates 865/6250 episodes, total num timesteps 2771200/20000000, FPS 3998.

average episode rewards is -121.4755859375

 Scenario simple_spread Algo rmappo Exp paper_repro updates 870/6250 episodes, total num timesteps 2787200/20000000, FPS 3997.

average episode rewards is -122.72845458984375

 Scenario simple_spread Algo rmappo Exp paper_repro updates 875/6250 episodes, total num timesteps 2803200/20000000, FPS 3997.

average episode rewards is -119.91021728515625
eval average episode rewards of agent: -123.87154424448455
eval success rate: 0.0

 Scenario simple_spread Algo rmappo Exp paper_repro updates 880/6250 episodes, total num timesteps 2819200/20000000, FPS 3996.

average episode rewards is -121.71832275390625

 Scenario simple_spread Algo rmappo Exp paper_repro updates 885/6250 episodes, total num timesteps 2835200/20000000, FPS 3996.

average episode rewards is -120.04720306396484

 Scenario simple_spread Algo rmappo Exp paper_repro updates 890/6250 episodes, total num timesteps 2851200/20000000, FPS 3995.

average episode rewards is -119.54022979736328

 Scenario simple_spread Algo rmappo Exp paper_repro updates 895/6250 episodes, total num timesteps 2867200/20000000, FPS 3994.

average episode rewards is -122.67495727539062

 Scenario simple_spread Algo rmappo Exp paper_repro updates 900/6250 episodes, total num timesteps 2883200/20000000, FPS 3994.

average episode rewards is -119.7763671875
eval average episode rewards of agent: -117.68267099604324
eval success rate: 0.0

 Scenario simple_spread Algo rmappo Exp paper_repro updates 905/6250 episodes, total num timesteps 2899200/20000000, FPS 3993.

average episode rewards is -121.47216796875

 Scenario simple_spread Algo rmappo Exp paper_repro updates 910/6250 episodes, total num timesteps 2915200/20000000, FPS 3993.

average episode rewards is -121.74593353271484

 Scenario simple_spread Algo rmappo Exp paper_repro updates 915/6250 episodes, total num timesteps 2931200/20000000, FPS 3992.

average episode rewards is -119.8905029296875

 Scenario simple_spread Algo rmappo Exp paper_repro updates 920/6250 episodes, total num timesteps 2947200/20000000, FPS 3992.

average episode rewards is -120.70816802978516

 Scenario simple_spread Algo rmappo Exp paper_repro updates 925/6250 episodes, total num timesteps 2963200/20000000, FPS 3991.

average episode rewards is -120.39053344726562
eval average episode rewards of agent: -123.49199826951501
eval success rate: 0.0

 Scenario simple_spread Algo rmappo Exp paper_repro updates 930/6250 episodes, total num timesteps 2979200/20000000, FPS 3991.

average episode rewards is -123.13304138183594

 Scenario simple_spread Algo rmappo Exp paper_repro updates 935/6250 episodes, total num timesteps 2995200/20000000, FPS 3991.

average episode rewards is -120.97147369384766

 Scenario simple_spread Algo rmappo Exp paper_repro updates 940/6250 episodes, total num timesteps 3011200/20000000, FPS 3990.

average episode rewards is -120.46083068847656

 Scenario simple_spread Algo rmappo Exp paper_repro updates 945/6250 episodes, total num timesteps 3027200/20000000, FPS 3990.

average episode rewards is -121.79940795898438

 Scenario simple_spread Algo rmappo Exp paper_repro updates 950/6250 episodes, total num timesteps 3043200/20000000, FPS 3989.

average episode rewards is -121.50707244873047
eval average episode rewards of agent: -122.37124255920664
eval success rate: 0.0

 Scenario simple_spread Algo rmappo Exp paper_repro updates 955/6250 episodes, total num timesteps 3059200/20000000, FPS 3988.

average episode rewards is -120.2935791015625

 Scenario simple_spread Algo rmappo Exp paper_repro updates 960/6250 episodes, total num timesteps 3075200/20000000, FPS 3988.

average episode rewards is -122.75201416015625

 Scenario simple_spread Algo rmappo Exp paper_repro updates 965/6250 episodes, total num timesteps 3091200/20000000, FPS 3988.

average episode rewards is -120.13441467285156

 Scenario simple_spread Algo rmappo Exp paper_repro updates 970/6250 episodes, total num timesteps 3107200/20000000, FPS 3988.

average episode rewards is -121.06534576416016

 Scenario simple_spread Algo rmappo Exp paper_repro updates 975/6250 episodes, total num timesteps 3123200/20000000, FPS 3988.

average episode rewards is -121.16947174072266
eval average episode rewards of agent: -118.71482853709945
eval success rate: 0.0

 Scenario simple_spread Algo rmappo Exp paper_repro updates 980/6250 episodes, total num timesteps 3139200/20000000, FPS 3987.

average episode rewards is -117.34707641601562

 Scenario simple_spread Algo rmappo Exp paper_repro updates 985/6250 episodes, total num timesteps 3155200/20000000, FPS 3987.

average episode rewards is -118.46516418457031

 Scenario simple_spread Algo rmappo Exp paper_repro updates 990/6250 episodes, total num timesteps 3171200/20000000, FPS 3986.

average episode rewards is -120.34770202636719

 Scenario simple_spread Algo rmappo Exp paper_repro updates 995/6250 episodes, total num timesteps 3187200/20000000, FPS 3986.

average episode rewards is -120.5789566040039

 Scenario simple_spread Algo rmappo Exp paper_repro updates 1000/6250 episodes, total num timesteps 3203200/20000000, FPS 3986.

average episode rewards is -121.481201171875
eval average episode rewards of agent: -120.67294562256637
eval success rate: 0.0

 Scenario simple_spread Algo rmappo Exp paper_repro updates 1005/6250 episodes, total num timesteps 3219200/20000000, FPS 3985.

average episode rewards is -120.23860168457031

 Scenario simple_spread Algo rmappo Exp paper_repro updates 1010/6250 episodes, total num timesteps 3235200/20000000, FPS 3985.

average episode rewards is -119.5166015625

 Scenario simple_spread Algo rmappo Exp paper_repro updates 1015/6250 episodes, total num timesteps 3251200/20000000, FPS 3984.

average episode rewards is -119.83758544921875

 Scenario simple_spread Algo rmappo Exp paper_repro updates 1020/6250 episodes, total num timesteps 3267200/20000000, FPS 3984.

average episode rewards is -121.2845230102539

 Scenario simple_spread Algo rmappo Exp paper_repro updates 1025/6250 episodes, total num timesteps 3283200/20000000, FPS 3984.

average episode rewards is -116.9732437133789
eval average episode rewards of agent: -111.44804325633724
eval success rate: 0.0

 Scenario simple_spread Algo rmappo Exp paper_repro updates 1030/6250 episodes, total num timesteps 3299200/20000000, FPS 3984.

average episode rewards is -120.73947143554688

 Scenario simple_spread Algo rmappo Exp paper_repro updates 1035/6250 episodes, total num timesteps 3315200/20000000, FPS 3983.

average episode rewards is -120.50446319580078

 Scenario simple_spread Algo rmappo Exp paper_repro updates 1040/6250 episodes, total num timesteps 3331200/20000000, FPS 3983.

average episode rewards is -120.24574279785156

 Scenario simple_spread Algo rmappo Exp paper_repro updates 1045/6250 episodes, total num timesteps 3347200/20000000, FPS 3983.

average episode rewards is -120.94501495361328

 Scenario simple_spread Algo rmappo Exp paper_repro updates 1050/6250 episodes, total num timesteps 3363200/20000000, FPS 3982.

average episode rewards is -119.38706970214844
eval average episode rewards of agent: -117.10977504360108
eval success rate: 0.0

 Scenario simple_spread Algo rmappo Exp paper_repro updates 1055/6250 episodes, total num timesteps 3379200/20000000, FPS 3982.

average episode rewards is -118.01531219482422

 Scenario simple_spread Algo rmappo Exp paper_repro updates 1060/6250 episodes, total num timesteps 3395200/20000000, FPS 3982.

average episode rewards is -122.38046264648438

 Scenario simple_spread Algo rmappo Exp paper_repro updates 1065/6250 episodes, total num timesteps 3411200/20000000, FPS 3981.

average episode rewards is -121.1491928100586

 Scenario simple_spread Algo rmappo Exp paper_repro updates 1070/6250 episodes, total num timesteps 3427200/20000000, FPS 3981.

average episode rewards is -118.7628173828125

 Scenario simple_spread Algo rmappo Exp paper_repro updates 1075/6250 episodes, total num timesteps 3443200/20000000, FPS 3980.

average episode rewards is -119.05123901367188
eval average episode rewards of agent: -109.87645064855444
eval success rate: 0.0

 Scenario simple_spread Algo rmappo Exp paper_repro updates 1080/6250 episodes, total num timesteps 3459200/20000000, FPS 3980.

average episode rewards is -120.06240844726562

 Scenario simple_spread Algo rmappo Exp paper_repro updates 1085/6250 episodes, total num timesteps 3475200/20000000, FPS 3979.

average episode rewards is -119.5349349975586

 Scenario simple_spread Algo rmappo Exp paper_repro updates 1090/6250 episodes, total num timesteps 3491200/20000000, FPS 3979.

average episode rewards is -121.34834289550781

 Scenario simple_spread Algo rmappo Exp paper_repro updates 1095/6250 episodes, total num timesteps 3507200/20000000, FPS 3979.

average episode rewards is -120.6782455444336

 Scenario simple_spread Algo rmappo Exp paper_repro updates 1100/6250 episodes, total num timesteps 3523200/20000000, FPS 3979.

average episode rewards is -120.6517105102539
eval average episode rewards of agent: -116.150095959403
eval success rate: 0.0

 Scenario simple_spread Algo rmappo Exp paper_repro updates 1105/6250 episodes, total num timesteps 3539200/20000000, FPS 3978.

average episode rewards is -119.46527099609375

 Scenario simple_spread Algo rmappo Exp paper_repro updates 1110/6250 episodes, total num timesteps 3555200/20000000, FPS 3978.

average episode rewards is -117.90505981445312

 Scenario simple_spread Algo rmappo Exp paper_repro updates 1115/6250 episodes, total num timesteps 3571200/20000000, FPS 3978.

average episode rewards is -117.14363098144531

 Scenario simple_spread Algo rmappo Exp paper_repro updates 1120/6250 episodes, total num timesteps 3587200/20000000, FPS 3978.

average episode rewards is -119.35157775878906

 Scenario simple_spread Algo rmappo Exp paper_repro updates 1125/6250 episodes, total num timesteps 3603200/20000000, FPS 3977.

average episode rewards is -118.9154281616211
eval average episode rewards of agent: -120.8937884031183
eval success rate: 0.0

 Scenario simple_spread Algo rmappo Exp paper_repro updates 1130/6250 episodes, total num timesteps 3619200/20000000, FPS 3977.

average episode rewards is -118.8735580444336

 Scenario simple_spread Algo rmappo Exp paper_repro updates 1135/6250 episodes, total num timesteps 3635200/20000000, FPS 3977.

average episode rewards is -118.60557556152344

 Scenario simple_spread Algo rmappo Exp paper_repro updates 1140/6250 episodes, total num timesteps 3651200/20000000, FPS 3977.

average episode rewards is -120.13988494873047

 Scenario simple_spread Algo rmappo Exp paper_repro updates 1145/6250 episodes, total num timesteps 3667200/20000000, FPS 3976.

average episode rewards is -116.63700103759766

 Scenario simple_spread Algo rmappo Exp paper_repro updates 1150/6250 episodes, total num timesteps 3683200/20000000, FPS 3976.

average episode rewards is -116.83113861083984
eval average episode rewards of agent: -116.76051843369117
eval success rate: 0.0

 Scenario simple_spread Algo rmappo Exp paper_repro updates 1155/6250 episodes, total num timesteps 3699200/20000000, FPS 3976.

average episode rewards is -121.92279052734375

 Scenario simple_spread Algo rmappo Exp paper_repro updates 1160/6250 episodes, total num timesteps 3715200/20000000, FPS 3976.

average episode rewards is -121.00984954833984

 Scenario simple_spread Algo rmappo Exp paper_repro updates 1165/6250 episodes, total num timesteps 3731200/20000000, FPS 3975.

average episode rewards is -119.01908111572266

 Scenario simple_spread Algo rmappo Exp paper_repro updates 1170/6250 episodes, total num timesteps 3747200/20000000, FPS 3975.

average episode rewards is -119.68818664550781

 Scenario simple_spread Algo rmappo Exp paper_repro updates 1175/6250 episodes, total num timesteps 3763200/20000000, FPS 3975.

average episode rewards is -119.37154388427734
eval average episode rewards of agent: -119.35663326230502
eval success rate: 0.0

 Scenario simple_spread Algo rmappo Exp paper_repro updates 1180/6250 episodes, total num timesteps 3779200/20000000, FPS 3975.

average episode rewards is -120.08649444580078

 Scenario simple_spread Algo rmappo Exp paper_repro updates 1185/6250 episodes, total num timesteps 3795200/20000000, FPS 3974.

average episode rewards is -120.75151062011719

 Scenario simple_spread Algo rmappo Exp paper_repro updates 1190/6250 episodes, total num timesteps 3811200/20000000, FPS 3974.

average episode rewards is -117.0024642944336

 Scenario simple_spread Algo rmappo Exp paper_repro updates 1195/6250 episodes, total num timesteps 3827200/20000000, FPS 3974.

average episode rewards is -116.8807373046875

 Scenario simple_spread Algo rmappo Exp paper_repro updates 1200/6250 episodes, total num timesteps 3843200/20000000, FPS 3973.

average episode rewards is -119.2697982788086
eval average episode rewards of agent: -122.74404220674153
eval success rate: 0.0

 Scenario simple_spread Algo rmappo Exp paper_repro updates 1205/6250 episodes, total num timesteps 3859200/20000000, FPS 3973.

average episode rewards is -118.79938507080078

 Scenario simple_spread Algo rmappo Exp paper_repro updates 1210/6250 episodes, total num timesteps 3875200/20000000, FPS 3973.

average episode rewards is -120.1645278930664

 Scenario simple_spread Algo rmappo Exp paper_repro updates 1215/6250 episodes, total num timesteps 3891200/20000000, FPS 3973.

average episode rewards is -117.28206634521484

 Scenario simple_spread Algo rmappo Exp paper_repro updates 1220/6250 episodes, total num timesteps 3907200/20000000, FPS 3972.

average episode rewards is -116.9357681274414

 Scenario simple_spread Algo rmappo Exp paper_repro updates 1225/6250 episodes, total num timesteps 3923200/20000000, FPS 3972.

average episode rewards is -116.78620910644531
eval average episode rewards of agent: -118.44129394978971
eval success rate: 0.0

 Scenario simple_spread Algo rmappo Exp paper_repro updates 1230/6250 episodes, total num timesteps 3939200/20000000, FPS 3972.

average episode rewards is -117.73284912109375

 Scenario simple_spread Algo rmappo Exp paper_repro updates 1235/6250 episodes, total num timesteps 3955200/20000000, FPS 3972.

average episode rewards is -119.27859497070312

 Scenario simple_spread Algo rmappo Exp paper_repro updates 1240/6250 episodes, total num timesteps 3971200/20000000, FPS 3971.

average episode rewards is -118.1531753540039

 Scenario simple_spread Algo rmappo Exp paper_repro updates 1245/6250 episodes, total num timesteps 3987200/20000000, FPS 3971.

average episode rewards is -120.24152374267578

 Scenario simple_spread Algo rmappo Exp paper_repro updates 1250/6250 episodes, total num timesteps 4003200/20000000, FPS 3970.

average episode rewards is -117.31868743896484
eval average episode rewards of agent: -117.07254619622537
eval success rate: 0.0

 Scenario simple_spread Algo rmappo Exp paper_repro updates 1255/6250 episodes, total num timesteps 4019200/20000000, FPS 3970.

average episode rewards is -118.29086303710938

 Scenario simple_spread Algo rmappo Exp paper_repro updates 1260/6250 episodes, total num timesteps 4035200/20000000, FPS 3970.

average episode rewards is -118.24580383300781

 Scenario simple_spread Algo rmappo Exp paper_repro updates 1265/6250 episodes, total num timesteps 4051200/20000000, FPS 3970.

average episode rewards is -117.27992248535156

 Scenario simple_spread Algo rmappo Exp paper_repro updates 1270/6250 episodes, total num timesteps 4067200/20000000, FPS 3970.

average episode rewards is -118.02754211425781

 Scenario simple_spread Algo rmappo Exp paper_repro updates 1275/6250 episodes, total num timesteps 4083200/20000000, FPS 3969.

average episode rewards is -118.04544830322266
eval average episode rewards of agent: -112.80495579435903
eval success rate: 0.0

 Scenario simple_spread Algo rmappo Exp paper_repro updates 1280/6250 episodes, total num timesteps 4099200/20000000, FPS 3969.

average episode rewards is -118.68048858642578

 Scenario simple_spread Algo rmappo Exp paper_repro updates 1285/6250 episodes, total num timesteps 4115200/20000000, FPS 3969.

average episode rewards is -117.41468048095703

 Scenario simple_spread Algo rmappo Exp paper_repro updates 1290/6250 episodes, total num timesteps 4131200/20000000, FPS 3969.

average episode rewards is -119.09728240966797

 Scenario simple_spread Algo rmappo Exp paper_repro updates 1295/6250 episodes, total num timesteps 4147200/20000000, FPS 3969.

average episode rewards is -118.07437896728516

 Scenario simple_spread Algo rmappo Exp paper_repro updates 1300/6250 episodes, total num timesteps 4163200/20000000, FPS 3969.

average episode rewards is -118.05928802490234
eval average episode rewards of agent: -117.15172887516567
eval success rate: 0.0

 Scenario simple_spread Algo rmappo Exp paper_repro updates 1305/6250 episodes, total num timesteps 4179200/20000000, FPS 3968.

average episode rewards is -119.69477081298828

 Scenario simple_spread Algo rmappo Exp paper_repro updates 1310/6250 episodes, total num timesteps 4195200/20000000, FPS 3968.

average episode rewards is -118.9912109375

 Scenario simple_spread Algo rmappo Exp paper_repro updates 1315/6250 episodes, total num timesteps 4211200/20000000, FPS 3967.

average episode rewards is -115.89251708984375

 Scenario simple_spread Algo rmappo Exp paper_repro updates 1320/6250 episodes, total num timesteps 4227200/20000000, FPS 3967.

average episode rewards is -116.36091613769531

 Scenario simple_spread Algo rmappo Exp paper_repro updates 1325/6250 episodes, total num timesteps 4243200/20000000, FPS 3967.

average episode rewards is -115.73371887207031
eval average episode rewards of agent: -116.83926184907247
eval success rate: 0.0

 Scenario simple_spread Algo rmappo Exp paper_repro updates 1330/6250 episodes, total num timesteps 4259200/20000000, FPS 3967.

average episode rewards is -119.0617446899414

 Scenario simple_spread Algo rmappo Exp paper_repro updates 1335/6250 episodes, total num timesteps 4275200/20000000, FPS 3967.

average episode rewards is -118.78547668457031

 Scenario simple_spread Algo rmappo Exp paper_repro updates 1340/6250 episodes, total num timesteps 4291200/20000000, FPS 3967.

average episode rewards is -118.7175521850586

 Scenario simple_spread Algo rmappo Exp paper_repro updates 1345/6250 episodes, total num timesteps 4307200/20000000, FPS 3966.

average episode rewards is -117.92718505859375

 Scenario simple_spread Algo rmappo Exp paper_repro updates 1350/6250 episodes, total num timesteps 4323200/20000000, FPS 3966.

average episode rewards is -117.41261291503906
eval average episode rewards of agent: -117.57131888978473
eval success rate: 0.0

 Scenario simple_spread Algo rmappo Exp paper_repro updates 1355/6250 episodes, total num timesteps 4339200/20000000, FPS 3966.

average episode rewards is -118.36143493652344

 Scenario simple_spread Algo rmappo Exp paper_repro updates 1360/6250 episodes, total num timesteps 4355200/20000000, FPS 3965.

average episode rewards is -119.68981170654297

 Scenario simple_spread Algo rmappo Exp paper_repro updates 1365/6250 episodes, total num timesteps 4371200/20000000, FPS 3965.

average episode rewards is -116.9154052734375

 Scenario simple_spread Algo rmappo Exp paper_repro updates 1370/6250 episodes, total num timesteps 4387200/20000000, FPS 3965.

average episode rewards is -115.87959289550781

 Scenario simple_spread Algo rmappo Exp paper_repro updates 1375/6250 episodes, total num timesteps 4403200/20000000, FPS 3965.

average episode rewards is -116.45948791503906
eval average episode rewards of agent: -117.48911144575077
eval success rate: 0.0

 Scenario simple_spread Algo rmappo Exp paper_repro updates 1380/6250 episodes, total num timesteps 4419200/20000000, FPS 3964.

average episode rewards is -115.96076202392578

 Scenario simple_spread Algo rmappo Exp paper_repro updates 1385/6250 episodes, total num timesteps 4435200/20000000, FPS 3964.

average episode rewards is -119.31758880615234

 Scenario simple_spread Algo rmappo Exp paper_repro updates 1390/6250 episodes, total num timesteps 4451200/20000000, FPS 3964.

average episode rewards is -117.09201049804688

 Scenario simple_spread Algo rmappo Exp paper_repro updates 1395/6250 episodes, total num timesteps 4467200/20000000, FPS 3964.

average episode rewards is -117.37700653076172

 Scenario simple_spread Algo rmappo Exp paper_repro updates 1400/6250 episodes, total num timesteps 4483200/20000000, FPS 3964.

average episode rewards is -117.2979507446289
eval average episode rewards of agent: -113.87086137601459
eval success rate: 0.0

 Scenario simple_spread Algo rmappo Exp paper_repro updates 1405/6250 episodes, total num timesteps 4499200/20000000, FPS 3963.

average episode rewards is -117.74740600585938

 Scenario simple_spread Algo rmappo Exp paper_repro updates 1410/6250 episodes, total num timesteps 4515200/20000000, FPS 3963.

average episode rewards is -116.2918930053711

 Scenario simple_spread Algo rmappo Exp paper_repro updates 1415/6250 episodes, total num timesteps 4531200/20000000, FPS 3963.

average episode rewards is -117.79854583740234

 Scenario simple_spread Algo rmappo Exp paper_repro updates 1420/6250 episodes, total num timesteps 4547200/20000000, FPS 3963.

average episode rewards is -114.54153442382812

 Scenario simple_spread Algo rmappo Exp paper_repro updates 1425/6250 episodes, total num timesteps 4563200/20000000, FPS 3962.

average episode rewards is -118.96754455566406
eval average episode rewards of agent: -117.49168021455121
eval success rate: 0.0

 Scenario simple_spread Algo rmappo Exp paper_repro updates 1430/6250 episodes, total num timesteps 4579200/20000000, FPS 3962.

average episode rewards is -117.23321533203125

 Scenario simple_spread Algo rmappo Exp paper_repro updates 1435/6250 episodes, total num timesteps 4595200/20000000, FPS 3962.

average episode rewards is -117.2053451538086

 Scenario simple_spread Algo rmappo Exp paper_repro updates 1440/6250 episodes, total num timesteps 4611200/20000000, FPS 3962.

average episode rewards is -117.26795196533203

 Scenario simple_spread Algo rmappo Exp paper_repro updates 1445/6250 episodes, total num timesteps 4627200/20000000, FPS 3961.

average episode rewards is -115.1323471069336

 Scenario simple_spread Algo rmappo Exp paper_repro updates 1450/6250 episodes, total num timesteps 4643200/20000000, FPS 3961.

average episode rewards is -116.85994720458984
eval average episode rewards of agent: -119.51717251372344
eval success rate: 0.0

 Scenario simple_spread Algo rmappo Exp paper_repro updates 1455/6250 episodes, total num timesteps 4659200/20000000, FPS 3961.

average episode rewards is -116.70442962646484

 Scenario simple_spread Algo rmappo Exp paper_repro updates 1460/6250 episodes, total num timesteps 4675200/20000000, FPS 3961.

average episode rewards is -117.67607116699219

 Scenario simple_spread Algo rmappo Exp paper_repro updates 1465/6250 episodes, total num timesteps 4691200/20000000, FPS 3961.

average episode rewards is -117.9070816040039

 Scenario simple_spread Algo rmappo Exp paper_repro updates 1470/6250 episodes, total num timesteps 4707200/20000000, FPS 3961.

average episode rewards is -117.34579467773438

 Scenario simple_spread Algo rmappo Exp paper_repro updates 1475/6250 episodes, total num timesteps 4723200/20000000, FPS 3961.

average episode rewards is -116.3568344116211
eval average episode rewards of agent: -110.33077039817753
eval success rate: 0.0

 Scenario simple_spread Algo rmappo Exp paper_repro updates 1480/6250 episodes, total num timesteps 4739200/20000000, FPS 3960.

average episode rewards is -118.35347747802734

 Scenario simple_spread Algo rmappo Exp paper_repro updates 1485/6250 episodes, total num timesteps 4755200/20000000, FPS 3960.

average episode rewards is -117.91413116455078

 Scenario simple_spread Algo rmappo Exp paper_repro updates 1490/6250 episodes, total num timesteps 4771200/20000000, FPS 3960.

average episode rewards is -115.7957763671875

 Scenario simple_spread Algo rmappo Exp paper_repro updates 1495/6250 episodes, total num timesteps 4787200/20000000, FPS 3960.

average episode rewards is -115.5593490600586

 Scenario simple_spread Algo rmappo Exp paper_repro updates 1500/6250 episodes, total num timesteps 4803200/20000000, FPS 3959.

average episode rewards is -118.14476013183594
eval average episode rewards of agent: -118.17227864950019
eval success rate: 0.0

 Scenario simple_spread Algo rmappo Exp paper_repro updates 1505/6250 episodes, total num timesteps 4819200/20000000, FPS 3959.

average episode rewards is -118.72936248779297

 Scenario simple_spread Algo rmappo Exp paper_repro updates 1510/6250 episodes, total num timesteps 4835200/20000000, FPS 3959.

average episode rewards is -116.90226745605469

 Scenario simple_spread Algo rmappo Exp paper_repro updates 1515/6250 episodes, total num timesteps 4851200/20000000, FPS 3959.

average episode rewards is -117.34342956542969

 Scenario simple_spread Algo rmappo Exp paper_repro updates 1520/6250 episodes, total num timesteps 4867200/20000000, FPS 3959.

average episode rewards is -117.83790588378906

 Scenario simple_spread Algo rmappo Exp paper_repro updates 1525/6250 episodes, total num timesteps 4883200/20000000, FPS 3958.

average episode rewards is -119.04718017578125
eval average episode rewards of agent: -109.73045791960159
eval success rate: 0.0

 Scenario simple_spread Algo rmappo Exp paper_repro updates 1530/6250 episodes, total num timesteps 4899200/20000000, FPS 3958.

average episode rewards is -116.1993637084961

 Scenario simple_spread Algo rmappo Exp paper_repro updates 1535/6250 episodes, total num timesteps 4915200/20000000, FPS 3958.

average episode rewards is -115.53010559082031

 Scenario simple_spread Algo rmappo Exp paper_repro updates 1540/6250 episodes, total num timesteps 4931200/20000000, FPS 3958.

average episode rewards is -116.73721313476562

 Scenario simple_spread Algo rmappo Exp paper_repro updates 1545/6250 episodes, total num timesteps 4947200/20000000, FPS 3957.

average episode rewards is -117.17304992675781

 Scenario simple_spread Algo rmappo Exp paper_repro updates 1550/6250 episodes, total num timesteps 4963200/20000000, FPS 3957.

average episode rewards is -115.74127960205078
eval average episode rewards of agent: -116.91352289764706
eval success rate: 0.0

 Scenario simple_spread Algo rmappo Exp paper_repro updates 1555/6250 episodes, total num timesteps 4979200/20000000, FPS 3957.

average episode rewards is -115.644775390625

 Scenario simple_spread Algo rmappo Exp paper_repro updates 1560/6250 episodes, total num timesteps 4995200/20000000, FPS 3957.

average episode rewards is -115.49714660644531

 Scenario simple_spread Algo rmappo Exp paper_repro updates 1565/6250 episodes, total num timesteps 5011200/20000000, FPS 3957.

average episode rewards is -115.56112670898438

 Scenario simple_spread Algo rmappo Exp paper_repro updates 1570/6250 episodes, total num timesteps 5027200/20000000, FPS 3957.

average episode rewards is -117.05598449707031

 Scenario simple_spread Algo rmappo Exp paper_repro updates 1575/6250 episodes, total num timesteps 5043200/20000000, FPS 3957.

average episode rewards is -118.62017822265625
eval average episode rewards of agent: -111.5628202669829
eval success rate: 0.0

 Scenario simple_spread Algo rmappo Exp paper_repro updates 1580/6250 episodes, total num timesteps 5059200/20000000, FPS 3957.

average episode rewards is -117.12702178955078

 Scenario simple_spread Algo rmappo Exp paper_repro updates 1585/6250 episodes, total num timesteps 5075200/20000000, FPS 3957.

average episode rewards is -118.08816528320312

 Scenario simple_spread Algo rmappo Exp paper_repro updates 1590/6250 episodes, total num timesteps 5091200/20000000, FPS 3957.

average episode rewards is -116.62970733642578

 Scenario simple_spread Algo rmappo Exp paper_repro updates 1595/6250 episodes, total num timesteps 5107200/20000000, FPS 3957.

average episode rewards is -115.86458587646484

 Scenario simple_spread Algo rmappo Exp paper_repro updates 1600/6250 episodes, total num timesteps 5123200/20000000, FPS 3956.

average episode rewards is -119.09788513183594
eval average episode rewards of agent: -111.40173375320846
eval success rate: 0.0

 Scenario simple_spread Algo rmappo Exp paper_repro updates 1605/6250 episodes, total num timesteps 5139200/20000000, FPS 3956.

average episode rewards is -116.7012710571289

 Scenario simple_spread Algo rmappo Exp paper_repro updates 1610/6250 episodes, total num timesteps 5155200/20000000, FPS 3956.

average episode rewards is -116.32717895507812

 Scenario simple_spread Algo rmappo Exp paper_repro updates 1615/6250 episodes, total num timesteps 5171200/20000000, FPS 3955.

average episode rewards is -119.37630462646484

 Scenario simple_spread Algo rmappo Exp paper_repro updates 1620/6250 episodes, total num timesteps 5187200/20000000, FPS 3955.

average episode rewards is -118.8309555053711

 Scenario simple_spread Algo rmappo Exp paper_repro updates 1625/6250 episodes, total num timesteps 5203200/20000000, FPS 3955.

average episode rewards is -117.95614624023438
eval average episode rewards of agent: -116.28042864309653
eval success rate: 0.0

 Scenario simple_spread Algo rmappo Exp paper_repro updates 1630/6250 episodes, total num timesteps 5219200/20000000, FPS 3955.

average episode rewards is -117.36268615722656

 Scenario simple_spread Algo rmappo Exp paper_repro updates 1635/6250 episodes, total num timesteps 5235200/20000000, FPS 3955.

average episode rewards is -116.72854614257812

 Scenario simple_spread Algo rmappo Exp paper_repro updates 1640/6250 episodes, total num timesteps 5251200/20000000, FPS 3955.

average episode rewards is -116.08731842041016

 Scenario simple_spread Algo rmappo Exp paper_repro updates 1645/6250 episodes, total num timesteps 5267200/20000000, FPS 3955.

average episode rewards is -116.53343200683594

 Scenario simple_spread Algo rmappo Exp paper_repro updates 1650/6250 episodes, total num timesteps 5283200/20000000, FPS 3955.

average episode rewards is -117.63732147216797
eval average episode rewards of agent: -115.27293720735909
eval success rate: 0.0

 Scenario simple_spread Algo rmappo Exp paper_repro updates 1655/6250 episodes, total num timesteps 5299200/20000000, FPS 3954.

average episode rewards is -115.95556640625

 Scenario simple_spread Algo rmappo Exp paper_repro updates 1660/6250 episodes, total num timesteps 5315200/20000000, FPS 3954.

average episode rewards is -116.8471908569336

 Scenario simple_spread Algo rmappo Exp paper_repro updates 1665/6250 episodes, total num timesteps 5331200/20000000, FPS 3954.

average episode rewards is -116.6701431274414

 Scenario simple_spread Algo rmappo Exp paper_repro updates 1670/6250 episodes, total num timesteps 5347200/20000000, FPS 3954.

average episode rewards is -120.75947570800781

 Scenario simple_spread Algo rmappo Exp paper_repro updates 1675/6250 episodes, total num timesteps 5363200/20000000, FPS 3954.

average episode rewards is -117.60597229003906
eval average episode rewards of agent: -114.41153275818179
eval success rate: 0.0

 Scenario simple_spread Algo rmappo Exp paper_repro updates 1680/6250 episodes, total num timesteps 5379200/20000000, FPS 3953.

average episode rewards is -115.38418579101562

 Scenario simple_spread Algo rmappo Exp paper_repro updates 1685/6250 episodes, total num timesteps 5395200/20000000, FPS 3953.

average episode rewards is -116.55408477783203

 Scenario simple_spread Algo rmappo Exp paper_repro updates 1690/6250 episodes, total num timesteps 5411200/20000000, FPS 3953.

average episode rewards is -116.95767974853516

 Scenario simple_spread Algo rmappo Exp paper_repro updates 1695/6250 episodes, total num timesteps 5427200/20000000, FPS 3953.

average episode rewards is -116.87469482421875

 Scenario simple_spread Algo rmappo Exp paper_repro updates 1700/6250 episodes, total num timesteps 5443200/20000000, FPS 3953.

average episode rewards is -117.98548889160156
eval average episode rewards of agent: -111.74854751396943
eval success rate: 0.0

 Scenario simple_spread Algo rmappo Exp paper_repro updates 1705/6250 episodes, total num timesteps 5459200/20000000, FPS 3953.

average episode rewards is -118.90331268310547

 Scenario simple_spread Algo rmappo Exp paper_repro updates 1710/6250 episodes, total num timesteps 5475200/20000000, FPS 3953.

average episode rewards is -116.63133239746094

 Scenario simple_spread Algo rmappo Exp paper_repro updates 1715/6250 episodes, total num timesteps 5491200/20000000, FPS 3953.

average episode rewards is -117.2892074584961

 Scenario simple_spread Algo rmappo Exp paper_repro updates 1720/6250 episodes, total num timesteps 5507200/20000000, FPS 3952.

average episode rewards is -118.69782257080078

 Scenario simple_spread Algo rmappo Exp paper_repro updates 1725/6250 episodes, total num timesteps 5523200/20000000, FPS 3952.

average episode rewards is -115.5673599243164
eval average episode rewards of agent: -118.26560997586867
eval success rate: 0.0

 Scenario simple_spread Algo rmappo Exp paper_repro updates 1730/6250 episodes, total num timesteps 5539200/20000000, FPS 3952.

average episode rewards is -117.43803405761719

 Scenario simple_spread Algo rmappo Exp paper_repro updates 1735/6250 episodes, total num timesteps 5555200/20000000, FPS 3952.

average episode rewards is -115.68211364746094

 Scenario simple_spread Algo rmappo Exp paper_repro updates 1740/6250 episodes, total num timesteps 5571200/20000000, FPS 3952.

average episode rewards is -114.80952453613281

 Scenario simple_spread Algo rmappo Exp paper_repro updates 1745/6250 episodes, total num timesteps 5587200/20000000, FPS 3952.

average episode rewards is -117.1946029663086

 Scenario simple_spread Algo rmappo Exp paper_repro updates 1750/6250 episodes, total num timesteps 5603200/20000000, FPS 3952.

average episode rewards is -118.54154205322266
eval average episode rewards of agent: -121.69898715280502
eval success rate: 0.0

 Scenario simple_spread Algo rmappo Exp paper_repro updates 1755/6250 episodes, total num timesteps 5619200/20000000, FPS 3951.

average episode rewards is -116.61080169677734

 Scenario simple_spread Algo rmappo Exp paper_repro updates 1760/6250 episodes, total num timesteps 5635200/20000000, FPS 3951.

average episode rewards is -121.25153350830078

 Scenario simple_spread Algo rmappo Exp paper_repro updates 1765/6250 episodes, total num timesteps 5651200/20000000, FPS 3951.

average episode rewards is -117.08396911621094

 Scenario simple_spread Algo rmappo Exp paper_repro updates 1770/6250 episodes, total num timesteps 5667200/20000000, FPS 3951.

average episode rewards is -118.03662872314453

 Scenario simple_spread Algo rmappo Exp paper_repro updates 1775/6250 episodes, total num timesteps 5683200/20000000, FPS 3951.

average episode rewards is -115.2394790649414
eval average episode rewards of agent: -118.68607489952049
eval success rate: 0.0

 Scenario simple_spread Algo rmappo Exp paper_repro updates 1780/6250 episodes, total num timesteps 5699200/20000000, FPS 3951.

average episode rewards is -115.19645690917969

 Scenario simple_spread Algo rmappo Exp paper_repro updates 1785/6250 episodes, total num timesteps 5715200/20000000, FPS 3951.

average episode rewards is -119.38726806640625

 Scenario simple_spread Algo rmappo Exp paper_repro updates 1790/6250 episodes, total num timesteps 5731200/20000000, FPS 3950.

average episode rewards is -116.4147720336914

 Scenario simple_spread Algo rmappo Exp paper_repro updates 1795/6250 episodes, total num timesteps 5747200/20000000, FPS 3950.

average episode rewards is -117.61012268066406

 Scenario simple_spread Algo rmappo Exp paper_repro updates 1800/6250 episodes, total num timesteps 5763200/20000000, FPS 3950.

average episode rewards is -113.27545928955078
eval average episode rewards of agent: -113.0313923341681
eval success rate: 0.0

 Scenario simple_spread Algo rmappo Exp paper_repro updates 1805/6250 episodes, total num timesteps 5779200/20000000, FPS 3950.

average episode rewards is -113.51689147949219

 Scenario simple_spread Algo rmappo Exp paper_repro updates 1810/6250 episodes, total num timesteps 5795200/20000000, FPS 3950.

average episode rewards is -119.05412292480469

 Scenario simple_spread Algo rmappo Exp paper_repro updates 1815/6250 episodes, total num timesteps 5811200/20000000, FPS 3950.

average episode rewards is -113.58354187011719

 Scenario simple_spread Algo rmappo Exp paper_repro updates 1820/6250 episodes, total num timesteps 5827200/20000000, FPS 3950.

average episode rewards is -117.10270690917969

 Scenario simple_spread Algo rmappo Exp paper_repro updates 1825/6250 episodes, total num timesteps 5843200/20000000, FPS 3950.

average episode rewards is -119.36128997802734
eval average episode rewards of agent: -112.38430541569988
eval success rate: 0.0

 Scenario simple_spread Algo rmappo Exp paper_repro updates 1830/6250 episodes, total num timesteps 5859200/20000000, FPS 3950.

average episode rewards is -116.77000427246094

 Scenario simple_spread Algo rmappo Exp paper_repro updates 1835/6250 episodes, total num timesteps 5875200/20000000, FPS 3950.

average episode rewards is -117.55957794189453

 Scenario simple_spread Algo rmappo Exp paper_repro updates 1840/6250 episodes, total num timesteps 5891200/20000000, FPS 3949.

average episode rewards is -116.769775390625

 Scenario simple_spread Algo rmappo Exp paper_repro updates 1845/6250 episodes, total num timesteps 5907200/20000000, FPS 3949.

average episode rewards is -116.8869857788086

 Scenario simple_spread Algo rmappo Exp paper_repro updates 1850/6250 episodes, total num timesteps 5923200/20000000, FPS 3949.

average episode rewards is -119.47088623046875
eval average episode rewards of agent: -113.89997202806995
eval success rate: 0.0

 Scenario simple_spread Algo rmappo Exp paper_repro updates 1855/6250 episodes, total num timesteps 5939200/20000000, FPS 3949.

average episode rewards is -116.42727661132812

 Scenario simple_spread Algo rmappo Exp paper_repro updates 1860/6250 episodes, total num timesteps 5955200/20000000, FPS 3949.

average episode rewards is -115.17378997802734

 Scenario simple_spread Algo rmappo Exp paper_repro updates 1865/6250 episodes, total num timesteps 5971200/20000000, FPS 3949.

average episode rewards is -114.6780014038086

 Scenario simple_spread Algo rmappo Exp paper_repro updates 1870/6250 episodes, total num timesteps 5987200/20000000, FPS 3949.

average episode rewards is -118.20789337158203

 Scenario simple_spread Algo rmappo Exp paper_repro updates 1875/6250 episodes, total num timesteps 6003200/20000000, FPS 3949.

average episode rewards is -116.57682800292969
eval average episode rewards of agent: -118.1226799687341
eval success rate: 0.0

 Scenario simple_spread Algo rmappo Exp paper_repro updates 1880/6250 episodes, total num timesteps 6019200/20000000, FPS 3948.

average episode rewards is -116.18190002441406

 Scenario simple_spread Algo rmappo Exp paper_repro updates 1885/6250 episodes, total num timesteps 6035200/20000000, FPS 3948.

average episode rewards is -116.38349151611328

 Scenario simple_spread Algo rmappo Exp paper_repro updates 1890/6250 episodes, total num timesteps 6051200/20000000, FPS 3948.

average episode rewards is -114.61665344238281

 Scenario simple_spread Algo rmappo Exp paper_repro updates 1895/6250 episodes, total num timesteps 6067200/20000000, FPS 3948.

average episode rewards is -112.62938690185547

 Scenario simple_spread Algo rmappo Exp paper_repro updates 1900/6250 episodes, total num timesteps 6083200/20000000, FPS 3948.

average episode rewards is -117.0608139038086
eval average episode rewards of agent: -113.50561914276996
eval success rate: 0.0

 Scenario simple_spread Algo rmappo Exp paper_repro updates 1905/6250 episodes, total num timesteps 6099200/20000000, FPS 3948.

average episode rewards is -115.73462677001953

 Scenario simple_spread Algo rmappo Exp paper_repro updates 1910/6250 episodes, total num timesteps 6115200/20000000, FPS 3947.

average episode rewards is -116.12619018554688

 Scenario simple_spread Algo rmappo Exp paper_repro updates 1915/6250 episodes, total num timesteps 6131200/20000000, FPS 3947.

average episode rewards is -117.23779296875

 Scenario simple_spread Algo rmappo Exp paper_repro updates 1920/6250 episodes, total num timesteps 6147200/20000000, FPS 3947.

average episode rewards is -116.65819549560547

 Scenario simple_spread Algo rmappo Exp paper_repro updates 1925/6250 episodes, total num timesteps 6163200/20000000, FPS 3947.

average episode rewards is -120.0715560913086
eval average episode rewards of agent: -111.65060626200577
eval success rate: 0.0

 Scenario simple_spread Algo rmappo Exp paper_repro updates 1930/6250 episodes, total num timesteps 6179200/20000000, FPS 3947.

average episode rewards is -113.94200134277344

 Scenario simple_spread Algo rmappo Exp paper_repro updates 1935/6250 episodes, total num timesteps 6195200/20000000, FPS 3947.

average episode rewards is -117.89891815185547

 Scenario simple_spread Algo rmappo Exp paper_repro updates 1940/6250 episodes, total num timesteps 6211200/20000000, FPS 3947.

average episode rewards is -113.76686096191406

 Scenario simple_spread Algo rmappo Exp paper_repro updates 1945/6250 episodes, total num timesteps 6227200/20000000, FPS 3947.

average episode rewards is -113.94622039794922

 Scenario simple_spread Algo rmappo Exp paper_repro updates 1950/6250 episodes, total num timesteps 6243200/20000000, FPS 3947.

average episode rewards is -114.5288314819336
eval average episode rewards of agent: -114.28880956188249
eval success rate: 0.0

 Scenario simple_spread Algo rmappo Exp paper_repro updates 1955/6250 episodes, total num timesteps 6259200/20000000, FPS 3946.

average episode rewards is -116.66688537597656

 Scenario simple_spread Algo rmappo Exp paper_repro updates 1960/6250 episodes, total num timesteps 6275200/20000000, FPS 3946.

average episode rewards is -114.72795867919922

 Scenario simple_spread Algo rmappo Exp paper_repro updates 1965/6250 episodes, total num timesteps 6291200/20000000, FPS 3946.

average episode rewards is -116.23464965820312

 Scenario simple_spread Algo rmappo Exp paper_repro updates 1970/6250 episodes, total num timesteps 6307200/20000000, FPS 3946.

average episode rewards is -115.58638763427734

 Scenario simple_spread Algo rmappo Exp paper_repro updates 1975/6250 episodes, total num timesteps 6323200/20000000, FPS 3946.

average episode rewards is -116.08619689941406
eval average episode rewards of agent: -122.63258615866526
eval success rate: 0.0

 Scenario simple_spread Algo rmappo Exp paper_repro updates 1980/6250 episodes, total num timesteps 6339200/20000000, FPS 3946.

average episode rewards is -115.43721008300781

 Scenario simple_spread Algo rmappo Exp paper_repro updates 1985/6250 episodes, total num timesteps 6355200/20000000, FPS 3945.

average episode rewards is -115.6875228881836

 Scenario simple_spread Algo rmappo Exp paper_repro updates 1990/6250 episodes, total num timesteps 6371200/20000000, FPS 3945.

average episode rewards is -115.59306335449219

 Scenario simple_spread Algo rmappo Exp paper_repro updates 1995/6250 episodes, total num timesteps 6387200/20000000, FPS 3945.

average episode rewards is -117.94789123535156

 Scenario simple_spread Algo rmappo Exp paper_repro updates 2000/6250 episodes, total num timesteps 6403200/20000000, FPS 3945.

average episode rewards is -115.19938659667969
eval average episode rewards of agent: -116.36871686324993
eval success rate: 0.0

 Scenario simple_spread Algo rmappo Exp paper_repro updates 2005/6250 episodes, total num timesteps 6419200/20000000, FPS 3945.

average episode rewards is -117.78844451904297

 Scenario simple_spread Algo rmappo Exp paper_repro updates 2010/6250 episodes, total num timesteps 6435200/20000000, FPS 3945.

average episode rewards is -113.71886444091797

 Scenario simple_spread Algo rmappo Exp paper_repro updates 2015/6250 episodes, total num timesteps 6451200/20000000, FPS 3945.

average episode rewards is -114.42815399169922

 Scenario simple_spread Algo rmappo Exp paper_repro updates 2020/6250 episodes, total num timesteps 6467200/20000000, FPS 3944.

average episode rewards is -116.6386947631836

 Scenario simple_spread Algo rmappo Exp paper_repro updates 2025/6250 episodes, total num timesteps 6483200/20000000, FPS 3944.

average episode rewards is -117.12364959716797
eval average episode rewards of agent: -116.67668458206438
eval success rate: 0.0

 Scenario simple_spread Algo rmappo Exp paper_repro updates 2030/6250 episodes, total num timesteps 6499200/20000000, FPS 3944.

average episode rewards is -114.76011657714844

 Scenario simple_spread Algo rmappo Exp paper_repro updates 2035/6250 episodes, total num timesteps 6515200/20000000, FPS 3944.

average episode rewards is -117.08550262451172

 Scenario simple_spread Algo rmappo Exp paper_repro updates 2040/6250 episodes, total num timesteps 6531200/20000000, FPS 3944.

average episode rewards is -116.22477722167969

 Scenario simple_spread Algo rmappo Exp paper_repro updates 2045/6250 episodes, total num timesteps 6547200/20000000, FPS 3944.

average episode rewards is -118.62664031982422

 Scenario simple_spread Algo rmappo Exp paper_repro updates 2050/6250 episodes, total num timesteps 6563200/20000000, FPS 3944.

average episode rewards is -116.2464828491211
eval average episode rewards of agent: -116.05862351985819
eval success rate: 0.0

 Scenario simple_spread Algo rmappo Exp paper_repro updates 2055/6250 episodes, total num timesteps 6579200/20000000, FPS 3944.

average episode rewards is -117.57337188720703

 Scenario simple_spread Algo rmappo Exp paper_repro updates 2060/6250 episodes, total num timesteps 6595200/20000000, FPS 3944.

average episode rewards is -116.98216247558594

 Scenario simple_spread Algo rmappo Exp paper_repro updates 2065/6250 episodes, total num timesteps 6611200/20000000, FPS 3943.

average episode rewards is -113.8355941772461

 Scenario simple_spread Algo rmappo Exp paper_repro updates 2070/6250 episodes, total num timesteps 6627200/20000000, FPS 3943.

average episode rewards is -115.9520492553711

 Scenario simple_spread Algo rmappo Exp paper_repro updates 2075/6250 episodes, total num timesteps 6643200/20000000, FPS 3943.

average episode rewards is -114.64269256591797
eval average episode rewards of agent: -113.8234927149625
eval success rate: 0.0

 Scenario simple_spread Algo rmappo Exp paper_repro updates 2080/6250 episodes, total num timesteps 6659200/20000000, FPS 3943.

average episode rewards is -115.85591888427734

 Scenario simple_spread Algo rmappo Exp paper_repro updates 2085/6250 episodes, total num timesteps 6675200/20000000, FPS 3943.

average episode rewards is -117.01522064208984

 Scenario simple_spread Algo rmappo Exp paper_repro updates 2090/6250 episodes, total num timesteps 6691200/20000000, FPS 3943.

average episode rewards is -117.14420318603516

 Scenario simple_spread Algo rmappo Exp paper_repro updates 2095/6250 episodes, total num timesteps 6707200/20000000, FPS 3943.

average episode rewards is -117.17852020263672

 Scenario simple_spread Algo rmappo Exp paper_repro updates 2100/6250 episodes, total num timesteps 6723200/20000000, FPS 3943.

average episode rewards is -113.84605407714844
eval average episode rewards of agent: -112.23932346569237
eval success rate: 0.0

 Scenario simple_spread Algo rmappo Exp paper_repro updates 2105/6250 episodes, total num timesteps 6739200/20000000, FPS 3942.

average episode rewards is -118.47845458984375

 Scenario simple_spread Algo rmappo Exp paper_repro updates 2110/6250 episodes, total num timesteps 6755200/20000000, FPS 3942.

average episode rewards is -114.66100311279297

 Scenario simple_spread Algo rmappo Exp paper_repro updates 2115/6250 episodes, total num timesteps 6771200/20000000, FPS 3942.

average episode rewards is -115.43893432617188

 Scenario simple_spread Algo rmappo Exp paper_repro updates 2120/6250 episodes, total num timesteps 6787200/20000000, FPS 3942.

average episode rewards is -117.8773193359375

 Scenario simple_spread Algo rmappo Exp paper_repro updates 2125/6250 episodes, total num timesteps 6803200/20000000, FPS 3942.

average episode rewards is -117.66571044921875
eval average episode rewards of agent: -118.93448486703761
eval success rate: 0.0

 Scenario simple_spread Algo rmappo Exp paper_repro updates 2130/6250 episodes, total num timesteps 6819200/20000000, FPS 3942.

average episode rewards is -115.72005462646484

 Scenario simple_spread Algo rmappo Exp paper_repro updates 2135/6250 episodes, total num timesteps 6835200/20000000, FPS 3941.

average episode rewards is -115.29722595214844

 Scenario simple_spread Algo rmappo Exp paper_repro updates 2140/6250 episodes, total num timesteps 6851200/20000000, FPS 3941.

average episode rewards is -113.25621795654297

 Scenario simple_spread Algo rmappo Exp paper_repro updates 2145/6250 episodes, total num timesteps 6867200/20000000, FPS 3941.

average episode rewards is -115.68558502197266

 Scenario simple_spread Algo rmappo Exp paper_repro updates 2150/6250 episodes, total num timesteps 6883200/20000000, FPS 3941.

average episode rewards is -116.82137298583984
eval average episode rewards of agent: -117.8238320268682
eval success rate: 0.0

 Scenario simple_spread Algo rmappo Exp paper_repro updates 2155/6250 episodes, total num timesteps 6899200/20000000, FPS 3941.

average episode rewards is -115.80681610107422

 Scenario simple_spread Algo rmappo Exp paper_repro updates 2160/6250 episodes, total num timesteps 6915200/20000000, FPS 3941.

average episode rewards is -114.5274429321289

 Scenario simple_spread Algo rmappo Exp paper_repro updates 2165/6250 episodes, total num timesteps 6931200/20000000, FPS 3941.

average episode rewards is -113.63401794433594

 Scenario simple_spread Algo rmappo Exp paper_repro updates 2170/6250 episodes, total num timesteps 6947200/20000000, FPS 3941.

average episode rewards is -117.63585662841797

 Scenario simple_spread Algo rmappo Exp paper_repro updates 2175/6250 episodes, total num timesteps 6963200/20000000, FPS 3941.

average episode rewards is -115.93525695800781
eval average episode rewards of agent: -114.8247961488848
eval success rate: 0.0

 Scenario simple_spread Algo rmappo Exp paper_repro updates 2180/6250 episodes, total num timesteps 6979200/20000000, FPS 3941.

average episode rewards is -116.02423095703125

 Scenario simple_spread Algo rmappo Exp paper_repro updates 2185/6250 episodes, total num timesteps 6995200/20000000, FPS 3941.

average episode rewards is -116.11137390136719

 Scenario simple_spread Algo rmappo Exp paper_repro updates 2190/6250 episodes, total num timesteps 7011200/20000000, FPS 3941.

average episode rewards is -115.12451171875

 Scenario simple_spread Algo rmappo Exp paper_repro updates 2195/6250 episodes, total num timesteps 7027200/20000000, FPS 3940.

average episode rewards is -115.6498794555664

 Scenario simple_spread Algo rmappo Exp paper_repro updates 2200/6250 episodes, total num timesteps 7043200/20000000, FPS 3940.

average episode rewards is -115.39743041992188
eval average episode rewards of agent: -111.01873378445408
eval success rate: 0.0

 Scenario simple_spread Algo rmappo Exp paper_repro updates 2205/6250 episodes, total num timesteps 7059200/20000000, FPS 3940.

average episode rewards is -115.4730453491211

 Scenario simple_spread Algo rmappo Exp paper_repro updates 2210/6250 episodes, total num timesteps 7075200/20000000, FPS 3940.

average episode rewards is -118.77471160888672

 Scenario simple_spread Algo rmappo Exp paper_repro updates 2215/6250 episodes, total num timesteps 7091200/20000000, FPS 3940.

average episode rewards is -116.7144546508789

 Scenario simple_spread Algo rmappo Exp paper_repro updates 2220/6250 episodes, total num timesteps 7107200/20000000, FPS 3940.

average episode rewards is -114.03411865234375

 Scenario simple_spread Algo rmappo Exp paper_repro updates 2225/6250 episodes, total num timesteps 7123200/20000000, FPS 3940.

average episode rewards is -114.93223571777344
eval average episode rewards of agent: -108.75025047394227
eval success rate: 0.0

 Scenario simple_spread Algo rmappo Exp paper_repro updates 2230/6250 episodes, total num timesteps 7139200/20000000, FPS 3940.

average episode rewards is -116.45247650146484

 Scenario simple_spread Algo rmappo Exp paper_repro updates 2235/6250 episodes, total num timesteps 7155200/20000000, FPS 3940.

average episode rewards is -119.03349304199219

 Scenario simple_spread Algo rmappo Exp paper_repro updates 2240/6250 episodes, total num timesteps 7171200/20000000, FPS 3940.

average episode rewards is -113.52201843261719

 Scenario simple_spread Algo rmappo Exp paper_repro updates 2245/6250 episodes, total num timesteps 7187200/20000000, FPS 3939.

average episode rewards is -117.36465454101562

 Scenario simple_spread Algo rmappo Exp paper_repro updates 2250/6250 episodes, total num timesteps 7203200/20000000, FPS 3939.

average episode rewards is -116.24212646484375
eval average episode rewards of agent: -117.15975275281134
eval success rate: 0.0

 Scenario simple_spread Algo rmappo Exp paper_repro updates 2255/6250 episodes, total num timesteps 7219200/20000000, FPS 3939.

average episode rewards is -117.95063018798828

 Scenario simple_spread Algo rmappo Exp paper_repro updates 2260/6250 episodes, total num timesteps 7235200/20000000, FPS 3939.

average episode rewards is -118.17186737060547

 Scenario simple_spread Algo rmappo Exp paper_repro updates 2265/6250 episodes, total num timesteps 7251200/20000000, FPS 3939.

average episode rewards is -114.00155639648438

 Scenario simple_spread Algo rmappo Exp paper_repro updates 2270/6250 episodes, total num timesteps 7267200/20000000, FPS 3939.

average episode rewards is -117.3924331665039

 Scenario simple_spread Algo rmappo Exp paper_repro updates 2275/6250 episodes, total num timesteps 7283200/20000000, FPS 3939.

average episode rewards is -114.8976821899414
eval average episode rewards of agent: -125.46570538272941
eval success rate: 0.0

 Scenario simple_spread Algo rmappo Exp paper_repro updates 2280/6250 episodes, total num timesteps 7299200/20000000, FPS 3939.

average episode rewards is -115.81133270263672

 Scenario simple_spread Algo rmappo Exp paper_repro updates 2285/6250 episodes, total num timesteps 7315200/20000000, FPS 3939.

average episode rewards is -114.49297332763672

 Scenario simple_spread Algo rmappo Exp paper_repro updates 2290/6250 episodes, total num timesteps 7331200/20000000, FPS 3938.

average episode rewards is -114.22882080078125

 Scenario simple_spread Algo rmappo Exp paper_repro updates 2295/6250 episodes, total num timesteps 7347200/20000000, FPS 3938.

average episode rewards is -116.40666961669922

 Scenario simple_spread Algo rmappo Exp paper_repro updates 2300/6250 episodes, total num timesteps 7363200/20000000, FPS 3938.

average episode rewards is -116.05133819580078
eval average episode rewards of agent: -113.292483989697
eval success rate: 0.0

 Scenario simple_spread Algo rmappo Exp paper_repro updates 2305/6250 episodes, total num timesteps 7379200/20000000, FPS 3938.

average episode rewards is -115.64385986328125

 Scenario simple_spread Algo rmappo Exp paper_repro updates 2310/6250 episodes, total num timesteps 7395200/20000000, FPS 3938.

average episode rewards is -117.2379150390625

 Scenario simple_spread Algo rmappo Exp paper_repro updates 2315/6250 episodes, total num timesteps 7411200/20000000, FPS 3938.

average episode rewards is -119.3963394165039

 Scenario simple_spread Algo rmappo Exp paper_repro updates 2320/6250 episodes, total num timesteps 7427200/20000000, FPS 3938.

average episode rewards is -115.6458740234375

 Scenario simple_spread Algo rmappo Exp paper_repro updates 2325/6250 episodes, total num timesteps 7443200/20000000, FPS 3938.

average episode rewards is -116.4327392578125
eval average episode rewards of agent: -118.21721311233082
eval success rate: 0.0

 Scenario simple_spread Algo rmappo Exp paper_repro updates 2330/6250 episodes, total num timesteps 7459200/20000000, FPS 3938.

average episode rewards is -115.0567855834961

 Scenario simple_spread Algo rmappo Exp paper_repro updates 2335/6250 episodes, total num timesteps 7475200/20000000, FPS 3938.

average episode rewards is -115.67194366455078

 Scenario simple_spread Algo rmappo Exp paper_repro updates 2340/6250 episodes, total num timesteps 7491200/20000000, FPS 3938.

average episode rewards is -114.2635498046875

 Scenario simple_spread Algo rmappo Exp paper_repro updates 2345/6250 episodes, total num timesteps 7507200/20000000, FPS 3938.

average episode rewards is -115.33206939697266

 Scenario simple_spread Algo rmappo Exp paper_repro updates 2350/6250 episodes, total num timesteps 7523200/20000000, FPS 3938.

average episode rewards is -114.7877426147461
eval average episode rewards of agent: -109.09382033706447
eval success rate: 0.0

 Scenario simple_spread Algo rmappo Exp paper_repro updates 2355/6250 episodes, total num timesteps 7539200/20000000, FPS 3937.

average episode rewards is -115.72972869873047

 Scenario simple_spread Algo rmappo Exp paper_repro updates 2360/6250 episodes, total num timesteps 7555200/20000000, FPS 3937.

average episode rewards is -115.61351013183594

 Scenario simple_spread Algo rmappo Exp paper_repro updates 2365/6250 episodes, total num timesteps 7571200/20000000, FPS 3937.

average episode rewards is -115.18124389648438

 Scenario simple_spread Algo rmappo Exp paper_repro updates 2370/6250 episodes, total num timesteps 7587200/20000000, FPS 3937.

average episode rewards is -116.1778564453125

 Scenario simple_spread Algo rmappo Exp paper_repro updates 2375/6250 episodes, total num timesteps 7603200/20000000, FPS 3937.

average episode rewards is -116.7002944946289
eval average episode rewards of agent: -120.6955296440996
eval success rate: 0.0

 Scenario simple_spread Algo rmappo Exp paper_repro updates 2380/6250 episodes, total num timesteps 7619200/20000000, FPS 3937.

average episode rewards is -114.93096160888672

 Scenario simple_spread Algo rmappo Exp paper_repro updates 2385/6250 episodes, total num timesteps 7635200/20000000, FPS 3937.

average episode rewards is -114.03944396972656

 Scenario simple_spread Algo rmappo Exp paper_repro updates 2390/6250 episodes, total num timesteps 7651200/20000000, FPS 3937.

average episode rewards is -114.96614074707031

 Scenario simple_spread Algo rmappo Exp paper_repro updates 2395/6250 episodes, total num timesteps 7667200/20000000, FPS 3937.

average episode rewards is -115.69029998779297

 Scenario simple_spread Algo rmappo Exp paper_repro updates 2400/6250 episodes, total num timesteps 7683200/20000000, FPS 3937.

average episode rewards is -116.3656005859375
eval average episode rewards of agent: -108.44440873635864
eval success rate: 0.0

 Scenario simple_spread Algo rmappo Exp paper_repro updates 2405/6250 episodes, total num timesteps 7699200/20000000, FPS 3936.

average episode rewards is -117.79522705078125

 Scenario simple_spread Algo rmappo Exp paper_repro updates 2410/6250 episodes, total num timesteps 7715200/20000000, FPS 3936.

average episode rewards is -116.8140869140625

 Scenario simple_spread Algo rmappo Exp paper_repro updates 2415/6250 episodes, total num timesteps 7731200/20000000, FPS 3936.

average episode rewards is -116.3249740600586

 Scenario simple_spread Algo rmappo Exp paper_repro updates 2420/6250 episodes, total num timesteps 7747200/20000000, FPS 3936.

average episode rewards is -115.7923812866211

 Scenario simple_spread Algo rmappo Exp paper_repro updates 2425/6250 episodes, total num timesteps 7763200/20000000, FPS 3936.

average episode rewards is -115.19114685058594
eval average episode rewards of agent: -120.83528236848353
eval success rate: 0.0

 Scenario simple_spread Algo rmappo Exp paper_repro updates 2430/6250 episodes, total num timesteps 7779200/20000000, FPS 3936.

average episode rewards is -116.9765853881836

 Scenario simple_spread Algo rmappo Exp paper_repro updates 2435/6250 episodes, total num timesteps 7795200/20000000, FPS 3936.

average episode rewards is -116.98114776611328

 Scenario simple_spread Algo rmappo Exp paper_repro updates 2440/6250 episodes, total num timesteps 7811200/20000000, FPS 3936.

average episode rewards is -116.1844253540039

 Scenario simple_spread Algo rmappo Exp paper_repro updates 2445/6250 episodes, total num timesteps 7827200/20000000, FPS 3936.

average episode rewards is -116.4662094116211

 Scenario simple_spread Algo rmappo Exp paper_repro updates 2450/6250 episodes, total num timesteps 7843200/20000000, FPS 3936.

average episode rewards is -115.64723205566406
eval average episode rewards of agent: -113.84087639589485
eval success rate: 0.0

 Scenario simple_spread Algo rmappo Exp paper_repro updates 2455/6250 episodes, total num timesteps 7859200/20000000, FPS 3935.

average episode rewards is -115.05602264404297

 Scenario simple_spread Algo rmappo Exp paper_repro updates 2460/6250 episodes, total num timesteps 7875200/20000000, FPS 3935.

average episode rewards is -115.9317398071289

 Scenario simple_spread Algo rmappo Exp paper_repro updates 2465/6250 episodes, total num timesteps 7891200/20000000, FPS 3935.

average episode rewards is -115.19477081298828

 Scenario simple_spread Algo rmappo Exp paper_repro updates 2470/6250 episodes, total num timesteps 7907200/20000000, FPS 3935.

average episode rewards is -115.56697845458984

 Scenario simple_spread Algo rmappo Exp paper_repro updates 2475/6250 episodes, total num timesteps 7923200/20000000, FPS 3935.

average episode rewards is -116.12493133544922
eval average episode rewards of agent: -113.82203444364508
eval success rate: 0.0

 Scenario simple_spread Algo rmappo Exp paper_repro updates 2480/6250 episodes, total num timesteps 7939200/20000000, FPS 3935.

average episode rewards is -114.64799499511719

 Scenario simple_spread Algo rmappo Exp paper_repro updates 2485/6250 episodes, total num timesteps 7955200/20000000, FPS 3935.

average episode rewards is -116.1325912475586

 Scenario simple_spread Algo rmappo Exp paper_repro updates 2490/6250 episodes, total num timesteps 7971200/20000000, FPS 3935.

average episode rewards is -116.62157440185547

 Scenario simple_spread Algo rmappo Exp paper_repro updates 2495/6250 episodes, total num timesteps 7987200/20000000, FPS 3935.

average episode rewards is -116.4235610961914

 Scenario simple_spread Algo rmappo Exp paper_repro updates 2500/6250 episodes, total num timesteps 8003200/20000000, FPS 3935.

average episode rewards is -114.2782211303711
eval average episode rewards of agent: -120.45142254417192
eval success rate: 0.0

 Scenario simple_spread Algo rmappo Exp paper_repro updates 2505/6250 episodes, total num timesteps 8019200/20000000, FPS 3935.

average episode rewards is -113.37833404541016

 Scenario simple_spread Algo rmappo Exp paper_repro updates 2510/6250 episodes, total num timesteps 8035200/20000000, FPS 3934.

average episode rewards is -116.22416687011719

 Scenario simple_spread Algo rmappo Exp paper_repro updates 2515/6250 episodes, total num timesteps 8051200/20000000, FPS 3934.

average episode rewards is -116.33817291259766

 Scenario simple_spread Algo rmappo Exp paper_repro updates 2520/6250 episodes, total num timesteps 8067200/20000000, FPS 3934.

average episode rewards is -116.32151794433594

 Scenario simple_spread Algo rmappo Exp paper_repro updates 2525/6250 episodes, total num timesteps 8083200/20000000, FPS 3934.

average episode rewards is -115.98812103271484
eval average episode rewards of agent: -115.48103822746633
eval success rate: 0.0

 Scenario simple_spread Algo rmappo Exp paper_repro updates 2530/6250 episodes, total num timesteps 8099200/20000000, FPS 3934.

average episode rewards is -115.71580505371094

 Scenario simple_spread Algo rmappo Exp paper_repro updates 2535/6250 episodes, total num timesteps 8115200/20000000, FPS 3934.

average episode rewards is -116.48548889160156

 Scenario simple_spread Algo rmappo Exp paper_repro updates 2540/6250 episodes, total num timesteps 8131200/20000000, FPS 3934.

average episode rewards is -116.51607513427734

 Scenario simple_spread Algo rmappo Exp paper_repro updates 2545/6250 episodes, total num timesteps 8147200/20000000, FPS 3934.

average episode rewards is -118.4032211303711

 Scenario simple_spread Algo rmappo Exp paper_repro updates 2550/6250 episodes, total num timesteps 8163200/20000000, FPS 3934.

average episode rewards is -115.611328125
eval average episode rewards of agent: -113.68713588306711
eval success rate: 0.0

 Scenario simple_spread Algo rmappo Exp paper_repro updates 2555/6250 episodes, total num timesteps 8179200/20000000, FPS 3934.

average episode rewards is -115.66249084472656

 Scenario simple_spread Algo rmappo Exp paper_repro updates 2560/6250 episodes, total num timesteps 8195200/20000000, FPS 3935.

average episode rewards is -115.20873260498047

 Scenario simple_spread Algo rmappo Exp paper_repro updates 2565/6250 episodes, total num timesteps 8211200/20000000, FPS 3936.

average episode rewards is -113.787841796875

 Scenario simple_spread Algo rmappo Exp paper_repro updates 2570/6250 episodes, total num timesteps 8227200/20000000, FPS 3937.

average episode rewards is -115.1553955078125

 Scenario simple_spread Algo rmappo Exp paper_repro updates 2575/6250 episodes, total num timesteps 8243200/20000000, FPS 3938.

average episode rewards is -117.76306915283203
eval average episode rewards of agent: -111.55014478740405
eval success rate: 0.0

 Scenario simple_spread Algo rmappo Exp paper_repro updates 2580/6250 episodes, total num timesteps 8259200/20000000, FPS 3938.

average episode rewards is -115.2553939819336

 Scenario simple_spread Algo rmappo Exp paper_repro updates 2585/6250 episodes, total num timesteps 8275200/20000000, FPS 3939.

average episode rewards is -116.07966613769531

 Scenario simple_spread Algo rmappo Exp paper_repro updates 2590/6250 episodes, total num timesteps 8291200/20000000, FPS 3940.

average episode rewards is -114.50250244140625

 Scenario simple_spread Algo rmappo Exp paper_repro updates 2595/6250 episodes, total num timesteps 8307200/20000000, FPS 3941.

average episode rewards is -116.46096801757812

 Scenario simple_spread Algo rmappo Exp paper_repro updates 2600/6250 episodes, total num timesteps 8323200/20000000, FPS 3942.

average episode rewards is -115.43327331542969
eval average episode rewards of agent: -107.6824955453029
eval success rate: 0.0

 Scenario simple_spread Algo rmappo Exp paper_repro updates 2605/6250 episodes, total num timesteps 8339200/20000000, FPS 3943.

average episode rewards is -116.336181640625

 Scenario simple_spread Algo rmappo Exp paper_repro updates 2610/6250 episodes, total num timesteps 8355200/20000000, FPS 3944.

average episode rewards is -116.64161682128906

 Scenario simple_spread Algo rmappo Exp paper_repro updates 2615/6250 episodes, total num timesteps 8371200/20000000, FPS 3945.

average episode rewards is -115.71678161621094

 Scenario simple_spread Algo rmappo Exp paper_repro updates 2620/6250 episodes, total num timesteps 8387200/20000000, FPS 3946.

average episode rewards is -113.70259857177734

 Scenario simple_spread Algo rmappo Exp paper_repro updates 2625/6250 episodes, total num timesteps 8403200/20000000, FPS 3947.

average episode rewards is -114.5456771850586
eval average episode rewards of agent: -114.69050500697927
eval success rate: 0.0

 Scenario simple_spread Algo rmappo Exp paper_repro updates 2630/6250 episodes, total num timesteps 8419200/20000000, FPS 3948.

average episode rewards is -115.50220489501953

 Scenario simple_spread Algo rmappo Exp paper_repro updates 2635/6250 episodes, total num timesteps 8435200/20000000, FPS 3949.

average episode rewards is -115.38607025146484

 Scenario simple_spread Algo rmappo Exp paper_repro updates 2640/6250 episodes, total num timesteps 8451200/20000000, FPS 3950.

average episode rewards is -115.53937530517578

 Scenario simple_spread Algo rmappo Exp paper_repro updates 2645/6250 episodes, total num timesteps 8467200/20000000, FPS 3951.

average episode rewards is -112.86453247070312

 Scenario simple_spread Algo rmappo Exp paper_repro updates 2650/6250 episodes, total num timesteps 8483200/20000000, FPS 3952.

average episode rewards is -115.3809814453125
eval average episode rewards of agent: -113.48976727498945
eval success rate: 0.0

 Scenario simple_spread Algo rmappo Exp paper_repro updates 2655/6250 episodes, total num timesteps 8499200/20000000, FPS 3953.

average episode rewards is -115.2069091796875

 Scenario simple_spread Algo rmappo Exp paper_repro updates 2660/6250 episodes, total num timesteps 8515200/20000000, FPS 3953.

average episode rewards is -117.0283432006836

 Scenario simple_spread Algo rmappo Exp paper_repro updates 2665/6250 episodes, total num timesteps 8531200/20000000, FPS 3954.

average episode rewards is -115.47715759277344

 Scenario simple_spread Algo rmappo Exp paper_repro updates 2670/6250 episodes, total num timesteps 8547200/20000000, FPS 3955.

average episode rewards is -116.2648696899414

 Scenario simple_spread Algo rmappo Exp paper_repro updates 2675/6250 episodes, total num timesteps 8563200/20000000, FPS 3956.

average episode rewards is -114.39280700683594
eval average episode rewards of agent: -121.33683579155014
eval success rate: 0.0

 Scenario simple_spread Algo rmappo Exp paper_repro updates 2680/6250 episodes, total num timesteps 8579200/20000000, FPS 3957.

average episode rewards is -115.501953125

 Scenario simple_spread Algo rmappo Exp paper_repro updates 2685/6250 episodes, total num timesteps 8595200/20000000, FPS 3958.

average episode rewards is -118.01969146728516

 Scenario simple_spread Algo rmappo Exp paper_repro updates 2690/6250 episodes, total num timesteps 8611200/20000000, FPS 3959.

average episode rewards is -117.0008544921875

 Scenario simple_spread Algo rmappo Exp paper_repro updates 2695/6250 episodes, total num timesteps 8627200/20000000, FPS 3960.

average episode rewards is -116.65736389160156

 Scenario simple_spread Algo rmappo Exp paper_repro updates 2700/6250 episodes, total num timesteps 8643200/20000000, FPS 3961.

average episode rewards is -115.1907958984375
eval average episode rewards of agent: -117.96407732922931
eval success rate: 0.0

 Scenario simple_spread Algo rmappo Exp paper_repro updates 2705/6250 episodes, total num timesteps 8659200/20000000, FPS 3961.

average episode rewards is -116.29863739013672

 Scenario simple_spread Algo rmappo Exp paper_repro updates 2710/6250 episodes, total num timesteps 8675200/20000000, FPS 3962.

average episode rewards is -115.33226776123047

 Scenario simple_spread Algo rmappo Exp paper_repro updates 2715/6250 episodes, total num timesteps 8691200/20000000, FPS 3963.

average episode rewards is -114.67357635498047

 Scenario simple_spread Algo rmappo Exp paper_repro updates 2720/6250 episodes, total num timesteps 8707200/20000000, FPS 3964.

average episode rewards is -112.59684753417969

 Scenario simple_spread Algo rmappo Exp paper_repro updates 2725/6250 episodes, total num timesteps 8723200/20000000, FPS 3965.

average episode rewards is -112.14928436279297
eval average episode rewards of agent: -119.5817600233108
eval success rate: 0.0

 Scenario simple_spread Algo rmappo Exp paper_repro updates 2730/6250 episodes, total num timesteps 8739200/20000000, FPS 3966.

average episode rewards is -114.53526306152344

 Scenario simple_spread Algo rmappo Exp paper_repro updates 2735/6250 episodes, total num timesteps 8755200/20000000, FPS 3967.

average episode rewards is -114.59938049316406

 Scenario simple_spread Algo rmappo Exp paper_repro updates 2740/6250 episodes, total num timesteps 8771200/20000000, FPS 3968.

average episode rewards is -112.26933288574219

 Scenario simple_spread Algo rmappo Exp paper_repro updates 2745/6250 episodes, total num timesteps 8787200/20000000, FPS 3969.

average episode rewards is -114.67073822021484

 Scenario simple_spread Algo rmappo Exp paper_repro updates 2750/6250 episodes, total num timesteps 8803200/20000000, FPS 3970.

average episode rewards is -114.46033477783203
eval average episode rewards of agent: -113.66002896445453
eval success rate: 0.0

 Scenario simple_spread Algo rmappo Exp paper_repro updates 2755/6250 episodes, total num timesteps 8819200/20000000, FPS 3970.

average episode rewards is -116.3879165649414

 Scenario simple_spread Algo rmappo Exp paper_repro updates 2760/6250 episodes, total num timesteps 8835200/20000000, FPS 3971.

average episode rewards is -114.21932220458984

 Scenario simple_spread Algo rmappo Exp paper_repro updates 2765/6250 episodes, total num timesteps 8851200/20000000, FPS 3972.

average episode rewards is -114.46583557128906

 Scenario simple_spread Algo rmappo Exp paper_repro updates 2770/6250 episodes, total num timesteps 8867200/20000000, FPS 3973.

average episode rewards is -112.79120635986328

 Scenario simple_spread Algo rmappo Exp paper_repro updates 2775/6250 episodes, total num timesteps 8883200/20000000, FPS 3974.

average episode rewards is -113.65957641601562
eval average episode rewards of agent: -110.78158460217614
eval success rate: 0.0

 Scenario simple_spread Algo rmappo Exp paper_repro updates 2780/6250 episodes, total num timesteps 8899200/20000000, FPS 3975.

average episode rewards is -116.31391143798828

 Scenario simple_spread Algo rmappo Exp paper_repro updates 2785/6250 episodes, total num timesteps 8915200/20000000, FPS 3976.

average episode rewards is -114.55883026123047

 Scenario simple_spread Algo rmappo Exp paper_repro updates 2790/6250 episodes, total num timesteps 8931200/20000000, FPS 3976.

average episode rewards is -116.75747680664062

 Scenario simple_spread Algo rmappo Exp paper_repro updates 2795/6250 episodes, total num timesteps 8947200/20000000, FPS 3977.

average episode rewards is -116.06370544433594

 Scenario simple_spread Algo rmappo Exp paper_repro updates 2800/6250 episodes, total num timesteps 8963200/20000000, FPS 3978.

average episode rewards is -114.0330581665039
eval average episode rewards of agent: -112.11413062097749
eval success rate: 0.0

 Scenario simple_spread Algo rmappo Exp paper_repro updates 2805/6250 episodes, total num timesteps 8979200/20000000, FPS 3979.

average episode rewards is -113.71336364746094

 Scenario simple_spread Algo rmappo Exp paper_repro updates 2810/6250 episodes, total num timesteps 8995200/20000000, FPS 3980.

average episode rewards is -115.35973358154297

 Scenario simple_spread Algo rmappo Exp paper_repro updates 2815/6250 episodes, total num timesteps 9011200/20000000, FPS 3981.

average episode rewards is -113.9089126586914

 Scenario simple_spread Algo rmappo Exp paper_repro updates 2820/6250 episodes, total num timesteps 9027200/20000000, FPS 3982.

average episode rewards is -114.15831756591797

 Scenario simple_spread Algo rmappo Exp paper_repro updates 2825/6250 episodes, total num timesteps 9043200/20000000, FPS 3982.

average episode rewards is -116.40503692626953
eval average episode rewards of agent: -113.31735520870612
eval success rate: 0.0

 Scenario simple_spread Algo rmappo Exp paper_repro updates 2830/6250 episodes, total num timesteps 9059200/20000000, FPS 3983.

average episode rewards is -114.62271118164062

 Scenario simple_spread Algo rmappo Exp paper_repro updates 2835/6250 episodes, total num timesteps 9075200/20000000, FPS 3984.

average episode rewards is -115.67393493652344

 Scenario simple_spread Algo rmappo Exp paper_repro updates 2840/6250 episodes, total num timesteps 9091200/20000000, FPS 3985.

average episode rewards is -113.91777801513672

 Scenario simple_spread Algo rmappo Exp paper_repro updates 2845/6250 episodes, total num timesteps 9107200/20000000, FPS 3986.

average episode rewards is -115.510009765625

 Scenario simple_spread Algo rmappo Exp paper_repro updates 2850/6250 episodes, total num timesteps 9123200/20000000, FPS 3987.

average episode rewards is -115.392578125
eval average episode rewards of agent: -113.3560607523943
eval success rate: 0.0

 Scenario simple_spread Algo rmappo Exp paper_repro updates 2855/6250 episodes, total num timesteps 9139200/20000000, FPS 3987.

average episode rewards is -113.5576400756836

 Scenario simple_spread Algo rmappo Exp paper_repro updates 2860/6250 episodes, total num timesteps 9155200/20000000, FPS 3988.

average episode rewards is -115.9677963256836

 Scenario simple_spread Algo rmappo Exp paper_repro updates 2865/6250 episodes, total num timesteps 9171200/20000000, FPS 3989.

average episode rewards is -114.2568359375

 Scenario simple_spread Algo rmappo Exp paper_repro updates 2870/6250 episodes, total num timesteps 9187200/20000000, FPS 3990.

average episode rewards is -114.78054809570312

 Scenario simple_spread Algo rmappo Exp paper_repro updates 2875/6250 episodes, total num timesteps 9203200/20000000, FPS 3991.

average episode rewards is -115.94852447509766
eval average episode rewards of agent: -113.28810889188661
eval success rate: 0.0

 Scenario simple_spread Algo rmappo Exp paper_repro updates 2880/6250 episodes, total num timesteps 9219200/20000000, FPS 3991.

average episode rewards is -115.64436340332031

 Scenario simple_spread Algo rmappo Exp paper_repro updates 2885/6250 episodes, total num timesteps 9235200/20000000, FPS 3992.

average episode rewards is -114.6529541015625

 Scenario simple_spread Algo rmappo Exp paper_repro updates 2890/6250 episodes, total num timesteps 9251200/20000000, FPS 3993.

average episode rewards is -115.03594970703125

 Scenario simple_spread Algo rmappo Exp paper_repro updates 2895/6250 episodes, total num timesteps 9267200/20000000, FPS 3994.

average episode rewards is -117.2352523803711

 Scenario simple_spread Algo rmappo Exp paper_repro updates 2900/6250 episodes, total num timesteps 9283200/20000000, FPS 3995.

average episode rewards is -113.73136901855469
eval average episode rewards of agent: -114.81448173625236
eval success rate: 0.0

 Scenario simple_spread Algo rmappo Exp paper_repro updates 2905/6250 episodes, total num timesteps 9299200/20000000, FPS 3995.

average episode rewards is -116.4230728149414

 Scenario simple_spread Algo rmappo Exp paper_repro updates 2910/6250 episodes, total num timesteps 9315200/20000000, FPS 3996.

average episode rewards is -116.3558349609375

 Scenario simple_spread Algo rmappo Exp paper_repro updates 2915/6250 episodes, total num timesteps 9331200/20000000, FPS 3997.

average episode rewards is -118.37132263183594

 Scenario simple_spread Algo rmappo Exp paper_repro updates 2920/6250 episodes, total num timesteps 9347200/20000000, FPS 3998.

average episode rewards is -117.86946105957031

 Scenario simple_spread Algo rmappo Exp paper_repro updates 2925/6250 episodes, total num timesteps 9363200/20000000, FPS 3999.

average episode rewards is -113.78523254394531
eval average episode rewards of agent: -111.78170652195743
eval success rate: 0.0

 Scenario simple_spread Algo rmappo Exp paper_repro updates 2930/6250 episodes, total num timesteps 9379200/20000000, FPS 3999.

average episode rewards is -114.27754211425781

 Scenario simple_spread Algo rmappo Exp paper_repro updates 2935/6250 episodes, total num timesteps 9395200/20000000, FPS 4000.

average episode rewards is -115.99651336669922

 Scenario simple_spread Algo rmappo Exp paper_repro updates 2940/6250 episodes, total num timesteps 9411200/20000000, FPS 4001.

average episode rewards is -115.85924530029297

 Scenario simple_spread Algo rmappo Exp paper_repro updates 2945/6250 episodes, total num timesteps 9427200/20000000, FPS 4002.

average episode rewards is -112.89112854003906

 Scenario simple_spread Algo rmappo Exp paper_repro updates 2950/6250 episodes, total num timesteps 9443200/20000000, FPS 4003.

average episode rewards is -115.48220825195312
eval average episode rewards of agent: -116.20398994388252
eval success rate: 0.0

 Scenario simple_spread Algo rmappo Exp paper_repro updates 2955/6250 episodes, total num timesteps 9459200/20000000, FPS 4003.

average episode rewards is -115.50032806396484

 Scenario simple_spread Algo rmappo Exp paper_repro updates 2960/6250 episodes, total num timesteps 9475200/20000000, FPS 4004.

average episode rewards is -118.27352142333984

 Scenario simple_spread Algo rmappo Exp paper_repro updates 2965/6250 episodes, total num timesteps 9491200/20000000, FPS 4005.

average episode rewards is -115.37040710449219

 Scenario simple_spread Algo rmappo Exp paper_repro updates 2970/6250 episodes, total num timesteps 9507200/20000000, FPS 4006.

average episode rewards is -118.56507110595703

 Scenario simple_spread Algo rmappo Exp paper_repro updates 2975/6250 episodes, total num timesteps 9523200/20000000, FPS 4006.

average episode rewards is -114.3685302734375
eval average episode rewards of agent: -114.54971446182594
eval success rate: 0.0

 Scenario simple_spread Algo rmappo Exp paper_repro updates 2980/6250 episodes, total num timesteps 9539200/20000000, FPS 4007.

average episode rewards is -116.0356674194336

 Scenario simple_spread Algo rmappo Exp paper_repro updates 2985/6250 episodes, total num timesteps 9555200/20000000, FPS 4008.

average episode rewards is -114.42916107177734

 Scenario simple_spread Algo rmappo Exp paper_repro updates 2990/6250 episodes, total num timesteps 9571200/20000000, FPS 4009.

average episode rewards is -115.82201385498047

 Scenario simple_spread Algo rmappo Exp paper_repro updates 2995/6250 episodes, total num timesteps 9587200/20000000, FPS 4010.

average episode rewards is -116.09236145019531

 Scenario simple_spread Algo rmappo Exp paper_repro updates 3000/6250 episodes, total num timesteps 9603200/20000000, FPS 4010.

average episode rewards is -113.18943786621094
eval average episode rewards of agent: -111.87945719497871
eval success rate: 0.0

 Scenario simple_spread Algo rmappo Exp paper_repro updates 3005/6250 episodes, total num timesteps 9619200/20000000, FPS 4011.

average episode rewards is -114.07911682128906

 Scenario simple_spread Algo rmappo Exp paper_repro updates 3010/6250 episodes, total num timesteps 9635200/20000000, FPS 4012.

average episode rewards is -116.63223266601562

 Scenario simple_spread Algo rmappo Exp paper_repro updates 3015/6250 episodes, total num timesteps 9651200/20000000, FPS 4013.

average episode rewards is -116.47574615478516

 Scenario simple_spread Algo rmappo Exp paper_repro updates 3020/6250 episodes, total num timesteps 9667200/20000000, FPS 4013.

average episode rewards is -113.67681884765625

 Scenario simple_spread Algo rmappo Exp paper_repro updates 3025/6250 episodes, total num timesteps 9683200/20000000, FPS 4014.

average episode rewards is -115.16049194335938
eval average episode rewards of agent: -115.90959182370662
eval success rate: 0.0

 Scenario simple_spread Algo rmappo Exp paper_repro updates 3030/6250 episodes, total num timesteps 9699200/20000000, FPS 4015.

average episode rewards is -116.43502807617188

 Scenario simple_spread Algo rmappo Exp paper_repro updates 3035/6250 episodes, total num timesteps 9715200/20000000, FPS 4016.

average episode rewards is -114.53649139404297

 Scenario simple_spread Algo rmappo Exp paper_repro updates 3040/6250 episodes, total num timesteps 9731200/20000000, FPS 4016.

average episode rewards is -112.36485290527344

 Scenario simple_spread Algo rmappo Exp paper_repro updates 3045/6250 episodes, total num timesteps 9747200/20000000, FPS 4017.

average episode rewards is -115.56209564208984

 Scenario simple_spread Algo rmappo Exp paper_repro updates 3050/6250 episodes, total num timesteps 9763200/20000000, FPS 4018.

average episode rewards is -115.8593978881836
eval average episode rewards of agent: -111.79572716363415
eval success rate: 0.0

 Scenario simple_spread Algo rmappo Exp paper_repro updates 3055/6250 episodes, total num timesteps 9779200/20000000, FPS 4019.

average episode rewards is -115.75357818603516

 Scenario simple_spread Algo rmappo Exp paper_repro updates 3060/6250 episodes, total num timesteps 9795200/20000000, FPS 4019.

average episode rewards is -115.10388946533203

 Scenario simple_spread Algo rmappo Exp paper_repro updates 3065/6250 episodes, total num timesteps 9811200/20000000, FPS 4020.

average episode rewards is -115.460693359375

 Scenario simple_spread Algo rmappo Exp paper_repro updates 3070/6250 episodes, total num timesteps 9827200/20000000, FPS 4021.

average episode rewards is -114.30962371826172

 Scenario simple_spread Algo rmappo Exp paper_repro updates 3075/6250 episodes, total num timesteps 9843200/20000000, FPS 4022.

average episode rewards is -116.53264617919922
eval average episode rewards of agent: -112.80661192212783
eval success rate: 0.0

 Scenario simple_spread Algo rmappo Exp paper_repro updates 3080/6250 episodes, total num timesteps 9859200/20000000, FPS 4022.

average episode rewards is -116.50971984863281

 Scenario simple_spread Algo rmappo Exp paper_repro updates 3085/6250 episodes, total num timesteps 9875200/20000000, FPS 4023.

average episode rewards is -114.50559997558594

 Scenario simple_spread Algo rmappo Exp paper_repro updates 3090/6250 episodes, total num timesteps 9891200/20000000, FPS 4024.

average episode rewards is -113.2650146484375

 Scenario simple_spread Algo rmappo Exp paper_repro updates 3095/6250 episodes, total num timesteps 9907200/20000000, FPS 4024.

average episode rewards is -113.4024658203125

 Scenario simple_spread Algo rmappo Exp paper_repro updates 3100/6250 episodes, total num timesteps 9923200/20000000, FPS 4025.

average episode rewards is -116.96086883544922
eval average episode rewards of agent: -110.7639777032783
eval success rate: 0.0

 Scenario simple_spread Algo rmappo Exp paper_repro updates 3105/6250 episodes, total num timesteps 9939200/20000000, FPS 4026.

average episode rewards is -113.2771987915039

 Scenario simple_spread Algo rmappo Exp paper_repro updates 3110/6250 episodes, total num timesteps 9955200/20000000, FPS 4027.

average episode rewards is -113.88360595703125

 Scenario simple_spread Algo rmappo Exp paper_repro updates 3115/6250 episodes, total num timesteps 9971200/20000000, FPS 4027.

average episode rewards is -116.24317169189453

 Scenario simple_spread Algo rmappo Exp paper_repro updates 3120/6250 episodes, total num timesteps 9987200/20000000, FPS 4028.

average episode rewards is -114.57023620605469

 Scenario simple_spread Algo rmappo Exp paper_repro updates 3125/6250 episodes, total num timesteps 10003200/20000000, FPS 4029.

average episode rewards is -116.76502227783203
eval average episode rewards of agent: -116.5899290614527
eval success rate: 0.0

 Scenario simple_spread Algo rmappo Exp paper_repro updates 3130/6250 episodes, total num timesteps 10019200/20000000, FPS 4029.

average episode rewards is -116.4636459350586

 Scenario simple_spread Algo rmappo Exp paper_repro updates 3135/6250 episodes, total num timesteps 10035200/20000000, FPS 4030.

average episode rewards is -116.35942077636719

 Scenario simple_spread Algo rmappo Exp paper_repro updates 3140/6250 episodes, total num timesteps 10051200/20000000, FPS 4031.

average episode rewards is -117.08724212646484

 Scenario simple_spread Algo rmappo Exp paper_repro updates 3145/6250 episodes, total num timesteps 10067200/20000000, FPS 4032.

average episode rewards is -116.01377868652344

 Scenario simple_spread Algo rmappo Exp paper_repro updates 3150/6250 episodes, total num timesteps 10083200/20000000, FPS 4032.

average episode rewards is -116.47029113769531
eval average episode rewards of agent: -115.98720042469935
eval success rate: 0.0

 Scenario simple_spread Algo rmappo Exp paper_repro updates 3155/6250 episodes, total num timesteps 10099200/20000000, FPS 4033.

average episode rewards is -116.31398010253906

 Scenario simple_spread Algo rmappo Exp paper_repro updates 3160/6250 episodes, total num timesteps 10115200/20000000, FPS 4034.

average episode rewards is -114.77203369140625

 Scenario simple_spread Algo rmappo Exp paper_repro updates 3165/6250 episodes, total num timesteps 10131200/20000000, FPS 4034.

average episode rewards is -115.82929229736328

 Scenario simple_spread Algo rmappo Exp paper_repro updates 3170/6250 episodes, total num timesteps 10147200/20000000, FPS 4035.

average episode rewards is -117.01705169677734

 Scenario simple_spread Algo rmappo Exp paper_repro updates 3175/6250 episodes, total num timesteps 10163200/20000000, FPS 4036.

average episode rewards is -117.28290557861328
eval average episode rewards of agent: -112.19967756436888
eval success rate: 0.0

 Scenario simple_spread Algo rmappo Exp paper_repro updates 3180/6250 episodes, total num timesteps 10179200/20000000, FPS 4036.

average episode rewards is -114.49144744873047

 Scenario simple_spread Algo rmappo Exp paper_repro updates 3185/6250 episodes, total num timesteps 10195200/20000000, FPS 4037.

average episode rewards is -115.81355285644531

 Scenario simple_spread Algo rmappo Exp paper_repro updates 3190/6250 episodes, total num timesteps 10211200/20000000, FPS 4038.

average episode rewards is -115.29240417480469

 Scenario simple_spread Algo rmappo Exp paper_repro updates 3195/6250 episodes, total num timesteps 10227200/20000000, FPS 4038.

average episode rewards is -114.20713806152344

 Scenario simple_spread Algo rmappo Exp paper_repro updates 3200/6250 episodes, total num timesteps 10243200/20000000, FPS 4039.

average episode rewards is -116.7046890258789
eval average episode rewards of agent: -113.157577593033
eval success rate: 0.0

 Scenario simple_spread Algo rmappo Exp paper_repro updates 3205/6250 episodes, total num timesteps 10259200/20000000, FPS 4040.

average episode rewards is -116.45721435546875

 Scenario simple_spread Algo rmappo Exp paper_repro updates 3210/6250 episodes, total num timesteps 10275200/20000000, FPS 4040.

average episode rewards is -113.84383392333984

 Scenario simple_spread Algo rmappo Exp paper_repro updates 3215/6250 episodes, total num timesteps 10291200/20000000, FPS 4041.

average episode rewards is -113.69049835205078

 Scenario simple_spread Algo rmappo Exp paper_repro updates 3220/6250 episodes, total num timesteps 10307200/20000000, FPS 4042.

average episode rewards is -115.87860870361328

 Scenario simple_spread Algo rmappo Exp paper_repro updates 3225/6250 episodes, total num timesteps 10323200/20000000, FPS 4042.

average episode rewards is -115.1947250366211
eval average episode rewards of agent: -111.34507471362002
eval success rate: 0.0

 Scenario simple_spread Algo rmappo Exp paper_repro updates 3230/6250 episodes, total num timesteps 10339200/20000000, FPS 4043.

average episode rewards is -118.1004638671875

 Scenario simple_spread Algo rmappo Exp paper_repro updates 3235/6250 episodes, total num timesteps 10355200/20000000, FPS 4044.

average episode rewards is -114.4992446899414

 Scenario simple_spread Algo rmappo Exp paper_repro updates 3240/6250 episodes, total num timesteps 10371200/20000000, FPS 4044.

average episode rewards is -114.0077133178711

 Scenario simple_spread Algo rmappo Exp paper_repro updates 3245/6250 episodes, total num timesteps 10387200/20000000, FPS 4045.

average episode rewards is -113.37761688232422

 Scenario simple_spread Algo rmappo Exp paper_repro updates 3250/6250 episodes, total num timesteps 10403200/20000000, FPS 4046.

average episode rewards is -114.76451110839844
eval average episode rewards of agent: -114.83933141961369
eval success rate: 0.0

 Scenario simple_spread Algo rmappo Exp paper_repro updates 3255/6250 episodes, total num timesteps 10419200/20000000, FPS 4046.

average episode rewards is -113.34355163574219

 Scenario simple_spread Algo rmappo Exp paper_repro updates 3260/6250 episodes, total num timesteps 10435200/20000000, FPS 4047.

average episode rewards is -113.9100341796875

 Scenario simple_spread Algo rmappo Exp paper_repro updates 3265/6250 episodes, total num timesteps 10451200/20000000, FPS 4048.

average episode rewards is -114.03237915039062

 Scenario simple_spread Algo rmappo Exp paper_repro updates 3270/6250 episodes, total num timesteps 10467200/20000000, FPS 4048.

average episode rewards is -115.81660461425781

 Scenario simple_spread Algo rmappo Exp paper_repro updates 3275/6250 episodes, total num timesteps 10483200/20000000, FPS 4049.

average episode rewards is -113.83812713623047
eval average episode rewards of agent: -109.81343144840206
eval success rate: 0.0

 Scenario simple_spread Algo rmappo Exp paper_repro updates 3280/6250 episodes, total num timesteps 10499200/20000000, FPS 4050.

average episode rewards is -113.80593872070312

 Scenario simple_spread Algo rmappo Exp paper_repro updates 3285/6250 episodes, total num timesteps 10515200/20000000, FPS 4050.

average episode rewards is -117.07269287109375

 Scenario simple_spread Algo rmappo Exp paper_repro updates 3290/6250 episodes, total num timesteps 10531200/20000000, FPS 4051.

average episode rewards is -115.69075775146484

 Scenario simple_spread Algo rmappo Exp paper_repro updates 3295/6250 episodes, total num timesteps 10547200/20000000, FPS 4052.

average episode rewards is -114.43401336669922

 Scenario simple_spread Algo rmappo Exp paper_repro updates 3300/6250 episodes, total num timesteps 10563200/20000000, FPS 4052.

average episode rewards is -116.80462646484375
eval average episode rewards of agent: -117.95630521310318
eval success rate: 0.0

 Scenario simple_spread Algo rmappo Exp paper_repro updates 3305/6250 episodes, total num timesteps 10579200/20000000, FPS 4053.

average episode rewards is -116.07411193847656

 Scenario simple_spread Algo rmappo Exp paper_repro updates 3310/6250 episodes, total num timesteps 10595200/20000000, FPS 4054.

average episode rewards is -115.52030181884766

 Scenario simple_spread Algo rmappo Exp paper_repro updates 3315/6250 episodes, total num timesteps 10611200/20000000, FPS 4054.

average episode rewards is -115.9423599243164

 Scenario simple_spread Algo rmappo Exp paper_repro updates 3320/6250 episodes, total num timesteps 10627200/20000000, FPS 4055.

average episode rewards is -113.79634094238281

 Scenario simple_spread Algo rmappo Exp paper_repro updates 3325/6250 episodes, total num timesteps 10643200/20000000, FPS 4056.

average episode rewards is -117.03311157226562
eval average episode rewards of agent: -112.57454706852383
eval success rate: 0.0

 Scenario simple_spread Algo rmappo Exp paper_repro updates 3330/6250 episodes, total num timesteps 10659200/20000000, FPS 4056.

average episode rewards is -112.38494110107422

 Scenario simple_spread Algo rmappo Exp paper_repro updates 3335/6250 episodes, total num timesteps 10675200/20000000, FPS 4057.

average episode rewards is -114.37439727783203

 Scenario simple_spread Algo rmappo Exp paper_repro updates 3340/6250 episodes, total num timesteps 10691200/20000000, FPS 4057.

average episode rewards is -114.59166717529297

 Scenario simple_spread Algo rmappo Exp paper_repro updates 3345/6250 episodes, total num timesteps 10707200/20000000, FPS 4058.

average episode rewards is -116.2703628540039

 Scenario simple_spread Algo rmappo Exp paper_repro updates 3350/6250 episodes, total num timesteps 10723200/20000000, FPS 4058.

average episode rewards is -116.6916732788086
eval average episode rewards of agent: -115.72360731729287
eval success rate: 0.0

 Scenario simple_spread Algo rmappo Exp paper_repro updates 3355/6250 episodes, total num timesteps 10739200/20000000, FPS 4059.

average episode rewards is -115.29307556152344

 Scenario simple_spread Algo rmappo Exp paper_repro updates 3360/6250 episodes, total num timesteps 10755200/20000000, FPS 4060.

average episode rewards is -117.92373657226562

 Scenario simple_spread Algo rmappo Exp paper_repro updates 3365/6250 episodes, total num timesteps 10771200/20000000, FPS 4060.

average episode rewards is -115.0412826538086

 Scenario simple_spread Algo rmappo Exp paper_repro updates 3370/6250 episodes, total num timesteps 10787200/20000000, FPS 4061.

average episode rewards is -118.23617553710938

 Scenario simple_spread Algo rmappo Exp paper_repro updates 3375/6250 episodes, total num timesteps 10803200/20000000, FPS 4062.

average episode rewards is -114.93344116210938
eval average episode rewards of agent: -111.9384714894216
eval success rate: 0.0

 Scenario simple_spread Algo rmappo Exp paper_repro updates 3380/6250 episodes, total num timesteps 10819200/20000000, FPS 4062.

average episode rewards is -115.53813171386719

 Scenario simple_spread Algo rmappo Exp paper_repro updates 3385/6250 episodes, total num timesteps 10835200/20000000, FPS 4063.

average episode rewards is -115.81584167480469

 Scenario simple_spread Algo rmappo Exp paper_repro updates 3390/6250 episodes, total num timesteps 10851200/20000000, FPS 4063.

average episode rewards is -115.77533721923828

 Scenario simple_spread Algo rmappo Exp paper_repro updates 3395/6250 episodes, total num timesteps 10867200/20000000, FPS 4064.

average episode rewards is -113.51104736328125

 Scenario simple_spread Algo rmappo Exp paper_repro updates 3400/6250 episodes, total num timesteps 10883200/20000000, FPS 4065.

average episode rewards is -115.6736831665039
eval average episode rewards of agent: -113.5708441542764
eval success rate: 0.0

 Scenario simple_spread Algo rmappo Exp paper_repro updates 3405/6250 episodes, total num timesteps 10899200/20000000, FPS 4065.

average episode rewards is -114.76335144042969

 Scenario simple_spread Algo rmappo Exp paper_repro updates 3410/6250 episodes, total num timesteps 10915200/20000000, FPS 4066.

average episode rewards is -113.64775848388672

 Scenario simple_spread Algo rmappo Exp paper_repro updates 3415/6250 episodes, total num timesteps 10931200/20000000, FPS 4067.

average episode rewards is -116.2862548828125

 Scenario simple_spread Algo rmappo Exp paper_repro updates 3420/6250 episodes, total num timesteps 10947200/20000000, FPS 4067.

average episode rewards is -114.69986724853516

 Scenario simple_spread Algo rmappo Exp paper_repro updates 3425/6250 episodes, total num timesteps 10963200/20000000, FPS 4068.

average episode rewards is -116.52086639404297
eval average episode rewards of agent: -111.9586408705359
eval success rate: 0.0

 Scenario simple_spread Algo rmappo Exp paper_repro updates 3430/6250 episodes, total num timesteps 10979200/20000000, FPS 4068.

average episode rewards is -113.52505493164062

 Scenario simple_spread Algo rmappo Exp paper_repro updates 3435/6250 episodes, total num timesteps 10995200/20000000, FPS 4069.

average episode rewards is -116.70806121826172

 Scenario simple_spread Algo rmappo Exp paper_repro updates 3440/6250 episodes, total num timesteps 11011200/20000000, FPS 4069.

average episode rewards is -114.7703857421875

 Scenario simple_spread Algo rmappo Exp paper_repro updates 3445/6250 episodes, total num timesteps 11027200/20000000, FPS 4070.

average episode rewards is -114.50524139404297

 Scenario simple_spread Algo rmappo Exp paper_repro updates 3450/6250 episodes, total num timesteps 11043200/20000000, FPS 4071.

average episode rewards is -117.30303955078125
eval average episode rewards of agent: -113.6765655930222
eval success rate: 0.0

 Scenario simple_spread Algo rmappo Exp paper_repro updates 3455/6250 episodes, total num timesteps 11059200/20000000, FPS 4071.

average episode rewards is -113.57208251953125

 Scenario simple_spread Algo rmappo Exp paper_repro updates 3460/6250 episodes, total num timesteps 11075200/20000000, FPS 4072.

average episode rewards is -115.00727081298828

 Scenario simple_spread Algo rmappo Exp paper_repro updates 3465/6250 episodes, total num timesteps 11091200/20000000, FPS 4072.

average episode rewards is -115.47669219970703

 Scenario simple_spread Algo rmappo Exp paper_repro updates 3470/6250 episodes, total num timesteps 11107200/20000000, FPS 4073.

average episode rewards is -113.21123504638672

 Scenario simple_spread Algo rmappo Exp paper_repro updates 3475/6250 episodes, total num timesteps 11123200/20000000, FPS 4074.

average episode rewards is -114.68177032470703
eval average episode rewards of agent: -110.18267390065262
eval success rate: 0.0

 Scenario simple_spread Algo rmappo Exp paper_repro updates 3480/6250 episodes, total num timesteps 11139200/20000000, FPS 4074.

average episode rewards is -118.55525970458984

 Scenario simple_spread Algo rmappo Exp paper_repro updates 3485/6250 episodes, total num timesteps 11155200/20000000, FPS 4075.

average episode rewards is -115.15931701660156

 Scenario simple_spread Algo rmappo Exp paper_repro updates 3490/6250 episodes, total num timesteps 11171200/20000000, FPS 4075.

average episode rewards is -114.5117416381836

 Scenario simple_spread Algo rmappo Exp paper_repro updates 3495/6250 episodes, total num timesteps 11187200/20000000, FPS 4076.

average episode rewards is -115.86886596679688

 Scenario simple_spread Algo rmappo Exp paper_repro updates 3500/6250 episodes, total num timesteps 11203200/20000000, FPS 4076.

average episode rewards is -116.12570190429688
eval average episode rewards of agent: -112.33568626338446
eval success rate: 0.0

 Scenario simple_spread Algo rmappo Exp paper_repro updates 3505/6250 episodes, total num timesteps 11219200/20000000, FPS 4077.

average episode rewards is -114.51673889160156

 Scenario simple_spread Algo rmappo Exp paper_repro updates 3510/6250 episodes, total num timesteps 11235200/20000000, FPS 4077.

average episode rewards is -113.82787322998047

 Scenario simple_spread Algo rmappo Exp paper_repro updates 3515/6250 episodes, total num timesteps 11251200/20000000, FPS 4078.

average episode rewards is -117.01374053955078

 Scenario simple_spread Algo rmappo Exp paper_repro updates 3520/6250 episodes, total num timesteps 11267200/20000000, FPS 4079.

average episode rewards is -114.29629516601562

 Scenario simple_spread Algo rmappo Exp paper_repro updates 3525/6250 episodes, total num timesteps 11283200/20000000, FPS 4079.

average episode rewards is -114.53562927246094
eval average episode rewards of agent: -113.84940326206734
eval success rate: 0.0

 Scenario simple_spread Algo rmappo Exp paper_repro updates 3530/6250 episodes, total num timesteps 11299200/20000000, FPS 4080.

average episode rewards is -112.72761535644531

 Scenario simple_spread Algo rmappo Exp paper_repro updates 3535/6250 episodes, total num timesteps 11315200/20000000, FPS 4080.

average episode rewards is -112.79804992675781

 Scenario simple_spread Algo rmappo Exp paper_repro updates 3540/6250 episodes, total num timesteps 11331200/20000000, FPS 4081.

average episode rewards is -112.58417510986328

 Scenario simple_spread Algo rmappo Exp paper_repro updates 3545/6250 episodes, total num timesteps 11347200/20000000, FPS 4081.

average episode rewards is -115.05615997314453

 Scenario simple_spread Algo rmappo Exp paper_repro updates 3550/6250 episodes, total num timesteps 11363200/20000000, FPS 4082.

average episode rewards is -111.75653839111328
eval average episode rewards of agent: -113.93993878462011
eval success rate: 0.0

 Scenario simple_spread Algo rmappo Exp paper_repro updates 3555/6250 episodes, total num timesteps 11379200/20000000, FPS 4083.

average episode rewards is -118.68830871582031

 Scenario simple_spread Algo rmappo Exp paper_repro updates 3560/6250 episodes, total num timesteps 11395200/20000000, FPS 4083.

average episode rewards is -117.5008316040039

 Scenario simple_spread Algo rmappo Exp paper_repro updates 3565/6250 episodes, total num timesteps 11411200/20000000, FPS 4084.

average episode rewards is -113.52986145019531

 Scenario simple_spread Algo rmappo Exp paper_repro updates 3570/6250 episodes, total num timesteps 11427200/20000000, FPS 4084.

average episode rewards is -113.5777587890625

 Scenario simple_spread Algo rmappo Exp paper_repro updates 3575/6250 episodes, total num timesteps 11443200/20000000, FPS 4085.

average episode rewards is -114.13803100585938
eval average episode rewards of agent: -116.16605947254367
eval success rate: 0.0

 Scenario simple_spread Algo rmappo Exp paper_repro updates 3580/6250 episodes, total num timesteps 11459200/20000000, FPS 4085.

average episode rewards is -114.12440490722656

 Scenario simple_spread Algo rmappo Exp paper_repro updates 3585/6250 episodes, total num timesteps 11475200/20000000, FPS 4086.

average episode rewards is -113.08853912353516

 Scenario simple_spread Algo rmappo Exp paper_repro updates 3590/6250 episodes, total num timesteps 11491200/20000000, FPS 4086.

average episode rewards is -113.76984405517578

 Scenario simple_spread Algo rmappo Exp paper_repro updates 3595/6250 episodes, total num timesteps 11507200/20000000, FPS 4087.

average episode rewards is -114.96605682373047

 Scenario simple_spread Algo rmappo Exp paper_repro updates 3600/6250 episodes, total num timesteps 11523200/20000000, FPS 4087.

average episode rewards is -119.0927963256836
eval average episode rewards of agent: -111.92190806526013
eval success rate: 0.0

 Scenario simple_spread Algo rmappo Exp paper_repro updates 3605/6250 episodes, total num timesteps 11539200/20000000, FPS 4088.

average episode rewards is -115.41008758544922

 Scenario simple_spread Algo rmappo Exp paper_repro updates 3610/6250 episodes, total num timesteps 11555200/20000000, FPS 4088.

average episode rewards is -112.97113037109375

 Scenario simple_spread Algo rmappo Exp paper_repro updates 3615/6250 episodes, total num timesteps 11571200/20000000, FPS 4089.

average episode rewards is -113.87256622314453

 Scenario simple_spread Algo rmappo Exp paper_repro updates 3620/6250 episodes, total num timesteps 11587200/20000000, FPS 4090.

average episode rewards is -115.8834457397461

 Scenario simple_spread Algo rmappo Exp paper_repro updates 3625/6250 episodes, total num timesteps 11603200/20000000, FPS 4090.

average episode rewards is -113.36251831054688
eval average episode rewards of agent: -112.82361653116838
eval success rate: 0.0

 Scenario simple_spread Algo rmappo Exp paper_repro updates 3630/6250 episodes, total num timesteps 11619200/20000000, FPS 4090.

average episode rewards is -111.96662139892578

 Scenario simple_spread Algo rmappo Exp paper_repro updates 3635/6250 episodes, total num timesteps 11635200/20000000, FPS 4091.

average episode rewards is -113.0420913696289

 Scenario simple_spread Algo rmappo Exp paper_repro updates 3640/6250 episodes, total num timesteps 11651200/20000000, FPS 4091.

average episode rewards is -113.08153533935547

 Scenario simple_spread Algo rmappo Exp paper_repro updates 3645/6250 episodes, total num timesteps 11667200/20000000, FPS 4092.

average episode rewards is -116.32499694824219

 Scenario simple_spread Algo rmappo Exp paper_repro updates 3650/6250 episodes, total num timesteps 11683200/20000000, FPS 4093.

average episode rewards is -113.46895599365234
eval average episode rewards of agent: -113.41986047733506
eval success rate: 0.0

 Scenario simple_spread Algo rmappo Exp paper_repro updates 3655/6250 episodes, total num timesteps 11699200/20000000, FPS 4093.

average episode rewards is -114.64514923095703

 Scenario simple_spread Algo rmappo Exp paper_repro updates 3660/6250 episodes, total num timesteps 11715200/20000000, FPS 4094.

average episode rewards is -114.15746307373047

 Scenario simple_spread Algo rmappo Exp paper_repro updates 3665/6250 episodes, total num timesteps 11731200/20000000, FPS 4094.

average episode rewards is -113.50611114501953

 Scenario simple_spread Algo rmappo Exp paper_repro updates 3670/6250 episodes, total num timesteps 11747200/20000000, FPS 4095.

average episode rewards is -114.250244140625

 Scenario simple_spread Algo rmappo Exp paper_repro updates 3675/6250 episodes, total num timesteps 11763200/20000000, FPS 4095.

average episode rewards is -112.89939880371094
eval average episode rewards of agent: -112.5892724266546
eval success rate: 0.0

 Scenario simple_spread Algo rmappo Exp paper_repro updates 3680/6250 episodes, total num timesteps 11779200/20000000, FPS 4096.

average episode rewards is -113.09630584716797

 Scenario simple_spread Algo rmappo Exp paper_repro updates 3685/6250 episodes, total num timesteps 11795200/20000000, FPS 4096.

average episode rewards is -117.4724349975586

 Scenario simple_spread Algo rmappo Exp paper_repro updates 3690/6250 episodes, total num timesteps 11811200/20000000, FPS 4097.

average episode rewards is -112.24156951904297

 Scenario simple_spread Algo rmappo Exp paper_repro updates 3695/6250 episodes, total num timesteps 11827200/20000000, FPS 4097.

average episode rewards is -114.23551177978516

 Scenario simple_spread Algo rmappo Exp paper_repro updates 3700/6250 episodes, total num timesteps 11843200/20000000, FPS 4098.

average episode rewards is -115.92334747314453
eval average episode rewards of agent: -118.21063654878171
eval success rate: 0.0

 Scenario simple_spread Algo rmappo Exp paper_repro updates 3705/6250 episodes, total num timesteps 11859200/20000000, FPS 4098.

average episode rewards is -115.72103881835938

 Scenario simple_spread Algo rmappo Exp paper_repro updates 3710/6250 episodes, total num timesteps 11875200/20000000, FPS 4099.

average episode rewards is -116.31876373291016

 Scenario simple_spread Algo rmappo Exp paper_repro updates 3715/6250 episodes, total num timesteps 11891200/20000000, FPS 4099.

average episode rewards is -115.9995346069336

 Scenario simple_spread Algo rmappo Exp paper_repro updates 3720/6250 episodes, total num timesteps 11907200/20000000, FPS 4100.

average episode rewards is -113.3370132446289

 Scenario simple_spread Algo rmappo Exp paper_repro updates 3725/6250 episodes, total num timesteps 11923200/20000000, FPS 4100.

average episode rewards is -113.87139892578125
eval average episode rewards of agent: -110.75679288982656
eval success rate: 0.0

 Scenario simple_spread Algo rmappo Exp paper_repro updates 3730/6250 episodes, total num timesteps 11939200/20000000, FPS 4101.

average episode rewards is -113.41582489013672

 Scenario simple_spread Algo rmappo Exp paper_repro updates 3735/6250 episodes, total num timesteps 11955200/20000000, FPS 4101.

average episode rewards is -112.9092788696289

 Scenario simple_spread Algo rmappo Exp paper_repro updates 3740/6250 episodes, total num timesteps 11971200/20000000, FPS 4102.

average episode rewards is -111.91204833984375

 Scenario simple_spread Algo rmappo Exp paper_repro updates 3745/6250 episodes, total num timesteps 11987200/20000000, FPS 4102.

average episode rewards is -117.37173461914062

 Scenario simple_spread Algo rmappo Exp paper_repro updates 3750/6250 episodes, total num timesteps 12003200/20000000, FPS 4102.

average episode rewards is -112.45635986328125
eval average episode rewards of agent: -114.52757617322551
eval success rate: 0.0

 Scenario simple_spread Algo rmappo Exp paper_repro updates 3755/6250 episodes, total num timesteps 12019200/20000000, FPS 4103.

average episode rewards is -114.3016357421875

 Scenario simple_spread Algo rmappo Exp paper_repro updates 3760/6250 episodes, total num timesteps 12035200/20000000, FPS 4103.

average episode rewards is -115.70968627929688

 Scenario simple_spread Algo rmappo Exp paper_repro updates 3765/6250 episodes, total num timesteps 12051200/20000000, FPS 4104.

average episode rewards is -112.30243682861328

 Scenario simple_spread Algo rmappo Exp paper_repro updates 3770/6250 episodes, total num timesteps 12067200/20000000, FPS 4104.

average episode rewards is -113.235107421875

 Scenario simple_spread Algo rmappo Exp paper_repro updates 3775/6250 episodes, total num timesteps 12083200/20000000, FPS 4105.

average episode rewards is -116.77495574951172
eval average episode rewards of agent: -114.68502732126916
eval success rate: 0.0

 Scenario simple_spread Algo rmappo Exp paper_repro updates 3780/6250 episodes, total num timesteps 12099200/20000000, FPS 4105.

average episode rewards is -114.1328125

 Scenario simple_spread Algo rmappo Exp paper_repro updates 3785/6250 episodes, total num timesteps 12115200/20000000, FPS 4106.

average episode rewards is -114.62251281738281

 Scenario simple_spread Algo rmappo Exp paper_repro updates 3790/6250 episodes, total num timesteps 12131200/20000000, FPS 4106.

average episode rewards is -113.33211517333984

 Scenario simple_spread Algo rmappo Exp paper_repro updates 3795/6250 episodes, total num timesteps 12147200/20000000, FPS 4107.

average episode rewards is -114.95318603515625

 Scenario simple_spread Algo rmappo Exp paper_repro updates 3800/6250 episodes, total num timesteps 12163200/20000000, FPS 4107.

average episode rewards is -115.80681610107422
eval average episode rewards of agent: -116.24440032132908
eval success rate: 0.0

 Scenario simple_spread Algo rmappo Exp paper_repro updates 3805/6250 episodes, total num timesteps 12179200/20000000, FPS 4108.

average episode rewards is -116.1356201171875

 Scenario simple_spread Algo rmappo Exp paper_repro updates 3810/6250 episodes, total num timesteps 12195200/20000000, FPS 4108.

average episode rewards is -113.21131134033203

 Scenario simple_spread Algo rmappo Exp paper_repro updates 3815/6250 episodes, total num timesteps 12211200/20000000, FPS 4109.

average episode rewards is -114.00723266601562

 Scenario simple_spread Algo rmappo Exp paper_repro updates 3820/6250 episodes, total num timesteps 12227200/20000000, FPS 4109.

average episode rewards is -112.4693603515625

 Scenario simple_spread Algo rmappo Exp paper_repro updates 3825/6250 episodes, total num timesteps 12243200/20000000, FPS 4110.

average episode rewards is -113.2838363647461
eval average episode rewards of agent: -111.966145121332
eval success rate: 0.0

 Scenario simple_spread Algo rmappo Exp paper_repro updates 3830/6250 episodes, total num timesteps 12259200/20000000, FPS 4110.

average episode rewards is -115.205810546875

 Scenario simple_spread Algo rmappo Exp paper_repro updates 3835/6250 episodes, total num timesteps 12275200/20000000, FPS 4110.

average episode rewards is -114.171875

 Scenario simple_spread Algo rmappo Exp paper_repro updates 3840/6250 episodes, total num timesteps 12291200/20000000, FPS 4111.

average episode rewards is -113.33158874511719

 Scenario simple_spread Algo rmappo Exp paper_repro updates 3845/6250 episodes, total num timesteps 12307200/20000000, FPS 4111.

average episode rewards is -116.24571228027344

 Scenario simple_spread Algo rmappo Exp paper_repro updates 3850/6250 episodes, total num timesteps 12323200/20000000, FPS 4112.

average episode rewards is -114.68766021728516
eval average episode rewards of agent: -112.07879595751305
eval success rate: 0.0

 Scenario simple_spread Algo rmappo Exp paper_repro updates 3855/6250 episodes, total num timesteps 12339200/20000000, FPS 4112.

average episode rewards is -113.31956481933594

 Scenario simple_spread Algo rmappo Exp paper_repro updates 3860/6250 episodes, total num timesteps 12355200/20000000, FPS 4113.

average episode rewards is -116.14305114746094

 Scenario simple_spread Algo rmappo Exp paper_repro updates 3865/6250 episodes, total num timesteps 12371200/20000000, FPS 4113.

average episode rewards is -113.7546157836914

 Scenario simple_spread Algo rmappo Exp paper_repro updates 3870/6250 episodes, total num timesteps 12387200/20000000, FPS 4114.

average episode rewards is -113.28356170654297

 Scenario simple_spread Algo rmappo Exp paper_repro updates 3875/6250 episodes, total num timesteps 12403200/20000000, FPS 4114.

average episode rewards is -115.68995666503906
eval average episode rewards of agent: -116.68405155561894
eval success rate: 0.0

 Scenario simple_spread Algo rmappo Exp paper_repro updates 3880/6250 episodes, total num timesteps 12419200/20000000, FPS 4115.

average episode rewards is -116.05803680419922

 Scenario simple_spread Algo rmappo Exp paper_repro updates 3885/6250 episodes, total num timesteps 12435200/20000000, FPS 4115.

average episode rewards is -115.6229476928711

 Scenario simple_spread Algo rmappo Exp paper_repro updates 3890/6250 episodes, total num timesteps 12451200/20000000, FPS 4116.

average episode rewards is -113.66455841064453

 Scenario simple_spread Algo rmappo Exp paper_repro updates 3895/6250 episodes, total num timesteps 12467200/20000000, FPS 4116.

average episode rewards is -114.5830307006836

 Scenario simple_spread Algo rmappo Exp paper_repro updates 3900/6250 episodes, total num timesteps 12483200/20000000, FPS 4117.

average episode rewards is -113.24687957763672
eval average episode rewards of agent: -110.86376632666199
eval success rate: 0.0

 Scenario simple_spread Algo rmappo Exp paper_repro updates 3905/6250 episodes, total num timesteps 12499200/20000000, FPS 4117.

average episode rewards is -113.29691314697266

 Scenario simple_spread Algo rmappo Exp paper_repro updates 3910/6250 episodes, total num timesteps 12515200/20000000, FPS 4118.

average episode rewards is -115.36223602294922

 Scenario simple_spread Algo rmappo Exp paper_repro updates 3915/6250 episodes, total num timesteps 12531200/20000000, FPS 4118.

average episode rewards is -114.822998046875

 Scenario simple_spread Algo rmappo Exp paper_repro updates 3920/6250 episodes, total num timesteps 12547200/20000000, FPS 4118.

average episode rewards is -115.4351577758789

 Scenario simple_spread Algo rmappo Exp paper_repro updates 3925/6250 episodes, total num timesteps 12563200/20000000, FPS 4119.

average episode rewards is -116.36058044433594
eval average episode rewards of agent: -111.48183081095843
eval success rate: 0.0

 Scenario simple_spread Algo rmappo Exp paper_repro updates 3930/6250 episodes, total num timesteps 12579200/20000000, FPS 4119.

average episode rewards is -113.04254150390625

 Scenario simple_spread Algo rmappo Exp paper_repro updates 3935/6250 episodes, total num timesteps 12595200/20000000, FPS 4120.

average episode rewards is -114.23076629638672

 Scenario simple_spread Algo rmappo Exp paper_repro updates 3940/6250 episodes, total num timesteps 12611200/20000000, FPS 4120.

average episode rewards is -114.41741943359375

 Scenario simple_spread Algo rmappo Exp paper_repro updates 3945/6250 episodes, total num timesteps 12627200/20000000, FPS 4121.

average episode rewards is -113.96205139160156

 Scenario simple_spread Algo rmappo Exp paper_repro updates 3950/6250 episodes, total num timesteps 12643200/20000000, FPS 4121.

average episode rewards is -111.16987609863281
eval average episode rewards of agent: -110.43740351208459
eval success rate: 0.0

 Scenario simple_spread Algo rmappo Exp paper_repro updates 3955/6250 episodes, total num timesteps 12659200/20000000, FPS 4122.

average episode rewards is -114.094482421875

 Scenario simple_spread Algo rmappo Exp paper_repro updates 3960/6250 episodes, total num timesteps 12675200/20000000, FPS 4122.

average episode rewards is -114.94039154052734

 Scenario simple_spread Algo rmappo Exp paper_repro updates 3965/6250 episodes, total num timesteps 12691200/20000000, FPS 4123.

average episode rewards is -114.76692962646484

 Scenario simple_spread Algo rmappo Exp paper_repro updates 3970/6250 episodes, total num timesteps 12707200/20000000, FPS 4123.

average episode rewards is -114.7889633178711

 Scenario simple_spread Algo rmappo Exp paper_repro updates 3975/6250 episodes, total num timesteps 12723200/20000000, FPS 4124.

average episode rewards is -114.73233795166016
eval average episode rewards of agent: -113.53221792337806
eval success rate: 0.0

 Scenario simple_spread Algo rmappo Exp paper_repro updates 3980/6250 episodes, total num timesteps 12739200/20000000, FPS 4124.

average episode rewards is -113.01273345947266

 Scenario simple_spread Algo rmappo Exp paper_repro updates 3985/6250 episodes, total num timesteps 12755200/20000000, FPS 4125.

average episode rewards is -111.0758285522461

 Scenario simple_spread Algo rmappo Exp paper_repro updates 3990/6250 episodes, total num timesteps 12771200/20000000, FPS 4125.

average episode rewards is -114.53666687011719

 Scenario simple_spread Algo rmappo Exp paper_repro updates 3995/6250 episodes, total num timesteps 12787200/20000000, FPS 4125.

average episode rewards is -114.7049560546875

 Scenario simple_spread Algo rmappo Exp paper_repro updates 4000/6250 episodes, total num timesteps 12803200/20000000, FPS 4126.

average episode rewards is -112.24583435058594
eval average episode rewards of agent: -114.83181160821864
eval success rate: 0.0

 Scenario simple_spread Algo rmappo Exp paper_repro updates 4005/6250 episodes, total num timesteps 12819200/20000000, FPS 4126.

average episode rewards is -114.67755889892578

 Scenario simple_spread Algo rmappo Exp paper_repro updates 4010/6250 episodes, total num timesteps 12835200/20000000, FPS 4127.

average episode rewards is -113.98628997802734

 Scenario simple_spread Algo rmappo Exp paper_repro updates 4015/6250 episodes, total num timesteps 12851200/20000000, FPS 4127.

average episode rewards is -112.8602294921875

 Scenario simple_spread Algo rmappo Exp paper_repro updates 4020/6250 episodes, total num timesteps 12867200/20000000, FPS 4128.

average episode rewards is -115.11746978759766

 Scenario simple_spread Algo rmappo Exp paper_repro updates 4025/6250 episodes, total num timesteps 12883200/20000000, FPS 4128.

average episode rewards is -114.06463623046875
eval average episode rewards of agent: -113.45589858444283
eval success rate: 0.0

 Scenario simple_spread Algo rmappo Exp paper_repro updates 4030/6250 episodes, total num timesteps 12899200/20000000, FPS 4129.

average episode rewards is -112.03778076171875

 Scenario simple_spread Algo rmappo Exp paper_repro updates 4035/6250 episodes, total num timesteps 12915200/20000000, FPS 4129.

average episode rewards is -113.33857727050781

 Scenario simple_spread Algo rmappo Exp paper_repro updates 4040/6250 episodes, total num timesteps 12931200/20000000, FPS 4130.

average episode rewards is -113.64508819580078

 Scenario simple_spread Algo rmappo Exp paper_repro updates 4045/6250 episodes, total num timesteps 12947200/20000000, FPS 4130.

average episode rewards is -113.76639556884766

 Scenario simple_spread Algo rmappo Exp paper_repro updates 4050/6250 episodes, total num timesteps 12963200/20000000, FPS 4130.

average episode rewards is -115.37846374511719
eval average episode rewards of agent: -121.55785304496582
eval success rate: 0.0

 Scenario simple_spread Algo rmappo Exp paper_repro updates 4055/6250 episodes, total num timesteps 12979200/20000000, FPS 4131.

average episode rewards is -111.12840270996094

 Scenario simple_spread Algo rmappo Exp paper_repro updates 4060/6250 episodes, total num timesteps 12995200/20000000, FPS 4131.

average episode rewards is -117.00443267822266

 Scenario simple_spread Algo rmappo Exp paper_repro updates 4065/6250 episodes, total num timesteps 13011200/20000000, FPS 4132.

average episode rewards is -116.32746124267578

 Scenario simple_spread Algo rmappo Exp paper_repro updates 4070/6250 episodes, total num timesteps 13027200/20000000, FPS 4132.

average episode rewards is -113.18246459960938

 Scenario simple_spread Algo rmappo Exp paper_repro updates 4075/6250 episodes, total num timesteps 13043200/20000000, FPS 4133.

average episode rewards is -116.0391845703125
eval average episode rewards of agent: -109.75782868803086
eval success rate: 0.0

 Scenario simple_spread Algo rmappo Exp paper_repro updates 4080/6250 episodes, total num timesteps 13059200/20000000, FPS 4133.

average episode rewards is -113.03398895263672

 Scenario simple_spread Algo rmappo Exp paper_repro updates 4085/6250 episodes, total num timesteps 13075200/20000000, FPS 4133.

average episode rewards is -112.0346450805664

 Scenario simple_spread Algo rmappo Exp paper_repro updates 4090/6250 episodes, total num timesteps 13091200/20000000, FPS 4134.

average episode rewards is -113.93534851074219

 Scenario simple_spread Algo rmappo Exp paper_repro updates 4095/6250 episodes, total num timesteps 13107200/20000000, FPS 4134.

average episode rewards is -115.52851104736328

 Scenario simple_spread Algo rmappo Exp paper_repro updates 4100/6250 episodes, total num timesteps 13123200/20000000, FPS 4135.

average episode rewards is -114.1834487915039
eval average episode rewards of agent: -111.28597553096249
eval success rate: 0.0

 Scenario simple_spread Algo rmappo Exp paper_repro updates 4105/6250 episodes, total num timesteps 13139200/20000000, FPS 4135.

average episode rewards is -113.85494232177734

 Scenario simple_spread Algo rmappo Exp paper_repro updates 4110/6250 episodes, total num timesteps 13155200/20000000, FPS 4136.

average episode rewards is -115.66484069824219

 Scenario simple_spread Algo rmappo Exp paper_repro updates 4115/6250 episodes, total num timesteps 13171200/20000000, FPS 4136.

average episode rewards is -114.56061553955078

 Scenario simple_spread Algo rmappo Exp paper_repro updates 4120/6250 episodes, total num timesteps 13187200/20000000, FPS 4136.

average episode rewards is -114.27346801757812

 Scenario simple_spread Algo rmappo Exp paper_repro updates 4125/6250 episodes, total num timesteps 13203200/20000000, FPS 4137.

average episode rewards is -115.08561706542969
eval average episode rewards of agent: -116.09386644824295
eval success rate: 0.0

 Scenario simple_spread Algo rmappo Exp paper_repro updates 4130/6250 episodes, total num timesteps 13219200/20000000, FPS 4137.

average episode rewards is -114.60325622558594

 Scenario simple_spread Algo rmappo Exp paper_repro updates 4135/6250 episodes, total num timesteps 13235200/20000000, FPS 4138.

average episode rewards is -113.30006408691406

 Scenario simple_spread Algo rmappo Exp paper_repro updates 4140/6250 episodes, total num timesteps 13251200/20000000, FPS 4138.

average episode rewards is -113.1572265625

 Scenario simple_spread Algo rmappo Exp paper_repro updates 4145/6250 episodes, total num timesteps 13267200/20000000, FPS 4139.

average episode rewards is -112.54953002929688

 Scenario simple_spread Algo rmappo Exp paper_repro updates 4150/6250 episodes, total num timesteps 13283200/20000000, FPS 4139.

average episode rewards is -115.34708404541016
eval average episode rewards of agent: -117.99306451295585
eval success rate: 0.0

 Scenario simple_spread Algo rmappo Exp paper_repro updates 4155/6250 episodes, total num timesteps 13299200/20000000, FPS 4139.

average episode rewards is -112.60183715820312

 Scenario simple_spread Algo rmappo Exp paper_repro updates 4160/6250 episodes, total num timesteps 13315200/20000000, FPS 4140.

average episode rewards is -113.32121276855469

 Scenario simple_spread Algo rmappo Exp paper_repro updates 4165/6250 episodes, total num timesteps 13331200/20000000, FPS 4140.

average episode rewards is -115.99555969238281

 Scenario simple_spread Algo rmappo Exp paper_repro updates 4170/6250 episodes, total num timesteps 13347200/20000000, FPS 4141.

average episode rewards is -114.30574798583984

 Scenario simple_spread Algo rmappo Exp paper_repro updates 4175/6250 episodes, total num timesteps 13363200/20000000, FPS 4141.

average episode rewards is -112.3584976196289
eval average episode rewards of agent: -116.33110547949897
eval success rate: 0.0

 Scenario simple_spread Algo rmappo Exp paper_repro updates 4180/6250 episodes, total num timesteps 13379200/20000000, FPS 4142.

average episode rewards is -113.27485656738281

 Scenario simple_spread Algo rmappo Exp paper_repro updates 4185/6250 episodes, total num timesteps 13395200/20000000, FPS 4142.

average episode rewards is -112.26066589355469

 Scenario simple_spread Algo rmappo Exp paper_repro updates 4190/6250 episodes, total num timesteps 13411200/20000000, FPS 4142.

average episode rewards is -114.07319641113281

 Scenario simple_spread Algo rmappo Exp paper_repro updates 4195/6250 episodes, total num timesteps 13427200/20000000, FPS 4143.

average episode rewards is -112.16759490966797

 Scenario simple_spread Algo rmappo Exp paper_repro updates 4200/6250 episodes, total num timesteps 13443200/20000000, FPS 4143.

average episode rewards is -116.54592895507812
eval average episode rewards of agent: -111.2187211186719
eval success rate: 0.0

 Scenario simple_spread Algo rmappo Exp paper_repro updates 4205/6250 episodes, total num timesteps 13459200/20000000, FPS 4144.

average episode rewards is -114.8723373413086

 Scenario simple_spread Algo rmappo Exp paper_repro updates 4210/6250 episodes, total num timesteps 13475200/20000000, FPS 4144.

average episode rewards is -110.27523040771484

 Scenario simple_spread Algo rmappo Exp paper_repro updates 4215/6250 episodes, total num timesteps 13491200/20000000, FPS 4144.

average episode rewards is -112.11762237548828

 Scenario simple_spread Algo rmappo Exp paper_repro updates 4220/6250 episodes, total num timesteps 13507200/20000000, FPS 4145.

average episode rewards is -112.92987823486328

 Scenario simple_spread Algo rmappo Exp paper_repro updates 4225/6250 episodes, total num timesteps 13523200/20000000, FPS 4145.

average episode rewards is -114.30516052246094
eval average episode rewards of agent: -111.2965463207793
eval success rate: 0.0

 Scenario simple_spread Algo rmappo Exp paper_repro updates 4230/6250 episodes, total num timesteps 13539200/20000000, FPS 4146.

average episode rewards is -114.66899871826172

 Scenario simple_spread Algo rmappo Exp paper_repro updates 4235/6250 episodes, total num timesteps 13555200/20000000, FPS 4146.

average episode rewards is -114.82984161376953

 Scenario simple_spread Algo rmappo Exp paper_repro updates 4240/6250 episodes, total num timesteps 13571200/20000000, FPS 4147.

average episode rewards is -113.81764221191406

 Scenario simple_spread Algo rmappo Exp paper_repro updates 4245/6250 episodes, total num timesteps 13587200/20000000, FPS 4147.

average episode rewards is -116.16376495361328

 Scenario simple_spread Algo rmappo Exp paper_repro updates 4250/6250 episodes, total num timesteps 13603200/20000000, FPS 4147.

average episode rewards is -113.60199737548828
eval average episode rewards of agent: -119.24758135838326
eval success rate: 0.0

 Scenario simple_spread Algo rmappo Exp paper_repro updates 4255/6250 episodes, total num timesteps 13619200/20000000, FPS 4148.

average episode rewards is -112.79421997070312

 Scenario simple_spread Algo rmappo Exp paper_repro updates 4260/6250 episodes, total num timesteps 13635200/20000000, FPS 4148.

average episode rewards is -112.99079895019531

 Scenario simple_spread Algo rmappo Exp paper_repro updates 4265/6250 episodes, total num timesteps 13651200/20000000, FPS 4149.

average episode rewards is -114.16738891601562

 Scenario simple_spread Algo rmappo Exp paper_repro updates 4270/6250 episodes, total num timesteps 13667200/20000000, FPS 4149.

average episode rewards is -112.91936492919922

 Scenario simple_spread Algo rmappo Exp paper_repro updates 4275/6250 episodes, total num timesteps 13683200/20000000, FPS 4149.

average episode rewards is -113.32352447509766
eval average episode rewards of agent: -109.65569285872506
eval success rate: 0.0

 Scenario simple_spread Algo rmappo Exp paper_repro updates 4280/6250 episodes, total num timesteps 13699200/20000000, FPS 4150.

average episode rewards is -112.49710083007812

 Scenario simple_spread Algo rmappo Exp paper_repro updates 4285/6250 episodes, total num timesteps 13715200/20000000, FPS 4150.

average episode rewards is -114.46109771728516

 Scenario simple_spread Algo rmappo Exp paper_repro updates 4290/6250 episodes, total num timesteps 13731200/20000000, FPS 4151.

average episode rewards is -114.63446807861328

 Scenario simple_spread Algo rmappo Exp paper_repro updates 4295/6250 episodes, total num timesteps 13747200/20000000, FPS 4151.

average episode rewards is -116.1305160522461

 Scenario simple_spread Algo rmappo Exp paper_repro updates 4300/6250 episodes, total num timesteps 13763200/20000000, FPS 4151.

average episode rewards is -112.79647064208984
eval average episode rewards of agent: -115.32455591113029
eval success rate: 0.0

 Scenario simple_spread Algo rmappo Exp paper_repro updates 4305/6250 episodes, total num timesteps 13779200/20000000, FPS 4152.

average episode rewards is -113.0909652709961

 Scenario simple_spread Algo rmappo Exp paper_repro updates 4310/6250 episodes, total num timesteps 13795200/20000000, FPS 4152.

average episode rewards is -114.68162536621094

 Scenario simple_spread Algo rmappo Exp paper_repro updates 4315/6250 episodes, total num timesteps 13811200/20000000, FPS 4153.

average episode rewards is -113.69123840332031

 Scenario simple_spread Algo rmappo Exp paper_repro updates 4320/6250 episodes, total num timesteps 13827200/20000000, FPS 4153.

average episode rewards is -114.11920928955078

 Scenario simple_spread Algo rmappo Exp paper_repro updates 4325/6250 episodes, total num timesteps 13843200/20000000, FPS 4154.

average episode rewards is -113.71964263916016
eval average episode rewards of agent: -114.70251566736823
eval success rate: 0.0

 Scenario simple_spread Algo rmappo Exp paper_repro updates 4330/6250 episodes, total num timesteps 13859200/20000000, FPS 4154.

average episode rewards is -115.37501525878906

 Scenario simple_spread Algo rmappo Exp paper_repro updates 4335/6250 episodes, total num timesteps 13875200/20000000, FPS 4154.

average episode rewards is -114.97874450683594

 Scenario simple_spread Algo rmappo Exp paper_repro updates 4340/6250 episodes, total num timesteps 13891200/20000000, FPS 4155.

average episode rewards is -115.3692626953125

 Scenario simple_spread Algo rmappo Exp paper_repro updates 4345/6250 episodes, total num timesteps 13907200/20000000, FPS 4155.

average episode rewards is -112.5884780883789

 Scenario simple_spread Algo rmappo Exp paper_repro updates 4350/6250 episodes, total num timesteps 13923200/20000000, FPS 4155.

average episode rewards is -115.72248840332031
eval average episode rewards of agent: -117.57915012887673
eval success rate: 0.0

 Scenario simple_spread Algo rmappo Exp paper_repro updates 4355/6250 episodes, total num timesteps 13939200/20000000, FPS 4156.

average episode rewards is -113.08892822265625

 Scenario simple_spread Algo rmappo Exp paper_repro updates 4360/6250 episodes, total num timesteps 13955200/20000000, FPS 4156.

average episode rewards is -113.11833953857422

 Scenario simple_spread Algo rmappo Exp paper_repro updates 4365/6250 episodes, total num timesteps 13971200/20000000, FPS 4156.

average episode rewards is -115.05248260498047

 Scenario simple_spread Algo rmappo Exp paper_repro updates 4370/6250 episodes, total num timesteps 13987200/20000000, FPS 4157.

average episode rewards is -116.24021911621094

 Scenario simple_spread Algo rmappo Exp paper_repro updates 4375/6250 episodes, total num timesteps 14003200/20000000, FPS 4157.

average episode rewards is -114.001953125
eval average episode rewards of agent: -117.65364389864489
eval success rate: 0.0

 Scenario simple_spread Algo rmappo Exp paper_repro updates 4380/6250 episodes, total num timesteps 14019200/20000000, FPS 4158.

average episode rewards is -113.54679107666016

 Scenario simple_spread Algo rmappo Exp paper_repro updates 4385/6250 episodes, total num timesteps 14035200/20000000, FPS 4158.

average episode rewards is -114.84962463378906

 Scenario simple_spread Algo rmappo Exp paper_repro updates 4390/6250 episodes, total num timesteps 14051200/20000000, FPS 4159.

average episode rewards is -115.60759735107422

 Scenario simple_spread Algo rmappo Exp paper_repro updates 4395/6250 episodes, total num timesteps 14067200/20000000, FPS 4159.

average episode rewards is -114.63529968261719

 Scenario simple_spread Algo rmappo Exp paper_repro updates 4400/6250 episodes, total num timesteps 14083200/20000000, FPS 4159.

average episode rewards is -115.2314453125
eval average episode rewards of agent: -117.25101846083703
eval success rate: 0.0

 Scenario simple_spread Algo rmappo Exp paper_repro updates 4405/6250 episodes, total num timesteps 14099200/20000000, FPS 4160.

average episode rewards is -112.97657775878906

 Scenario simple_spread Algo rmappo Exp paper_repro updates 4410/6250 episodes, total num timesteps 14115200/20000000, FPS 4160.

average episode rewards is -113.48135375976562

 Scenario simple_spread Algo rmappo Exp paper_repro updates 4415/6250 episodes, total num timesteps 14131200/20000000, FPS 4160.

average episode rewards is -114.25471496582031

 Scenario simple_spread Algo rmappo Exp paper_repro updates 4420/6250 episodes, total num timesteps 14147200/20000000, FPS 4161.

average episode rewards is -113.9867935180664

 Scenario simple_spread Algo rmappo Exp paper_repro updates 4425/6250 episodes, total num timesteps 14163200/20000000, FPS 4161.

average episode rewards is -111.66816711425781
eval average episode rewards of agent: -109.02874808765267
eval success rate: 0.0

 Scenario simple_spread Algo rmappo Exp paper_repro updates 4430/6250 episodes, total num timesteps 14179200/20000000, FPS 4162.

average episode rewards is -113.60597229003906

 Scenario simple_spread Algo rmappo Exp paper_repro updates 4435/6250 episodes, total num timesteps 14195200/20000000, FPS 4162.

average episode rewards is -115.49019622802734

 Scenario simple_spread Algo rmappo Exp paper_repro updates 4440/6250 episodes, total num timesteps 14211200/20000000, FPS 4162.

average episode rewards is -114.16153717041016

 Scenario simple_spread Algo rmappo Exp paper_repro updates 4445/6250 episodes, total num timesteps 14227200/20000000, FPS 4163.

average episode rewards is -117.81211853027344

 Scenario simple_spread Algo rmappo Exp paper_repro updates 4450/6250 episodes, total num timesteps 14243200/20000000, FPS 4163.

average episode rewards is -115.7638931274414
eval average episode rewards of agent: -115.7720500688697
eval success rate: 0.0

 Scenario simple_spread Algo rmappo Exp paper_repro updates 4455/6250 episodes, total num timesteps 14259200/20000000, FPS 4163.

average episode rewards is -112.54364013671875

 Scenario simple_spread Algo rmappo Exp paper_repro updates 4460/6250 episodes, total num timesteps 14275200/20000000, FPS 4162.

average episode rewards is -113.52189636230469

 Scenario simple_spread Algo rmappo Exp paper_repro updates 4465/6250 episodes, total num timesteps 14291200/20000000, FPS 4163.

average episode rewards is -114.92727661132812

 Scenario simple_spread Algo rmappo Exp paper_repro updates 4470/6250 episodes, total num timesteps 14307200/20000000, FPS 4163.

average episode rewards is -114.48707580566406

 Scenario simple_spread Algo rmappo Exp paper_repro updates 4475/6250 episodes, total num timesteps 14323200/20000000, FPS 4163.

average episode rewards is -115.49226379394531
eval average episode rewards of agent: -119.33904148939024
eval success rate: 0.0

 Scenario simple_spread Algo rmappo Exp paper_repro updates 4480/6250 episodes, total num timesteps 14339200/20000000, FPS 4164.

average episode rewards is -114.98477172851562

 Scenario simple_spread Algo rmappo Exp paper_repro updates 4485/6250 episodes, total num timesteps 14355200/20000000, FPS 4164.

average episode rewards is -114.45960998535156

 Scenario simple_spread Algo rmappo Exp paper_repro updates 4490/6250 episodes, total num timesteps 14371200/20000000, FPS 4165.

average episode rewards is -113.86097717285156

 Scenario simple_spread Algo rmappo Exp paper_repro updates 4495/6250 episodes, total num timesteps 14387200/20000000, FPS 4165.

average episode rewards is -114.24395751953125

 Scenario simple_spread Algo rmappo Exp paper_repro updates 4500/6250 episodes, total num timesteps 14403200/20000000, FPS 4165.

average episode rewards is -113.64836883544922
eval average episode rewards of agent: -113.10762377064808
eval success rate: 0.0

 Scenario simple_spread Algo rmappo Exp paper_repro updates 4505/6250 episodes, total num timesteps 14419200/20000000, FPS 4166.

average episode rewards is -115.89588928222656

 Scenario simple_spread Algo rmappo Exp paper_repro updates 4510/6250 episodes, total num timesteps 14435200/20000000, FPS 4165.

average episode rewards is -113.61122131347656

 Scenario simple_spread Algo rmappo Exp paper_repro updates 4515/6250 episodes, total num timesteps 14451200/20000000, FPS 4165.

average episode rewards is -114.85333251953125

 Scenario simple_spread Algo rmappo Exp paper_repro updates 4520/6250 episodes, total num timesteps 14467200/20000000, FPS 4165.

average episode rewards is -113.02555847167969

 Scenario simple_spread Algo rmappo Exp paper_repro updates 4525/6250 episodes, total num timesteps 14483200/20000000, FPS 4166.

average episode rewards is -112.75166320800781
eval average episode rewards of agent: -116.27111262729896
eval success rate: 0.0

 Scenario simple_spread Algo rmappo Exp paper_repro updates 4530/6250 episodes, total num timesteps 14499200/20000000, FPS 4166.

average episode rewards is -113.4959487915039

 Scenario simple_spread Algo rmappo Exp paper_repro updates 4535/6250 episodes, total num timesteps 14515200/20000000, FPS 4166.

average episode rewards is -113.29496765136719

 Scenario simple_spread Algo rmappo Exp paper_repro updates 4540/6250 episodes, total num timesteps 14531200/20000000, FPS 4167.

average episode rewards is -112.81683349609375

 Scenario simple_spread Algo rmappo Exp paper_repro updates 4545/6250 episodes, total num timesteps 14547200/20000000, FPS 4167.

average episode rewards is -114.80876159667969

 Scenario simple_spread Algo rmappo Exp paper_repro updates 4550/6250 episodes, total num timesteps 14563200/20000000, FPS 4167.

average episode rewards is -115.45553588867188
eval average episode rewards of agent: -110.99169112933616
eval success rate: 0.0

 Scenario simple_spread Algo rmappo Exp paper_repro updates 4555/6250 episodes, total num timesteps 14579200/20000000, FPS 4168.

average episode rewards is -115.52848815917969

 Scenario simple_spread Algo rmappo Exp paper_repro updates 4560/6250 episodes, total num timesteps 14595200/20000000, FPS 4168.

average episode rewards is -114.12535095214844

 Scenario simple_spread Algo rmappo Exp paper_repro updates 4565/6250 episodes, total num timesteps 14611200/20000000, FPS 4169.

average episode rewards is -116.08763122558594

 Scenario simple_spread Algo rmappo Exp paper_repro updates 4570/6250 episodes, total num timesteps 14627200/20000000, FPS 4169.

average episode rewards is -113.64769744873047

 Scenario simple_spread Algo rmappo Exp paper_repro updates 4575/6250 episodes, total num timesteps 14643200/20000000, FPS 4169.

average episode rewards is -115.32433319091797
eval average episode rewards of agent: -109.11062020338252
eval success rate: 0.0

 Scenario simple_spread Algo rmappo Exp paper_repro updates 4580/6250 episodes, total num timesteps 14659200/20000000, FPS 4170.

average episode rewards is -114.629638671875

 Scenario simple_spread Algo rmappo Exp paper_repro updates 4585/6250 episodes, total num timesteps 14675200/20000000, FPS 4170.

average episode rewards is -112.6638412475586

 Scenario simple_spread Algo rmappo Exp paper_repro updates 4590/6250 episodes, total num timesteps 14691200/20000000, FPS 4170.

average episode rewards is -114.77713775634766

 Scenario simple_spread Algo rmappo Exp paper_repro updates 4595/6250 episodes, total num timesteps 14707200/20000000, FPS 4171.

average episode rewards is -113.7271499633789

 Scenario simple_spread Algo rmappo Exp paper_repro updates 4600/6250 episodes, total num timesteps 14723200/20000000, FPS 4171.

average episode rewards is -114.27496337890625
eval average episode rewards of agent: -113.45428420596328
eval success rate: 0.0

 Scenario simple_spread Algo rmappo Exp paper_repro updates 4605/6250 episodes, total num timesteps 14739200/20000000, FPS 4172.

average episode rewards is -113.56777954101562

 Scenario simple_spread Algo rmappo Exp paper_repro updates 4610/6250 episodes, total num timesteps 14755200/20000000, FPS 4172.

average episode rewards is -112.4327392578125

 Scenario simple_spread Algo rmappo Exp paper_repro updates 4615/6250 episodes, total num timesteps 14771200/20000000, FPS 4172.

average episode rewards is -113.77433776855469

 Scenario simple_spread Algo rmappo Exp paper_repro updates 4620/6250 episodes, total num timesteps 14787200/20000000, FPS 4173.

average episode rewards is -114.79232025146484

 Scenario simple_spread Algo rmappo Exp paper_repro updates 4625/6250 episodes, total num timesteps 14803200/20000000, FPS 4173.

average episode rewards is -116.19397735595703
eval average episode rewards of agent: -109.339168526454
eval success rate: 0.0

 Scenario simple_spread Algo rmappo Exp paper_repro updates 4630/6250 episodes, total num timesteps 14819200/20000000, FPS 4173.

average episode rewards is -113.38157653808594

 Scenario simple_spread Algo rmappo Exp paper_repro updates 4635/6250 episodes, total num timesteps 14835200/20000000, FPS 4174.

average episode rewards is -113.52113342285156

 Scenario simple_spread Algo rmappo Exp paper_repro updates 4640/6250 episodes, total num timesteps 14851200/20000000, FPS 4174.

average episode rewards is -114.9518814086914

 Scenario simple_spread Algo rmappo Exp paper_repro updates 4645/6250 episodes, total num timesteps 14867200/20000000, FPS 4175.

average episode rewards is -115.91243743896484

 Scenario simple_spread Algo rmappo Exp paper_repro updates 4650/6250 episodes, total num timesteps 14883200/20000000, FPS 4175.

average episode rewards is -114.68743133544922
eval average episode rewards of agent: -118.0413066849841
eval success rate: 0.0

 Scenario simple_spread Algo rmappo Exp paper_repro updates 4655/6250 episodes, total num timesteps 14899200/20000000, FPS 4175.

average episode rewards is -114.98307037353516

 Scenario simple_spread Algo rmappo Exp paper_repro updates 4660/6250 episodes, total num timesteps 14915200/20000000, FPS 4176.

average episode rewards is -113.84178161621094

 Scenario simple_spread Algo rmappo Exp paper_repro updates 4665/6250 episodes, total num timesteps 14931200/20000000, FPS 4176.

average episode rewards is -115.9906234741211

 Scenario simple_spread Algo rmappo Exp paper_repro updates 4670/6250 episodes, total num timesteps 14947200/20000000, FPS 4176.

average episode rewards is -114.09367370605469

 Scenario simple_spread Algo rmappo Exp paper_repro updates 4675/6250 episodes, total num timesteps 14963200/20000000, FPS 4177.

average episode rewards is -114.20773315429688
eval average episode rewards of agent: -111.70059863331149
eval success rate: 0.0

 Scenario simple_spread Algo rmappo Exp paper_repro updates 4680/6250 episodes, total num timesteps 14979200/20000000, FPS 4177.

average episode rewards is -113.14054870605469

 Scenario simple_spread Algo rmappo Exp paper_repro updates 4685/6250 episodes, total num timesteps 14995200/20000000, FPS 4177.

average episode rewards is -114.67461395263672

 Scenario simple_spread Algo rmappo Exp paper_repro updates 4690/6250 episodes, total num timesteps 15011200/20000000, FPS 4178.

average episode rewards is -113.82889556884766

 Scenario simple_spread Algo rmappo Exp paper_repro updates 4695/6250 episodes, total num timesteps 15027200/20000000, FPS 4178.

average episode rewards is -112.1033935546875

 Scenario simple_spread Algo rmappo Exp paper_repro updates 4700/6250 episodes, total num timesteps 15043200/20000000, FPS 4179.

average episode rewards is -114.65498352050781
eval average episode rewards of agent: -116.61218460995545
eval success rate: 0.0

 Scenario simple_spread Algo rmappo Exp paper_repro updates 4705/6250 episodes, total num timesteps 15059200/20000000, FPS 4179.

average episode rewards is -113.52815246582031

 Scenario simple_spread Algo rmappo Exp paper_repro updates 4710/6250 episodes, total num timesteps 15075200/20000000, FPS 4179.

average episode rewards is -111.57862854003906

 Scenario simple_spread Algo rmappo Exp paper_repro updates 4715/6250 episodes, total num timesteps 15091200/20000000, FPS 4179.

average episode rewards is -115.09278869628906

 Scenario simple_spread Algo rmappo Exp paper_repro updates 4720/6250 episodes, total num timesteps 15107200/20000000, FPS 4180.

average episode rewards is -111.75469970703125

 Scenario simple_spread Algo rmappo Exp paper_repro updates 4725/6250 episodes, total num timesteps 15123200/20000000, FPS 4180.

average episode rewards is -112.50735473632812
eval average episode rewards of agent: -116.10986444346105
eval success rate: 0.0

 Scenario simple_spread Algo rmappo Exp paper_repro updates 4730/6250 episodes, total num timesteps 15139200/20000000, FPS 4180.

average episode rewards is -113.85321807861328

 Scenario simple_spread Algo rmappo Exp paper_repro updates 4735/6250 episodes, total num timesteps 15155200/20000000, FPS 4181.

average episode rewards is -112.72178649902344

 Scenario simple_spread Algo rmappo Exp paper_repro updates 4740/6250 episodes, total num timesteps 15171200/20000000, FPS 4181.

average episode rewards is -110.12190246582031

 Scenario simple_spread Algo rmappo Exp paper_repro updates 4745/6250 episodes, total num timesteps 15187200/20000000, FPS 4182.

average episode rewards is -112.62444305419922

 Scenario simple_spread Algo rmappo Exp paper_repro updates 4750/6250 episodes, total num timesteps 15203200/20000000, FPS 4182.

average episode rewards is -113.1306381225586
eval average episode rewards of agent: -114.54779750301796
eval success rate: 0.0

 Scenario simple_spread Algo rmappo Exp paper_repro updates 4755/6250 episodes, total num timesteps 15219200/20000000, FPS 4182.

average episode rewards is -113.03511047363281

 Scenario simple_spread Algo rmappo Exp paper_repro updates 4760/6250 episodes, total num timesteps 15235200/20000000, FPS 4183.

average episode rewards is -113.5138168334961

 Scenario simple_spread Algo rmappo Exp paper_repro updates 4765/6250 episodes, total num timesteps 15251200/20000000, FPS 4183.

average episode rewards is -114.83035278320312

 Scenario simple_spread Algo rmappo Exp paper_repro updates 4770/6250 episodes, total num timesteps 15267200/20000000, FPS 4183.

average episode rewards is -113.45681762695312

 Scenario simple_spread Algo rmappo Exp paper_repro updates 4775/6250 episodes, total num timesteps 15283200/20000000, FPS 4184.

average episode rewards is -111.6644515991211
eval average episode rewards of agent: -110.23920873408403
eval success rate: 0.0

 Scenario simple_spread Algo rmappo Exp paper_repro updates 4780/6250 episodes, total num timesteps 15299200/20000000, FPS 4184.

average episode rewards is -113.0655517578125

 Scenario simple_spread Algo rmappo Exp paper_repro updates 4785/6250 episodes, total num timesteps 15315200/20000000, FPS 4184.

average episode rewards is -112.44843292236328

 Scenario simple_spread Algo rmappo Exp paper_repro updates 4790/6250 episodes, total num timesteps 15331200/20000000, FPS 4185.

average episode rewards is -113.36077117919922

 Scenario simple_spread Algo rmappo Exp paper_repro updates 4795/6250 episodes, total num timesteps 15347200/20000000, FPS 4185.

average episode rewards is -112.75558471679688

 Scenario simple_spread Algo rmappo Exp paper_repro updates 4800/6250 episodes, total num timesteps 15363200/20000000, FPS 4185.

average episode rewards is -112.39324951171875
eval average episode rewards of agent: -117.79761414891739
eval success rate: 0.0

 Scenario simple_spread Algo rmappo Exp paper_repro updates 4805/6250 episodes, total num timesteps 15379200/20000000, FPS 4186.

average episode rewards is -110.52290344238281

 Scenario simple_spread Algo rmappo Exp paper_repro updates 4810/6250 episodes, total num timesteps 15395200/20000000, FPS 4186.

average episode rewards is -115.52481842041016

 Scenario simple_spread Algo rmappo Exp paper_repro updates 4815/6250 episodes, total num timesteps 15411200/20000000, FPS 4186.

average episode rewards is -116.39569091796875

 Scenario simple_spread Algo rmappo Exp paper_repro updates 4820/6250 episodes, total num timesteps 15427200/20000000, FPS 4187.

average episode rewards is -113.52239990234375

 Scenario simple_spread Algo rmappo Exp paper_repro updates 4825/6250 episodes, total num timesteps 15443200/20000000, FPS 4187.

average episode rewards is -114.20756530761719
eval average episode rewards of agent: -107.39410438722868
eval success rate: 0.0

 Scenario simple_spread Algo rmappo Exp paper_repro updates 4830/6250 episodes, total num timesteps 15459200/20000000, FPS 4187.

average episode rewards is -112.8149642944336

 Scenario simple_spread Algo rmappo Exp paper_repro updates 4835/6250 episodes, total num timesteps 15475200/20000000, FPS 4188.

average episode rewards is -113.39311218261719

 Scenario simple_spread Algo rmappo Exp paper_repro updates 4840/6250 episodes, total num timesteps 15491200/20000000, FPS 4188.

average episode rewards is -112.13033294677734

 Scenario simple_spread Algo rmappo Exp paper_repro updates 4845/6250 episodes, total num timesteps 15507200/20000000, FPS 4188.

average episode rewards is -113.8326416015625

 Scenario simple_spread Algo rmappo Exp paper_repro updates 4850/6250 episodes, total num timesteps 15523200/20000000, FPS 4189.

average episode rewards is -110.41027069091797
eval average episode rewards of agent: -115.5861576326106
eval success rate: 0.0

 Scenario simple_spread Algo rmappo Exp paper_repro updates 4855/6250 episodes, total num timesteps 15539200/20000000, FPS 4189.

average episode rewards is -113.297607421875

 Scenario simple_spread Algo rmappo Exp paper_repro updates 4860/6250 episodes, total num timesteps 15555200/20000000, FPS 4189.

average episode rewards is -114.13519287109375

 Scenario simple_spread Algo rmappo Exp paper_repro updates 4865/6250 episodes, total num timesteps 15571200/20000000, FPS 4190.

average episode rewards is -114.00466918945312

 Scenario simple_spread Algo rmappo Exp paper_repro updates 4870/6250 episodes, total num timesteps 15587200/20000000, FPS 4190.

average episode rewards is -115.01384735107422

 Scenario simple_spread Algo rmappo Exp paper_repro updates 4875/6250 episodes, total num timesteps 15603200/20000000, FPS 4190.

average episode rewards is -113.4790267944336
eval average episode rewards of agent: -112.8427847981326
eval success rate: 0.0

 Scenario simple_spread Algo rmappo Exp paper_repro updates 4880/6250 episodes, total num timesteps 15619200/20000000, FPS 4191.

average episode rewards is -114.72309875488281

 Scenario simple_spread Algo rmappo Exp paper_repro updates 4885/6250 episodes, total num timesteps 15635200/20000000, FPS 4191.

average episode rewards is -115.50731658935547

 Scenario simple_spread Algo rmappo Exp paper_repro updates 4890/6250 episodes, total num timesteps 15651200/20000000, FPS 4191.

average episode rewards is -114.74044036865234

 Scenario simple_spread Algo rmappo Exp paper_repro updates 4895/6250 episodes, total num timesteps 15667200/20000000, FPS 4192.

average episode rewards is -114.61180114746094

 Scenario simple_spread Algo rmappo Exp paper_repro updates 4900/6250 episodes, total num timesteps 15683200/20000000, FPS 4192.

average episode rewards is -113.79224395751953
eval average episode rewards of agent: -111.52665592589662
eval success rate: 0.0

 Scenario simple_spread Algo rmappo Exp paper_repro updates 4905/6250 episodes, total num timesteps 15699200/20000000, FPS 4192.

average episode rewards is -113.83619689941406

 Scenario simple_spread Algo rmappo Exp paper_repro updates 4910/6250 episodes, total num timesteps 15715200/20000000, FPS 4192.

average episode rewards is -111.07707214355469

 Scenario simple_spread Algo rmappo Exp paper_repro updates 4915/6250 episodes, total num timesteps 15731200/20000000, FPS 4193.

average episode rewards is -116.12538146972656

 Scenario simple_spread Algo rmappo Exp paper_repro updates 4920/6250 episodes, total num timesteps 15747200/20000000, FPS 4193.

average episode rewards is -112.65055847167969

 Scenario simple_spread Algo rmappo Exp paper_repro updates 4925/6250 episodes, total num timesteps 15763200/20000000, FPS 4193.

average episode rewards is -110.967041015625
eval average episode rewards of agent: -115.75547681990108
eval success rate: 0.0

 Scenario simple_spread Algo rmappo Exp paper_repro updates 4930/6250 episodes, total num timesteps 15779200/20000000, FPS 4194.

average episode rewards is -115.18472290039062

 Scenario simple_spread Algo rmappo Exp paper_repro updates 4935/6250 episodes, total num timesteps 15795200/20000000, FPS 4194.

average episode rewards is -113.33943939208984

 Scenario simple_spread Algo rmappo Exp paper_repro updates 4940/6250 episodes, total num timesteps 15811200/20000000, FPS 4194.

average episode rewards is -113.64555358886719

 Scenario simple_spread Algo rmappo Exp paper_repro updates 4945/6250 episodes, total num timesteps 15827200/20000000, FPS 4195.

average episode rewards is -110.9620361328125

 Scenario simple_spread Algo rmappo Exp paper_repro updates 4950/6250 episodes, total num timesteps 15843200/20000000, FPS 4195.

average episode rewards is -113.74424743652344
eval average episode rewards of agent: -116.94143343887232
eval success rate: 0.0

 Scenario simple_spread Algo rmappo Exp paper_repro updates 4955/6250 episodes, total num timesteps 15859200/20000000, FPS 4195.

average episode rewards is -114.02293395996094

 Scenario simple_spread Algo rmappo Exp paper_repro updates 4960/6250 episodes, total num timesteps 15875200/20000000, FPS 4196.

average episode rewards is -110.36942291259766

 Scenario simple_spread Algo rmappo Exp paper_repro updates 4965/6250 episodes, total num timesteps 15891200/20000000, FPS 4196.

average episode rewards is -114.97209930419922

 Scenario simple_spread Algo rmappo Exp paper_repro updates 4970/6250 episodes, total num timesteps 15907200/20000000, FPS 4196.

average episode rewards is -113.62789916992188

 Scenario simple_spread Algo rmappo Exp paper_repro updates 4975/6250 episodes, total num timesteps 15923200/20000000, FPS 4197.

average episode rewards is -113.85264587402344
eval average episode rewards of agent: -110.35864868735658
eval success rate: 0.0

 Scenario simple_spread Algo rmappo Exp paper_repro updates 4980/6250 episodes, total num timesteps 15939200/20000000, FPS 4197.

average episode rewards is -112.846435546875

 Scenario simple_spread Algo rmappo Exp paper_repro updates 4985/6250 episodes, total num timesteps 15955200/20000000, FPS 4197.

average episode rewards is -113.62065124511719

 Scenario simple_spread Algo rmappo Exp paper_repro updates 4990/6250 episodes, total num timesteps 15971200/20000000, FPS 4198.

average episode rewards is -112.8352279663086

 Scenario simple_spread Algo rmappo Exp paper_repro updates 4995/6250 episodes, total num timesteps 15987200/20000000, FPS 4198.

average episode rewards is -114.54512023925781

 Scenario simple_spread Algo rmappo Exp paper_repro updates 5000/6250 episodes, total num timesteps 16003200/20000000, FPS 4198.

average episode rewards is -112.64364624023438
eval average episode rewards of agent: -108.28996081634928
eval success rate: 0.0

 Scenario simple_spread Algo rmappo Exp paper_repro updates 5005/6250 episodes, total num timesteps 16019200/20000000, FPS 4198.

average episode rewards is -116.39495849609375

 Scenario simple_spread Algo rmappo Exp paper_repro updates 5010/6250 episodes, total num timesteps 16035200/20000000, FPS 4199.

average episode rewards is -112.11647033691406

 Scenario simple_spread Algo rmappo Exp paper_repro updates 5015/6250 episodes, total num timesteps 16051200/20000000, FPS 4199.

average episode rewards is -112.84749603271484

 Scenario simple_spread Algo rmappo Exp paper_repro updates 5020/6250 episodes, total num timesteps 16067200/20000000, FPS 4199.

average episode rewards is -114.56692504882812

 Scenario simple_spread Algo rmappo Exp paper_repro updates 5025/6250 episodes, total num timesteps 16083200/20000000, FPS 4200.

average episode rewards is -111.98391723632812
eval average episode rewards of agent: -109.06943482599247
eval success rate: 0.0

 Scenario simple_spread Algo rmappo Exp paper_repro updates 5030/6250 episodes, total num timesteps 16099200/20000000, FPS 4200.

average episode rewards is -112.56641387939453

 Scenario simple_spread Algo rmappo Exp paper_repro updates 5035/6250 episodes, total num timesteps 16115200/20000000, FPS 4200.

average episode rewards is -113.13470458984375

 Scenario simple_spread Algo rmappo Exp paper_repro updates 5040/6250 episodes, total num timesteps 16131200/20000000, FPS 4200.

average episode rewards is -114.52839660644531

 Scenario simple_spread Algo rmappo Exp paper_repro updates 5045/6250 episodes, total num timesteps 16147200/20000000, FPS 4201.

average episode rewards is -112.95466613769531

 Scenario simple_spread Algo rmappo Exp paper_repro updates 5050/6250 episodes, total num timesteps 16163200/20000000, FPS 4201.

average episode rewards is -112.7436752319336
eval average episode rewards of agent: -115.1926261477719
eval success rate: 0.0

 Scenario simple_spread Algo rmappo Exp paper_repro updates 5055/6250 episodes, total num timesteps 16179200/20000000, FPS 4201.

average episode rewards is -110.17583465576172

 Scenario simple_spread Algo rmappo Exp paper_repro updates 5060/6250 episodes, total num timesteps 16195200/20000000, FPS 4202.

average episode rewards is -113.42061614990234

 Scenario simple_spread Algo rmappo Exp paper_repro updates 5065/6250 episodes, total num timesteps 16211200/20000000, FPS 4202.

average episode rewards is -113.69501495361328

 Scenario simple_spread Algo rmappo Exp paper_repro updates 5070/6250 episodes, total num timesteps 16227200/20000000, FPS 4202.

average episode rewards is -114.7436294555664

 Scenario simple_spread Algo rmappo Exp paper_repro updates 5075/6250 episodes, total num timesteps 16243200/20000000, FPS 4202.

average episode rewards is -114.13190460205078
eval average episode rewards of agent: -116.29619459075546
eval success rate: 0.0

 Scenario simple_spread Algo rmappo Exp paper_repro updates 5080/6250 episodes, total num timesteps 16259200/20000000, FPS 4203.

average episode rewards is -112.23778533935547

 Scenario simple_spread Algo rmappo Exp paper_repro updates 5085/6250 episodes, total num timesteps 16275200/20000000, FPS 4203.

average episode rewards is -112.08374786376953

 Scenario simple_spread Algo rmappo Exp paper_repro updates 5090/6250 episodes, total num timesteps 16291200/20000000, FPS 4203.

average episode rewards is -114.17157745361328

 Scenario simple_spread Algo rmappo Exp paper_repro updates 5095/6250 episodes, total num timesteps 16307200/20000000, FPS 4204.

average episode rewards is -114.2666015625

 Scenario simple_spread Algo rmappo Exp paper_repro updates 5100/6250 episodes, total num timesteps 16323200/20000000, FPS 4204.

average episode rewards is -112.75048065185547
eval average episode rewards of agent: -109.70316323079213
eval success rate: 0.0

 Scenario simple_spread Algo rmappo Exp paper_repro updates 5105/6250 episodes, total num timesteps 16339200/20000000, FPS 4204.

average episode rewards is -112.20304107666016

 Scenario simple_spread Algo rmappo Exp paper_repro updates 5110/6250 episodes, total num timesteps 16355200/20000000, FPS 4204.

average episode rewards is -111.99674987792969

 Scenario simple_spread Algo rmappo Exp paper_repro updates 5115/6250 episodes, total num timesteps 16371200/20000000, FPS 4205.

average episode rewards is -115.44776153564453

 Scenario simple_spread Algo rmappo Exp paper_repro updates 5120/6250 episodes, total num timesteps 16387200/20000000, FPS 4205.

average episode rewards is -115.88062286376953

 Scenario simple_spread Algo rmappo Exp paper_repro updates 5125/6250 episodes, total num timesteps 16403200/20000000, FPS 4205.

average episode rewards is -112.51934814453125
eval average episode rewards of agent: -113.31787914038728
eval success rate: 0.0

 Scenario simple_spread Algo rmappo Exp paper_repro updates 5130/6250 episodes, total num timesteps 16419200/20000000, FPS 4206.

average episode rewards is -113.70445251464844

 Scenario simple_spread Algo rmappo Exp paper_repro updates 5135/6250 episodes, total num timesteps 16435200/20000000, FPS 4206.

average episode rewards is -113.85557556152344

 Scenario simple_spread Algo rmappo Exp paper_repro updates 5140/6250 episodes, total num timesteps 16451200/20000000, FPS 4206.

average episode rewards is -111.51579284667969

 Scenario simple_spread Algo rmappo Exp paper_repro updates 5145/6250 episodes, total num timesteps 16467200/20000000, FPS 4206.

average episode rewards is -112.57589721679688

 Scenario simple_spread Algo rmappo Exp paper_repro updates 5150/6250 episodes, total num timesteps 16483200/20000000, FPS 4207.

average episode rewards is -112.2394790649414
eval average episode rewards of agent: -111.12774062765442
eval success rate: 0.0

 Scenario simple_spread Algo rmappo Exp paper_repro updates 5155/6250 episodes, total num timesteps 16499200/20000000, FPS 4207.

average episode rewards is -115.90372467041016

 Scenario simple_spread Algo rmappo Exp paper_repro updates 5160/6250 episodes, total num timesteps 16515200/20000000, FPS 4207.

average episode rewards is -113.91584014892578

 Scenario simple_spread Algo rmappo Exp paper_repro updates 5165/6250 episodes, total num timesteps 16531200/20000000, FPS 4208.

average episode rewards is -113.84861755371094

 Scenario simple_spread Algo rmappo Exp paper_repro updates 5170/6250 episodes, total num timesteps 16547200/20000000, FPS 4208.

average episode rewards is -114.35371398925781

 Scenario simple_spread Algo rmappo Exp paper_repro updates 5175/6250 episodes, total num timesteps 16563200/20000000, FPS 4208.

average episode rewards is -111.58672332763672
eval average episode rewards of agent: -114.01342184823001
eval success rate: 0.0

 Scenario simple_spread Algo rmappo Exp paper_repro updates 5180/6250 episodes, total num timesteps 16579200/20000000, FPS 4208.

average episode rewards is -113.30284881591797

 Scenario simple_spread Algo rmappo Exp paper_repro updates 5185/6250 episodes, total num timesteps 16595200/20000000, FPS 4209.

average episode rewards is -113.06694793701172

 Scenario simple_spread Algo rmappo Exp paper_repro updates 5190/6250 episodes, total num timesteps 16611200/20000000, FPS 4209.

average episode rewards is -116.7049560546875

 Scenario simple_spread Algo rmappo Exp paper_repro updates 5195/6250 episodes, total num timesteps 16627200/20000000, FPS 4209.

average episode rewards is -113.91043853759766

 Scenario simple_spread Algo rmappo Exp paper_repro updates 5200/6250 episodes, total num timesteps 16643200/20000000, FPS 4209.

average episode rewards is -113.86534118652344
eval average episode rewards of agent: -113.3132409101674
eval success rate: 0.0

 Scenario simple_spread Algo rmappo Exp paper_repro updates 5205/6250 episodes, total num timesteps 16659200/20000000, FPS 4210.

average episode rewards is -115.40733337402344

 Scenario simple_spread Algo rmappo Exp paper_repro updates 5210/6250 episodes, total num timesteps 16675200/20000000, FPS 4210.

average episode rewards is -113.07057189941406

 Scenario simple_spread Algo rmappo Exp paper_repro updates 5215/6250 episodes, total num timesteps 16691200/20000000, FPS 4210.

average episode rewards is -114.86263275146484

 Scenario simple_spread Algo rmappo Exp paper_repro updates 5220/6250 episodes, total num timesteps 16707200/20000000, FPS 4211.

average episode rewards is -112.0874252319336

 Scenario simple_spread Algo rmappo Exp paper_repro updates 5225/6250 episodes, total num timesteps 16723200/20000000, FPS 4211.

average episode rewards is -114.25291442871094
eval average episode rewards of agent: -119.09322919544144
eval success rate: 0.0

 Scenario simple_spread Algo rmappo Exp paper_repro updates 5230/6250 episodes, total num timesteps 16739200/20000000, FPS 4211.

average episode rewards is -113.03547668457031

 Scenario simple_spread Algo rmappo Exp paper_repro updates 5235/6250 episodes, total num timesteps 16755200/20000000, FPS 4211.

average episode rewards is -114.77362060546875

 Scenario simple_spread Algo rmappo Exp paper_repro updates 5240/6250 episodes, total num timesteps 16771200/20000000, FPS 4212.

average episode rewards is -112.47631072998047

 Scenario simple_spread Algo rmappo Exp paper_repro updates 5245/6250 episodes, total num timesteps 16787200/20000000, FPS 4210.

average episode rewards is -115.06916046142578

 Scenario simple_spread Algo rmappo Exp paper_repro updates 5250/6250 episodes, total num timesteps 16803200/20000000, FPS 4210.

average episode rewards is -112.00835418701172
eval average episode rewards of agent: -111.04802143131344
eval success rate: 0.0

 Scenario simple_spread Algo rmappo Exp paper_repro updates 5255/6250 episodes, total num timesteps 16819200/20000000, FPS 4209.

average episode rewards is -112.47259521484375

 Scenario simple_spread Algo rmappo Exp paper_repro updates 5260/6250 episodes, total num timesteps 16835200/20000000, FPS 4209.

average episode rewards is -113.14575958251953

 Scenario simple_spread Algo rmappo Exp paper_repro updates 5265/6250 episodes, total num timesteps 16851200/20000000, FPS 4209.

average episode rewards is -112.20935821533203

 Scenario simple_spread Algo rmappo Exp paper_repro updates 5270/6250 episodes, total num timesteps 16867200/20000000, FPS 4208.

average episode rewards is -114.37593841552734

 Scenario simple_spread Algo rmappo Exp paper_repro updates 5275/6250 episodes, total num timesteps 16883200/20000000, FPS 4208.

average episode rewards is -112.51380157470703
eval average episode rewards of agent: -115.77640374532866
eval success rate: 0.0

 Scenario simple_spread Algo rmappo Exp paper_repro updates 5280/6250 episodes, total num timesteps 16899200/20000000, FPS 4208.

average episode rewards is -114.06475067138672

 Scenario simple_spread Algo rmappo Exp paper_repro updates 5285/6250 episodes, total num timesteps 16915200/20000000, FPS 4207.

average episode rewards is -111.84762573242188

 Scenario simple_spread Algo rmappo Exp paper_repro updates 5290/6250 episodes, total num timesteps 16931200/20000000, FPS 4207.

average episode rewards is -114.71424102783203

 Scenario simple_spread Algo rmappo Exp paper_repro updates 5295/6250 episodes, total num timesteps 16947200/20000000, FPS 4207.

average episode rewards is -112.92343139648438

 Scenario simple_spread Algo rmappo Exp paper_repro updates 5300/6250 episodes, total num timesteps 16963200/20000000, FPS 4206.

average episode rewards is -113.19153594970703
eval average episode rewards of agent: -119.24744264447259
eval success rate: 0.0

 Scenario simple_spread Algo rmappo Exp paper_repro updates 5305/6250 episodes, total num timesteps 16979200/20000000, FPS 4206.

average episode rewards is -114.34273529052734

 Scenario simple_spread Algo rmappo Exp paper_repro updates 5310/6250 episodes, total num timesteps 16995200/20000000, FPS 4206.

average episode rewards is -113.39192199707031

 Scenario simple_spread Algo rmappo Exp paper_repro updates 5315/6250 episodes, total num timesteps 17011200/20000000, FPS 4205.

average episode rewards is -114.74111938476562

 Scenario simple_spread Algo rmappo Exp paper_repro updates 5320/6250 episodes, total num timesteps 17027200/20000000, FPS 4205.

average episode rewards is -112.57059478759766

 Scenario simple_spread Algo rmappo Exp paper_repro updates 5325/6250 episodes, total num timesteps 17043200/20000000, FPS 4205.

average episode rewards is -114.84961700439453
eval average episode rewards of agent: -111.65110681508112
eval success rate: 0.0

 Scenario simple_spread Algo rmappo Exp paper_repro updates 5330/6250 episodes, total num timesteps 17059200/20000000, FPS 4204.

average episode rewards is -113.38777160644531

 Scenario simple_spread Algo rmappo Exp paper_repro updates 5335/6250 episodes, total num timesteps 17075200/20000000, FPS 4204.

average episode rewards is -113.43897247314453

 Scenario simple_spread Algo rmappo Exp paper_repro updates 5340/6250 episodes, total num timesteps 17091200/20000000, FPS 4204.

average episode rewards is -113.38606262207031

 Scenario simple_spread Algo rmappo Exp paper_repro updates 5345/6250 episodes, total num timesteps 17107200/20000000, FPS 4203.

average episode rewards is -109.78144073486328

 Scenario simple_spread Algo rmappo Exp paper_repro updates 5350/6250 episodes, total num timesteps 17123200/20000000, FPS 4203.

average episode rewards is -112.84696197509766
eval average episode rewards of agent: -116.05475813937078
eval success rate: 0.0

 Scenario simple_spread Algo rmappo Exp paper_repro updates 5355/6250 episodes, total num timesteps 17139200/20000000, FPS 4203.

average episode rewards is -114.07334899902344

 Scenario simple_spread Algo rmappo Exp paper_repro updates 5360/6250 episodes, total num timesteps 17155200/20000000, FPS 4202.

average episode rewards is -114.20548248291016

 Scenario simple_spread Algo rmappo Exp paper_repro updates 5365/6250 episodes, total num timesteps 17171200/20000000, FPS 4202.

average episode rewards is -113.15900421142578

 Scenario simple_spread Algo rmappo Exp paper_repro updates 5370/6250 episodes, total num timesteps 17187200/20000000, FPS 4202.

average episode rewards is -113.77325439453125

 Scenario simple_spread Algo rmappo Exp paper_repro updates 5375/6250 episodes, total num timesteps 17203200/20000000, FPS 4202.

average episode rewards is -114.19853973388672
eval average episode rewards of agent: -107.44138532034204
eval success rate: 0.0

 Scenario simple_spread Algo rmappo Exp paper_repro updates 5380/6250 episodes, total num timesteps 17219200/20000000, FPS 4201.

average episode rewards is -112.934326171875

 Scenario simple_spread Algo rmappo Exp paper_repro updates 5385/6250 episodes, total num timesteps 17235200/20000000, FPS 4201.

average episode rewards is -113.2068862915039

 Scenario simple_spread Algo rmappo Exp paper_repro updates 5390/6250 episodes, total num timesteps 17251200/20000000, FPS 4201.

average episode rewards is -112.72510528564453

 Scenario simple_spread Algo rmappo Exp paper_repro updates 5395/6250 episodes, total num timesteps 17267200/20000000, FPS 4200.

average episode rewards is -113.9368896484375

 Scenario simple_spread Algo rmappo Exp paper_repro updates 5400/6250 episodes, total num timesteps 17283200/20000000, FPS 4200.

average episode rewards is -112.94793701171875
eval average episode rewards of agent: -115.75901572592284
eval success rate: 0.0

 Scenario simple_spread Algo rmappo Exp paper_repro updates 5405/6250 episodes, total num timesteps 17299200/20000000, FPS 4200.

average episode rewards is -114.82262420654297

 Scenario simple_spread Algo rmappo Exp paper_repro updates 5410/6250 episodes, total num timesteps 17315200/20000000, FPS 4199.

average episode rewards is -112.49840545654297

 Scenario simple_spread Algo rmappo Exp paper_repro updates 5415/6250 episodes, total num timesteps 17331200/20000000, FPS 4199.

average episode rewards is -112.40438079833984

 Scenario simple_spread Algo rmappo Exp paper_repro updates 5420/6250 episodes, total num timesteps 17347200/20000000, FPS 4199.

average episode rewards is -113.43839263916016

 Scenario simple_spread Algo rmappo Exp paper_repro updates 5425/6250 episodes, total num timesteps 17363200/20000000, FPS 4198.

average episode rewards is -110.70809173583984
eval average episode rewards of agent: -115.70352648206446
eval success rate: 0.0

 Scenario simple_spread Algo rmappo Exp paper_repro updates 5430/6250 episodes, total num timesteps 17379200/20000000, FPS 4198.

average episode rewards is -112.2467041015625

 Scenario simple_spread Algo rmappo Exp paper_repro updates 5435/6250 episodes, total num timesteps 17395200/20000000, FPS 4198.

average episode rewards is -112.25540924072266

 Scenario simple_spread Algo rmappo Exp paper_repro updates 5440/6250 episodes, total num timesteps 17411200/20000000, FPS 4197.

average episode rewards is -113.19802856445312

 Scenario simple_spread Algo rmappo Exp paper_repro updates 5445/6250 episodes, total num timesteps 17427200/20000000, FPS 4197.

average episode rewards is -115.17157745361328

 Scenario simple_spread Algo rmappo Exp paper_repro updates 5450/6250 episodes, total num timesteps 17443200/20000000, FPS 4197.

average episode rewards is -112.9124526977539
eval average episode rewards of agent: -113.00639868914355
eval success rate: 0.0

 Scenario simple_spread Algo rmappo Exp paper_repro updates 5455/6250 episodes, total num timesteps 17459200/20000000, FPS 4196.

average episode rewards is -113.04718017578125

 Scenario simple_spread Algo rmappo Exp paper_repro updates 5460/6250 episodes, total num timesteps 17475200/20000000, FPS 4196.

average episode rewards is -113.79055786132812

 Scenario simple_spread Algo rmappo Exp paper_repro updates 5465/6250 episodes, total num timesteps 17491200/20000000, FPS 4196.

average episode rewards is -113.7281265258789

 Scenario simple_spread Algo rmappo Exp paper_repro updates 5470/6250 episodes, total num timesteps 17507200/20000000, FPS 4195.

average episode rewards is -114.03329467773438

 Scenario simple_spread Algo rmappo Exp paper_repro updates 5475/6250 episodes, total num timesteps 17523200/20000000, FPS 4195.

average episode rewards is -114.23063659667969
eval average episode rewards of agent: -114.12245518766635
eval success rate: 0.0

 Scenario simple_spread Algo rmappo Exp paper_repro updates 5480/6250 episodes, total num timesteps 17539200/20000000, FPS 4195.

average episode rewards is -115.23808288574219

 Scenario simple_spread Algo rmappo Exp paper_repro updates 5485/6250 episodes, total num timesteps 17555200/20000000, FPS 4195.

average episode rewards is -113.54279327392578

 Scenario simple_spread Algo rmappo Exp paper_repro updates 5490/6250 episodes, total num timesteps 17571200/20000000, FPS 4194.

average episode rewards is -115.49049377441406

 Scenario simple_spread Algo rmappo Exp paper_repro updates 5495/6250 episodes, total num timesteps 17587200/20000000, FPS 4194.

average episode rewards is -111.49272918701172

 Scenario simple_spread Algo rmappo Exp paper_repro updates 5500/6250 episodes, total num timesteps 17603200/20000000, FPS 4194.

average episode rewards is -114.83092498779297
eval average episode rewards of agent: -108.70591066121641
eval success rate: 0.0

 Scenario simple_spread Algo rmappo Exp paper_repro updates 5505/6250 episodes, total num timesteps 17619200/20000000, FPS 4193.

average episode rewards is -115.15172576904297

 Scenario simple_spread Algo rmappo Exp paper_repro updates 5510/6250 episodes, total num timesteps 17635200/20000000, FPS 4193.

average episode rewards is -112.490966796875

 Scenario simple_spread Algo rmappo Exp paper_repro updates 5515/6250 episodes, total num timesteps 17651200/20000000, FPS 4193.

average episode rewards is -109.21292114257812

 Scenario simple_spread Algo rmappo Exp paper_repro updates 5520/6250 episodes, total num timesteps 17667200/20000000, FPS 4192.

average episode rewards is -113.54075622558594

 Scenario simple_spread Algo rmappo Exp paper_repro updates 5525/6250 episodes, total num timesteps 17683200/20000000, FPS 4192.

average episode rewards is -112.98173522949219
eval average episode rewards of agent: -112.1782916518262
eval success rate: 0.0

 Scenario simple_spread Algo rmappo Exp paper_repro updates 5530/6250 episodes, total num timesteps 17699200/20000000, FPS 4192.

average episode rewards is -114.3201675415039

 Scenario simple_spread Algo rmappo Exp paper_repro updates 5535/6250 episodes, total num timesteps 17715200/20000000, FPS 4191.

average episode rewards is -113.05537414550781

 Scenario simple_spread Algo rmappo Exp paper_repro updates 5540/6250 episodes, total num timesteps 17731200/20000000, FPS 4191.

average episode rewards is -111.88895416259766

 Scenario simple_spread Algo rmappo Exp paper_repro updates 5545/6250 episodes, total num timesteps 17747200/20000000, FPS 4191.

average episode rewards is -114.49016571044922

 Scenario simple_spread Algo rmappo Exp paper_repro updates 5550/6250 episodes, total num timesteps 17763200/20000000, FPS 4191.

average episode rewards is -112.34205627441406
eval average episode rewards of agent: -112.25296251798007
eval success rate: 0.0

 Scenario simple_spread Algo rmappo Exp paper_repro updates 5555/6250 episodes, total num timesteps 17779200/20000000, FPS 4190.

average episode rewards is -112.42694854736328

 Scenario simple_spread Algo rmappo Exp paper_repro updates 5560/6250 episodes, total num timesteps 17795200/20000000, FPS 4190.

average episode rewards is -113.82880401611328

 Scenario simple_spread Algo rmappo Exp paper_repro updates 5565/6250 episodes, total num timesteps 17811200/20000000, FPS 4190.

average episode rewards is -115.92686462402344

 Scenario simple_spread Algo rmappo Exp paper_repro updates 5570/6250 episodes, total num timesteps 17827200/20000000, FPS 4189.

average episode rewards is -114.7593002319336

 Scenario simple_spread Algo rmappo Exp paper_repro updates 5575/6250 episodes, total num timesteps 17843200/20000000, FPS 4189.

average episode rewards is -114.64567565917969
eval average episode rewards of agent: -110.23124185799817
eval success rate: 0.0

 Scenario simple_spread Algo rmappo Exp paper_repro updates 5580/6250 episodes, total num timesteps 17859200/20000000, FPS 4189.

average episode rewards is -113.33889770507812

 Scenario simple_spread Algo rmappo Exp paper_repro updates 5585/6250 episodes, total num timesteps 17875200/20000000, FPS 4188.

average episode rewards is -111.64762115478516

 Scenario simple_spread Algo rmappo Exp paper_repro updates 5590/6250 episodes, total num timesteps 17891200/20000000, FPS 4188.

average episode rewards is -112.71979522705078

 Scenario simple_spread Algo rmappo Exp paper_repro updates 5595/6250 episodes, total num timesteps 17907200/20000000, FPS 4188.

average episode rewards is -112.8982162475586

 Scenario simple_spread Algo rmappo Exp paper_repro updates 5600/6250 episodes, total num timesteps 17923200/20000000, FPS 4187.

average episode rewards is -110.3157730102539
eval average episode rewards of agent: -110.71872781228173
eval success rate: 0.0

 Scenario simple_spread Algo rmappo Exp paper_repro updates 5605/6250 episodes, total num timesteps 17939200/20000000, FPS 4187.

average episode rewards is -111.90508270263672

 Scenario simple_spread Algo rmappo Exp paper_repro updates 5610/6250 episodes, total num timesteps 17955200/20000000, FPS 4187.

average episode rewards is -115.5263671875

 Scenario simple_spread Algo rmappo Exp paper_repro updates 5615/6250 episodes, total num timesteps 17971200/20000000, FPS 4187.

average episode rewards is -111.30064392089844

 Scenario simple_spread Algo rmappo Exp paper_repro updates 5620/6250 episodes, total num timesteps 17987200/20000000, FPS 4186.

average episode rewards is -111.37731170654297

 Scenario simple_spread Algo rmappo Exp paper_repro updates 5625/6250 episodes, total num timesteps 18003200/20000000, FPS 4186.

average episode rewards is -113.49665832519531
eval average episode rewards of agent: -111.53286943230903
eval success rate: 0.0

 Scenario simple_spread Algo rmappo Exp paper_repro updates 5630/6250 episodes, total num timesteps 18019200/20000000, FPS 4186.

average episode rewards is -113.98626708984375

 Scenario simple_spread Algo rmappo Exp paper_repro updates 5635/6250 episodes, total num timesteps 18035200/20000000, FPS 4185.

average episode rewards is -112.04412841796875

 Scenario simple_spread Algo rmappo Exp paper_repro updates 5640/6250 episodes, total num timesteps 18051200/20000000, FPS 4185.

average episode rewards is -111.8174057006836

 Scenario simple_spread Algo rmappo Exp paper_repro updates 5645/6250 episodes, total num timesteps 18067200/20000000, FPS 4185.

average episode rewards is -112.6639404296875

 Scenario simple_spread Algo rmappo Exp paper_repro updates 5650/6250 episodes, total num timesteps 18083200/20000000, FPS 4185.

average episode rewards is -112.14734649658203
eval average episode rewards of agent: -113.49766842993955
eval success rate: 0.0

 Scenario simple_spread Algo rmappo Exp paper_repro updates 5655/6250 episodes, total num timesteps 18099200/20000000, FPS 4184.

average episode rewards is -112.88526916503906

 Scenario simple_spread Algo rmappo Exp paper_repro updates 5660/6250 episodes, total num timesteps 18115200/20000000, FPS 4184.

average episode rewards is -113.52861022949219

 Scenario simple_spread Algo rmappo Exp paper_repro updates 5665/6250 episodes, total num timesteps 18131200/20000000, FPS 4184.

average episode rewards is -112.91181182861328

 Scenario simple_spread Algo rmappo Exp paper_repro updates 5670/6250 episodes, total num timesteps 18147200/20000000, FPS 4184.

average episode rewards is -112.7384033203125

 Scenario simple_spread Algo rmappo Exp paper_repro updates 5675/6250 episodes, total num timesteps 18163200/20000000, FPS 4183.

average episode rewards is -113.8682632446289
eval average episode rewards of agent: -111.32305261367814
eval success rate: 0.0

 Scenario simple_spread Algo rmappo Exp paper_repro updates 5680/6250 episodes, total num timesteps 18179200/20000000, FPS 4183.

average episode rewards is -113.29792785644531

 Scenario simple_spread Algo rmappo Exp paper_repro updates 5685/6250 episodes, total num timesteps 18195200/20000000, FPS 4183.

average episode rewards is -114.2120132446289

 Scenario simple_spread Algo rmappo Exp paper_repro updates 5690/6250 episodes, total num timesteps 18211200/20000000, FPS 4183.

average episode rewards is -112.47750854492188

 Scenario simple_spread Algo rmappo Exp paper_repro updates 5695/6250 episodes, total num timesteps 18227200/20000000, FPS 4182.

average episode rewards is -112.61393737792969

 Scenario simple_spread Algo rmappo Exp paper_repro updates 5700/6250 episodes, total num timesteps 18243200/20000000, FPS 4182.

average episode rewards is -113.38469696044922
eval average episode rewards of agent: -110.00607514303624
eval success rate: 0.0

 Scenario simple_spread Algo rmappo Exp paper_repro updates 5705/6250 episodes, total num timesteps 18259200/20000000, FPS 4182.

average episode rewards is -112.59619140625

 Scenario simple_spread Algo rmappo Exp paper_repro updates 5710/6250 episodes, total num timesteps 18275200/20000000, FPS 4181.

average episode rewards is -113.02791595458984

 Scenario simple_spread Algo rmappo Exp paper_repro updates 5715/6250 episodes, total num timesteps 18291200/20000000, FPS 4181.

average episode rewards is -112.84822082519531

 Scenario simple_spread Algo rmappo Exp paper_repro updates 5720/6250 episodes, total num timesteps 18307200/20000000, FPS 4181.

average episode rewards is -113.10863494873047

 Scenario simple_spread Algo rmappo Exp paper_repro updates 5725/6250 episodes, total num timesteps 18323200/20000000, FPS 4181.

average episode rewards is -112.16304016113281
eval average episode rewards of agent: -112.74583371568598
eval success rate: 0.0

 Scenario simple_spread Algo rmappo Exp paper_repro updates 5730/6250 episodes, total num timesteps 18339200/20000000, FPS 4180.

average episode rewards is -112.4358901977539

 Scenario simple_spread Algo rmappo Exp paper_repro updates 5735/6250 episodes, total num timesteps 18355200/20000000, FPS 4180.

average episode rewards is -113.6825942993164

 Scenario simple_spread Algo rmappo Exp paper_repro updates 5740/6250 episodes, total num timesteps 18371200/20000000, FPS 4180.

average episode rewards is -108.90736389160156

 Scenario simple_spread Algo rmappo Exp paper_repro updates 5745/6250 episodes, total num timesteps 18387200/20000000, FPS 4180.

average episode rewards is -112.0336685180664

 Scenario simple_spread Algo rmappo Exp paper_repro updates 5750/6250 episodes, total num timesteps 18403200/20000000, FPS 4179.

average episode rewards is -110.90369415283203
eval average episode rewards of agent: -115.53292504840242
eval success rate: 0.0

 Scenario simple_spread Algo rmappo Exp paper_repro updates 5755/6250 episodes, total num timesteps 18419200/20000000, FPS 4179.

average episode rewards is -111.91251373291016

 Scenario simple_spread Algo rmappo Exp paper_repro updates 5760/6250 episodes, total num timesteps 18435200/20000000, FPS 4179.

average episode rewards is -114.47374725341797

 Scenario simple_spread Algo rmappo Exp paper_repro updates 5765/6250 episodes, total num timesteps 18451200/20000000, FPS 4179.

average episode rewards is -113.61402130126953

 Scenario simple_spread Algo rmappo Exp paper_repro updates 5770/6250 episodes, total num timesteps 18467200/20000000, FPS 4178.

average episode rewards is -112.71630859375

 Scenario simple_spread Algo rmappo Exp paper_repro updates 5775/6250 episodes, total num timesteps 18483200/20000000, FPS 4178.

average episode rewards is -112.20384979248047
eval average episode rewards of agent: -113.60469206309838
eval success rate: 0.0

 Scenario simple_spread Algo rmappo Exp paper_repro updates 5780/6250 episodes, total num timesteps 18499200/20000000, FPS 4178.

average episode rewards is -113.08264923095703

 Scenario simple_spread Algo rmappo Exp paper_repro updates 5785/6250 episodes, total num timesteps 18515200/20000000, FPS 4178.

average episode rewards is -112.7860336303711

 Scenario simple_spread Algo rmappo Exp paper_repro updates 5790/6250 episodes, total num timesteps 18531200/20000000, FPS 4178.

average episode rewards is -112.63936614990234

 Scenario simple_spread Algo rmappo Exp paper_repro updates 5795/6250 episodes, total num timesteps 18547200/20000000, FPS 4177.

average episode rewards is -114.3281478881836

 Scenario simple_spread Algo rmappo Exp paper_repro updates 5800/6250 episodes, total num timesteps 18563200/20000000, FPS 4177.

average episode rewards is -112.3177490234375
eval average episode rewards of agent: -111.57745734527863
eval success rate: 0.0

 Scenario simple_spread Algo rmappo Exp paper_repro updates 5805/6250 episodes, total num timesteps 18579200/20000000, FPS 4177.

average episode rewards is -114.50226593017578

 Scenario simple_spread Algo rmappo Exp paper_repro updates 5810/6250 episodes, total num timesteps 18595200/20000000, FPS 4176.

average episode rewards is -113.79145050048828

 Scenario simple_spread Algo rmappo Exp paper_repro updates 5815/6250 episodes, total num timesteps 18611200/20000000, FPS 4176.

average episode rewards is -115.08917999267578

 Scenario simple_spread Algo rmappo Exp paper_repro updates 5820/6250 episodes, total num timesteps 18627200/20000000, FPS 4176.

average episode rewards is -114.14598083496094

 Scenario simple_spread Algo rmappo Exp paper_repro updates 5825/6250 episodes, total num timesteps 18643200/20000000, FPS 4176.

average episode rewards is -115.20318603515625
eval average episode rewards of agent: -114.12521055399121
eval success rate: 0.0

 Scenario simple_spread Algo rmappo Exp paper_repro updates 5830/6250 episodes, total num timesteps 18659200/20000000, FPS 4175.

average episode rewards is -110.65890502929688

 Scenario simple_spread Algo rmappo Exp paper_repro updates 5835/6250 episodes, total num timesteps 18675200/20000000, FPS 4175.

average episode rewards is -111.47736358642578

 Scenario simple_spread Algo rmappo Exp paper_repro updates 5840/6250 episodes, total num timesteps 18691200/20000000, FPS 4175.

average episode rewards is -114.51119995117188

 Scenario simple_spread Algo rmappo Exp paper_repro updates 5845/6250 episodes, total num timesteps 18707200/20000000, FPS 4175.

average episode rewards is -114.42681884765625

 Scenario simple_spread Algo rmappo Exp paper_repro updates 5850/6250 episodes, total num timesteps 18723200/20000000, FPS 4174.

average episode rewards is -116.51136779785156
eval average episode rewards of agent: -112.49601190470692
eval success rate: 0.0

 Scenario simple_spread Algo rmappo Exp paper_repro updates 5855/6250 episodes, total num timesteps 18739200/20000000, FPS 4174.

average episode rewards is -113.95384979248047

 Scenario simple_spread Algo rmappo Exp paper_repro updates 5860/6250 episodes, total num timesteps 18755200/20000000, FPS 4174.

average episode rewards is -114.26567840576172

 Scenario simple_spread Algo rmappo Exp paper_repro updates 5865/6250 episodes, total num timesteps 18771200/20000000, FPS 4174.

average episode rewards is -111.5955810546875

 Scenario simple_spread Algo rmappo Exp paper_repro updates 5870/6250 episodes, total num timesteps 18787200/20000000, FPS 4173.

average episode rewards is -113.1842269897461

 Scenario simple_spread Algo rmappo Exp paper_repro updates 5875/6250 episodes, total num timesteps 18803200/20000000, FPS 4173.

average episode rewards is -114.87256622314453
eval average episode rewards of agent: -110.17381793767751
eval success rate: 0.0

 Scenario simple_spread Algo rmappo Exp paper_repro updates 5880/6250 episodes, total num timesteps 18819200/20000000, FPS 4173.

average episode rewards is -114.58077239990234

 Scenario simple_spread Algo rmappo Exp paper_repro updates 5885/6250 episodes, total num timesteps 18835200/20000000, FPS 4173.

average episode rewards is -114.68267822265625

 Scenario simple_spread Algo rmappo Exp paper_repro updates 5890/6250 episodes, total num timesteps 18851200/20000000, FPS 4172.

average episode rewards is -114.80280303955078

 Scenario simple_spread Algo rmappo Exp paper_repro updates 5895/6250 episodes, total num timesteps 18867200/20000000, FPS 4172.

average episode rewards is -113.97709655761719

 Scenario simple_spread Algo rmappo Exp paper_repro updates 5900/6250 episodes, total num timesteps 18883200/20000000, FPS 4172.

average episode rewards is -113.43148803710938
eval average episode rewards of agent: -111.6009631916128
eval success rate: 0.0

 Scenario simple_spread Algo rmappo Exp paper_repro updates 5905/6250 episodes, total num timesteps 18899200/20000000, FPS 4172.

average episode rewards is -113.29680633544922

 Scenario simple_spread Algo rmappo Exp paper_repro updates 5910/6250 episodes, total num timesteps 18915200/20000000, FPS 4171.

average episode rewards is -112.0245590209961

 Scenario simple_spread Algo rmappo Exp paper_repro updates 5915/6250 episodes, total num timesteps 18931200/20000000, FPS 4171.

average episode rewards is -114.58209991455078

 Scenario simple_spread Algo rmappo Exp paper_repro updates 5920/6250 episodes, total num timesteps 18947200/20000000, FPS 4171.

average episode rewards is -114.57960510253906

 Scenario simple_spread Algo rmappo Exp paper_repro updates 5925/6250 episodes, total num timesteps 18963200/20000000, FPS 4171.

average episode rewards is -112.10850524902344
eval average episode rewards of agent: -113.32169617173281
eval success rate: 0.0

 Scenario simple_spread Algo rmappo Exp paper_repro updates 5930/6250 episodes, total num timesteps 18979200/20000000, FPS 4170.

average episode rewards is -112.84412384033203

 Scenario simple_spread Algo rmappo Exp paper_repro updates 5935/6250 episodes, total num timesteps 18995200/20000000, FPS 4170.

average episode rewards is -112.78870391845703

 Scenario simple_spread Algo rmappo Exp paper_repro updates 5940/6250 episodes, total num timesteps 19011200/20000000, FPS 4170.

average episode rewards is -114.7700424194336

 Scenario simple_spread Algo rmappo Exp paper_repro updates 5945/6250 episodes, total num timesteps 19027200/20000000, FPS 4170.

average episode rewards is -112.63885498046875

 Scenario simple_spread Algo rmappo Exp paper_repro updates 5950/6250 episodes, total num timesteps 19043200/20000000, FPS 4169.

average episode rewards is -112.06290435791016
eval average episode rewards of agent: -109.96851330612881
eval success rate: 0.0

 Scenario simple_spread Algo rmappo Exp paper_repro updates 5955/6250 episodes, total num timesteps 19059200/20000000, FPS 4169.

average episode rewards is -113.13252258300781

 Scenario simple_spread Algo rmappo Exp paper_repro updates 5960/6250 episodes, total num timesteps 19075200/20000000, FPS 4169.

average episode rewards is -114.04743194580078

 Scenario simple_spread Algo rmappo Exp paper_repro updates 5965/6250 episodes, total num timesteps 19091200/20000000, FPS 4169.

average episode rewards is -111.91468048095703

 Scenario simple_spread Algo rmappo Exp paper_repro updates 5970/6250 episodes, total num timesteps 19107200/20000000, FPS 4169.

average episode rewards is -112.8411636352539

 Scenario simple_spread Algo rmappo Exp paper_repro updates 5975/6250 episodes, total num timesteps 19123200/20000000, FPS 4168.

average episode rewards is -114.13333129882812
eval average episode rewards of agent: -111.91202781978087
eval success rate: 0.0

 Scenario simple_spread Algo rmappo Exp paper_repro updates 5980/6250 episodes, total num timesteps 19139200/20000000, FPS 4168.

average episode rewards is -112.75458526611328

 Scenario simple_spread Algo rmappo Exp paper_repro updates 5985/6250 episodes, total num timesteps 19155200/20000000, FPS 4168.

average episode rewards is -113.37718963623047

 Scenario simple_spread Algo rmappo Exp paper_repro updates 5990/6250 episodes, total num timesteps 19171200/20000000, FPS 4167.

average episode rewards is -112.5833511352539

 Scenario simple_spread Algo rmappo Exp paper_repro updates 5995/6250 episodes, total num timesteps 19187200/20000000, FPS 4167.

average episode rewards is -113.70407104492188

 Scenario simple_spread Algo rmappo Exp paper_repro updates 6000/6250 episodes, total num timesteps 19203200/20000000, FPS 4167.

average episode rewards is -112.04855346679688
eval average episode rewards of agent: -107.94004788766826
eval success rate: 0.0

 Scenario simple_spread Algo rmappo Exp paper_repro updates 6005/6250 episodes, total num timesteps 19219200/20000000, FPS 4167.

average episode rewards is -115.46891784667969

 Scenario simple_spread Algo rmappo Exp paper_repro updates 6010/6250 episodes, total num timesteps 19235200/20000000, FPS 4167.

average episode rewards is -113.14347076416016

 Scenario simple_spread Algo rmappo Exp paper_repro updates 6015/6250 episodes, total num timesteps 19251200/20000000, FPS 4166.

average episode rewards is -111.91631317138672

 Scenario simple_spread Algo rmappo Exp paper_repro updates 6020/6250 episodes, total num timesteps 19267200/20000000, FPS 4166.

average episode rewards is -112.66394805908203

 Scenario simple_spread Algo rmappo Exp paper_repro updates 6025/6250 episodes, total num timesteps 19283200/20000000, FPS 4166.

average episode rewards is -112.56807708740234
eval average episode rewards of agent: -112.14829280363172
eval success rate: 0.0

 Scenario simple_spread Algo rmappo Exp paper_repro updates 6030/6250 episodes, total num timesteps 19299200/20000000, FPS 4166.

average episode rewards is -114.91016387939453

 Scenario simple_spread Algo rmappo Exp paper_repro updates 6035/6250 episodes, total num timesteps 19315200/20000000, FPS 4165.

average episode rewards is -112.90017700195312

 Scenario simple_spread Algo rmappo Exp paper_repro updates 6040/6250 episodes, total num timesteps 19331200/20000000, FPS 4165.

average episode rewards is -114.57566833496094

 Scenario simple_spread Algo rmappo Exp paper_repro updates 6045/6250 episodes, total num timesteps 19347200/20000000, FPS 4165.

average episode rewards is -112.10316467285156

 Scenario simple_spread Algo rmappo Exp paper_repro updates 6050/6250 episodes, total num timesteps 19363200/20000000, FPS 4165.

average episode rewards is -113.38729858398438
eval average episode rewards of agent: -113.19007287053952
eval success rate: 0.0

 Scenario simple_spread Algo rmappo Exp paper_repro updates 6055/6250 episodes, total num timesteps 19379200/20000000, FPS 4164.

average episode rewards is -113.98995208740234

 Scenario simple_spread Algo rmappo Exp paper_repro updates 6060/6250 episodes, total num timesteps 19395200/20000000, FPS 4164.

average episode rewards is -114.7553939819336

 Scenario simple_spread Algo rmappo Exp paper_repro updates 6065/6250 episodes, total num timesteps 19411200/20000000, FPS 4164.

average episode rewards is -113.76560974121094

 Scenario simple_spread Algo rmappo Exp paper_repro updates 6070/6250 episodes, total num timesteps 19427200/20000000, FPS 4164.

average episode rewards is -113.71820068359375

 Scenario simple_spread Algo rmappo Exp paper_repro updates 6075/6250 episodes, total num timesteps 19443200/20000000, FPS 4163.

average episode rewards is -113.50546264648438
eval average episode rewards of agent: -115.63353038812741
eval success rate: 0.0

 Scenario simple_spread Algo rmappo Exp paper_repro updates 6080/6250 episodes, total num timesteps 19459200/20000000, FPS 4163.

average episode rewards is -115.13106536865234

 Scenario simple_spread Algo rmappo Exp paper_repro updates 6085/6250 episodes, total num timesteps 19475200/20000000, FPS 4163.

average episode rewards is -110.28446197509766

 Scenario simple_spread Algo rmappo Exp paper_repro updates 6090/6250 episodes, total num timesteps 19491200/20000000, FPS 4163.

average episode rewards is -113.77215576171875

 Scenario simple_spread Algo rmappo Exp paper_repro updates 6095/6250 episodes, total num timesteps 19507200/20000000, FPS 4162.

average episode rewards is -112.83260345458984

 Scenario simple_spread Algo rmappo Exp paper_repro updates 6100/6250 episodes, total num timesteps 19523200/20000000, FPS 4162.

average episode rewards is -112.74119567871094
eval average episode rewards of agent: -114.14202378728574
eval success rate: 0.0

 Scenario simple_spread Algo rmappo Exp paper_repro updates 6105/6250 episodes, total num timesteps 19539200/20000000, FPS 4162.

average episode rewards is -111.46661376953125

 Scenario simple_spread Algo rmappo Exp paper_repro updates 6110/6250 episodes, total num timesteps 19555200/20000000, FPS 4162.

average episode rewards is -117.1086654663086

 Scenario simple_spread Algo rmappo Exp paper_repro updates 6115/6250 episodes, total num timesteps 19571200/20000000, FPS 4162.

average episode rewards is -112.65099334716797

 Scenario simple_spread Algo rmappo Exp paper_repro updates 6120/6250 episodes, total num timesteps 19587200/20000000, FPS 4161.

average episode rewards is -112.57250213623047

 Scenario simple_spread Algo rmappo Exp paper_repro updates 6125/6250 episodes, total num timesteps 19603200/20000000, FPS 4161.

average episode rewards is -112.2349853515625
eval average episode rewards of agent: -115.35212190751595
eval success rate: 0.0

 Scenario simple_spread Algo rmappo Exp paper_repro updates 6130/6250 episodes, total num timesteps 19619200/20000000, FPS 4161.

average episode rewards is -114.18626403808594

 Scenario simple_spread Algo rmappo Exp paper_repro updates 6135/6250 episodes, total num timesteps 19635200/20000000, FPS 4161.

average episode rewards is -111.2549057006836

 Scenario simple_spread Algo rmappo Exp paper_repro updates 6140/6250 episodes, total num timesteps 19651200/20000000, FPS 4160.

average episode rewards is -111.12103271484375

 Scenario simple_spread Algo rmappo Exp paper_repro updates 6145/6250 episodes, total num timesteps 19667200/20000000, FPS 4160.

average episode rewards is -113.99763488769531

 Scenario simple_spread Algo rmappo Exp paper_repro updates 6150/6250 episodes, total num timesteps 19683200/20000000, FPS 4160.

average episode rewards is -112.11132049560547
eval average episode rewards of agent: -106.69311152073979
eval success rate: 0.0

 Scenario simple_spread Algo rmappo Exp paper_repro updates 6155/6250 episodes, total num timesteps 19699200/20000000, FPS 4160.

average episode rewards is -111.69410705566406

 Scenario simple_spread Algo rmappo Exp paper_repro updates 6160/6250 episodes, total num timesteps 19715200/20000000, FPS 4159.

average episode rewards is -114.61450958251953

 Scenario simple_spread Algo rmappo Exp paper_repro updates 6165/6250 episodes, total num timesteps 19731200/20000000, FPS 4159.

average episode rewards is -113.542724609375

 Scenario simple_spread Algo rmappo Exp paper_repro updates 6170/6250 episodes, total num timesteps 19747200/20000000, FPS 4159.

average episode rewards is -112.28631591796875

 Scenario simple_spread Algo rmappo Exp paper_repro updates 6175/6250 episodes, total num timesteps 19763200/20000000, FPS 4159.

average episode rewards is -112.84285736083984
eval average episode rewards of agent: -108.1103280034683
eval success rate: 0.0

 Scenario simple_spread Algo rmappo Exp paper_repro updates 6180/6250 episodes, total num timesteps 19779200/20000000, FPS 4159.

average episode rewards is -114.13790893554688

 Scenario simple_spread Algo rmappo Exp paper_repro updates 6185/6250 episodes, total num timesteps 19795200/20000000, FPS 4158.

average episode rewards is -112.4771499633789

 Scenario simple_spread Algo rmappo Exp paper_repro updates 6190/6250 episodes, total num timesteps 19811200/20000000, FPS 4158.

average episode rewards is -114.7734375

 Scenario simple_spread Algo rmappo Exp paper_repro updates 6195/6250 episodes, total num timesteps 19827200/20000000, FPS 4158.

average episode rewards is -112.20275115966797

 Scenario simple_spread Algo rmappo Exp paper_repro updates 6200/6250 episodes, total num timesteps 19843200/20000000, FPS 4158.

average episode rewards is -111.70372772216797
eval average episode rewards of agent: -115.2237823307476
eval success rate: 0.0

 Scenario simple_spread Algo rmappo Exp paper_repro updates 6205/6250 episodes, total num timesteps 19859200/20000000, FPS 4157.

average episode rewards is -111.99029541015625

 Scenario simple_spread Algo rmappo Exp paper_repro updates 6210/6250 episodes, total num timesteps 19875200/20000000, FPS 4157.

average episode rewards is -111.27806854248047

 Scenario simple_spread Algo rmappo Exp paper_repro updates 6215/6250 episodes, total num timesteps 19891200/20000000, FPS 4157.

average episode rewards is -112.23480987548828

 Scenario simple_spread Algo rmappo Exp paper_repro updates 6220/6250 episodes, total num timesteps 19907200/20000000, FPS 4157.

average episode rewards is -112.78976440429688

 Scenario simple_spread Algo rmappo Exp paper_repro updates 6225/6250 episodes, total num timesteps 19923200/20000000, FPS 4157.

average episode rewards is -111.02999114990234
eval average episode rewards of agent: -115.14325287954777
eval success rate: 0.0

 Scenario simple_spread Algo rmappo Exp paper_repro updates 6230/6250 episodes, total num timesteps 19939200/20000000, FPS 4156.

average episode rewards is -110.58980560302734

 Scenario simple_spread Algo rmappo Exp paper_repro updates 6235/6250 episodes, total num timesteps 19955200/20000000, FPS 4156.

average episode rewards is -113.26425170898438

 Scenario simple_spread Algo rmappo Exp paper_repro updates 6240/6250 episodes, total num timesteps 19971200/20000000, FPS 4156.

average episode rewards is -112.50975036621094

 Scenario simple_spread Algo rmappo Exp paper_repro updates 6245/6250 episodes, total num timesteps 19987200/20000000, FPS 4156.

average episode rewards is -111.91813659667969
/6250 episodes, total num timesteps 19987200/20000000, FPS 9984.

average episode rewards is -111.56849670410156
